krs,name_discovery,nip_discovery,regon_discovery,city_discovery,status_discovery,discovery_sources
0000096241,""" GASTRONOM - MIKUŁA "" SPÓŁKA JAWNA",,,,ACTIVE,16.10.Z:main
0000096241,""" GASTRONOM - MIKUŁA "" SPÓŁKA JAWNA",,,,ACTIVE,16.10.Z:main
0000391530,"""24/7"" SPÓŁKA Z OGRANICZONĄ ODPOWIEDZIALNOŚCIĄ",,,,ACTIVE,16.10.Z:main
0000420412,"""2L"" SPÓŁKA Z OGRANICZONĄ ODPOWIEDZIALNOŚCIĄ",,,,ACTIVE,16.10.Z:main
0000164987,"""2N-EVERPOL"" SPÓŁKA Z OGRANICZONĄ ODPOWIEDZIALNOŚCIĄ",,,,ACTIVE,16.10.Z:main
0000422945,"""3D BTL SPÓŁKA Z OGRANICZONĄ ODPOWIEDZIALNOŚCIĄ""",,,,ACTIVE,16.10.Z:main
0000283609,"""3ELEMENTS KUSTRA LASKOWSKI"" SPÓŁKA JAWNA",,,,ACTIVE,16.10.Z:main
0000283609,"""3ELEMENTS KUSTRA LASKOWSKI"" SPÓŁKA JAWNA",,,,ACTIVE,16.10.Z:main
0000418479,"""3MAY"" SPÓŁKA Z OGRANICZONĄ ODPOWIEDZIALNOŚCIĄ",,,,ACTIVE,16.10.Z:main
0000405378,"""4 KOLORY IDEA SPÓŁKA Z OGRANICZONĄ ODPOWIEDZIALNOŚCIĄ"" SPÓŁKA KOMANDYTOWO-AKCYJNA",,,,ACTIVE,16.10.Z:main
0000344296,"""4 LITERY.PL"" SPÓŁKA Z OGRANICZONĄ ODPOWIEDZIALNOŚCIĄ",,,,ACTIVE,16.10.Z:main
0000515312,"""4IQ GROUP"" SPÓŁKA Z OGRANICZONĄ ODPOWIEDZIALNOŚCIĄ",,,,ACTIVE,16.10.Z:main
0000264348,"""A & M PARTNERS"" SPÓŁKA Z OGRANICZONĄ ODPOWIEDZIALNOŚCIĄ",,,,ACTIVE,16.10.Z:main
0000355005,"""A & T ENERGIA"" SPÓŁKA Z OGRANICZONĄ ODPOWIEDZIALNOŚCIĄ",,,,ACTIVE,16.10.Z:main
0000339494,"""A&P"" SPÓŁKA Z OGRANICZONĄ ODPOWIEDZIALNOŚCIĄ",,,,ACTIVE,16.10.Z:main
0000349663,"""A. KARBOWNIK LOGISTICS"" SPÓŁKA JAWNA",,,,ACTIVE,16.10.Z:main
0000206938,"""A.HAK"" PRZEDSIĘBIORSTWO INŻYNIERYJNE SPÓŁKA Z OGRANICZONĄ ODPOWIEDZIALNOŚCIĄ",,,,ACTIVE,16.10.Z:main
0000137359,"""AB BECHCICKI"" SPÓŁKA Z OGRANICZONĄ ODPOWIEDZIALNOŚCIĄ",,,,ACTIVE,16.10.Z:main
0000089763,"""AB"" DOROSZ, UŚCIŃSKI SPÓŁKA JAWNA",,,,ACTIVE,16.10.Z:main
0000432880,"""AB3K ENERGY D"" SPÓŁKA Z OGRANICZONĄ ODPOWIEDZIALNOŚCIĄ",,,,ACTIVE,16.10.Z:main
0000126996,"""ABA-SERVICE"" SPÓŁKA Z OGRANICZONĄ ODPOWIEDZIALNOŚCIĄ",,,,ACTIVE,16.10.Z:main
0000026898,"""ABAK"" SPÓŁKA Z OGRANICZONĄ ODPOWIEDZIALNOŚCIĄ",,,,LIQUIDATION,16.10.Z:main
0000341216,"""ABAS INWESTYCJE SPÓŁKA Z OGRANICZONĄ ODPOWIEDZIALNOŚCIĄ SPÓŁKA KOMANDYTOWA""",,,,ACTIVE,16.10.Z:main
0000220400,"""ABC POLISH GROUP"" SPÓŁKA Z OGRANICZONĄ ODPOWIEDZIALNOŚCIĄ",,,,ACTIVE,16.10.Z:main
0000419958,"""ABC-POL SPÓŁKA Z OGRANICZONĄ ODPOWIEDZIALNOŚCIĄ""",,,,ACTIVE,16.10.Z:main
0000457689,"""ABDREW"" SPÓŁKA Z OGRANICZONĄ ODPOWIEDZIALNOŚCIĄ",,,,LIQUIDATION,16.10.Z:main
0000457689,"""ABDREW"" SPÓŁKA Z OGRANICZONĄ ODPOWIEDZIALNOŚCIĄ",,,,LIQUIDATION,16.10.Z:main
0000308957,"""ABLUX"" SPÓŁKA Z OGRANICZONĄ ODPOWIEDZIALNOŚCIĄ",,,,LIQUIDATION,16.10.Z:main
0000509047,"""ABROS"" SPÓŁKA Z OGRANICZONĄ ODPOWIEDZIALNOŚCIĄ",,,,ACTIVE,16.10.Z:main
0000074115,"""ABS-SERVICE"" SPÓŁKA Z OGRANICZONĄ ODPOWIEDZIALNOŚCIĄ",,,,ACTIVE,16.10.Z:main
0000394513,"""ACB POLSKA"" SPÓŁKA Z OGRANICZONĄ ODPOWIEDZIALNOŚCIĄ",,,,ACTIVE,16.10.Z:main
0000018288,"""ACODE"" SPÓŁKA Z OGRANICZONĄ ODPOWIEDZIALNOŚCIĄ",,,,LIQUIDATION,16.10.Z:main
0000018288,"""ACODE"" SPÓŁKA Z OGRANICZONĄ ODPOWIEDZIALNOŚCIĄ",,,,LIQUIDATION,16.10.Z:main
0000372378,"""ACORA"" SPÓŁKA Z OGRANICZONĄ ODPOWIEDZIALNOŚCIĄ",,,,ACTIVE,16.10.Z:main
0000431074,"""ACOUSTICITY"" SPÓŁKA Z OGRANICZONĄ ODPOWIEDZIALNOŚCIĄ",,,,ACTIVE,16.10.Z:main
0000416335,"""ACTIO PLUS"" SPÓŁKA Z OGRANICZONĄ ODPOWIEDZIALNOŚCIĄ",,,,ACTIVE,16.10.Z:main
0000351652,"""AD"" LASKOWSKI, MATELA SPÓŁKA JAWNA",,,,ACTIVE,16.10.Z:main
0000257853,"""ADAMAR"" SPÓŁKA Z OGRANICZONĄ ODPOWIEDZIALNOŚCIĄ",,,,ACTIVE,16.10.Z:main
0000168336,"""ADAMOWSKI"" SPÓŁKA Z OGRANICZONĄ ODPOWIEDZIALNOŚCIĄ",,,,LIQUIDATION,16.10.Z:main
0000168336,"""ADAMOWSKI"" SPÓŁKA Z OGRANICZONĄ ODPOWIEDZIALNOŚCIĄ",,,,LIQUIDATION,16.10.Z:main
0000055963,"""ADAR"" SPÓŁKA Z OGRANICZONĄ ODPOWIEDZIALNOŚCIĄ",,,,ACTIVE,16.10.Z:main
0000390011,"""ADDAC INVESTMENTS"" SPÓŁKA Z OGRANICZONĄ ODPOWIEDZIALNOŚCIĄ",,,,ACTIVE,16.10.Z:main
0000443768,"""ADEX"" SPÓŁKA Z OGRANICZONĄ ODPOWIEDZIALNOŚCIĄ",,,,ACTIVE,16.10.Z:main
0000443768,"""ADEX"" SPÓŁKA Z OGRANICZONĄ ODPOWIEDZIALNOŚCIĄ",,,,ACTIVE,16.10.Z:main
0000214515,"""ADEX""-SPÓŁKA Z OGRANICZONĄ ODPOWIEDZIALNOŚCIĄ",,,,ACTIVE,16.10.Z:main
0000290175,"""ADMINISTRACJA NIERUCHOMNOŚCI NOVA"" SPÓŁKA Z OGRANICZONĄ ODPOWIEDZIALNOŚCIĄ",,,,ACTIVE,16.10.Z:main
0000490257,"""ADP GROUP"" SPÓŁKA Z OGRANICZONĄ ODPOWIEDZIALNOŚCIĄ",,,,ACTIVE,16.10.Z:main
0000493027,"""ADRAN"" SPÓŁKA Z OGRANICZONĄ ODPOWIEDZIALNOŚCIĄ",,,,ACTIVE,16.10.Z:main
0000122232,"""AE AGRO-ENERGIA TOWARZYSTWO INWESTYCYJNO HANDLOWE"" SPÓŁKA Z OGRANICZONĄ ODPOWIEDZIALNOŚCIĄ",,,,LIQUIDATION,16.10.Z:main
0000143728,"""AGATA & EMILIA"" SPÓŁKA Z OGRANICZONĄ ODPOWIEDZIALNOŚCIĄ",,,,ACTIVE,16.10.Z:main
0000143728,"""AGATA & EMILIA"" SPÓŁKA Z OGRANICZONĄ ODPOWIEDZIALNOŚCIĄ",,,,ACTIVE,16.10.Z:main
0000117135,"""AGENCJA T.E.D."" SPÓŁKA Z OGRANICZONĄ ODPOWIEDZIALNOŚCIĄ",,,,ACTIVE,16.10.Z:main
0000090753,"""AGO HOUSE & OFFICE"" SPÓŁKA Z OGRANICZONĄ ODPOWIEDZIALNOŚCIĄ",,,,ACTIVE,16.10.Z:main
0000149488,"""AGORA"" SPÓŁKA Z OGRANICZONĄ ODPOWIEDZIALNOŚCIĄ",,,,ACTIVE,16.10.Z:main
0000255760,"""AGRA WOOD POLSKA"" SPÓŁKA Z OGRANICZONĄ ODPOWIEDZIALNOŚCIĄ",,,,ACTIVE,16.10.Z:main
0000255760,"""AGRA WOOD POLSKA"" SPÓŁKA Z OGRANICZONĄ ODPOWIEDZIALNOŚCIĄ",,,,ACTIVE,16.10.Z:main
0000255760,"""AGRA WOOD POLSKA"" SPÓŁKA Z OGRANICZONĄ ODPOWIEDZIALNOŚCIĄ",,,,ACTIVE,16.10.Z:main
0000255760,"""AGRA WOOD POLSKA"" SPÓŁKA Z OGRANICZONĄ ODPOWIEDZIALNOŚCIĄ",,,,ACTIVE,16.10.Z:main
0000136480,"""AGRARIA CLAUDII"" SPÓŁKA Z OGRANICZONĄ ODPOWIEDZIALNOŚCIĄ",,,,ACTIVE,16.10.Z:main
0000255659,"""AGRARTEST"" SPÓŁKA Z OGRANICZONĄ ODPOWIEDZIALNOŚCIĄ",,,,ACTIVE,16.10.Z:main
0000302197,"""AGRI CHALLENGE"" SPÓŁKA Z OGRANICZONĄ ODPOWIEDZIALNOŚCIĄ",,,,ACTIVE,16.10.Z:main
0000193762,"""AGRIPOL"" SPÓŁKA Z OGRANICZONĄ ODPOWIEDZIALNOŚCIĄ",,,,ACTIVE,16.10.Z:main
0000266468,"""AGRO - PARK"" SPÓŁKA Z OGRANICZONĄ ODPOWIEDZIALNOŚCIĄ",,,,ACTIVE,16.10.Z:main
0000342806,"""AGRO-EKSPERT"" SPÓŁKA Z OGRANICZONĄ ODPOWIEDZIALNOŚCIĄ",,,,ACTIVE,16.10.Z:main
0000312293,"""AGRO-KOMBI"" SPÓŁKA Z OGRANICZONĄ ODPOWIEDZIALNOŚCIĄ",,,,ACTIVE,16.10.Z:main
0000229203,"""AGRO-KRUSZ"" SPÓŁKA Z OGRANICZONĄ ODPOWIEDZIALNOŚCIĄ",,,,ACTIVE,16.10.Z:main
0000179759,"""AGRO-KUJAWY II"" SPÓŁKA Z OGRANICZONĄ ODPOWIEDZIALNOŚCIĄ",,,,ACTIVE,16.10.Z:main
0000246702,"""AGRO-LAND"" SPÓŁKA Z OGRANICZONĄ ODPOWIEDZIALNOŚCIĄ",,,,ACTIVE,16.10.Z:main
0000246702,"""AGRO-LAND"" SPÓŁKA Z OGRANICZONĄ ODPOWIEDZIALNOŚCIĄ",,,,ACTIVE,16.10.Z:main
0000357133,"""AGRO-POL"" SPÓŁKA Z OGRANICZONĄ ODPOWIEDZIALNOŚCIĄ",,,,LIQUIDATION,16.10.Z:main
0000357133,"""AGRO-POL"" SPÓŁKA Z OGRANICZONĄ ODPOWIEDZIALNOŚCIĄ",,,,LIQUIDATION,16.10.Z:main
0000103645,"""AGRO-SERWIS"" - SPÓŁKA Z OGRANICZONĄ ODPOWIEDZIALNOŚCIĄ",,,,ACTIVE,16.10.Z:main
0000186161,"""AGROCAST"" SPÓŁKA Z OGRANICZONĄ ODPOWIEDZIALNOŚCIĄ",,,,ACTIVE,16.10.Z:main
0000267413,"""AGRODAW"" SPÓŁKA Z OGRANICZONĄ ODPOWIEDZIALNOŚCIĄ",,,,ACTIVE,16.10.Z:main
0000165560,"""AGRODREW"" PRZEDSIĘBIORSTWO PRZEMYSŁU DRZEWNEGO SPRINGER - WROŃSKI SPÓŁKA JAWNA",,,,LIQUIDATION,16.10.Z:main
0000165560,"""AGRODREW"" PRZEDSIĘBIORSTWO PRZEMYSŁU DRZEWNEGO SPRINGER - WROŃSKI SPÓŁKA JAWNA",,,,LIQUIDATION,16.10.Z:main
0000310739,"""AGROENERGY"" SPÓŁKA Z OGRANICZONĄ ODPOWIEDZIALNOŚCIĄ",,,,ACTIVE,16.10.Z:main
0000310739,"""AGROENERGY"" SPÓŁKA Z OGRANICZONĄ ODPOWIEDZIALNOŚCIĄ",,,,ACTIVE,16.10.Z:main
0000090814,"""AGROEST"" JAROSZEWSKI, JUREWICZ SPÓŁKA JAWNA",,,,ACTIVE,16.10.Z:main
0000158216,"""AGROKOMPLEKS W.GIERS SPÓŁKA JAWNA""",,,,ACTIVE,16.10.Z:main
0000158216,"""AGROKOMPLEKS W.GIERS SPÓŁKA JAWNA""",,,,ACTIVE,16.10.Z:main
0000193247,"""AGROL"" PRZEDSIĘBIORSTWO PRODUKCYJNO - HANDLOWE SPÓŁKA Z OGRANICZONĄ ODPOWIEDZIALNOŚCIĄ",,,,ACTIVE,16.10.Z:main
0000470962,"""AGROMECH"" SPÓŁKA Z OGRANICZONĄ ODPOWIEDZIALNOŚCIĄ",,,,ACTIVE,16.10.Z:main
0000043773,"""AGROMEG"" SPÓŁKA Z OGRANICZONĄ ODPOWIEDZIALNOŚCIĄ",,,,ACTIVE,16.10.Z:main
0000043773,"""AGROMEG"" SPÓŁKA Z OGRANICZONĄ ODPOWIEDZIALNOŚCIĄ",,,,ACTIVE,16.10.Z:main
0000254963,"""AGRONATURA - K.ŁYŚ I SPÓŁKA"" SPÓŁKA Z OGRANICZONĄ ODPOWIEDZIALNOŚCIĄ",,,,ACTIVE,16.10.Z:main
0000162842,"""AGRONICA"" SPÓŁKA Z OGRANICZONĄ ODPOWIEDZIALNOŚCIĄ",,,,ACTIVE,16.10.Z:main
0000163183,"""AGROPECUARIA SILESIA"" SPÓŁKA Z OGRANICZONĄ ODPOWIEDZIALNOŚCIĄ",,,,ACTIVE,16.10.Z:main
0000163183,"""AGROPECUARIA SILESIA"" SPÓŁKA Z OGRANICZONĄ ODPOWIEDZIALNOŚCIĄ",,,,ACTIVE,16.10.Z:main
0000362611,"""AGROPLON GRUPA PIEPRZYK"" SPÓŁKA Z OGRANICZONĄ ODPOWIEDZIALNOŚCIĄ",,,,ACTIVE,16.10.Z:main
0000151097,"""AGROPOL FERMAR"" SPÓŁKA Z OGRANICZONĄ ODPOWIEDZIALNOŚCIĄ",,,,ACTIVE,16.10.Z:main
0000209417,"""AGROPOL"" SPÓŁKA Z OGRANICZONĄ ODPOWIEDZIALNOŚCIĄ",,,,ACTIVE,16.10.Z:main
0000055668,"""AGROPOL"" SPÓŁKA Z OGRANICZONĄ ODPOWIEDZIALNOŚCIĄ W PIERSELACH",,,,ACTIVE,16.10.Z:main
0000055668,"""AGROPOL"" SPÓŁKA Z OGRANICZONĄ ODPOWIEDZIALNOŚCIĄ W PIERSELACH",,,,ACTIVE,16.10.Z:main
0000036402,"""AGROSMEL"" SPÓŁKA Z OGRANICZONĄ ODPOWIEDZIALNOŚCIĄ",,,,ACTIVE,16.10.Z:main
0000258914,"""AGROTERM - POLSKA"" SPÓŁKA Z OGRANICZONĄ ODPOWIEDZIALNOŚCIĄ",,,,ACTIVE,16.10.Z:main
0000150862,"""AIMEX"" SPÓŁKA Z OGRANICZONĄ ODPOWIEDZIALNOŚCIĄ",,,,ACTIVE,16.10.Z:main
0000252417,"""AJRAM"" SPÓŁKA Z OGRANICZONĄ ODPOWIEDZIALNOŚCIĄ",,,,ACTIVE,16.10.Z:main
0000252417,"""AJRAM"" SPÓŁKA Z OGRANICZONĄ ODPOWIEDZIALNOŚCIĄ",,,,ACTIVE,16.10.Z:main
0000021908,"""AK - BUD KURANT SPÓŁKA JAWNA""",,,,ACTIVE,16.10.Z:main
0000348930,"""AKANA SPÓŁKA Z OGRANICZONĄ ODPOWIEDZIALNOŚCIĄ""",,,,ACTIVE,16.10.Z:main
0000348930,"""AKANA SPÓŁKA Z OGRANICZONĄ ODPOWIEDZIALNOŚCIĄ""",,,,ACTIVE,16.10.Z:main
0000441226,"""AKANA TAKANA SPÓŁKA Z OGRANICZONĄ ODPOWIEDZIALNOŚCIĄ"" SPÓŁKA KOMANDYTOWA",,,,ACTIVE,16.10.Z:main
0000219918,"""AKARD"" SPÓŁKA Z OGRANICZONĄ ODPOWIEDZIALNOŚCIĄ",,,,ACTIVE,16.10.Z:main
0000346340,"""AKTUS SPÓŁKA Z OGRANICZONĄ ODPOWIEDZIALNOŚCIĄ""",,,,ACTIVE,16.10.Z:main
0000042881,"""AKU-HANDEL"" SPÓŁKA Z OGRANICZONĄ ODPOWIEDZIALNOŚCIĄ",,,,ACTIVE,16.10.Z:main
0000329709,"""AKUSTA"" SPÓŁKA Z OGRANICZONĄ ODPOWIEDZIALNOŚCIĄ",,,,ACTIVE,16.10.Z:main
0000008535,"""AKŚ-INVESTMENT"" SPÓŁKA Z OGRANICZONĄ ODPOWIEDZIALNOŚCIĄ",,,,ACTIVE,16.10.Z:main
0000234326,"""AL-MED"" SPÓŁKA Z OGRANICZONĄ ODPOWIEDZIALNOŚCIĄ",,,,ACTIVE,16.10.Z:main
0000283985,"""AL-MED-BIS SPÓŁKA Z OGRANICZONĄ ODPOWIEDZIALNOŚCIĄ""",,,,ACTIVE,16.10.Z:main
0000283985,"""AL-MED-BIS SPÓŁKA Z OGRANICZONĄ ODPOWIEDZIALNOŚCIĄ""",,,,ACTIVE,16.10.Z:main
0000471317,"""AL-YUSEF SPÓŁKA Z OGRANICZONĄ ODPOWIEDZIALNOŚCIĄ""",,,,ACTIVE,16.10.Z:main
0000130686,"""ALADAR A.Z.G."" SPÓŁKA Z OGRANICZONĄ ODPOWIEDZIALNOŚCIĄ",,,,ACTIVE,16.10.Z:main
0000410728,"""ALAUCTUS"" SPÓŁKA Z OGRANICZONĄ ODPOWIEDZIALNOŚCIĄ",,,,LIQUIDATION,16.10.Z:main
0000374018,"""ALDECO - MOSAICO SPÓŁKA Z OGRANICZONĄ ODPOWIEDZIALNOŚCIĄ"" SPÓŁKA KOMANDYTOWA",,,,ACTIVE,16.10.Z:main
0000295447,"""ALEKSANDRIA DEVELOPMENT"" SPÓŁKA Z OGRANICZONĄ ODPOWIEDZIALNOŚCIĄ",,,,ACTIVE,16.10.Z:main
0000146163,"""ALFA POLAND"" SPÓŁKA Z OGRANICZONĄ ODPOWIEDZIALNOŚCIĄ",,,,ACTIVE,16.10.Z:main
0000307402,"""ALFA"" DARIA KAMPKA TOMASZ SWOBODA SPÓŁKA JAWNA",,,,LIQUIDATION,16.10.Z:main
0000101669,"""ALFA"" SPÓŁKA Z OGRANICZONĄ ODPOWIEDZIALNOŚCIĄ",,,,ACTIVE,16.10.Z:main
0000311207,"""ALFAPOLARIS"" SPÓŁKA Z OGRANICZONĄ ODPOWIEDZIALNOŚCIĄ",,,,ACTIVE,16.10.Z:main
0000185322,"""ALKA-MAR"" SPÓŁKA Z OGRANICZONĄ ODPOWIEDZIALNOŚCIĄ",,,,ACTIVE,16.10.Z:main
0000108897,"""ALKOR"" SPÓŁKA Z OGRANICZONĄ ODPOWIEDZIALNOŚCIĄ",,,,ACTIVE,16.10.Z:main
0000508270,"""ALLFLOORS"" SPÓŁKA Z OGRANICZONĄ ODPOWIEDZIALNOŚCIĄ",,,,ACTIVE,16.10.Z:main
0000370039,"""ALMALAND"" SPÓŁKA Z OGRANICZONĄ ODPOWIEDZIALNOŚCIĄ",,,,ACTIVE,16.10.Z:main
0000042303,"""ALMES"" SPÓŁKA Z OGRANICZONĄ ODPOWIEDZIALNOŚCIĄ",,,,ACTIVE,16.10.Z:main
0000066663,"""ALPARK"" SPÓŁKA Z OGRANICZONĄ ODPOWIEDZIALNOŚCIĄ",,,,ACTIVE,16.10.Z:main
0000303773,"""ALPINUS CHEMIA"" SPÓŁKA Z OGRANICZONĄ ODPOWIEDZIALNOŚCIĄ",,,,ACTIVE,16.10.Z:main
0000475137,"""ALTANATURA"" SPÓŁKA Z OGRANICZONĄ ODPOWIEDZIALNOŚCIĄ",,,,ACTIVE,16.10.Z:main
0000161281,"""ALTERNATYWA"" SPÓŁKA Z OGRANICZONĄ ODPOWIEDZIALNOŚCIĄ",,,,LIQUIDATION,16.10.Z:main
0000139006,"""ALTRAK"" SPÓŁKA Z OGRANICZONĄ ODPOWIEDZIALNOŚCIĄ",,,,LIQUIDATION,16.10.Z:main
0000027494,"""ALUTECH""SPÓŁKA Z OGRANICZONĄ ODPOWIEDZIALNOŚCIĄ",,,,LIQUIDATION,16.10.Z:main
0000363190,"""ALUVEHR CONSTRUCTION & DEVELOPMENT"" SPÓŁKA Z OGRANICZONĄ ODPOWIEDZIALNOŚCIĄ",,,,ACTIVE,16.10.Z:main
0000410224,"""AMADEUSZ"" SPÓŁKA Z OGRANICZONĄ ODPOWIEDZIALNOŚCIĄ",,,,ACTIVE,16.10.Z:main
0000152193,"""AMAR"" SPÓŁKA Z OGRANICZONĄ ODPOWIEDZIALNOŚCIĄ",,,,ACTIVE,16.10.Z:main
0000382733,"""AMB BABST"" SPÓŁKA Z OGRANICZONĄ ODPOWIEDZIALNOŚCIĄ SPÓŁKA KOMANDYTOWA",,,,ACTIVE,16.10.Z:main
0000013853,"""AMB"" BABST SPÓŁKA JAWNA",,,,ACTIVE,16.10.Z:main
0000041726,"""AMBRA"" SPÓŁKA AKCYJNA",,,,ACTIVE,16.10.Z:main
0000516383,"""AMEGRA"" SPÓŁKA Z OGRANICZONĄ ODPOWIEDZIALNOŚCIĄ",,,,ACTIVE,16.10.Z:main
0000520840,"""AMNIS"" SPÓŁKA Z OGRANICZONĄ ODPOWIEDZIALNOŚCIĄ",,,,ACTIVE,16.10.Z:main
0000375685,"""AMS INVESTMENT"" SPÓŁKA Z OGRANICZONĄ ODPOWIEDZIALNOŚCIĄ",,,,ACTIVE,16.10.Z:main
0000334526,"""AMS-ENJOT SERWIS SPÓŁKA Z OGRANICZONĄ ODPOWIEDZIALNOŚCIĄ"" SPÓŁKA KOMANDYTOWA",,,,ACTIVE,16.10.Z:main
0000337716,"""AMSBUD"" SPÓŁKA Z OGRANICZONĄ ODPOWIEDZIALNOŚCIĄ",,,,ACTIVE,16.10.Z:main
0000184041,"""ANAK FOOD"" SPÓŁKA Z OGRANICZONĄ ODPOWIEDZIALNOŚCIĄ",,,,ACTIVE,16.10.Z:main
0000303519,"""ANAPOL"" SPÓŁKA Z OGRANICZONĄ ODPOWIEDZIALNOŚCIĄ",,,,ACTIVE,16.10.Z:main
0000190419,"""ANBUD SPÓŁKA Z OGRANICZONĄ ODPOWIEDZIALNOŚCIĄ""",,,,ACTIVE,16.10.Z:main
0000175299,"""ANDI-KUBA"" SPÓŁKA Z OGRANICZONĄ ODPOWIEDZIALNOŚCIĄ",,,,ACTIVE,16.10.Z:main
0000092489,"""ANDORIA-MOT"" SPÓŁKA Z OGRANICZONĄ ODPOWIEDZIALNOŚCIĄ",,,,ACTIVE,16.10.Z:main
0000353613,"""ANDREMAX"" SPÓŁKA Z OGRANICZONĄ ODPOWIEDZIALNOŚCIĄ",,,,ACTIVE,16.10.Z:main
0000353613,"""ANDREMAX"" SPÓŁKA Z OGRANICZONĄ ODPOWIEDZIALNOŚCIĄ",,,,ACTIVE,16.10.Z:main
0000177788,"""ANDRZEJ LUCZEK"" SPÓŁKA Z OGRANICZONĄ ODPOWIEDZIALNOŚCIĄ",,,,ACTIVE,16.10.Z:main
0000014698,"""ANDRZEJ WINNY"" SPÓŁKA Z OGRANICZONĄ ODPOWIEDZIALNOŚCIĄ",,,,LIQUIDATION,16.10.Z:main
0000014698,"""ANDRZEJ WINNY"" SPÓŁKA Z OGRANICZONĄ ODPOWIEDZIALNOŚCIĄ",,,,LIQUIDATION,16.10.Z:main
0000303059,"""ANDRZEJEWSKI NIERUCHOMOŚCI"" SPÓŁKI Z OGRANICZONĄ ODPOWIEDZIALNOŚCIĄ",,,,ACTIVE,16.10.Z:main
0000312910,"""ANESTI"" SPÓŁKA Z OGRANICZONA ODPOWIEDZIALNOŚCIĄ",,,,LIQUIDATION,16.10.Z:main
0000231840,"""ANIOIL"" SPÓŁKA Z OGRANICZONĄ ODPOWIEDZIALNOŚCIĄ",,,,ACTIVE,16.10.Z:main
0000372223,"""ANNA BP"" SPÓŁKA Z OGRANICZONĄ ODPOWIEDZIALNOŚCIĄ",,,,ACTIVE,16.10.Z:main
0000221008,"""ANPOL"" SPÓŁKA Z OGRANICZONĄ ODPOWIEDZIALNOŚCIĄ",,,,ACTIVE,16.10.Z:main
0000418377,"""AOD POLAND. LED LIGHT SYSTEM"" SPÓŁKA Z OGRANICZONĄ ODPOWIEDZIALNOŚCIĄ",,,,ACTIVE,16.10.Z:main
0000518464,"""AP ART SPÓŁKA Z OGRANICZONĄ ODPOWIEDZIALNOŚCIĄ W ORGANIZACJI"" SPÓŁKA KOMANDYTOWA",,,,ACTIVE,16.10.Z:main
0000140697,"""APENA-REMONT"" SPÓŁKA Z OGRANICZONĄ ODPOWIEDZIALNOŚCIĄ",,,,ACTIVE,16.10.Z:main
0000167824,"""APEX"" SPÓŁKA Z OGRANICZONĄ ODPOWIEDZIALNOŚCIĄ",,,,ACTIVE,16.10.Z:main
0000167824,"""APEX"" SPÓŁKA Z OGRANICZONĄ ODPOWIEDZIALNOŚCIĄ",,,,ACTIVE,16.10.Z:main
0000273742,"""APEX"" SPÓŁKA Z OGRANICZONĄ ODPOWIEDZIALNOŚCIĄ",,,,ACTIVE,16.10.Z:main
0000313052,"""APILA"" SPÓŁKA Z OGRANICZONĄ ODPOWIEDZIALNOŚCIĄ",,,,ACTIVE,16.10.Z:main
0000144845,"""AQUA - FERR"" SPÓŁKA Z OGRANICZONĄ ODPOWIEDZIALNOŚCIĄ",,,,ACTIVE,16.10.Z:main
0000202110,"""AQUA-POL"" SPÓŁKA Z OGRANICZONĄ ODPOWIEDZIALNOŚCIĄ",,,,ACTIVE,16.10.Z:main
0000405778,"""AR-CO"" SPÓŁKA Z OGRANICZONĄ ODPOWIEDZIALNOŚCIĄ",,,,ACTIVE,16.10.Z:main
0000574376,"""ARBOR"" SPÓŁKA Z OGRANICZONĄ ODPOWIEDZIALNOŚCIĄ SPÓŁKA KOMANDYTOWA",,,,ACTIVE,16.10.Z:main
0000344357,"""ARDECCO"" SPÓŁKA Z OGRANICZONĄ ODPOWIEDZIALNOŚCIĄ",,,,ACTIVE,16.10.Z:main
0000294225,"""ARECA PLANT"" SPÓŁKA Z OGRANICZONĄ ODPOWIEDZIALNOŚCIĄ",,,,ACTIVE,16.10.Z:main
0000202535,"""ARGO TEC"" SPÓŁKA Z OGRANICZONĄ ODPOWIEDZIALNOŚCIĄ",,,,ACTIVE,16.10.Z:main
0000140379,"""ARKADIA"" SPÓŁKA Z OGRANICZONĄ ODPOWIEDZIALNOŚCIĄ",,,,ACTIVE,16.10.Z:main
0000227228,"""ARKE"" SPÓŁKA Z OGRANICZONĄ ODPOWIEDZIALNOŚCIĄ",,,,ACTIVE,16.10.Z:main
0000017828,"""ARKTES"" SPÓŁKA Z OGRANICZONĄ ODPOWIEDZIALNOŚCIĄ",,,,ACTIVE,16.10.Z:main
0000125086,"""ARLEN"" SPÓŁKA AKCYJNA",,,,ACTIVE,16.10.Z:main
0000315581,"""ARMAX"" SPÓŁKA Z OGRANICZONĄ ODPOWIEDZIALNOŚCIĄ",,,,ACTIVE,16.10.Z:main
0000320835,"""ARMAX"" SPÓŁKA Z OGRANICZONĄ ODPOWIEDZIALNOŚCIĄ SPÓŁKA KOMANDYTOWA",,,,ACTIVE,16.10.Z:main
0000157199,"""ARMET"" SPÓŁKA Z OGRANICZONĄ ODPOWIEDZIALNOŚCIĄ",,,,ACTIVE,16.10.Z:main
0000378181,"""ARP"" PRZEDSIĘBIORSTWO PRODUKCYJNO-USŁUGOWO-HANDLOWE SPÓŁKA Z OGRANICZONĄ ODPOWIEDZIALNOŚCIĄ JOINTVENTURE",,,,LIQUIDATION,16.10.Z:main
0000128907,"""ARS CATHOLICA"" SPÓŁKA Z OGRANICZONĄ ODPOWIEDZIALNOŚCIĄ",,,,ACTIVE,16.10.Z:main
0000210383,"""ART PROFIL"" - SPÓŁKA Z OGRANICZONĄ ODPOWIEDZIALNOŚCIĄ",,,,LIQUIDATION,16.10.Z:main
0000492040,"""ARTCEM TĘPIŃSKI I WSPÓLNICY"" SPÓŁKA JAWNA",,,,ACTIVE,16.10.Z:main
0000237985,"""ARTCEM"" SPÓŁKA Z OGRANICZONĄ ODPOWIEDZIALNOŚCIĄ",,,,ACTIVE,16.10.Z:main
0000241433,"""ARTCOR"" SPÓŁKA Z OGRANICZONĄ ODPOWIEDZIALNOŚCIĄ",,,,ACTIVE,16.10.Z:main
0000289582,"""ARTIKOP"" SPÓŁKA Z OGRANICZONĄ ODPOWIEDZIALNOŚCIĄ",,,,ACTIVE,16.10.Z:main
0000361011,"""ARTIMBER"" SPÓŁKA Z OGRANICZONĄ ODPOWIEDZIALNOŚCIĄ",,,,ACTIVE,16.10.Z:main
0000361011,"""ARTIMBER"" SPÓŁKA Z OGRANICZONĄ ODPOWIEDZIALNOŚCIĄ",,,,ACTIVE,16.10.Z:main
0000361011,"""ARTIMBER"" SPÓŁKA Z OGRANICZONĄ ODPOWIEDZIALNOŚCIĄ",,,,ACTIVE,16.10.Z:main
0000146737,"""ARTPOL"" SPÓŁKA Z OGRANICZONĄ ODPOWIEDZIALNOŚCIĄ",,,,ACTIVE,16.10.Z:main
0000167470,"""AS CONSULTING"" SPÓŁKA Z OGRANICZONĄ ODPOWIEDZIALNOŚCIĄ",,,,ACTIVE,16.10.Z:main
0000524439,"""ASARO BUD"" SPÓŁKA Z OGRANICZONĄ ODPOWIEDZIALNOŚCIĄ",,,,ACTIVE,16.10.Z:main
0000454145,"""ASART"" SPÓŁKA Z OGRANICZONĄ ODPOWIEDZIALNOŚCIĄ",,,,ACTIVE,16.10.Z:main
0000412005,"""ASD DEVELOPMENT"" SPÓŁKA Z OGRANICZONĄ ODPOWIEDZIALNOŚCIĄ",,,,ACTIVE,16.10.Z:main
0000412005,"""ASD DEVELOPMENT"" SPÓŁKA Z OGRANICZONĄ ODPOWIEDZIALNOŚCIĄ",,,,ACTIVE,16.10.Z:main
0000380358,"""ASFALT GORZÓW"" SPÓŁKA Z OGRANICZONĄ ODPOWIEDZIALNOŚCIĄ",,,,ACTIVE,16.10.Z:main
0000850260,"""ASM KONKRET"" SPÓŁKA Z OGRANICZONĄ ODPOWIEDZIALNOŚCIĄ",,,,ACTIVE,16.10.Z:main
0000514681,"""ASPA"" SPÓŁKA Z OGRANICZONĄ ODPOWIEDZIALNOŚCIĄ",,,,ACTIVE,16.10.Z:main
0000327181,"""ASPECT"" SPÓŁKA Z OGRANICZONĄ ODPOWIEDZIALNOŚIĄ",,,,ACTIVE,16.10.Z:main
0000327181,"""ASPECT"" SPÓŁKA Z OGRANICZONĄ ODPOWIEDZIALNOŚIĄ",,,,ACTIVE,16.10.Z:main
0000366310,"""ASPOLBUD"" SPÓŁKA Z OGRANICZONĄ ODPOWIEDZIALNOŚCIĄ",,,,ACTIVE,16.10.Z:main
0000460040,"""ASTECH"" SPÓŁKA Z OGRANICZONĄ ODPOWIEDZIALNOŚCIĄ",,,,ACTIVE,16.10.Z:main
0000280683,"""ASTON GROUP"" SPÓŁKA Z OGRANICZONĄ ODPOWIEDZIALNOŚCIĄ",,,,ACTIVE,16.10.Z:main
0000006114,"""ASTRA"" SPÓŁKA Z OGRANICZONĄ ODPOWIEDZIALNOŚCIĄ",,,,ACTIVE,16.10.Z:main
0000006114,"""ASTRA"" SPÓŁKA Z OGRANICZONĄ ODPOWIEDZIALNOŚCIĄ",,,,ACTIVE,16.10.Z:main
0000156593,"""ASYSTA BIS"" - SPÓŁKA Z OGRANICZONĄ ODPOWIEDZIALNOŚCIĄ",,,,ACTIVE,16.10.Z:main
0000156035,"""AT & M TOMASZ ANISIEWICZ I SPÓŁKA"" SPÓŁKA JAWNA",,,,ACTIVE,16.10.Z:main
0000362519,"""ATOMIUM M.P.C."" SPÓŁKA Z OGRANICZONĄ ODPOWIEDZIALNOŚCIĄ",,,,ACTIVE,16.10.Z:main
0000139213,"""ATON"" SPÓŁKA Z OGRANICZONĄ ODPOWIEDZIALNOŚCIĄ",,,,ACTIVE,16.10.Z:main
0000139213,"""ATON"" SPÓŁKA Z OGRANICZONĄ ODPOWIEDZIALNOŚCIĄ",,,,ACTIVE,16.10.Z:main
0000477124,"""ATRIUM VERDE"" SPÓŁKA Z OGRANICZONĄ ODPOWIEDZIALNOŚCIĄ",,,,ACTIVE,16.10.Z:main
0000084467,"""AURA MEBLE"" SPÓŁKA Z OGRANICZONĄ ODPOWIEDZIALNOŚCIĄ",,,,ACTIVE,16.10.Z:main
0000142083,"""AUTO - COMA"" PRZEDSIĘBIORSTWO MOTORYZACYJNE SPÓŁKA Z OGRANICZONĄ ODPOWIEDZIALNOŚCIĄ",,,,ACTIVE,16.10.Z:main
0000065718,"""AUTO ELEKTRONIK"" SPÓŁKA Z OGRANICZONĄ ODPOWIEDZIALNOŚCIĄ",,,,LIQUIDATION,16.10.Z:main
0000179490,"""AUTOBLOK"" IMPORT EKSPORT SPÓŁKA Z OGRANICZONĄ ODPOWIEDZIALNOŚCIĄ",,,,ACTIVE,16.10.Z:main
0000253872,"""AUTORABAT"" SPÓŁKA Z OGRANICZONĄ ODPOWIEDZIALNOŚCIĄ",,,,ACTIVE,16.10.Z:main
0000269363,"""AWA MEBEL"" SPÓŁKA Z OGRANICZONĄ ODPOWIEDZIALNOŚCIĄ",,,,ACTIVE,16.10.Z:main
0000269363,"""AWA MEBEL"" SPÓŁKA Z OGRANICZONĄ ODPOWIEDZIALNOŚCIĄ",,,,ACTIVE,16.10.Z:main
0000117307,"""AWG-POLSKA"" SPÓŁKA Z OGRANICZONĄ ODPOWIEDZIALNOŚCIĄ W LIKWIDACJI",,,,LIQUIDATION,16.10.Z:main
0000060743,"""AWO"" SPÓŁKA Z OGRANICZONĄ ODPOWIEDZIALNOŚCIĄ",,,,ACTIVE,16.10.Z:main
0000203738,"""AXEN"" SPÓŁKA Z OGRANICZONĄ ODPOWIEDZIALNOŚCIĄ",,,,ACTIVE,16.10.Z:main
0000184161,"""AYLA"" SPÓŁKA Z OGRANICZONĄ ODPOWIEDZIALNOŚCIĄ",,,,ACTIVE,16.10.Z:main
0000254453,"""AZAK"" SPÓŁKA Z OGRANICZONĄ ODPOWIEDZIALNOŚCIĄ",,,,ACTIVE,16.10.Z:main
0000254453,"""AZAK"" SPÓŁKA Z OGRANICZONĄ ODPOWIEDZIALNOŚCIĄ",,,,ACTIVE,16.10.Z:main
0000120550,"""AZET"" SPÓŁKA Z OGRANICZONĄ ODPOWIEDZIALNOŚCIĄ",,,,ACTIVE,16.10.Z:main
0000177764,"""B & C"" SPÓŁKA Z OGRANICZONĄ ODPOWIEDZIALNOŚCIĄ",,,,ACTIVE,16.10.Z:main
0000157677,"""B&D"" SPÓŁKA Z OGRANICZONĄ ODPOWIEDZIALNOŚCIĄ",,,,ACTIVE,16.10.Z:main
0000157677,"""B&D"" SPÓŁKA Z OGRANICZONĄ ODPOWIEDZIALNOŚCIĄ",,,,ACTIVE,16.10.Z:main
0000264250,"""B&M - BUDNY MAJCHER SPÓŁKA JAWNA",,,,ACTIVE,16.10.Z:main
0000324490,"""B. HYDROMAX"" SPÓŁKA Z OGRANICZONĄ ODPOWIEDZIALNOŚCIĄ",,,,ACTIVE,16.10.Z:main
0000486269,"""BAKMOR"" SPÓŁKA Z OGRANICZONĄ ODPOWIEDZIALNOŚCIĄ",,,,ACTIVE,16.10.Z:main
0000263902,"""BALTIC - BUD"" SPÓŁKA Z OGRANICZONĄ ODPOWIEDZIALNOŚCIĄ",,,,ACTIVE,16.10.Z:main
0000263902,"""BALTIC - BUD"" SPÓŁKA Z OGRANICZONĄ ODPOWIEDZIALNOŚCIĄ",,,,ACTIVE,16.10.Z:main
0000309980,"""BALTIM-YACHTS- ŁUKASZ WOŁCZEK, ELWIRA KRZYŻANOWSKA SPÓŁKA JAWNA""",,,,ACTIVE,16.10.Z:main
0000219175,"""BANPOL"" SPÓŁKA Z OGRANICZONĄ ODPOWIEDZIALNOŚCIĄ",,,,ACTIVE,16.10.Z:main
0000243260,"""BAOLA"" SPÓŁKA Z OGRANICZONĄ ODPOWIEDZIALNOŚCIĄ",,,,ACTIVE,16.10.Z:main
0000711450,"""BARBARA I GRZEGORZ HOŁÓWKA PPHU PLANSON"" SPÓŁKA JAWNA",,,,ACTIVE,16.10.Z:main
0000236903,"""BARDO"" SPÓŁKA Z OGRANICZONĄ ODPOWIEDZIALNOŚCIĄ",,,,ACTIVE,16.10.Z:main
0000018891,"""BARLINEK"" SPÓŁKA AKCYJNA",,,,ACTIVE,16.10.Z:main
0000071486,"""BASTEX"" SPÓŁKA Z OGRANICZONĄ ODPOWIEDZIALNOŚCIĄ",,,,ACTIVE,16.10.Z:main
0000071486,"""BASTEX"" SPÓŁKA Z OGRANICZONĄ ODPOWIEDZIALNOŚCIĄ",,,,ACTIVE,16.10.Z:main
0000184497,"""BAT - TAGORA"" SPÓŁKA Z OGRANICZONĄ ODPOWIEDZIALNOŚCIĄ",,,,ACTIVE,16.10.Z:main
0000065334,"""BATPOL"" ZAKŁAD PRODUKCYJNO HANDLOWY - MACIEJ BATOSZ I MARTA BATOSZ - SPÓŁKA JAWNA",,,,ACTIVE,16.10.Z:main
0000082866,"""BAUHAUS"" SPÓŁKA Z OGRANICZONĄ ODPOWIEDZIALNOŚCIĄ",,,,ACTIVE,16.10.Z:main
0000245101,"""BAUTEC POLSKA"" SPÓŁKA Z OGRANICZONĄ ODPOWIEDZIALNOŚCIĄ",,,,ACTIVE,16.10.Z:main
0000087376,"""BAWTEX"" SPÓŁKA Z OGRANICZONĄ ODPOWIEDZIALNOŚCIĄ",,,,LIQUIDATION,16.10.Z:main
0000087376,"""BAWTEX"" SPÓŁKA Z OGRANICZONĄ ODPOWIEDZIALNOŚCIĄ",,,,LIQUIDATION,16.10.Z:main
0000158903,"""BAZA B HOLDING"" SPÓŁKA Z OGRANICZONĄ ODPOWIEDZIALNOŚCIĄ",,,,ACTIVE,16.10.Z:main
0000396783,"""BAZANIK"" SPÓŁKA Z OGRANICZONĄ ODPOWIEDZIALNOŚCIĄ",,,,ACTIVE,16.10.Z:main
0000024701,"""BAZAR"" SPÓŁKA Z OGRANICZONĄ ODPOWIEDZIALNOŚCIĄ",,,,ACTIVE,16.10.Z:main
0000246064,"""BAŁTYK-FARM"" SPÓŁKA Z OGRANICZONĄ ODPOWIEDZIALNOŚCIĄ",,,,ACTIVE,16.10.Z:main
0000082104,"""BELMEB"" ANDRZEJ, MARIA, AGNIESZKA PAJĄK SPÓŁKA JAWNA",,,,ACTIVE,16.10.Z:main
0000048542,"""BELMEB"" SPÓŁKA Z OGRANICZONA ODPOWIEDZIALNOŚCIĄ",,,,ACTIVE,16.10.Z:main
0000320930,"""BELNETTE"" SPÓŁKA Z OGRANICZONĄ ODPOWIEDZIALNOŚCIĄ",,,,LIQUIDATION,16.10.Z:main
0000414782,"""BENTO GROUP MINERALS POLSKA"" SPÓŁKA Z OGRANICZONĄ ODPOWIEDZIALNOŚCIĄ",,,,ACTIVE,16.10.Z:main
0000414782,"""BENTO GROUP MINERALS POLSKA"" SPÓŁKA Z OGRANICZONĄ ODPOWIEDZIALNOŚCIĄ",,,,ACTIVE,16.10.Z:main
0000247395,"""BEPEX"" SPÓŁKA Z OGRANICZONĄ ODPOWIEDZIALNOŚCIĄ",,,,LIQUIDATION,16.10.Z:main
0000885539,"""BERGMAN EUROPE"" SPÓŁKA Z OGRANICZONĄ ODPOWIEDZIALNOŚCIĄ",,,,ACTIVE,16.10.Z:main
0000210151,"""BERGPOL"" SPÓŁKA Z OGRANICZONĄ ODPOWIEDZIALNOŚCIĄ",,,,ACTIVE,16.10.Z:main
0000024613,"""BERTI"" SPÓŁKA JAWNA RYSZARDA NIEWIŃSKA, WALDEMAR NIEWIŃSKI, MIROSŁAW ZAJĄC",,,,ACTIVE,16.10.Z:main
0000121322,"""BEST-EKO"" SPÓŁKA Z OGRANICZONĄ ODPOWIEDZIALNOŚCIĄ",,,,ACTIVE,16.10.Z:main
0000115515,"""BETMAR"" SPÓŁKA Z OGRANICZONĄ ODPOWIEDZIALNOŚCIĄ",,,,ACTIVE,16.10.Z:main
0000387264,"""BEWED"" ZAKŁAD STOLARSKI SPÓŁKA Z OGRANICZONĄ ODPOWIEDZIALNOŚCIĄ",,,,LIQUIDATION,16.10.Z:main
0000319735,"""BF VARIA"" SPÓŁKA Z OGRANICZONĄ ODPOWIEDZIALNOŚCIĄ",,,,ACTIVE,16.10.Z:main
0000226473,"""BG-INVEST"" SPÓŁKA Z OGRANICZONĄ ODPOWIEDZIALNOŚCIĄ",,,,ACTIVE,16.10.Z:main
0000401985,"""BH MEBLE"" SPÓŁKA Z OGRANICZONĄ ODPOWIEDZIALNOŚCIĄ",,,,ACTIVE,16.10.Z:main
0000401985,"""BH MEBLE"" SPÓŁKA Z OGRANICZONĄ ODPOWIEDZIALNOŚCIĄ",,,,ACTIVE,16.10.Z:main
0000064323,"""BHX + VARITEX"" SPÓŁKA AKCYJNA",,,,LIQUIDATION,16.10.Z:main
0000624129,"""BI-CORP SPÓŁKA Z OGRANICZONĄ ODPOWIEDZIALNOŚCIĄ"" SPÓŁKA KOMANDYTOWA",,,,ACTIVE,16.10.Z:main
0000045329,"""BIALCHEM GROUP"" SPÓŁKA Z OGRANICZONĄ ODPOWIEDZIALNOŚCIĄ",,,,ACTIVE,16.10.Z:main
0000002897,"""BIATRANS"" SPÓŁKA Z OGRANICZONĄ ODPOWIEDZIALNOŚCIĄ",,,,ACTIVE,16.10.Z:main
0000002897,"""BIATRANS"" SPÓŁKA Z OGRANICZONĄ ODPOWIEDZIALNOŚCIĄ",,,,ACTIVE,16.10.Z:main
0000042183,"""BIAŁE - GOSPODARSTWO ROLNE"" SPÓŁKA Z OGRANICZONĄ ODPOWIEDZIALNOŚCIĄ",,,,ACTIVE,16.10.Z:main
0000087091,"""BIECZDREW"" SPÓŁKA Z OGRANICZONĄ ODPOWIEDZIALNOŚCIĄ",,,,ACTIVE,16.10.Z:main
0000236686,"""BIG TRANS"" SPÓŁKA Z OGRANICZONĄ ODPOWIEDZIALNOŚCIĄ",,,,ACTIVE,16.10.Z:main
0000552707,"""BIK"" SPÓŁKA Z OGRANICZONĄ ODPOWIEDZIALNOŚCIĄ",,,,ACTIVE,16.10.Z:main
0000419495,"""BILIFT ŁÓDŹ"" SPÓŁKA Z OGRANICZONĄ ODPOWIEDZIALNOŚCIĄ",,,,LIQUIDATION,16.10.Z:main
0000202919,"""BIMAR"" SPÓŁKA Z OGRANICZONĄ ODPOWIEDZIALNOŚCIĄ",,,,ACTIVE,16.10.Z:main
0000108987,"""BIO - PRODUKTY - TORF - KORA - PALETY"" SPÓŁKA Z OGRANICZONĄ ODPOWIEDZIALNOŚCIĄ",,,,ACTIVE,16.10.Z:main
0000048653,"""BIO-ENERGIA ESP"" SPÓŁKA Z OGRANICZONĄ ODPOWIEDZIALNOŚCIĄ",,,,ACTIVE,16.10.Z:main
0000348787,"""BIO-PAK SPÓŁKA Z OGRANICZONĄ ODPOWIEDZIALNOŚCIĄ""",,,,ACTIVE,16.10.Z:main
0000368460,"""BIOBAKT"" SPÓŁKA Z OGRANICZONĄ ODPOWIEDZIALNOŚCIĄ",,,,ACTIVE,16.10.Z:main
0000404903,"""BIOENERGIA TRADE"" SPÓŁKA Z OGRANICZONĄ ODPOWIEDZIALNOŚCIĄ",,,,ACTIVE,16.10.Z:main
0000202860,"""BIOENERGIA"" SPÓŁKA Z OGRANICZONĄ ODPOWIEDZIALNOŚCIĄ",,,,LIQUIDATION,16.10.Z:main
0000202860,"""BIOENERGIA"" SPÓŁKA Z OGRANICZONĄ ODPOWIEDZIALNOŚCIĄ",,,,LIQUIDATION,16.10.Z:main
0000246714,"""BIOESTRY"" SPÓŁKA Z OGRANICZONĄ ODPOWIEDZIALNOŚCIĄ",,,,ACTIVE,16.10.Z:main
0000368070,"""BIOMAS-POL"" SPÓŁKA Z OGRANICZONĄ ODPOWIEDZIALNOŚCIĄ",,,,ACTIVE,16.10.Z:main
0000358289,"""BIOMASA POŁUDNIE"" SPÓŁKA Z OGRANICZONĄ ODPOWIEDZIALNOŚCIĄ",,,,ACTIVE,16.10.Z:main
0000693917,"""BIOMASA"" SPÓŁKA Z OGRANICZONĄ ODPOWIEDZIALNOŚCIĄ",,,,ACTIVE,16.10.Z:main
0000320339,"""BIOPELL"" SPÓŁKA Z OGRANICZONĄ ODPOWIEDZIALNOŚCIĄ",,,,ACTIVE,16.10.Z:main
0000361469,"""BIOPOL"" SPÓŁKA Z OGRANICZONĄ ODPOWIEDZIALNOŚCIĄ",,,,LIQUIDATION,16.10.Z:main
0000204383,"""BIORAJ"" - SPÓŁKA Z OGRANICZONĄ ODPOWIEDZIALNOŚCIĄ",,,,ACTIVE,16.10.Z:main
0000240642,"""BIOTRADE"" SPÓŁKA Z OGRANICZONĄ ODPOWIEDZIALNOŚCIĄ",,,,ACTIVE,16.10.Z:main
0000213021,"""BIPRODRZEW"" SPÓŁKA AKCYJNA",,,,ACTIVE,16.10.Z:main
0000177976,"""BIURKOM-FLAMPOL"" SPÓŁKA Z OGRANICZONĄ ODPOWIEDZIALNOŚCIĄ",,,,ACTIVE,16.10.Z:main
0000096320,"""BIURO MARKETINGOWO-HANDLOWE"" SPÓŁKA Z OGRANICZONĄ ODPOWIEDZIALNOŚCIĄ",,,,LIQUIDATION,16.10.Z:main
0000121629,"""BIURO ZARZĄDZANIA NIERUCHOMOŚCIAMI LOCUM Z.PTAK, R.CICHOWICZ""  SPÓŁKA JAWNA",,,,ACTIVE,16.10.Z:main
0000192086,"""BJ"" SPÓŁKA Z OGRANICZONĄ ODPOWIEDZIALNOŚCIĄ",,,,ACTIVE,16.10.Z:main
0000340379,"""BJP TECHNOLOGIES"" SPÓŁKA Z OGRANICZONĄ ODPOWIEDZIALNOŚCIĄ",,,,ACTIVE,16.10.Z:main
0000183598,"""BKB SZRENICA"" SPÓŁKA Z OGRANICZONĄ ODPOWIEDZIALNOŚCIĄ",,,,ACTIVE,16.10.Z:main
0000444965,"""BLASTOPOL FD"" PIOTR BLANDO, PAWEŁ BLANDO, ELŻBIETA SAWA - BLANDO SPÓŁKA JAWNA",,,,ACTIVE,16.10.Z:main
0000444965,"""BLASTOPOL FD"" PIOTR BLANDO, PAWEŁ BLANDO, ELŻBIETA SAWA - BLANDO SPÓŁKA JAWNA",,,,ACTIVE,16.10.Z:main
0000361197,"""BLUE RIVER"" SPÓŁKA Z OGRANICZONĄ ODPOWIEDZIALNOŚCIĄ",,,,LIQUIDATION,16.10.Z:main
0000372630,"""BLUEHOLZ"" SPÓŁKA Z OGRANICZONĄ ODPOWIEDZIALNOŚCIĄ",,,,ACTIVE,16.10.Z:main
0000372630,"""BLUEHOLZ"" SPÓŁKA Z OGRANICZONĄ ODPOWIEDZIALNOŚCIĄ",,,,ACTIVE,16.10.Z:main
0000221641,"""BMD"" SPÓŁKA Z OGRANICZONĄ ODPOWIEDZIALNOŚCIĄ",,,,LIQUIDATION,16.10.Z:main
0000083035,"""BNA POLSKA"" SPÓŁKA Z OGRANICZONĄ ODPOWIEDZIALNOŚCIĄ",,,,LIQUIDATION,16.10.Z:main
0000202554,"""BOCHNERIS"" SPÓŁKA Z OGRANICZONĄ ODPOWIEDZIALNOŚCIĄ",,,,ACTIVE,16.10.Z:main
0000397528,"""BOCIEK MEBLE"" SPÓŁKA Z OGRANICZONĄ ODPOWIEDZIALNOŚCIĄ",,,,ACTIVE,16.10.Z:main
0000083235,"""BOGDAN SCHULZ"" SPÓŁKA Z OGRANICZONĄ ODPOWIEDZIALNOŚCIĄ",,,,ACTIVE,16.10.Z:main
0000129241,"""BOGENA"" SPÓŁKA Z OGRANICZONĄ ODPOWIEDZIALNOŚCIĄ",,,,LIQUIDATION,16.10.Z:main
0000150986,"""BOGRES"" SPÓŁKA Z OGRANICZONĄ ODPOWIEDZIALNOŚCIĄ",,,,ACTIVE,16.10.Z:main
0000030681,"""BOL-THERM"" SPÓŁKA Z OGRANICZONĄ ODPOWIEDZIALNOŚCIĄ",,,,ACTIVE,16.10.Z:main
0000325448,"""BOLSTER"" SPÓŁKA Z OGRANICZONĄ ODPOWIEDZIALNOŚCIĄ",,,,ACTIVE,16.10.Z:main
0000241185,"""BOMA"" SPÓŁKA Z OGRANICZONĄ ODPOWIEDZIALNOŚCIĄ",,,,LIQUIDATION,16.10.Z:main
0000175825,"""BOMABOL"" SPÓŁKA Z OGRANICZONĄ ODPOWIEDZIALNOŚCIĄ",,,,ACTIVE,16.10.Z:main
0000324406,"""BOMAR"" SPÓŁKA Z OGRANICZONĄ ODPOWIEDZIALNOŚCIĄ",,,,ACTIVE,16.10.Z:main
0000479135,"""BONIFRATRZY PARK I"" SPÓŁKA Z OGRANICZONĄ ODPOWIEDZIALNOŚCIĄ",,,,ACTIVE,16.10.Z:main
0000481018,"""BONIFRATRZY PARK I"" SPÓŁKA Z OGRANICZONĄ ODPOWIEDZIALNOŚCIĄ SPÓŁKA KOMANDYTOWA",,,,ACTIVE,16.10.Z:main
0000102192,"""BONITEX"" SPÓŁKA Z OGRANICZONĄ ODPOWIEDZIALNOŚCIĄ",,,,ACTIVE,16.10.Z:main
0000102192,"""BONITEX"" SPÓŁKA Z OGRANICZONĄ ODPOWIEDZIALNOŚCIĄ",,,,ACTIVE,16.10.Z:main
0000242548,"""BONKOWSKI"" - SPÓŁKA Z OGRANICZONĄ ODPOWIEDZIALNOŚCIĄ",,,,ACTIVE,16.10.Z:main
0000174857,"""BOOK HOUSE"" SPÓŁKA Z OGRANICZONĄ ODPOWIEDZIALNOŚCIĄ",,,,ACTIVE,16.10.Z:main
0000176682,"""BORKI"" SPÓŁKA Z OGRANICZONĄ ODPOWIEDZIALNOŚCIĄ",,,,ACTIVE,16.10.Z:main
0000522775,"""BORSEN"" SPÓŁKA Z OGRANICZONĄ ODPOWIEDZIALNOŚCIĄ",,,,LIQUIDATION,16.10.Z:main
0000222499,"""BOSMA ELECTRIC"" SPÓŁKA Z OGRANICZONĄ ODPOWIEDZIALNOŚCIĄ",,,,LIQUIDATION,16.10.Z:main
0000114972,"""BPL POLSKA"" SPÓŁKA Z OGRANICZONĄ ODPOWIEDZIALNOŚCIĄ",,,,ACTIVE,16.10.Z:main
0000445373,"""BPS LOGISTIC"" SPÓŁKA Z OGRANICZONĄ ODPOWIEDZIALNOŚCIĄ",,,,ACTIVE,16.10.Z:main
0000359388,"""BRAGRO"" SPÓŁKA Z OGRANICZONĄ ODPOWIEDZIALNOŚCIĄ",,,,ACTIVE,16.10.Z:main
0000143101,"""BRANDDEX"" SPÓŁKA Z OGRANICZONĄ ODPOWIEDZIALNOŚCIĄ",,,,ACTIVE,16.10.Z:main
0000257262,"""BRANIEWO LOGISTICS CENTRE"" SPÓŁKA Z OGRANICZONĄ ODPOWIEDZIALNOŚCIĄ",,,,LIQUIDATION,16.10.Z:main
0000146540,"""BRICOSTORE"" SPÓŁKA Z OGRANICZONĄ ODPOWIEDZIALNOŚCIĄ",,,,LIQUIDATION,16.10.Z:main
0000264129,"""BRIK"" SPÓŁKA Z OGRANICZONĄ ODPOWIEDZIALNOŚCIĄ",,,,ACTIVE,16.10.Z:main
0000096582,"""BRINKHAUS POLSKA"" SPÓŁKA Z OGRANICZONĄ ODPOWIEDZIALNOŚCIĄ",,,,ACTIVE,16.10.Z:main
0000096582,"""BRINKHAUS POLSKA"" SPÓŁKA Z OGRANICZONĄ ODPOWIEDZIALNOŚCIĄ",,,,ACTIVE,16.10.Z:main
0000179027,"""BRIX-POL"" SPÓŁKA Z OGRANICZONĄ ODPOWIEDZIALNOŚCIĄ",,,,ACTIVE,16.10.Z:main
0000179027,"""BRIX-POL"" SPÓŁKA Z OGRANICZONĄ ODPOWIEDZIALNOŚCIĄ",,,,ACTIVE,16.10.Z:main
0000415507,"""BRODAR"" SPÓŁKA Z OGRANICZONĄ ODPOWIEDZIALNOŚCIĄ",,,,ACTIVE,16.10.Z:main
0000344703,"""BROWAR NIECHANOWO"" SPÓŁKA Z OGRANICZONĄ ODPOWIEDZIALNOŚCIĄ",,,,ACTIVE,16.10.Z:main
0000362495,"""BRYKPOL"" SZUBA SPÓŁKA JAWNA",,,,ACTIVE,16.10.Z:main
0000334261,"""BSN"" SPÓŁKA Z OGRANICZONĄ ODPOWIEDZIALNOŚCIĄ",,,,LIQUIDATION,16.10.Z:main
0000415631,"""BT"" SPÓŁKA Z OGRANICZONĄ ODPOWIEDZIALNOŚCIĄ",,,,LIQUIDATION,16.10.Z:main
0000251822,"""BTT"" JAROSŁAW DENICKI, PRZEMYSŁAW TRÓLKA SPÓŁKA JAWNA",,,,ACTIVE,16.10.Z:main
0000099198,"""BUD - ROL - SUR"" SPÓŁKA Z OGRANICZONĄ ODPOWIEDZIALNOŚCIĄ",,,,LIQUIDATION,16.10.Z:main
0000320461,"""BUD-BET-WPRINŻ - SPÓŁKA Z OGRANICZONĄ ODPOWIEDZIALNOŚCIĄ""",,,,ACTIVE,16.10.Z:main
0000320461,"""BUD-BET-WPRINŻ - SPÓŁKA Z OGRANICZONĄ ODPOWIEDZIALNOŚCIĄ""",,,,ACTIVE,16.10.Z:main
0000323985,"""BUD-SYSTEM"" SPÓŁKA Z OGRANICZONĄ ODPOWIEDZIALNOŚCIĄ",,,,ACTIVE,16.10.Z:main
0000312202,"""BUDA"" SPÓŁKA Z OGRANICZONĄ ODPOWIEDZIALNOŚCIĄ",,,,ACTIVE,16.10.Z:main
0000088167,"""BUDET"" IWONA KOZIBĄK I GRZEGORZ KOZIBĄK SPÓŁKA JAWNA",,,,ACTIVE,16.10.Z:main
0000029672,"""BUDEX - SZYK"" R.PROKOP I SPÓŁKA - SPÓŁKA JAWNA",,,,ACTIVE,16.10.Z:main
0000247574,"""BUDEXTAN"" PRZEDSIĘBIORSTWO BUDOWLANE SPÓŁKA Z OGRANICZONĄ ODPOWIEDZIALNOŚCIĄ",,,,ACTIVE,16.10.Z:main
0000188766,"""BUDMACH"" SPÓŁKA Z OGRANICZONĄ ODPOWIEDZIALNOŚCIĄ",,,,ACTIVE,16.10.Z:main
0000323041,"""BUDMIX POLSKA SPÓŁKA Z OGRANICZONĄ ODPOWIEDZIALNOŚCIĄ""",,,,ACTIVE,16.10.Z:main
0000053160,"""BUDO-TRANS"" SPÓŁKA Z OGRANICZONĄ ODPOWIEDZIALNOŚCIĄ",,,,ACTIVE,16.10.Z:main
0000200329,"""BUDOPROJEKT"" SPÓŁKA Z OGRANICZONĄ ODPOWIEDZIALNOŚCIĄ",,,,ACTIVE,16.10.Z:main
0000307958,"""BUDOWLANKA"" SPÓŁKA Z OGRANICZONĄ ODPOWIEDZIALNOŚCIĄ",,,,ACTIVE,16.10.Z:main
0000258907,"""BUDOWNICTWO"" WIELOBRANŻOWA SPÓŁDZIELNIA SOCJALNA",,,,ACTIVE,16.10.Z:main
0000436459,"""BUDPOL II"" SPÓŁKA Z OGRANICZONĄ ODPOWIEDZIALNOŚCIĄ",,,,ACTIVE,16.10.Z:main
0000096023,"""BUDREW""-SPÓŁKA Z OGRANICZONĄ ODPOWIEDZIALNOŚCIĄ",,,,LIQUIDATION,16.10.Z:main
0000096023,"""BUDREW""-SPÓŁKA Z OGRANICZONĄ ODPOWIEDZIALNOŚCIĄ",,,,LIQUIDATION,16.10.Z:main
0000101771,"""BUDWEST"" SPÓŁKA Z OGRANICZONĄ ODPOWIEDZIALNOŚCIĄ",,,,LIQUIDATION,16.10.Z:main
0000080990,"""BUJALSKI"" SPÓŁKA Z OGRANICZONĄ ODPOWIEDZIALNOŚCIĄ",,,,ACTIVE,16.10.Z:main
0000133262,"""BUKOWIAŃSKIE TOWARZYSTWO GEOTERMALNE"" SPÓŁKA Z OGRANICZONĄ ODPOWIEDZIALNOŚCIĄ",,,,ACTIVE,16.10.Z:main
0000265693,"""BUMET - TARTAK KLĘPINA"" SPÓŁKA Z OGRANICZONĄ ODPOWIEDZIALNOŚCIĄ",,,,ACTIVE,16.10.Z:main
0000055023,"""BUSINESS INNOVATION PROJECTS"" SPÓŁKA Z OGRANICZONĄ ODPOWIEDZIALNOŚCIĄ",,,,ACTIVE,16.10.Z:main
0000371964,"""BYGG-PRO POLAND"" SPÓŁKA Z OGRANICZONĄ ODPOWIEDZIALNOŚCIĄ",,,,ACTIVE,16.10.Z:main
0000518442,"""BĄK"" SPÓŁKA Z OGRANICZONĄ ODPOWIEDZIALNOŚCIĄ",,,,ACTIVE,16.10.Z:main
0000335487,"""BĘDZIŃSCY"" SPÓŁKA Z OGRANICZONĄ ODPOWIEDZIALNOŚCIĄ",,,,ACTIVE,16.10.Z:main
0000381455,"""C I B"" CIECHANOWIECKIE PRZEDSIĘBIORSTWO PRZEMYSŁU DRZEWNEGO SPÓŁKA Z OGRANICZONĄ ODPOWIEDZIALNOŚCIĄ",,,,ACTIVE,16.10.Z:main
0000381455,"""C I B"" CIECHANOWIECKIE PRZEDSIĘBIORSTWO PRZEMYSŁU DRZEWNEGO SPÓŁKA Z OGRANICZONĄ ODPOWIEDZIALNOŚCIĄ",,,,ACTIVE,16.10.Z:main
0000363036,"""C. HARTWIG FINANSE"" SPÓŁKA Z OGRANICZONĄ ODPOWIEDZIALNOŚCIĄ",,,,ACTIVE,16.10.Z:main
0000530438,"""C.A.S.S."" SPÓŁKA Z OGRANICZONĄ ODPOWIEDZIALNOŚCIĄ",,,,ACTIVE,16.10.Z:main
0000451368,"""CAJO"" SPÓŁKA Z OGRANICZONĄ ODPOWIEDZIALNOŚCIĄ",,,,ACTIVE,16.10.Z:main
0000014147,"""CAR SPED"" SPÓŁKA Z OGRANICZONĄ ODPOWIEDZIALNOŚCIĄ",,,,ACTIVE,16.10.Z:main
0000048765,"""CARBO"" HOLDING SPÓŁKA Z OGRANICZONĄ ODPOWIEDZIALNOŚCIĄ",,,,ACTIVE,16.10.Z:main
0000250681,"""CARBON"" SPÓŁKA Z OGRANICZONĄ ODPOWIEDZIALNOŚCIĄ",,,,ACTIVE,16.10.Z:main
0000336728,"""CARMEN"" SPÓŁKA Z OGRANICZONĄ ODPOWIEDZIALNOŚCIĄ",,,,ACTIVE,16.10.Z:main
0000298061,"""CARO"" SPÓŁKA Z OGRANICZONĄ ODPOWIEDZIALNOŚCIĄ",,,,ACTIVE,16.10.Z:main
0000369625,"""CASTELI GROUP"" SPÓŁKA Z OGRANICZONĄ ODPOWIEDZIALNOŚCIĄ",,,,ACTIVE,16.10.Z:main
0000268397,"""CASUS"" SPÓŁKA Z OGRANICZONĄ ODPOWIEDZIALNOŚCIĄ",,,,ACTIVE,16.10.Z:main
0000211172,"""CEBUD"" PRZEDSIĘBIORSTWO INWESTYCYJNO-BUDOWLANE SPÓŁKA Z OGRANICZONĄ ODPOWIEDZIALNOŚCIĄ",,,,ACTIVE,16.10.Z:main
0000211172,"""CEBUD"" PRZEDSIĘBIORSTWO INWESTYCYJNO-BUDOWLANE SPÓŁKA Z OGRANICZONĄ ODPOWIEDZIALNOŚCIĄ",,,,ACTIVE,16.10.Z:main
0000394502,"""CEDRUS"" PAWEŁ JARZĘBOWSKI SPÓŁKA KOMANDYTOWA",,,,ACTIVE,16.10.Z:main
0000013699,"""CEGBUD"" SPÓŁKA JAWNA HENRYKA SOBALA, ELŻBIETA SOBALA",,,,ACTIVE,16.10.Z:main
0000077131,"""CEMA - C.TILE"" SPÓŁKA Z OGRANICZONĄ ODPOWIEDZIALNOŚCIĄ",,,,ACTIVE,16.10.Z:main
0000150198,"""CEMAT"" STEFAŃSKI CZESŁAW, STEFAŃSKI MACIEJ SPÓŁKA JAWNA",,,,ACTIVE,16.10.Z:main
0000177158,"""CEMPOL"" SPÓŁKA Z OGRANICZONĄ ODPOWIEDZIALNOŚCIĄ",,,,LIQUIDATION,16.10.Z:main
0000177158,"""CEMPOL"" SPÓŁKA Z OGRANICZONĄ ODPOWIEDZIALNOŚCIĄ",,,,LIQUIDATION,16.10.Z:main
0000289358,"""CENTRAL AND EASTERN EUROPE DISTRIBUTION CENTRE"" SPÓŁKA Z OGRANICZONĄ ODPOWIEDZIALNOŚCIĄ",,,,ACTIVE,16.10.Z:main
0000138966,"""CENTRUM BUDOWLANE MRĄGOWO"" SPÓŁKA Z OGRANICZONĄ ODPOWIEDZIALNOŚCIĄ",,,,ACTIVE,16.10.Z:main
0000138966,"""CENTRUM BUDOWLANE MRĄGOWO"" SPÓŁKA Z OGRANICZONĄ ODPOWIEDZIALNOŚCIĄ",,,,ACTIVE,16.10.Z:main
0000388235,"""CENTRUM BUDOWLANE PIÓRO SPÓŁKA Z OGRANICZONĄ ODPOWIEDZIALNOŚCIĄ""",,,,ACTIVE,16.10.Z:main
0000167156,"""CENTRUM DRZWI PRZESUWANYCH"" SPÓŁKA Z OGRANICZONĄ ODPOWIEDZIALNOŚCIĄ",,,,LIQUIDATION,16.10.Z:main
0000018423,"""CENTRUM DYSPOZYCJI MAZOWSZE"" SPÓŁKA Z OGRANICZONĄ ODPOWIEDZIALNOŚCIĄ",,,,ACTIVE,16.10.Z:main
0000018423,"""CENTRUM DYSPOZYCJI MAZOWSZE"" SPÓŁKA Z OGRANICZONĄ ODPOWIEDZIALNOŚCIĄ",,,,ACTIVE,16.10.Z:main
0000012170,"""CENTRUM DYSTRYBUCJI I OBRÓBKI DREWNA"" SPÓŁKA Z OGRANICZONĄ ODPOWIEDZIALNOŚCIĄ",,,,ACTIVE,16.10.Z:main
0000012170,"""CENTRUM DYSTRYBUCJI I OBRÓBKI DREWNA"" SPÓŁKA Z OGRANICZONĄ ODPOWIEDZIALNOŚCIĄ",,,,ACTIVE,16.10.Z:main
0000375425,"""CENTRUM KSZTAŁCENIA I ZARZĄDZANIA ATUT"" SPÓŁKA Z OGRANICZONĄ ODPOWIEDZIALNOŚCIĄ",,,,ACTIVE,16.10.Z:main
0000313423,"""CENTRUM REAL ESTATE LILIANA HOMMERSSOM I SPÓŁKA SPÓŁKA JAWNA""",,,,ACTIVE,16.10.Z:main
0000335083,"""CENTRUM SECURITY SYSTEM"" SPÓŁKA Z OGRANICZONĄ ODPOWIEDZIALNOŚCIĄ",,,,ACTIVE,16.10.Z:main
0000116328,"""CENTURION-R"" SPÓŁKA Z OGRANICZONĄ ODPOWIEDZIALNOŚCIĄ",,,,ACTIVE,16.10.Z:main
0000292089,"""CERDAR"" SPÓŁKA Z OGRANICZONĄ ODPOWIEDZIALNOŚCIĄ",,,,ACTIVE,16.10.Z:main
0000292089,"""CERDAR"" SPÓŁKA Z OGRANICZONĄ ODPOWIEDZIALNOŚCIĄ",,,,ACTIVE,16.10.Z:main
0000131504,"""CERES INTERNATIONAL"" SPÓŁKA Z OGRANICZONĄ ODPOWIEDZIALNOŚCIĄ",,,,ACTIVE,16.10.Z:main
0000075338,"""CERTUS"" SPÓŁKA Z OGRANICZONĄ ODPOWIEDZIALNOŚCIĄ",,,,ACTIVE,16.10.Z:main
0000154405,"""CESTOR"" SPÓŁKA Z OGRANICZONĄ ODPOWIEDZIALNOŚCIĄ",,,,ACTIVE,16.10.Z:main
0000416405,"""CFB MANUFAKTURA SPÓŁKA Z OGRANICZONĄ ODPOWIEDZIALNOŚCIĄ"" SPÓŁKA KOMANDYTOWO - AKCYJNA",,,,ACTIVE,16.10.Z:main
0000162853,"""CHABER"" - WYROBY Z DREWNA SPÓŁKA Z OGRANICZONĄ ODPOWIEDZIALNOŚCIĄ W ŻARACH",,,,ACTIVE,16.10.Z:main
0000162853,"""CHABER"" - WYROBY Z DREWNA SPÓŁKA Z OGRANICZONĄ ODPOWIEDZIALNOŚCIĄ W ŻARACH",,,,ACTIVE,16.10.Z:main
0000128837,"""CHEM-LINE"" SPÓŁKA Z OGRANICZONĄ ODPOWIEDZIALNOŚCIĄ",,,,ACTIVE,16.10.Z:main
0000330320,"""CHEMAT"" SPÓŁKA Z OGRANICZONĄ ODPOWIEDZIALNOŚCIĄ",,,,ACTIVE,16.10.Z:main
0000333962,"""CHRONOS PROJEKT"" SPÓŁKA Z OGRANICZONĄ ODPOWIEDZIALNOŚCIĄ",,,,ACTIVE,16.10.Z:main
0000129964,"""CHYLIŃSCY"" SPÓŁKA Z OGRANICZONĄ ODPOWIEDZIALNOŚCIĄ",,,,ACTIVE,16.10.Z:main
0000307505,"""CLASSEN FLOOR SYSTEMS"" - SPÓŁKA Z OGRANICZONĄ ODPOWIEDZIALNOŚCIĄ",,,,ACTIVE,16.10.Z:main
0000307505,"""CLASSEN FLOOR SYSTEMS"" - SPÓŁKA Z OGRANICZONĄ ODPOWIEDZIALNOŚCIĄ",,,,ACTIVE,16.10.Z:main
0000304660,"""CLEANERGY"" SPÓŁKA Z OGRANICZONĄ ODPOWIEDZIALNOŚCIĄ",,,,ACTIVE,16.10.Z:main
0000397840,"""CLIMADAG"" SPÓŁKA Z OGRANICZONĄ ODPOWIEDZIALNOŚCIĄ",,,,ACTIVE,16.10.Z:main
0000093791,"""COLINT"" SPÓŁKA Z OGRANICZONĄ ODPOWIEDZIALNOŚCIĄ",,,,ACTIVE,16.10.Z:main
0000176914,"""COLORI"" SPÓŁKA Z OGRANICZONĄ ODPOWIEDZIALNOŚCIĄ",,,,ACTIVE,16.10.Z:main
0000193503,"""COMBIS"" SPÓŁKA Z OGRANICZONĄ ODPOWIEDZIALNOŚCIĄ",,,,ACTIVE,16.10.Z:main
0000277297,"""COMPAR"" SPÓŁKA Z OGRANICZONĄ ODPOWIEDZIALNOŚCIĄ",,,,ACTIVE,16.10.Z:main
0000039649,"""COMTRANS"" SPÓŁKA Z OGRANICZONĄ ODPOWIEDZIALNOŚCIĄ",,,,ACTIVE,16.10.Z:main
0000178861,"""CONCEPT PRODUIT"" SPÓŁKA Z OGRANICZONĄ ODPOWIEDZIALNOŚCIĄ",,,,LIQUIDATION,16.10.Z:main
0000204870,"""CONEXX"" SPÓŁKA Z OGRANICZONĄ ODPOWIEDZIALNOŚCIĄ",,,,ACTIVE,16.10.Z:main
0000432718,"""CONNECT & EXPORTERS EUROPEAN BK"" SPÓŁKA Z OGRANICZONĄ ODPOWIEDZIALNOŚCIĄ",,,,ACTIVE,16.10.Z:main
0000174268,"""CONRAD"" SPÓŁKA Z OGRANICZONĄ ODPOWIEDZIALNOŚCIĄ",,,,ACTIVE,16.10.Z:main
0000387320,"""CONSIL POLSKA"" SPÓŁKA Z OGRANICZONĄ ODPOWIEDZIALNOŚCIĄ",,,,ACTIVE,16.10.Z:main
0000330905,"""CONSULTING & TRADE & BUSINESS"" SPÓŁKA Z OGRANICZONĄ ODPOWIEDZIALNOŚCIĄ",,,,ACTIVE,16.10.Z:main
0000123881,"""CONTRAIN"" SPÓŁKA Z OGRANICZONĄ ODPOWIEDZIALNOŚCIĄ",,,,ACTIVE,16.10.Z:main
0000397262,"""COPAC LOGISTICS"" SPÓŁKA Z OGRANICZONĄ ODPOWIEDZIALNOŚCIĄ",,,,ACTIVE,16.10.Z:main
0000397262,"""COPAC LOGISTICS"" SPÓŁKA Z OGRANICZONĄ ODPOWIEDZIALNOŚCIĄ",,,,ACTIVE,16.10.Z:main
0000151731,"""COPEX"" SPÓŁKA Z OGRANICZONĄ ODPOWIEDZIALNOŚCIĄ",,,,ACTIVE,16.10.Z:main
0000261625,"""CORONUS"" SPÓŁKA Z OGRANICZONĄ ODPOWIEDZIALNOŚCIĄ",,,,ACTIVE,16.10.Z:main
0000159714,"""COSMOPOL"" SPÓŁKA Z OGRANICZONĄ ODPOWIEDZIALNOŚCIĄ",,,,ACTIVE,16.10.Z:main
0000206314,"""COSMOS"" SPÓŁKA Z OGRANICZONĄ ODPOWIEDZIALNOŚCIĄ",,,,LIQUIDATION,16.10.Z:main
0000074442,"""COWAN MOBEL"" SPÓŁKA Z OGRANICZONĄ ODPOWIEDZIALNOŚCIĄ",,,,ACTIVE,16.10.Z:main
0000036559,"""CPN SERWIS ZACHÓD""",,,,ACTIVE,16.10.Z:main
0000332150,"""CREART"" SPÓŁKA Z OGRANICZONĄ ODPOWIEDZIALNOŚCIĄ",,,,ACTIVE,16.10.Z:main
0000119141,"""CREO"" SPÓŁKA Z OGRANICZONĄ ODPOWIEDZIALNOŚCIĄ",,,,ACTIVE,16.10.Z:main
0000346500,"""CRISTAL"" SPÓŁKA Z OGRANICZONĄ ODPOWIEDZIALNOŚCIĄ",,,,ACTIVE,16.10.Z:main
0000295726,"""CRYLOMAG"" SPÓŁKA Z OGRANICZONĄ ODPOWIEDZIALNOŚCIĄ",,,,ACTIVE,16.10.Z:main
0000295726,"""CRYLOMAG"" SPÓŁKA Z OGRANICZONĄ ODPOWIEDZIALNOŚCIĄ",,,,ACTIVE,16.10.Z:main
0000231335,"""CSB LUTOMIA"" SPÓŁKA Z OGRANICZONĄ ODPOWIEDZIALNOŚCIĄ",,,,LIQUIDATION,16.10.Z:main
0000423010,"""CSS RUSZTOWANIA"" SPÓŁKA Z OGRANICZONĄ ODPOWIEDZIALNOŚCIĄ",,,,ACTIVE,16.10.Z:main
0000423010,"""CSS RUSZTOWANIA"" SPÓŁKA Z OGRANICZONĄ ODPOWIEDZIALNOŚCIĄ",,,,ACTIVE,16.10.Z:main
0000486561,"""CUBEHOME"" SPÓŁKA Z OGRANICZONĄ ODPOWIEDZIALNOŚCIĄ",,,,ACTIVE,16.10.Z:main
0000229264,"""CUBINA"" MAREK LUDZIA, CZESŁAW ŚCISŁOWICZ SPÓŁKA JAWNA",,,,ACTIVE,16.10.Z:main
0000143863,"""D&M&D"" SPÓŁKA Z OGRANICZONĄ ODPOWIEDZIALNOŚCIĄ",,,,ACTIVE,16.10.Z:main
0000143863,"""D&M&D"" SPÓŁKA Z OGRANICZONĄ ODPOWIEDZIALNOŚCIĄ",,,,ACTIVE,16.10.Z:main
0000028052,"""DACHDEK"" SPÓŁKA Z OGRANICZONĄ ODPOWIEDZIALNOŚCIĄ",,,,ACTIVE,16.10.Z:main
0000153637,"""DAK HOLZ BIURO HANDLU ZAGRANICZNEGO"" SPÓŁKA Z OGRANICZONĄ ODPOWIEDZIALNOŚCIĄ",,,,ACTIVE,16.10.Z:main
0000153637,"""DAK HOLZ BIURO HANDLU ZAGRANICZNEGO"" SPÓŁKA Z OGRANICZONĄ ODPOWIEDZIALNOŚCIĄ",,,,ACTIVE,16.10.Z:main
0000107739,"""DAL-KON"" SPÓŁKA Z OGRANICZONĄ ODPOWIEDZIALNOŚCIĄ",,,,ACTIVE,16.10.Z:main
0000302135,"""DAMOR"" SPÓŁKA Z OGRANICZONĄ ODPOWIEDZIALNOŚCIĄ",,,,ACTIVE,16.10.Z:main
0000184945,"""DAN-BA"" SPÓŁKA Z OGRANICZONĄ ODPOWIEDZIALNOŚCIĄ",,,,ACTIVE,16.10.Z:main
0000231883,"""DANBUD"" SPÓŁKA Z OGRANICZONĄ ODPOWIEDZIALNOŚCIĄ",,,,LIQUIDATION,16.10.Z:main
0000128360,"""DANMAR"" SPÓŁKA Z OGRANICZONĄ ODPOWIEDZIALNOŚCIĄ",,,,ACTIVE,16.10.Z:main
0000162050,"""DANPOL"" SPÓŁKA JAWNA DARIUSZ I KAZIMIERZ SIKORSCY",,,,ACTIVE,16.10.Z:main
0000266882,"""DARJAN"" MATERIAŁY BUDOWLANE, BETONIARNIA SPÓŁKA Z OGRANICZONĄ ODPOWIEDZIALNOŚCIĄ",,,,ACTIVE,16.10.Z:main
0000353083,"""DARKAN"" SPÓŁKA Z OGRANICZONĄ ODPOWIEDZIALNOŚCIĄ",,,,ACTIVE,16.10.Z:main
0000400674,"""DAS TRADING"" SPÓŁKA Z OGRANICZONĄ ODPOWIEDZIALNOŚCIĄ",,,,LIQUIDATION,16.10.Z:main
0000400674,"""DAS TRADING"" SPÓŁKA Z OGRANICZONĄ ODPOWIEDZIALNOŚCIĄ",,,,LIQUIDATION,16.10.Z:main
0000302194,"""DAWIDCZYK STANISŁAW I KRZYSZTOF DAWIDCZYK SPÓŁKA JAWNA""",,,,ACTIVE,16.10.Z:main
0000194617,"""DAWIES INTERNATIONAL LTD"" SPÓŁKA Z OGRANICZONĄ ODPOWIEDZIALNOŚCIĄ",,,,LIQUIDATION,16.10.Z:main
0000149845,"""DB SPÓŁKA BUDOWLANA"" SPÓŁKA Z OGRANICZONĄ ODPOWIEDZIALNOŚCIĄ",,,,ACTIVE,16.10.Z:main
0000337898,"""DBP EKO"" SPÓŁKA Z OGRANICZONĄ ODPOWIEDZIALNOŚCIĄ",,,,ACTIVE,16.10.Z:main
0000242056,"""DCG POLSKA"" SPÓŁKA Z OGRANICZONĄ ODPOWIEDZIALNOŚCIĄ",,,,ACTIVE,16.10.Z:main
0000189625,"""DD-AGRO"" SPÓŁKA Z OGRANICZONĄ ODPOWIEDZIALNOŚCIĄ",,,,ACTIVE,16.10.Z:main
0000514380,"""DE ES"" SPÓŁKA Z OGRANICZONĄ ODPOWIEDZIALNOŚCIĄ",,,,ACTIVE,16.10.Z:main
0000285050,"""DECODACH"" KACZMAREK I LIS SPÓŁKA JAWNA",,,,ACTIVE,16.10.Z:main
0000081645,"""DECORATUM"" SPÓŁKA Z OGRANICZONĄ ODPOWIEDZIALNOŚCIĄ",,,,ACTIVE,16.10.Z:main
0000308518,"""DECORHOTEL"" SPÓŁKA Z OGRANICZONĄ ODPOWIEDZIALNOŚCIĄ",,,,ACTIVE,16.10.Z:main
0000090243,"""DEFLEKTOR"" ANNA ADAMSKA JANUSZ MĄCZEWSKI SPÓŁKA JAWNA",,,,ACTIVE,16.10.Z:main
0000080793,"""DEKO POLSKA"" SPÓŁKA Z OGRANICZONĄ ODPOWIEDZIALNOŚCIĄ",,,,ACTIVE,16.10.Z:main
0000255819,"""DELEOR"" SPÓŁKA Z OGRANICZONĄ ODPOWIEDZIALNOŚCIĄ",,,,ACTIVE,16.10.Z:main
0000255819,"""DELEOR"" SPÓŁKA Z OGRANICZONĄ ODPOWIEDZIALNOŚCIĄ",,,,ACTIVE,16.10.Z:main
0000495239,"""DELIDIN GROUP SPÓŁKA Z OGRANICZONĄ ODPOWIEDZIALNOŚCIĄ""",,,,ACTIVE,16.10.Z:main
0000124892,"""DELOS"" SPÓŁKA Z OGRANICZONĄ ODPOWIEDZIALNOŚCIĄ",,,,ACTIVE,16.10.Z:main
0000171925,"""DELTA COMPANY"" SPÓŁKA Z OGRANICZONĄ ODPOWIEDZIALNOŚCIĄ",,,,ACTIVE,16.10.Z:main
0000285761,"""DEMINAL"" SPÓŁKA Z OGRANICZONĄ ODPOWIEDZIALNOŚCIĄ",,,,ACTIVE,16.10.Z:main
0000287801,"""DEMIPOL"" SPÓŁKA Z OGRANICZONĄ ODPOWIEDZIALNOŚCIĄ",,,,ACTIVE,16.10.Z:main
0000273759,"""DEPOLIA"" SPÓŁKA Z OGRANICZONĄ ODPOWIEDZIALNOŚCIĄ",,,,ACTIVE,16.10.Z:main
0000273759,"""DEPOLIA"" SPÓŁKA Z OGRANICZONĄ ODPOWIEDZIALNOŚCIĄ",,,,ACTIVE,16.10.Z:main
0000141821,"""DEPORIUM INC."" SPÓŁKA Z OGRANICZONĄ ODPOWIEDZIALNOŚCIĄ",,,,ACTIVE,16.10.Z:main
0000082220,"""DETALIA"" SPÓŁKA Z OGRANICZONĄ ODPOWIEDZIALNOŚCIĄ",,,,ACTIVE,16.10.Z:main
0000242579,"""DEVELOPMENT PARTNERS"" SPÓŁKA Z OGRANICZONĄ ODPOWIEDZIALNOŚCIĄ",,,,ACTIVE,16.10.Z:main
0000397330,"""DHF"" SPÓŁKA Z OGRANICZONĄ ODPOWIEDZIALNOŚCIĄ",,,,ACTIVE,16.10.Z:main
0000246180,"""DIAM-POL"" TOMASZ PAŚKIEWICZ SPÓŁKA JAWNA",,,,ACTIVE,16.10.Z:main
0000271590,"""DIERRE POZNAŃ"" SPÓŁKA Z OGRANICZONĄ ODPOWIEDZIALNOŚCIĄ",,,,ACTIVE,16.10.Z:main
0000299159,"""DIG-NET"" LENART SPÓŁKA JAWNA",,,,ACTIVE,16.10.Z:main
0000299159,"""DIG-NET"" LENART SPÓŁKA JAWNA",,,,ACTIVE,16.10.Z:main
0000041837,"""DIGITAL MULTIMEDIA GROUP"" SPÓŁKA Z OGRANICZONĄ ODPOWIEDZIALNOŚCIĄ",,,,LIQUIDATION,16.10.Z:main
0000284009,"""DIMAKT"" SPÓŁKA Z OGRANICZONĄ ODPOWIEDZIALNOŚCIĄ",,,,ACTIVE,16.10.Z:main
0000324602,"""DIN CHEMICALS"" SPÓŁKA JAWNA SŁAWOMIR STAJERSKI, MAREK BUCZAK",,,,ACTIVE,16.10.Z:main
0000314603,"""DINX"" L. MISZTELA SPÓŁKA JAWNA",,,,ACTIVE,16.10.Z:main
0000330062,"""DIO"" LANDSCAPING & DECORATIONS POLAND SPÓŁKA Z OGRANICZONĄ ODPOWIEDZIALNOŚCIĄ",,,,ACTIVE,16.10.Z:main
0000096551,"""DIRECT"" SPÓŁKA Z OGRANICZONĄ ODPOWIEDZIALNOŚCIĄ",,,,ACTIVE,16.10.Z:main
0000267228,"""DK SPÓŁKA Z OGRANICZONĄ ODPOWIEDZIALNOŚCIĄ""",,,,ACTIVE,16.10.Z:main
0000029478,"""DLH DREWNO"" SPÓŁKA Z OGRANICZONĄ ODPOWIEDZIALNOŚCIĄ",,,,ACTIVE,16.10.Z:main
0000029478,"""DLH DREWNO"" SPÓŁKA Z OGRANICZONĄ ODPOWIEDZIALNOŚCIĄ",,,,ACTIVE,16.10.Z:main
0000029478,"""DLH DREWNO"" SPÓŁKA Z OGRANICZONĄ ODPOWIEDZIALNOŚCIĄ",,,,ACTIVE,16.10.Z:main
0000227259,"""DMD-BIS"" SPÓŁKA Z OGRANICZONĄ ODPOWIEDZIALNOŚCIĄ",,,,ACTIVE,16.10.Z:main
0000227259,"""DMD-BIS"" SPÓŁKA Z OGRANICZONĄ ODPOWIEDZIALNOŚCIĄ",,,,ACTIVE,16.10.Z:main
0000151957,"""DOLMAK"" SPÓŁKA Z OGRANICZONĄ ODPOWIEDZIALNOŚCIĄ",,,,ACTIVE,16.10.Z:main
0000131645,"""DOLZAMET-ERGOLABUS"" SPÓŁKA Z OGRANICZONĄ ODPOWIEDZIALNOŚCIĄ",,,,ACTIVE,16.10.Z:main
0000340404,"""DOM - DMB"" SPÓŁKA Z OGRANICZONĄ ODPOWIEDZIALNOŚCIĄ",,,,ACTIVE,16.10.Z:main
0000299542,"""DOM I OGRÓD MARTA"" SPÓŁKA Z OGRANICZONĄ ODPOWIEDZIALNOŚCIĄ",,,,LIQUIDATION,16.10.Z:main
0000299542,"""DOM I OGRÓD MARTA"" SPÓŁKA Z OGRANICZONĄ ODPOWIEDZIALNOŚCIĄ",,,,LIQUIDATION,16.10.Z:main
0000299542,"""DOM I OGRÓD MARTA"" SPÓŁKA Z OGRANICZONĄ ODPOWIEDZIALNOŚCIĄ",,,,LIQUIDATION,16.10.Z:main
0000299542,"""DOM I OGRÓD MARTA"" SPÓŁKA Z OGRANICZONĄ ODPOWIEDZIALNOŚCIĄ",,,,LIQUIDATION,16.10.Z:main
0000256420,"""DOM SNOOKERA"" SPÓŁKA Z OGRANICZONĄ ODPOWIEDZIALNOŚCIĄ",,,,ACTIVE,16.10.Z:main
0000286275,"""DOM WROCŁAWSKI"" SPÓŁKA Z OGRANICZONĄ ODPOWIEDZIALNOŚCIĄ",,,,ACTIVE,16.10.Z:main
0000321536,"""DOM-BUDUS"" SPÓŁKA Z OGRANICZONĄ ODPOWIEDZIALNOŚCIĄ",,,,ACTIVE,16.10.Z:main
0000322273,"""DOM-BUDUS"" SPÓŁKA Z OGRANICZONĄ ODPOWIEDZIALNOŚCIĄ SPÓŁKA KOMANDYTOWA",,,,ACTIVE,16.10.Z:main
0000242792,"""DOM-INO"" GLUC SPÓŁKA JAWNA",,,,ACTIVE,16.10.Z:main
0000413637,"""DOMEX I"" SPÓŁKA Z OGRANICZONĄ ODPOWIEDZIALNOŚCIĄ",,,,ACTIVE,16.10.Z:main
0000226442,"""DOMEX OKNA I DRZWI SPÓŁKA Z OGRANICZONĄ ODPOWIEDZIALNOŚCIĄ I WSPÓLNIK - SPÓŁKA KOMANDYTOWA""",,,,ACTIVE,16.10.Z:main
0000118852,"""DOMEX"" SPÓŁKA Z OGRANICZONĄ ODPOWIEDZIALNOŚCIĄ",,,,ACTIVE,16.10.Z:main
0000046123,"""DOMIK"" - SPÓŁKA Z OGRANICZONĄ ODPOWIEDZIALNOŚCIĄ",,,,ACTIVE,16.10.Z:main
0000155472,"""DOMKO"" PRZEDSIĘBIORSTWO PRODUKCYJNO USŁUGOWO -HANDLOWE SPÓŁKA Z OGRANICZONĄ ODPOWIEDZIALNOŚCIĄ",,,,LIQUIDATION,16.10.Z:main
0000041618,"""DOMPOL""
SPÓŁKA Z OGRANICZONĄ ODPOWIEDZIALNOŚCIĄ",,,,ACTIVE,16.10.Z:main
0000264885,"""DOMRES"" SPÓŁKA Z OGRANICZONĄ ODPOWIEDZIALNOŚCIĄ",,,,ACTIVE,16.10.Z:main
0000310402,"""DOMY RODZINNE"" SPÓŁKA Z OGRANICZONĄ ODPOWIEDZIALNOŚCIĄ",,,,ACTIVE,16.10.Z:main
0000096161,"""DOORS E.R.J. KUBIAK SPÓŁKA JAWNA""",,,,ACTIVE,16.10.Z:main
0000012383,"""DORBUD-PRODUKCJA"" SPÓŁKA Z OGRANICZONĄ ODPOWIEDZIALNOŚCIĄ",,,,ACTIVE,16.10.Z:main
0000395719,"""DORCOO POLSKA"" SPÓŁKA Z OGRANICZONĄ ODPOWIEDZIALNOŚCIĄ",,,,ACTIVE,16.10.Z:main
0000195548,"""DOSBUD"" SPÓŁKA Z OGRANICZONĄ ODPOWIEDZIALNOŚCIĄ",,,,ACTIVE,16.10.Z:main
0000441146,"""DPK SOLAR ROBERT DŁUGOZIMA"" SPÓŁKA KOMANDYTOWA",,,,LIQUIDATION,16.10.Z:main
0000343186,"""DPM METALLBAU"" SPÓŁKA Z OGRANICZONĄ ODPOWIEDZIALNOŚCIĄ",,,,ACTIVE,16.10.Z:main
0000315017,"""DPS GABIONEN"" SPÓŁKA Z OGRANICZONĄ ODPOWIEDZIALNOŚCIĄ",,,,ACTIVE,16.10.Z:main
0000184552,"""DR KIM"" SPÓŁKA Z OGRANICZONĄ ODPOWIEDZIALNOŚCIĄ",,,,ACTIVE,16.10.Z:main
0000236938,"""DRAGMAR"" JAKUBSKI, MICHALKIEWICZ SPÓŁKA KOMANDYTOWA",,,,ACTIVE,16.10.Z:main
0000228781,"""DRAHT-KREBS"" PRZEDSIĘBIORSTWO HANDLOWO-USŁUGOWO-PRODUKCYJNE SPÓŁKA Z OGRANICZONĄ ODPOWIEDZIALNOŚCIĄ",,,,ACTIVE,16.10.Z:main
0000090260,"""DRAMERS"" SPÓŁKA AKCYJNA",,,,ACTIVE,16.10.Z:main
0000075036,"""DRAVAN"" SPÓŁKA Z OGRANICZONĄ ODPOWIEDZIALNOŚCIĄ",,,,ACTIVE,16.10.Z:main
0000043762,"""DREHABUD"" KRUSZLIŃSKA, HINC SPÓŁKA JAWNA",,,,ACTIVE,16.10.Z:main
0000043762,"""DREHABUD"" KRUSZLIŃSKA, HINC SPÓŁKA JAWNA",,,,ACTIVE,16.10.Z:main
0000144710,"""DREMI"" SPÓŁKA Z OGRANICZONĄ ODPOWIEDZIALNOŚCIĄ",,,,LIQUIDATION,16.10.Z:main
0000387062,"""DREMIX"" SPÓŁKA Z OGRANICZONĄ ODPOWIEDZIALNOŚCIĄ",,,,ACTIVE,16.10.Z:main
0000065800,"""DRENO"" PRODUKCJA WYROBÓW Z DREWNA EUGENIUSZ DZIURNY,CZESŁAW NOWAK, SPÓŁKA JAWNA",,,,ACTIVE,16.10.Z:main
0000065800,"""DRENO"" PRODUKCJA WYROBÓW Z DREWNA EUGENIUSZ DZIURNY,CZESŁAW NOWAK, SPÓŁKA JAWNA",,,,ACTIVE,16.10.Z:main
0000717783,"""DREW - TRANS"" SPÓŁKA Z OGRANICZONĄ ODPOWIEDZIALNOŚCIĄ SPÓŁKA KOMANDYTOWA",,,,ACTIVE,16.10.Z:main
0000871572,"""DREW BUD SERWIS"" SPÓŁKA Z OGRANICZONĄ ODPOWIEDZIALNOŚCIĄ",,,,ACTIVE,16.10.Z:main
0000070083,"""DREW-BOX KACZMAREK"" SPÓŁKA JAWNA",,,,ACTIVE,16.10.Z:main
0000631952,"""DREW-BUD"" SPÓŁKA JAWNA ANNA MARCZAK ZAJĄC I ANNA ZWIERZYŃSKA Z SIEDZIBĄ W DĄBIU",,,,ACTIVE,16.10.Z:main
0000536647,"""DREW-GÓR DRZWI"" SPÓŁKA Z OGRANICZONĄ ODPOWIEDZIALNOŚCIĄ",,,,ACTIVE,16.10.Z:main
0000139215,"""DREW-LAS"" - SPÓŁKA Z OGRANICZONĄ ODPOWIEDZIALNOŚCIĄ",,,,ACTIVE,16.10.Z:main
0000139215,"""DREW-LAS"" - SPÓŁKA Z OGRANICZONĄ ODPOWIEDZIALNOŚCIĄ",,,,ACTIVE,16.10.Z:main
0000313246,"""DREW-PLAST"" SPÓŁKA Z OGRANICZONĄ ODPOWIEDZIALNOŚCIĄ",,,,ACTIVE,16.10.Z:main
0000282635,"""DREW-TRADING"" SPÓŁKA Z OGRANICZONĄ ODPOWIEDZIALNOŚCIĄ",,,,ACTIVE,16.10.Z:main
0000282635,"""DREW-TRADING"" SPÓŁKA Z OGRANICZONĄ ODPOWIEDZIALNOŚCIĄ",,,,ACTIVE,16.10.Z:main
0000698806,"""DREW-TRANS"" SPÓŁKA Z OGRANICZONĄ ODPOWIEDZIALNOŚCIĄ",,,,ACTIVE,16.10.Z:main
0000251458,"""DREWBUD"" SPÓŁKA Z OGRANICZONĄ ODPOWIEDZIALNOŚCIĄ",,,,ACTIVE,16.10.Z:main
0000269163,"""DREWEKO"" SPÓŁKA Z OGRANICZONĄ ODPOWIEDZIALNOŚCIĄ",,,,ACTIVE,16.10.Z:main
0000269163,"""DREWEKO"" SPÓŁKA Z OGRANICZONĄ ODPOWIEDZIALNOŚCIĄ",,,,ACTIVE,16.10.Z:main
0000269163,"""DREWEKO"" SPÓŁKA Z OGRANICZONĄ ODPOWIEDZIALNOŚCIĄ",,,,ACTIVE,16.10.Z:main
0000044173,"""DREWEXIM"" SPÓŁKA Z OGRANICZONĄ ODPOWIEDZIALNOŚCIĄ",,,,LIQUIDATION,16.10.Z:main
0000044173,"""DREWEXIM"" SPÓŁKA Z OGRANICZONĄ ODPOWIEDZIALNOŚCIĄ",,,,LIQUIDATION,16.10.Z:main
0000085509,"""DREWEXPOL"" SPÓŁKA Z OGRANICZONĄ ODPOWIEDZIALNOŚCIĄ",,,,ACTIVE,16.10.Z:main
0000085509,"""DREWEXPOL"" SPÓŁKA Z OGRANICZONĄ ODPOWIEDZIALNOŚCIĄ",,,,ACTIVE,16.10.Z:main
0000085949,"""DREWGÓR"" SPÓŁKA Z OGRANICZONĄ ODPOWIEDZIALNOŚCIĄ",,,,LIQUIDATION,16.10.Z:main
0000303208,"""DREWKOM"" JOANNA DOMAGAŁA I MAREK DALECKI SPÓŁKA JAWNA",,,,ACTIVE,16.10.Z:main
0000323099,"""DREWLUX"" SPÓŁKA Z OGRANICZONĄ ODPOWIEDZIALNOŚCIĄ",,,,ACTIVE,16.10.Z:main
0000089800,"""DREWMAK"" A. I K. WIEWIÓRKOWSCY SPÓŁKA JAWNA",,,,ACTIVE,16.10.Z:main
0000076681,"""DREWMARCO"" SPÓŁKA JAWNA MARCINIAK - BIELIŃSKI - SAKOWICZ",,,,ACTIVE,16.10.Z:main
0000994175,"""DREWMOT"" SPÓŁKA Z OGRANICZONĄ ODPOWIEDZALNOŚCIĄ",,,,ACTIVE,16.10.Z:main
0000278749,"""DREWNIAK"" SPÓŁKA Z OGRANICZONĄ ODPOWIEDZIALNOŚCIĄ",,,,ACTIVE,16.10.Z:main
0000182566,"""DREWNO - JAROCIN"" SPÓŁKA Z OGRANICZONĄ ODPOWIEDZIALNOŚCIĄ",,,,ACTIVE,16.10.Z:main
0000187488,"""DREWNO HURT-DETAL"" SPÓŁKA Z OGRANICZONĄ ODPOWIEDZIALNOŚCIĄ",,,,ACTIVE,16.10.Z:main
0000108576,"""DREWNO PLUS M.NOWOCIEŃ I R.SOKOŁOWSKI SPÓŁKA JAWNA""",,,,ACTIVE,16.10.Z:main
0000123516,"""DREWNO-LUX"" - WSZYSTKO Z DREWNA I DO DREWNA, USŁUGI STOLARSKIE - BEATA NOWAKOWSKA, MARCIN NOWAKOWSKI. SPÓŁKA JAWNA",,,,ACTIVE,16.10.Z:main
0000440765,"""DREWNOLAND"" DANUTA TEMPKA I WSPÓLNICY SPÓŁKA JAWNA",,,,ACTIVE,16.10.Z:main
0000440765,"""DREWNOLAND"" DANUTA TEMPKA I WSPÓLNICY SPÓŁKA JAWNA",,,,ACTIVE,16.10.Z:main
0000226222,"""DREWNOSTYL"" SPÓŁKA Z OGRANICZONĄ ODPOWIEDZIALNOŚCIĄ",,,,ACTIVE,16.10.Z:main
0000226222,"""DREWNOSTYL"" SPÓŁKA Z OGRANICZONĄ ODPOWIEDZIALNOŚCIĄ",,,,ACTIVE,16.10.Z:main
0000911839,"""DREWPAK"" SPÓŁKA Z OGRANICZONĄ ODPOWIEDZIALNOŚCIĄ",,,,ACTIVE,16.10.Z:main
0000305147,"""DREWPOL"" SPÓŁKA JAWNA STANISŁAW I ALICJA PĘKALA",,,,ACTIVE,16.10.Z:main
0000171145,"""DREWPOL"" SPÓŁKA Z OGRANICZONĄ ODPOWIEDZIALNOŚCIĄ",,,,ACTIVE,16.10.Z:main
0000153933,"""DREWTAR"" SPÓŁKA Z OGRANICZONĄ ODPOWIEDZIALNOŚCIĄ",,,,ACTIVE,16.10.Z:main
0000372292,"""DREWTUR"" L.T.M. GREBER SPÓŁKA JAWNA",,,,ACTIVE,16.10.Z:main
0000372292,"""DREWTUR"" L.T.M. GREBER SPÓŁKA JAWNA",,,,ACTIVE,16.10.Z:main
0000093405,"""DREWUP"" SPÓŁKA Z OGRANICZONĄ ODPOWIEDZIALNOŚCIĄ",,,,ACTIVE,16.10.Z:main
0000377093,"""DREWUTNIA - POZYSKIWANIE DREWNA"" SPÓŁKA Z OGRANICZONĄ ODPOWIEDZIALNOŚCIĄ",,,,ACTIVE,16.10.Z:main
0000190002,"""DRIED FLOWERS"" EXPORT - IMPORT - PRODUKCJA SPÓŁKA Z OGRANICZONĄ ODPOWIEDZIALNOŚCIĄ",,,,LIQUIDATION,16.10.Z:main
0000190002,"""DRIED FLOWERS"" EXPORT - IMPORT - PRODUKCJA SPÓŁKA Z OGRANICZONĄ ODPOWIEDZIALNOŚCIĄ",,,,LIQUIDATION,16.10.Z:main
0000648359,"""DROGSOL"" SPÓŁKA Z OGRANICZONĄ ODPOWIEDZIALNOŚCIĄ",,,,ACTIVE,16.10.Z:main
0000197715,"""DROMACH"" SPÓŁKA Z OGRANICZONĄ ODPOWIEDZIALNOŚCIĄ",,,,ACTIVE,16.10.Z:main
0000444468,"""DRUGIE PIĘTRO"" NIERUCHOMOŚCI SPÓŁKA Z OGRANICZONĄ ODPOWIEDZIALNOŚCIĄ",,,,ACTIVE,16.10.Z:main
0000097666,"""DRWAL"" SPÓŁKA Z OGRANICZONĄ ODPOWIEDZIALNOŚCIĄ",,,,ACTIVE,16.10.Z:main
0000399497,"""DRZWI"" SPÓŁKA Z OGRANICZONĄ ODPOWIEDZIALNOŚCIĄ",,,,ACTIVE,16.10.Z:main
0000327461,"""DSM CONTRACT"" SPÓŁKA Z OGRANICZONĄ ODPOWIEDZIALNOŚCIĄ",,,,ACTIVE,16.10.Z:main
0000038039,"""DSS RECYKLING"" SPÓŁKA Z OGRANICZONĄ ODPOWIEDZIALNOŚCIĄ",,,,ACTIVE,16.10.Z:main
0000226767,"""DUCHNICKA 3"" SPÓŁKA Z OGRANICZONĄ ODPOWIEDZIALNOŚCIĄ",,,,ACTIVE,16.10.Z:main
0000301001,"""DUDA"" SPÓŁKA Z OGRANICZONĄ ODPOWIEDZIALNOŚCIĄ",,,,ACTIVE,16.10.Z:main
0000301001,"""DUDA"" SPÓŁKA Z OGRANICZONĄ ODPOWIEDZIALNOŚCIĄ",,,,ACTIVE,16.10.Z:main
0000302279,"""DUET"" SPÓŁKA Z OGRANICZONĄ ODPOWIEDZIALNOŚCIĄ",,,,ACTIVE,16.10.Z:main
0000323857,"""DW-6"" SPÓŁKA Z OGRANICZONĄ ODPOWIEDZIALNOŚCIĄ",,,,ACTIVE,16.10.Z:main
0000503195,"""DWG STANISŁAW GRABOWSKI SPÓŁKA JAWNA""",,,,ACTIVE,16.10.Z:main
0000373461,"""DWUDZIESTKA SIÓDEMKA"" SPÓŁKA Z OGRANICZONĄ ODPOWIEDZIALNOŚCIĄ",,,,ACTIVE,16.10.Z:main
0000338130,"""DWÓR DĄBRÓWKA MAŁA"" ULRICH SCHLÖSSER SPÓŁKA KOMANDYTOWA",,,,ACTIVE,16.10.Z:main
0000526940,"""DWÓR ZAWISZY"" SPÓŁKA Z OGRANICZONĄ ODPOWIEDZIALNOŚCIĄ",,,,ACTIVE,16.10.Z:main
0000207713,"""DYPLOMAT"" SPÓŁKA Z OGRANICZONĄ ODPOWIEDZIALNOŚCIĄ",,,,ACTIVE,16.10.Z:main
0000397730,"""DYSTRYBUCJA LISZEWSKI, RUTKIEWICZ SPÓŁKA Z OGRANICZONĄ ODPOWIEDZIALNOŚCIĄ""",,,,ACTIVE,16.10.Z:main
0000099034,"""DZIEDZIC"" SPÓŁKA Z OGRANICZONĄ ODPOWIEDZIALNOŚCIĄ",,,,LIQUIDATION,16.10.Z:main
0000579780,"""DZIEWANNA - FUNDACJA DOSTĘPNEJ PRZYRODY""",,,,LIQUIDATION,16.10.Z:main
0000338288,"""E-LINES"" SPÓŁKA Z OGRANICZONĄ ODPOWIEDZIALNOŚCIĄ",,,,ACTIVE,16.10.Z:main
0000338288,"""E-LINES"" SPÓŁKA Z OGRANICZONĄ ODPOWIEDZIALNOŚCIĄ",,,,ACTIVE,16.10.Z:main
0000081252,"""E.K.O.-PŁYTA"" SPÓŁKA Z OGRANICZONĄ ODPOWIEDZIALNOŚCIĄ",,,,ACTIVE,16.10.Z:main
0000343212,"""ECO FLEUR POLSKA"" SPÓŁKA Z OGRANICZONĄ ODPOWIEDZIALNOŚCIĄ",,,,ACTIVE,16.10.Z:main
0000373854,"""ECO SUBURBIA"" SPÓŁKA Z OGRANICZONĄ ODPOWIEDZIALNOŚCIĄ",,,,ACTIVE,16.10.Z:main
0000429257,"""ECO-ENERGIA"" SPÓŁKA Z OGRANICZONĄ ODPOWIEDZIALNOŚCIĄ",,,,ACTIVE,16.10.Z:main
0000146129,"""ECO-PROGRES"" SPÓŁKA Z OGRANICZONĄ ODPOWIEDZIALNOŚCIĄ",,,,ACTIVE,16.10.Z:main
0000146129,"""ECO-PROGRES"" SPÓŁKA Z OGRANICZONĄ ODPOWIEDZIALNOŚCIĄ",,,,ACTIVE,16.10.Z:main
0000175666,"""ECO-RECYCLING"" SPÓŁKA Z OGRANICZONĄ ODPOWIEDZIALNOŚCIĄ",,,,ACTIVE,16.10.Z:main
0000309220,"""ECOJURA"" SPÓŁKA Z OGRANICZONĄ ODPOWIEDZIALNOŚCIĄ",,,,ACTIVE,16.10.Z:main
0000293219,"""ECOMED"" SPÓŁKA Z OGRANICZONĄ ODPOWIEDZIALNOŚCIĄ",,,,ACTIVE,16.10.Z:main
0000133980,"""ED-CAR"" SPÓŁKA Z OGRANICZONĄ ODPOWIEDZIALNOŚCIĄ",,,,ACTIVE,16.10.Z:main
0000318891,"""EDBUDEX"" SPÓŁKA Z OGRANICZONĄ ODPOWIEDZIALNOŚCIĄ",,,,ACTIVE,16.10.Z:main
0000192546,"""EDEM"" - SPÓŁKA Z OGRANICZONĄ ODPOWIEDZIALNOŚCIĄ",,,,ACTIVE,16.10.Z:main
0000388074,"""EDG"" SPÓŁKA Z OGRANICZONĄ ODPOWIEDZIALNOŚCIĄ SPÓŁKA KOMANDYTOWA",,,,ACTIVE,16.10.Z:main
0000300664,"""EDICOM"" SPÓŁKA Z OGRANICZONĄ ODPOWIEDZIALNOŚCIĄ",,,,ACTIVE,16.10.Z:main
0000254816,"""EDMO"" SPÓŁKA Z OGRANICZONĄ ODPOWIEDZIALNOŚCIĄ",,,,ACTIVE,16.10.Z:main
0000390363,"""EFECT"" SPÓŁKA Z OGRANICZONĄ ODPOWIEDZIALNOŚCIĄ",,,,ACTIVE,16.10.Z:main
0000390363,"""EFECT"" SPÓŁKA Z OGRANICZONĄ ODPOWIEDZIALNOŚCIĄ",,,,ACTIVE,16.10.Z:main
0000374450,"""EFFI"" SPÓŁKA Z OGRANICZONĄ ODPOWIEDZIALNOŚCIĄ",,,,ACTIVE,16.10.Z:main
0000135767,"""EGG AGENCJA REKLAMOWA"" SPÓŁKA Z OGRANICZONĄ ODPOWIEDZIALNOŚCIĄ",,,,LIQUIDATION,16.10.Z:main
0000262648,"""EKO - BIOMASA"" SPÓŁKA Z OGRANICZONĄ ODPOWIEDZIALNOŚCIĄ",,,,ACTIVE,16.10.Z:main
0000262648,"""EKO - BIOMASA"" SPÓŁKA Z OGRANICZONĄ ODPOWIEDZIALNOŚCIĄ",,,,ACTIVE,16.10.Z:main
0000393106,"""EKO BUDMEX"" SPÓŁKA Z OGRANICZONĄ ODPOWIEDZIALNOŚCIĄ Z SIEDZIBĄ W WARSZAWIE",,,,ACTIVE,16.10.Z:main
0000438308,"""EKO HARPOON - INVEST"" SPÓŁKA Z OGRANICZONĄ ODPOWIEDZIALNOŚCIĄ",,,,ACTIVE,16.10.Z:main
0000312573,"""EKO HARPOON INWESTYCJE"" SPÓŁKA Z OGRANICZONĄ ODPOWIEDZIALNOŚCIĄ",,,,ACTIVE,16.10.Z:main
0000232625,"""EKO KŁOS"" SPÓŁKA Z OGRANICZONĄ ODPOWIEDZIALNOŚCIĄ",,,,ACTIVE,16.10.Z:main
0000580429,"""EKO LEAN"" SPÓŁKA Z OGRANICZONĄ ODPOWIEDZIALNOŚCIĄ",,,,LIQUIDATION,16.10.Z:main
0000250671,"""EKO PLUS"" SPÓŁKA Z OGRANICZONĄ ODPOWIEDZIALNOŚCIĄ",,,,ACTIVE,16.10.Z:main
0000126874,"""EKO-BESTAR"" SPÓŁKA Z OGRANICZONĄ ODPOWIEDZIALNOŚCIĄ",,,,ACTIVE,16.10.Z:main
0000362526,"""EKO-BIOMART"" SPÓŁKA Z OGRANICZONĄ ODPOWIEDZIALNOŚCIĄ",,,,ACTIVE,16.10.Z:main
0000362526,"""EKO-BIOMART"" SPÓŁKA Z OGRANICZONĄ ODPOWIEDZIALNOŚCIĄ",,,,ACTIVE,16.10.Z:main
0000192694,"""EKO-DOM"" W PROSTKACH SPÓŁKA Z OGRANICZONĄ ODPOWIEDZIALNOŚCIĄ",,,,ACTIVE,16.10.Z:main
0000144908,"""EKO-EKSPERT"" SPÓŁKA Z OGRANICZONĄ ODPOWIEDZIALNOŚCIĄ",,,,ACTIVE,16.10.Z:main
0000144908,"""EKO-EKSPERT"" SPÓŁKA Z OGRANICZONĄ ODPOWIEDZIALNOŚCIĄ",,,,ACTIVE,16.10.Z:main
0000361498,"""EKO-ELSTAR"" SPÓŁKA Z OGRANICZONĄ ODPOWIEDZIALNOŚCIĄ",,,,ACTIVE,16.10.Z:main
0000311140,"""EKO-HIT"" SPÓŁKA Z OGRANICZONĄ ODPOWIEDZIALNOŚCIĄ",,,,ACTIVE,16.10.Z:main
0000430064,"""EKO-KARBON"" SPÓŁKA Z OGRANICZONĄ ODPOWIEDZIALNOŚCIĄ",,,,ACTIVE,16.10.Z:main
0000477285,"""EKO-PROGRESS"" SPÓŁKA Z OGRANICZONĄ ODPOWIEDZIALNOŚCIĄ",,,,ACTIVE,16.10.Z:main
0000312414,"""EKO-ROL"" SPÓŁKA Z OGRANICZONĄ ODPOWIEDZIALNOŚCIĄ",,,,ACTIVE,16.10.Z:main
0000198219,"""EKO-STYL"" SPÓŁKA Z OGRANICZONĄ ODPOWIEDZIALNOŚCIĄ",,,,ACTIVE,16.10.Z:main
0000172184,"""EKO-TANK"" SPÓŁKA Z OGRANICZONĄ ODPOWIEDZIALNOŚCIĄ",,,,ACTIVE,16.10.Z:main
0000172184,"""EKO-TANK"" SPÓŁKA Z OGRANICZONĄ ODPOWIEDZIALNOŚCIĄ",,,,ACTIVE,16.10.Z:main
0000276440,"""EKO-TRAK"" A. PAŚNIK, L. LISOWSKI SPÓŁKA JAWNA",,,,LIQUIDATION,16.10.Z:main
0000374245,"""EKOENERGO"" SPÓŁKA Z OGRANICZONĄ ODPOWIEDZIALNOŚCIĄ",,,,ACTIVE,16.10.Z:main
0000374245,"""EKOENERGO"" SPÓŁKA Z OGRANICZONĄ ODPOWIEDZIALNOŚCIĄ",,,,ACTIVE,16.10.Z:main
0000332917,"""EKOGAZ"" SPÓŁKA Z OGRANICZONĄ ODPOWIEDZIALNOŚCIĄ",,,,ACTIVE,16.10.Z:main
0000431614,"""EKOGLOB SPÓŁKA Z OGRANICZONĄ ODPOWIEDZIALNOŚCIĄ""",,,,ACTIVE,16.10.Z:main
0000158732,"""EKOLEX"" SPÓŁKA Z OGRANICZONĄ ODPOWIEDZIALNOŚCIĄ",,,,ACTIVE,16.10.Z:main
0000406462,"""EKOMATOR"" SPÓŁKA Z OGRANICZONĄ ODPOWIEDZIALNOŚCIĄ",,,,ACTIVE,16.10.Z:main
0000451244,"""EKOMTB"" SPÓŁKA Z OGRANICZONĄ ODPOWIEDZIALNOŚCIĄ",,,,ACTIVE,16.10.Z:main
0000434547,"""EKOP-ENERGIA"" SPÓŁKA Z OGRANICZONĄ ODPOWIEDZIALNOŚCIĄ",,,,ACTIVE,16.10.Z:main
0000434547,"""EKOP-ENERGIA"" SPÓŁKA Z OGRANICZONĄ ODPOWIEDZIALNOŚCIĄ",,,,ACTIVE,16.10.Z:main
0000167794,"""EKOPAL"" ZAKŁAD PRZETWÓRSTWA ODPADÓW DREWNOPOCHODNYCH I PRODUKCJI GRANULATU DRZEWNEGO SPÓŁKA Z OGRANICZONĄ ODPOWIEDZIALNOŚCIĄ",,,,ACTIVE,16.10.Z:main
0000167794,"""EKOPAL"" ZAKŁAD PRZETWÓRSTWA ODPADÓW DREWNOPOCHODNYCH I PRODUKCJI GRANULATU DRZEWNEGO SPÓŁKA Z OGRANICZONĄ ODPOWIEDZIALNOŚCIĄ",,,,ACTIVE,16.10.Z:main
0000226925,"""EKOPARTNER-BĘDZIN NIZIŃSKI, KOŚCIŃSKI, JUSTYNIARSKI"" SPÓŁKA JAWNA",,,,ACTIVE,16.10.Z:main
0000034783,"""EKOPŁYTA"" SPÓŁKA AKCYJNA",,,,ACTIVE,16.10.Z:main
0000368909,"""EKOTEXBUD SPÓŁKA Z OGRANICZONĄ ODPOWIEDZIALNOŚCIĄ""",,,,LIQUIDATION,16.10.Z:main
0000199192,"""EKOTOP"" SPÓŁKA Z OGRANICZONĄ ODPOWIEDZIALNOŚCIĄ",,,,LIQUIDATION,16.10.Z:main
0000396062,"""EKOTRADEX"" SPÓŁKA Z OGRANICZONĄ ODPOWIEDZIALNOŚCIĄ",,,,ACTIVE,16.10.Z:main
0000396062,"""EKOTRADEX"" SPÓŁKA Z OGRANICZONĄ ODPOWIEDZIALNOŚCIĄ",,,,ACTIVE,16.10.Z:main
0000367809,"""EKOTRANSIT"" SPÓŁKA Z OGRANICZONĄ ODPOWIEDZIALNOŚCIĄ",,,,ACTIVE,16.10.Z:main
0000131630,"""EKRO"" SPÓŁKA Z OGRANICZONĄ ODPOWIEDZIALNOŚCIĄ",,,,ACTIVE,16.10.Z:main
0000131630,"""EKRO"" SPÓŁKA Z OGRANICZONĄ ODPOWIEDZIALNOŚCIĄ",,,,ACTIVE,16.10.Z:main
0000131630,"""EKRO"" SPÓŁKA Z OGRANICZONĄ ODPOWIEDZIALNOŚCIĄ",,,,ACTIVE,16.10.Z:main
0000131630,"""EKRO"" SPÓŁKA Z OGRANICZONĄ ODPOWIEDZIALNOŚCIĄ",,,,ACTIVE,16.10.Z:main
0000233701,"""EKSPERTIA"" SPÓŁKA Z OGRANICZONĄ ODPOWIEDZIALNOŚCIĄ",,,,ACTIVE,16.10.Z:main
0000122213,"""EL-DŻ-EL"" SPÓŁKA Z OGRANICZONĄ ODPOWIEDZIALNOŚCIĄ",,,,ACTIVE,16.10.Z:main
0000470214,"""EL-GLOB"" SPÓŁKA Z OGRANICZONĄ ODPOWIEDZIALNOŚCIĄ",,,,ACTIVE,16.10.Z:main
0000430029,"""ELDREW"" SPÓŁKA Z OGRANICZONĄ ODPOWIEDZIALNOŚCIĄ",,,,ACTIVE,16.10.Z:main
0000069138,"""ELEKTRO A-Z"" SPÓŁKA Z OGRANICZONĄ ODPOWIEDZIALNOŚCIĄ",,,,ACTIVE,16.10.Z:main
0000024211,"""ELEKTROCIEPŁOWNIA MARCEL-REMONT"" SPÓŁKA Z OGRANICZONĄ ODPOWIEDZIALNOŚCIĄ",,,,ACTIVE,16.10.Z:main
0000015213,"""ELEKTROMECHANIKA""SPÓŁKA JAWNA LESZEK I WOJCIECH SUDENIS",,,,ACTIVE,16.10.Z:main
0000273228,"""ELEKTROPROJEKT WROCŁAW"" SPÓŁKA Z OGRANICZONĄ ODPOWIEDZIALNOŚCIĄ",,,,ACTIVE,16.10.Z:main
0000041526,"""ELEKTROWNIA BEŁCHATÓW II"" SPÓŁKA Z OGRANICZONĄ ODPOWIEDZIALNOŚCIĄ",,,,ACTIVE,16.10.Z:main
0000041526,"""ELEKTROWNIA BEŁCHATÓW II"" SPÓŁKA Z OGRANICZONĄ ODPOWIEDZIALNOŚCIĄ",,,,ACTIVE,16.10.Z:main
0000374591,"""ELIA INVESTMENTS SPÓŁKA Z OGRANICZONĄ ODPOWIEDZIALNOŚCIĄ - ADVISORS"" SPÓŁKA KOMANDYTOWO-AKCYJNA",,,,ACTIVE,16.10.Z:main
0000090350,"""ELIMER"" SPÓŁKA Z OGRANICZONĄ ODPOWIEDZIALNOŚCIĄ",,,,ACTIVE,16.10.Z:main
0000247169,"""ELMEB"" SPÓŁKA Z OGRANICZONĄ ODPOWIEDZIALNOŚCIĄ",,,,ACTIVE,16.10.Z:main
0000144286,"""ELPOBUD"" SPÓŁKA Z OGRANICZONĄ ODPOWIEDZIALNOŚCIĄ",,,,ACTIVE,16.10.Z:main
0000144293,"""ELPOLOGISTYKA"" SPÓŁKA Z OGRANICZONĄ ODPOWIEDZIALNOŚCIĄ",,,,ACTIVE,16.10.Z:main
0000144293,"""ELPOLOGISTYKA"" SPÓŁKA Z OGRANICZONĄ ODPOWIEDZIALNOŚCIĄ",,,,ACTIVE,16.10.Z:main
0000295069,"""ELPROM"" SPÓŁKA Z OGRANICZONĄ ODPOWIEDZIALNOŚCIĄ",,,,ACTIVE,16.10.Z:main
0000107463,"""ELSTAT"" SPÓŁKA Z OGRANICZONĄ ODPOWIEDZIALNOŚCIĄ",,,,ACTIVE,16.10.Z:main
0000142175,"""ELTER"" TERESA LACH, TADEUSZ LACH SPÓŁKA JAWNA",,,,ACTIVE,16.10.Z:main
0000081426,"""ELTRAF"" SPÓŁKA Z OGRANICZONĄ ODPOWIEDZIALNOŚCIĄ",,,,LIQUIDATION,16.10.Z:main
0000410691,"""ELYZJUM"" SPÓŁKA Z OGRANICZONĄ ODPOWIEDZIALNOŚCIĄ",,,,ACTIVE,16.10.Z:main
0000410691,"""ELYZJUM"" SPÓŁKA Z OGRANICZONĄ ODPOWIEDZIALNOŚCIĄ",,,,ACTIVE,16.10.Z:main
0000182561,"""EMAT"" SPÓŁKA Z OGRANICZONĄ ODPOWIEDZIALNOŚCIĄ",,,,ACTIVE,16.10.Z:main
0000302027,"""EMMA PACK"" SPÓŁKA Z OGRANICZONĄ ODPOWIEDZIALNOŚCIĄ",,,,ACTIVE,16.10.Z:main
0000185155,"""EMTM"" SPÓŁKA Z OGRANICZONĄ ODPOWIEDZIALNOŚCIĄ",,,,ACTIVE,16.10.Z:main
0000339016,"""EMV GIESSLER GROUP POLSKA SPÓŁKA Z OGRANICZONĄ ODPOWIEDZIALNOŚCIĄ""",,,,ACTIVE,16.10.Z:main
0000336265,"""ENDIS"" SPÓŁKA Z OGRANICZONĄ ODPOWIEDZIALNOŚCIĄ",,,,ACTIVE,16.10.Z:main
0000137826,"""ENECO"" SPÓŁKA Z OGRANICZONĄ ODPOWIEDZIALNOŚCIĄ",,,,ACTIVE,16.10.Z:main
0000238518,"""ENEDO"" SPÓŁKA Z OGRANICZONĄ ODPOWIEDZIALNOŚCIĄ",,,,ACTIVE,16.10.Z:main
0000238502,"""ENERGO - UTECH DEVELOPMENT"" SPÓŁKA Z OGRANICZONĄ ODPOWIEDZIALNOŚCIĄ",,,,ACTIVE,16.10.Z:main
0000074694,"""ENERGOMONTAŻ-PÓŁNOC SERWIS"" SPÓŁKA Z OGRANICZONĄ ODPOWIEDZIALNOŚCIĄ",,,,ACTIVE,16.10.Z:main
0000376501,"""ENERGY AND WIND"" SPÓŁKA Z OGRANICZONĄ ODPOWIEDZIALNOŚCIĄ",,,,LIQUIDATION,16.10.Z:main
0000263863,"""ENERKO"" SPÓŁKA Z OGRANICZONĄ ODPOWIEDZIALNOŚCIĄ",,,,ACTIVE,16.10.Z:main
0000344132,"""ENITECH SPÓŁKA Z OGRANICZONĄ ODPOWIEDZIALNOŚCIĄ""",,,,ACTIVE,16.10.Z:main
0000029697,"""EPO"" SPÓŁKA Z OGRANICZONĄ ODPOWIEDZIALNOŚCIĄ",,,,ACTIVE,16.10.Z:main
0000470596,"""EPS"" SPÓŁKA Z OGRANICZONĄ ODPOWIEDZIALNOŚCIĄ",,,,ACTIVE,16.10.Z:main
0000239987,"""ERA TRANS"" SPÓŁKA Z OGRANICZONĄ ODPOWIEDZIALNOŚCIĄ",,,,ACTIVE,16.10.Z:main
0000099045,"""ERAGA"" SPÓŁKA Z OGRANICZONĄ ODPOWIEDZIALNOŚCIĄ",,,,ACTIVE,16.10.Z:main
0000283504,"""ERAKO"" SPÓŁKA Z OGRANICZONĄ ODPOWIEDZIALNOŚCIĄ",,,,ACTIVE,16.10.Z:main
0000168806,"""ERKURUM"" SPÓŁKA Z OGRANICZONĄ ODPOWIEDZIALNOŚCIĄ",,,,LIQUIDATION,16.10.Z:main
0000023876,"""ESPO"" EWA POWAŁA TADEUSZ OMASTA SŁAWOMIR POWAŁA SPÓŁKA JAWNA",,,,ACTIVE,16.10.Z:main
0000522779,"""ESTA"" SPÓŁKA Z OGRANICZONĄ ODPOWIEDZIALNOŚCIĄ",,,,ACTIVE,16.10.Z:main
0000522779,"""ESTA"" SPÓŁKA Z OGRANICZONĄ ODPOWIEDZIALNOŚCIĄ",,,,ACTIVE,16.10.Z:main
0000310743,"""ESTAKON"" SPÓŁKA Z OGRANICZONĄ ODPOWIEDZIALNOŚCIĄ",,,,ACTIVE,16.10.Z:main
0000416315,"""ETHOS-DREWNO SPÓŁKA Z OGRANICZONĄ ODPOWIEDZIALNOŚCIĄ""",,,,ACTIVE,16.10.Z:main
0000207530,"""ETOS"" SPÓŁKA Z OGRANICZONĄ ODPOWIEDZIALNOŚCIĄ",,,,ACTIVE,16.10.Z:main
0000340302,"""EURO DOM 2004 SPÓŁKA Z OGRANICZONĄ ODPOWIEDZIALNOŚCIĄ"" SPÓŁKA KOMANDYTOWA",,,,ACTIVE,16.10.Z:main
0000073674,"""EURO RUSZTOWANIA-GRUPA STOCZNI GDYNIA"" SPÓŁKA Z OGRANICZONĄ ODPOWIEDZIALNOŚCIĄ",,,,ACTIVE,16.10.Z:main
0000146558,"""EURO-BUS M. KŁĄB I SYNOWIE. SPÓŁKA JAWNA""",,,,ACTIVE,16.10.Z:main
0000238152,"""EURO-CENTER"" SPÓŁKA Z OGRANICZONĄ ODPOWIEDZIALNOŚCIĄ",,,,ACTIVE,16.10.Z:main
0000209735,"""EURO-CONTINENTAL"" SPÓŁKA Z OGRANICZONĄ ODPOWIEDZIALNOŚCIĄ",,,,ACTIVE,16.10.Z:main
0000334328,"""EURO-MATRIX"" SPÓŁKA Z OGRANICZONĄ ODPOWIEDZIALNOŚCIĄ",,,,ACTIVE,16.10.Z:main
0000324128,"""EURO-METAL"" SPÓŁKA Z OGRANICZONĄ ODPOWIEDZIALNOŚCIĄ",,,,ACTIVE,16.10.Z:main
0000519960,"""EURO-RAMA"" SPÓŁKA Z OGRANICZONĄ ODPOWIEDZIALNOŚCIĄ",,,,ACTIVE,16.10.Z:main
0000152225,"""EURO-TERM"" SPÓŁKA Z OGRANICZONĄ ODPOWIEDZIALNOŚCIĄ",,,,ACTIVE,16.10.Z:main
0000328538,"""EUROAVIS"" SPÓŁKA Z OGRANICZONĄ ODPOWIEDZIALNOŚCIĄ",,,,ACTIVE,16.10.Z:main
0000047181,"""EURODOM"" SPÓŁKA Z OGRANICZONĄ ODPOWIEDZIALNOŚCIĄ",,,,ACTIVE,16.10.Z:main
0000047181,"""EURODOM"" SPÓŁKA Z OGRANICZONĄ ODPOWIEDZIALNOŚCIĄ",,,,ACTIVE,16.10.Z:main
0000194948,"""EURODOM"" SPÓŁKA Z OGRANICZONĄ ODPOWIEDZIALNOŚCIĄ",,,,ACTIVE,16.10.Z:main
0000194948,"""EURODOM"" SPÓŁKA Z OGRANICZONĄ ODPOWIEDZIALNOŚCIĄ",,,,ACTIVE,16.10.Z:main
0000376802,"""EUROGROUP"" SPÓŁKA Z OGRANICZONĄ ODPOWIEDZIALNOŚCIĄ",,,,ACTIVE,16.10.Z:main
0000235617,"""EUROHOUSE"" SPÓŁKA Z OGRANICZONĄ ODPOWIEDZIALNOŚCIĄ",,,,ACTIVE,16.10.Z:main
0000259335,"""EUROINVEST"" - SPÓŁKA Z OGRANICZONĄ ODPOWIEDZIALNOŚCIĄ",,,,ACTIVE,16.10.Z:main
0000151793,"""EUROMAX"" SPÓŁKA Z OGRANICZONĄ ODPOWIEDZIALNOŚCIĄ",,,,LIQUIDATION,16.10.Z:main
0000151793,"""EUROMAX"" SPÓŁKA Z OGRANICZONĄ ODPOWIEDZIALNOŚCIĄ",,,,LIQUIDATION,16.10.Z:main
0000123492,"""EUROMID"" SPÓŁKA Z OGRANICZONĄ ODPOWIEDZIALNOŚCIĄ",,,,ACTIVE,16.10.Z:main
0000171157,"""EUROPARQUET"" SPÓŁKA Z OGRANICZONĄ ODPOWIEDZIALNOŚCIĄ",,,,ACTIVE,16.10.Z:main
0000151673,"""EUROPE - EXPRESS"" SPÓŁKA Z OGRANICZONĄ ODPOWIEDZIALNOŚCIĄ",,,,ACTIVE,16.10.Z:main
0000314024,"""EUROSNACK"" SPÓŁKA AKCYJNA",,,,ACTIVE,16.10.Z:main
0000009441,"""EUROTOR"" SPÓŁKA Z OGRANICZONĄ ODPOWIEDZIALNOŚCIĄ",,,,LIQUIDATION,16.10.Z:main
0000333747,"""EUROTRANS-BUD"" SPÓŁKA Z OGRANICZONĄ ODPOWIEDZIALNOŚCIĄ",,,,ACTIVE,16.10.Z:main
0000181041,"""EUROWOOD POMERANIA"" SPÓŁKA Z OGRANICZONĄ ODPOWIEDZIALNOŚCIĄ",,,,ACTIVE,16.10.Z:main
0000392443,"""EV.POL"" SPÓŁKA Z OGRANICZONĄ ODPOWIEDZIALNOŚCIĄ",,,,ACTIVE,16.10.Z:main
0000054365,"""EVELYN"" SPÓŁKA Z OGRANICZONĄ ODPOWIEDZIALNOŚCIĄ",,,,ACTIVE,16.10.Z:main
0000385353,"""EVER HOME"" ROSSA SPÓŁKA JAWNA",,,,ACTIVE,16.10.Z:main
0000288164,"""EVJA SPÓŁKA Z OGRANICZONĄ ODPOWIEDZIALNOŚCIĄ""",,,,ACTIVE,16.10.Z:main
0000288164,"""EVJA SPÓŁKA Z OGRANICZONĄ ODPOWIEDZIALNOŚCIĄ""",,,,ACTIVE,16.10.Z:main
0000227969,"""EXCELLENT-USŁUGI"" SPÓŁKA Z OGRANICZONĄ ODPOWIEDZIALNOŚCIĄ",,,,ACTIVE,16.10.Z:main
0000098556,"""EXITOS"" SPÓŁKA Z OGRANICZONĄ ODPOWIEDZIALNOŚCIĄ",,,,LIQUIDATION,16.10.Z:main
0000353087,"""EXPECT FINANCE"" SPÓŁKA Z OGRANICZONĄ ODPOWIEDZIALNOŚCIĄ",,,,LIQUIDATION,16.10.Z:main
0000152814,"""EXPRES"" SPÓŁKA Z OGRANICZONĄ ODPOWIEDZIALNOŚCIĄ",,,,ACTIVE,16.10.Z:main
0000360352,"""EXURO"" SPÓŁKA Z OGRANICZONĄ ODPOWIEDZIALNOŚCIĄ",,,,ACTIVE,16.10.Z:main
0000360352,"""EXURO"" SPÓŁKA Z OGRANICZONĄ ODPOWIEDZIALNOŚCIĄ",,,,ACTIVE,16.10.Z:main
0000073167,"""EXWOOD"" SPÓŁKA Z OGRANICZONĄ ODPOWIEDZIALNOŚCIĄ",,,,ACTIVE,16.10.Z:main
0000426971,"""F - FARM"" SPÓŁKA Z OGRANICZONĄ ODPOWIEDZIALNOŚCIĄ",,,,ACTIVE,16.10.Z:main
0000293124,"""FABRYKA OKIEN TOMASZ WIKTORCZYK"" SPÓŁKA Z OGRANICZONĄ ODPOWIEDZIALNOŚCIĄ",,,,ACTIVE,16.10.Z:main
0000093180,"""FADBET"" SPÓŁKA AKCYJNA",,,,ACTIVE,16.10.Z:main
0000427468,"""FALCON LOGISTYKA PALET SPÓŁKA Z OGRANICZONĄ ODPOWIEDZIALNOŚCIĄ SPÓŁKA KOMANDYTOWA""",,,,ACTIVE,16.10.Z:main
0000244633,"""FAMBUD-JERZY PIETRZAK"" SPÓŁKA Z OGRANICZONĄ ODPOWIEDZIALNOŚCIĄ",,,,ACTIVE,16.10.Z:main
0000239335,"""FAMEG"" SPÓŁKA Z OGRANICZONĄ ODPOWIEDZIALNOŚCIĄ",,,,ACTIVE,16.10.Z:main
0000239335,"""FAMEG"" SPÓŁKA Z OGRANICZONĄ ODPOWIEDZIALNOŚCIĄ",,,,ACTIVE,16.10.Z:main
0000306896,"""FAMILIA"" J.JURKIEWICZ, G.JURKIEWICZ I WSPÓLNICY SPÓŁKA JAWNA",,,,ACTIVE,16.10.Z:main
0000333436,"""FAMILY HOUSE"" SPÓŁKA Z OGRANICZONĄ ODPOWIEDZIALNOŚCIĄ",,,,ACTIVE,16.10.Z:main
0000151542,"""FARGOLAND"" SPÓŁKA Z OGRANICZONĄ ODPOWIEDZIALNOŚCIĄ",,,,LIQUIDATION,16.10.Z:main
0000334123,"""FARMAROSA"" SPÓŁKA Z OGRANICZONĄ ODPOWIEDZIALNOŚCIĄ",,,,ACTIVE,16.10.Z:main
0000284570,"""FASHION"" SPÓŁKA Z OGRANICZONĄ ODPOWIEDZIALNOŚCIĄ",,,,ACTIVE,16.10.Z:main
0000420058,"""FAST SOLUTION"" SPÓŁKA Z OGRANICZONĄ ODPOWIEDZIALNOŚCIĄ",,,,LIQUIDATION,16.10.Z:main
0000164753,"""FATAMORGANA"" SPÓŁKA Z OGRANICZONĄ ODPOWIEDZIALNOŚCIĄ",,,,LIQUIDATION,16.10.Z:main
0000151085,"""FATU"" SPÓŁKA Z OGRANICZONĄ ODPOWIEDZIALNOŚCIĄ",,,,ACTIVE,16.10.Z:main
0000205704,"""FAWID"" SPÓŁKA Z OGRANICZONĄ ODPOWIEDZIALNOŚCIĄ",,,,LIQUIDATION,16.10.Z:main
0000195148,"""FENIX - METAL - BIURO HANDLU ZAGRANICZNEGO"" SPÓŁKA Z OGRANICZONĄ ODPOWIEDZIALNOŚCIĄ",,,,ACTIVE,16.10.Z:main
0000195148,"""FENIX - METAL - BIURO HANDLU ZAGRANICZNEGO"" SPÓŁKA Z OGRANICZONĄ ODPOWIEDZIALNOŚCIĄ",,,,ACTIVE,16.10.Z:main
0000198609,"""FER AUTOMOTIVE POLSKA"" SPÓŁKA Z OGRANICZONĄ ODPOWIEDZIALNOŚCIĄ",,,,ACTIVE,16.10.Z:main
0000176981,"""FERMAPOL"" SPÓŁKA Z OGRANICZONĄ ODPOWIEDZIALNOŚCIĄ",,,,ACTIVE,16.10.Z:main
0000131607,"""FERME DE SOLBECQ"" SPÓŁKA Z OGRANICZONĄ ODPOWIEDZIALNOŚCIĄ",,,,LIQUIDATION,16.10.Z:main
0000305204,"""FFI PIOTR BOROWIAK"" SPÓŁKA KOMANDYTOWO-AKCYJNA",,,,ACTIVE,16.10.Z:main
0000275796,"""FGR GEO"" SPÓŁKA Z OGRANICZONĄ ODPOWIEDZIALNOŚCIĄ",,,,ACTIVE,16.10.Z:main
0000342935,"""FIDES"" SPÓŁKA Z OGRANICZONĄ ODPOWIEDZIALNOŚCIĄ",,,,ACTIVE,16.10.Z:main
0000060454,"""FIMAL PSB"" SPÓŁKA Z OGRANICZONĄ ODPOWIEDZIALNOŚCIĄ",,,,ACTIVE,16.10.Z:main
0000060454,"""FIMAL PSB"" SPÓŁKA Z OGRANICZONĄ ODPOWIEDZIALNOŚCIĄ",,,,ACTIVE,16.10.Z:main
0000105243,"""FIRMA CODOGNI"" SPÓŁKA JAWNA",,,,ACTIVE,16.10.Z:main
0000059842,"""FIRMA ZAOPATRZENIA KORNER"" SPÓŁKA Z OGRANICZONĄ ODPOWIEDZIALNOŚCIĄ",,,,ACTIVE,16.10.Z:main
0000369667,"""FITOGRAN"" SPÓŁKA Z OGRANICZONĄ ODPOWIEDZIALNOŚCIĄ",,,,ACTIVE,16.10.Z:main
0000369667,"""FITOGRAN"" SPÓŁKA Z OGRANICZONĄ ODPOWIEDZIALNOŚCIĄ",,,,ACTIVE,16.10.Z:main
0000112591,"""FKW LOGISTIC"" SPÓŁKA Z OGRANICZONĄ ODPOWIEDZIALNOŚCIĄ",,,,LIQUIDATION,16.10.Z:main
0000131456,"""FLABEK"" SPÓŁKA Z OGRANICZONĄ ODPOWIEDZIALNOŚCIĄ",,,,ACTIVE,16.10.Z:main
0000131456,"""FLABEK"" SPÓŁKA Z OGRANICZONĄ ODPOWIEDZIALNOŚCIĄ",,,,ACTIVE,16.10.Z:main
0000131456,"""FLABEK"" SPÓŁKA Z OGRANICZONĄ ODPOWIEDZIALNOŚCIĄ",,,,ACTIVE,16.10.Z:main
0000334643,"""FLASHMEDIA.PL"" SPÓŁKA Z OGRANICZONĄ ODPOWIEDZIALNOŚCIĄ",,,,ACTIVE,16.10.Z:main
0000368083,"""FLEXMAN"" SPÓŁKA Z OGRANICZONĄ ODPOWIEDZIALNOŚCIĄ",,,,LIQUIDATION,16.10.Z:main
0000147607,"""FLOOR SYSTEM"" SPÓŁKA Z OGRANICZONĄ ODPOWIEDZIALNOŚCIĄ",,,,ACTIVE,16.10.Z:main
0000147607,"""FLOOR SYSTEM"" SPÓŁKA Z OGRANICZONĄ ODPOWIEDZIALNOŚCIĄ",,,,ACTIVE,16.10.Z:main
0000216099,"""FLORENCJA SPÓŁKA Z OGRANICZONĄ ODPOWIEDZIALNOŚCIĄ.""",,,,ACTIVE,16.10.Z:main
0000070951,"""FOKA I LUBELSKIE PRZEDSIĘBIORSTWO WIELOBRANŻOWE SPÓŁKA JAWNA BOHDAN NAMEDYŃSKI - ŁUKASZ NAMEDYŃSKI""",,,,ACTIVE,16.10.Z:main
0000421215,"""FOKUS"" SPÓŁKA Z OGRANICZONĄ ODPOWIEDZIALNOŚCIĄ",,,,ACTIVE,16.10.Z:main
0000087238,"""FORBUD"" SPÓŁKA Z OGRANICZONĄ ODPOWIEDZIALNOŚCIĄ",,,,ACTIVE,16.10.Z:main
0000271938,"""FOREST STYLE POLSKA"" SPÓŁKA Z OGRANICZONĄ ODPOWIEDZIALNOŚCIĄ",,,,ACTIVE,16.10.Z:main
0000142658,"""FOREST STYLE POLSKA"" SPÓŁKA Z OGRANICZONĄ ODPOWIEDZIALNOŚCIĄ",,,,ACTIVE,16.10.Z:main
0000306366,"""FOREST"" SPÓŁKA Z OGRANICZONĄ ODPOWIEDZIALNOŚCIĄ",,,,ACTIVE,16.10.Z:main
0000306366,"""FOREST"" SPÓŁKA Z OGRANICZONĄ ODPOWIEDZIALNOŚCIĄ",,,,ACTIVE,16.10.Z:main
0000148035,"""FORMAPLAN POLSKA"" SPÓŁKA Z OGRANICZONĄ ODPOWIEDZIALNOŚCIĄ",,,,ACTIVE,16.10.Z:main
0000222143,"""FORMFLEX"" SPÓŁKA Z OGRANICZONĄ ODPOWIEDZIALNOŚCIĄ",,,,ACTIVE,16.10.Z:main
0000222143,"""FORMFLEX"" SPÓŁKA Z OGRANICZONĄ ODPOWIEDZIALNOŚCIĄ",,,,ACTIVE,16.10.Z:main
0000176285,"""FORMIKS"" SPÓŁKA Z OGRANICZONĄ ODPOWIEDZIALNOŚCIĄ",,,,ACTIVE,16.10.Z:main
0000004860,"""FORNIT INVEST"" SPÓŁKA Z OGRANICZONĄ ODPOWIEDZIALNOŚCIĄ",,,,ACTIVE,16.10.Z:main
0000356231,"""FORSA"" SPÓŁKA Z OGRANICZONĄ ODPOWIEDZIALNOŚCIĄ",,,,ACTIVE,16.10.Z:main
0000053119,"""FORTRESS POLAND"" SPÓŁKA Z OGRANICZONĄ ODPOWIEDZIALNOŚCIĄ",,,,ACTIVE,16.10.Z:main
0000053119,"""FORTRESS POLAND"" SPÓŁKA Z OGRANICZONĄ ODPOWIEDZIALNOŚCIĄ",,,,ACTIVE,16.10.Z:main
0000339801,"""FORTUNA - DUO"" SPÓŁKA Z OGRANICZONĄ ODPOWIEDZIALNOŚCIĄ",,,,LIQUIDATION,16.10.Z:main
0000863668,"""FPH ALLWOOD"" SPÓŁKA Z OGRANICZONĄ ODPOWIEDZIALNOŚCIĄ",,,,ACTIVE,16.10.Z:main
0000035819,"""FRAM-POL"" SPÓŁKA Z OGRANICZONĄ ODPOWIEDZIALNOŚCIĄ",,,,ACTIVE,16.10.Z:main
0000103812,"""FRANZ POL"" ZAKŁAD USŁUGOWO - HANDLOWY SPÓŁKA Z OGRANICZONĄ ODPOWIEDZIALNOŚCIĄ",,,,ACTIVE,16.10.Z:main
0000088763,"""FREZAMET"" SPÓŁKA Z OGRANICZONĄ ODPOWIEDZIALNOŚCIĄ",,,,LIQUIDATION,16.10.Z:main
0000287509,"""FRIZZANTE POLSKA"" SPÓŁKA Z OGRANICZONĄ ODPOWIEDZIALNOŚCIĄ",,,,ACTIVE,16.10.Z:main
0000232618,"""FRONSBUD"" SPÓŁKA Z OGRANICZONĄ ODPOWIEDZIALNOŚCIĄ",,,,ACTIVE,16.10.Z:main
0000529709,"""FUNDACJA AKTYWNEGO KSZTAŁCENIA I REKREACJI SALIX""",,,,ACTIVE,16.10.Z:main
0000309075,"""FUNDACJA HEBRON""",,,,ACTIVE,16.10.Z:main
0000345121,"""FUNDACJA INNOWACYJNEJ PRZEDSIĘBIORCZOŚCI""",,,,ACTIVE,16.10.Z:main
0000508879,"""FUNDACJA THEEARTHMOTHER.ORG""",,,,ACTIVE,16.10.Z:main
0000356791,"""FURNITEC"" SPÓŁKA Z OGRANICZONĄ ODPOWIEDZIALNOŚCIĄ",,,,ACTIVE,16.10.Z:main
0000136047,"""G I G STUDIO"" SPÓŁKA Z OGRANICZONĄ ODPOWIEDZIALNOŚCIĄ",,,,ACTIVE,16.10.Z:main
0000071280,"""G&J ECOLOGY POLSKA"" - SPÓŁKA Z OGRANICZONĄ ODPOWIEDZIALNOŚCIĄ",,,,ACTIVE,16.10.Z:main
0000109136,"""GABI MEBLE"" SPÓŁKA Z OGRANICZONĄ ODPOWIEDZIALNOŚCIĄ",,,,ACTIVE,16.10.Z:main
0000216633,"""GAJRES"" SPÓŁKA Z OGRANICZONĄ ODPOWIEDZIALNOŚCIĄ",,,,ACTIVE,16.10.Z:main
0000486228,"""GALANT MEBLE"" SPÓŁKA Z OGRANICZONĄ ODPOWIEDZIALNOŚCIĄ",,,,ACTIVE,16.10.Z:main
0000486228,"""GALANT MEBLE"" SPÓŁKA Z OGRANICZONĄ ODPOWIEDZIALNOŚCIĄ",,,,ACTIVE,16.10.Z:main
0000594358,"""GALBET"" SPÓŁKA Z OGRANICZONĄ ODPOWIEDZIALNOŚCIĄ",,,,ACTIVE,16.10.Z:main
0000254493,"""GALUX"" SPÓŁKA Z OGRANICZONĄ ODPOWIEDZIALNOŚCIĄ",,,,ACTIVE,16.10.Z:main
0000171914,"""GAMBIT"" PRODUKCYJNO-HANDLOWO-USŁUGOWA SPÓŁKA Z OGRANICZONĄ ODPOWIEDZIALNOŚCIĄ",,,,LIQUIDATION,16.10.Z:main
0000248480,"""GAMEL LEON GNIEWEK SPÓŁKA JAWNA""",,,,ACTIVE,16.10.Z:main
0000248480,"""GAMEL LEON GNIEWEK SPÓŁKA JAWNA""",,,,ACTIVE,16.10.Z:main
0000097830,"""GANNA"" SPÓŁKA Z OGRANICZONĄ ODPOWIEDZIALNOŚCIĄ",,,,ACTIVE,16.10.Z:main
0000406457,"""GARDEN"" SPÓŁKA Z OGRANICZONĄ ODPOWIEDZIALNOŚCIĄ",,,,ACTIVE,16.10.Z:main
0000145407,"""GARDEN-CHEM"" SPÓŁKA JAWNA TOMASZ NOWACZYŃSKI, JAN MILCZACH, MICHAŁ NOWACZYŃSKI",,,,ACTIVE,16.10.Z:main
0000402080,"""GAWIN GROUP"" SPÓŁKA Z OGRANICZONĄ ODPOWIEDZIALNOŚCIĄ",,,,ACTIVE,16.10.Z:main
0000150869,"""GAZON"" SPÓŁKA Z OGRANICZONĄ ODPOWIEDZIALNOŚCIĄ",,,,ACTIVE,16.10.Z:main
0000161897,"""GB"" SPÓŁKA Z OGRANICZONĄ ODPOWIEDZIALNOŚCIĄ",,,,ACTIVE,16.10.Z:main
0000161897,"""GB"" SPÓŁKA Z OGRANICZONĄ ODPOWIEDZIALNOŚCIĄ",,,,ACTIVE,16.10.Z:main
0000167352,"""GDAŃSKIE SKŁADY DRZEWNE"" SPÓŁKA Z OGRANICZONĄ ODPOWIEDZIALNOŚCIĄ",,,,ACTIVE,16.10.Z:main
0000303691,"""GELWASZ"" W I L GRZYBEK SPÓŁKA JAWNA",,,,ACTIVE,16.10.Z:main
0000303691,"""GELWASZ"" W I L GRZYBEK SPÓŁKA JAWNA",,,,ACTIVE,16.10.Z:main
0000029832,"""GEN- BUD BIAŁYSTOK"" SPÓŁKA Z OGRANICZONĄ ODPOWIEDZIALNOŚCIĄ",,,,ACTIVE,16.10.Z:main
0000029832,"""GEN- BUD BIAŁYSTOK"" SPÓŁKA Z OGRANICZONĄ ODPOWIEDZIALNOŚCIĄ",,,,ACTIVE,16.10.Z:main
0000032269,"""GENERAL ŻWIR"" SPÓŁKA Z OGRANICZONĄ ODPOWIEDZIALNOŚCIĄ",,,,ACTIVE,16.10.Z:main
0000017551,"""GEO - M.P.""  SPÓŁKA Z OGRANICZONĄ ODPOWIEDZIALNOŚCIĄ",,,,ACTIVE,16.10.Z:main
0000212792,"""GEO-BUD - T.B.M."" SPÓŁKA Z OGRANICZONĄ ODPOWIEDZIALNOŚCIĄ",,,,ACTIVE,16.10.Z:main
0000093879,"""GERDES MC"" SPÓŁKA Z OGRANICZONĄ ODPOWIEDZIALNOŚCIĄ",,,,ACTIVE,16.10.Z:main
0000268857,"""GERLAND"" SPÓŁKA Z OGRANICZONĄ ODPOWIEDZIALNOŚCIĄ",,,,LIQUIDATION,16.10.Z:main
0000077644,"""GIB"" MEBLE GANDECKI I BERSKI SPÓŁKA JAWNA",,,,ACTIVE,16.10.Z:main
0000077644,"""GIB"" MEBLE GANDECKI I BERSKI SPÓŁKA JAWNA",,,,ACTIVE,16.10.Z:main
0000166004,"""GIER-KROM"" SPÓŁKA Z OGRANICZONĄ ODPOWIEDZIALNOŚCIĄ",,,,ACTIVE,16.10.Z:main
0000518744,"""GIEZ"" SPÓŁKA Z OGRANICZONĄ ODPOWIEDZIALNOŚCIĄ",,,,ACTIVE,16.10.Z:main
0000434151,"""GIEŁDA GRANITU"" SPÓŁKA Z OGRANICZONĄ ODPOWIEDZIALNOŚCIĄ",,,,ACTIVE,16.10.Z:main
0000040432,"""GLOB"" SPÓŁKA Z OGRANICZONĄ ODPOWIEDZIALNOŚCIĄ",,,,ACTIVE,16.10.Z:main
0000040432,"""GLOB"" SPÓŁKA Z OGRANICZONĄ ODPOWIEDZIALNOŚCIĄ",,,,ACTIVE,16.10.Z:main
0000172106,"""GLOB-STAR"" SPÓŁKA Z OGRANICZONĄ ODPOWIEDZIALNOŚCIĄ",,,,ACTIVE,16.10.Z:main
0000172106,"""GLOB-STAR"" SPÓŁKA Z OGRANICZONĄ ODPOWIEDZIALNOŚCIĄ",,,,ACTIVE,16.10.Z:main
0000258758,"""GLOBALKARAT"" SPÓŁKA Z OGRANICZONĄ ODPOWIEDZIALNOŚCIĄ",,,,ACTIVE,16.10.Z:main
0000258758,"""GLOBALKARAT"" SPÓŁKA Z OGRANICZONĄ ODPOWIEDZIALNOŚCIĄ",,,,ACTIVE,16.10.Z:main
0000045410,"""GLOBCARAT"" SPÓŁKA Z OGRANICZONĄ ODPOWIEDZIALNOŚCIĄ",,,,ACTIVE,16.10.Z:main
0000045410,"""GLOBCARAT"" SPÓŁKA Z OGRANICZONĄ ODPOWIEDZIALNOŚCIĄ",,,,ACTIVE,16.10.Z:main
0000404593,"""GLOBEEN"" SPÓŁKA Z OGRANICZONĄ ODPOWIEDZIALNOŚCIĄ",,,,ACTIVE,16.10.Z:main
0000306233,"""GLOBTRANS"" STANISŁAW LESIAK I WSPÓLNICY SPÓŁKA JAWNA",,,,ACTIVE,16.10.Z:main
0000433683,"""GM BEKIESZCZUK"" SPÓŁKA Z OGRANICZONĄ ODPOWIEDZIALNOŚCIĄ",,,,ACTIVE,16.10.Z:main
0000238387,"""GNIEWKO"" SPÓŁKA Z OGRANICZONĄ ODPOWIEDZIALNOŚCIĄ",,,,LIQUIDATION,16.10.Z:main
0000184541,"""GNIOTPOL"" SPÓŁKA Z OGRANICZONĄ ODPOWIEDZIALNOŚCIĄ",,,,ACTIVE,16.10.Z:main
0000184541,"""GNIOTPOL"" SPÓŁKA Z OGRANICZONĄ ODPOWIEDZIALNOŚCIĄ",,,,ACTIVE,16.10.Z:main
0000391582,"""GOBAR"" SPÓŁKA Z OGRANICZONĄ ODPOWIEDZIALNOŚCIĄ",,,,ACTIVE,16.10.Z:main
0000164979,"""GOHARIK"" SPÓŁKA Z OGRANICZONĄ ODPOWIEDZIALNOŚCIĄ",,,,ACTIVE,16.10.Z:main
0000261326,"""GOLDAN"" SPÓŁKA Z OGRANICZONĄ ODPOWIEDZIALNOŚCIĄ",,,,ACTIVE,16.10.Z:main
0000297419,"""GOLDEN BRIDGE"" SPÓŁKA Z OGRANICZONĄ ODPOWIEDZIALNOŚCIĄ",,,,ACTIVE,16.10.Z:main
0000120136,"""GOLDFOAM"" SPÓŁKA Z OGRANICZONĄ ODPOWIEDZIALNOŚCIĄ",,,,ACTIVE,16.10.Z:main
0000391018,"""GOOD"" BUDOWLANA FIRMA SPÓŁKA Z OGRANICZONĄ ODPOWIEDZIALNOŚCIĄ",,,,ACTIVE,16.10.Z:main
0000427670,"""GOODWELL POLSKA"" SPÓŁKA Z OGRANICZONĄ ODPOWIEDZIALNOŚCIĄ SPÓŁKA KOMANDYTOWA",,,,ACTIVE,16.10.Z:main
0000022694,"""GORAN STREFA"" SPÓŁKA Z OGRANICZONĄ ODPOWIEDZIALNOŚCIĄ",,,,ACTIVE,16.10.Z:main
0000380325,"""GORLAND SERWIS"" SPÓŁKA Z OGRANICZONĄ ODPOWIEDZIALNOŚCIĄ",,,,ACTIVE,16.10.Z:main
0000212729,"""GORM"" SPÓŁKA Z OGRANICZONĄ ODPOWIEDZIALNOŚCIĄ",,,,ACTIVE,16.10.Z:main
0000340239,"""GOSHKA"" K. MIKOŁAJSKA I M. MIKOŁAJSKA SPÓŁKA JAWNA",,,,ACTIVE,16.10.Z:main
0000099913,"""GOSPODARSTWO ROLNE JADOWNIKI"" SPÓŁKA Z OGRANICZONĄ ODPOWIEDZIALNOŚCIĄ",,,,ACTIVE,16.10.Z:main
0000185814,"""GOSPODARSTWO RYBACKIE W CZAPLINKU"" SPÓŁKA Z OGRANICZONĄ ODPOWIEDZIALNOŚCIĄ",,,,ACTIVE,16.10.Z:main
0000101069,"""GOTAR"" SPÓŁKA Z OGRANICZONĄ ODPOWIEDZIALNOŚCIĄ",,,,ACTIVE,16.10.Z:main
0000248422,"""GOUDIE DIE"" INNOWACYJNE PRZEDSIĘBIORSTWO PRODUKCYJNO-USŁUGOWE SPÓŁKA Z OGRANICZONĄ ODPOWIEDZIALNOŚCIĄ W RZESZOWIE",,,,ACTIVE,16.10.Z:main
0000407538,"""GOZDREW"" SPÓŁKA Z OGRANICZONĄ ODPOWIEDZIALNOŚCIĄ",,,,ACTIVE,16.10.Z:main
0000103365,"""GOZDREW"" T.S.J. SŁABY SPÓŁKA JAWNA",,,,ACTIVE,16.10.Z:main
0000103365,"""GOZDREW"" T.S.J. SŁABY SPÓŁKA JAWNA",,,,ACTIVE,16.10.Z:main
0000180663,"""GPU"" SPÓŁKA Z OGRANICZONĄ ODPOWIEDZIALNOŚCIĄ",,,,ACTIVE,16.10.Z:main
0000180663,"""GPU"" SPÓŁKA Z OGRANICZONĄ ODPOWIEDZIALNOŚCIĄ",,,,ACTIVE,16.10.Z:main
0000226531,"""GRABOWSKI EXPORT IMPORT HANDEL HURTOWY I WSPÓLNICY"" SPÓŁKA JAWNA",,,,ACTIVE,16.10.Z:main
0000045876,"""GRAF"" SPÓŁKA Z OGRANICZONĄ ODPOWIEDZIALNOŚCIĄ",,,,ACTIVE,16.10.Z:main
0000306213,"""GRAMINI"" SPÓŁKA Z OGRANICZONĄ ODPOWIEDZIALNOŚCIĄ",,,,ACTIVE,16.10.Z:main
0000074323,"""GRAN-INWEST"" SPÓŁKA Z OGRANICZONĄ ODPOWIEDZIALNOŚCIĄ",,,,ACTIVE,16.10.Z:main
0000150976,"""GRAND - SPÓŁKA ZAGRANICZNA"" - SPÓŁKA Z OGRANICZONĄ ODPOWIEDZIALNOŚCIĄ",,,,ACTIVE,16.10.Z:main
0000007797,"""GRAND CRU"" SPÓŁKA Z OGRANICZONĄ ODPOWIEDZIALNOŚCIĄ",,,,ACTIVE,16.10.Z:main
0000007797,"""GRAND CRU"" SPÓŁKA Z OGRANICZONĄ ODPOWIEDZIALNOŚCIĄ",,,,ACTIVE,16.10.Z:main
0000204835,"""GRAND"" TRANSPORT I SPEDYCJA MIĘDZYNARODOWA AGATA I PAWEŁ ZIELIŃSCY SPÓŁKA JAWNA",,,,ACTIVE,16.10.Z:main
0000101093,"""GRATUS"" SPÓŁKA Z OGRANICZONĄ ODPOWIEDZIALNOŚCIĄ",,,,ACTIVE,16.10.Z:main
0000532264,"""GREEN 2 BLUE ENERGY EUROPE"" SPÓŁKA Z OGRANICZONĄ ODPOWIEDZIALNOŚCIĄ",,,,ACTIVE,16.10.Z:main
0000375640,"""GREEN ENERGY PROJEKT RZGÓW"" SPÓŁKA AKCYJNA",,,,ACTIVE,16.10.Z:main
0000056621,"""GREEN STAR"" SPÓŁKA Z OGRANICZONĄ ODPOWIEDZIALNOŚCIĄ",,,,ACTIVE,16.10.Z:main
0000056621,"""GREEN STAR"" SPÓŁKA Z OGRANICZONĄ ODPOWIEDZIALNOŚCIĄ",,,,ACTIVE,16.10.Z:main
0000358577,"""GREEN TREE"" SPÓŁKA Z OGRANICZONĄ ODPOWIEDZIALNOŚCIĄ",,,,ACTIVE,16.10.Z:main
0000400262,"""GREEN WEST INDUSTRIAL"" SPÓŁKA Z OGRANICZONĄ ODPOWIEDZIALNOŚCIĄ",,,,ACTIVE,16.10.Z:main
0000075896,"""GREENFARM"" SPÓŁKA Z OGRANICZONĄ ODPOWIEDZIALNOŚCIĄ",,,,LIQUIDATION,16.10.Z:main
0000209358,"""GREENKETT POLSKA"" SPÓŁKA Z OGRANICZONĄ ODPOWIEDZIALNOŚCIĄ",,,,LIQUIDATION,16.10.Z:main
0000080577,"""GREIS - A"" SPÓŁKA Z OGRANICZONĄ ODPOWIEDZIALNOŚCIĄ",,,,LIQUIDATION,16.10.Z:main
0000363151,"""GRENOVI"" SPÓŁKA Z OGRANICZONĄ ODPOWIEDZIALNOŚCIĄ",,,,ACTIVE,16.10.Z:main
0000396101,"""GRENOVI"" SPÓŁKA Z OGRANICZONĄ ODPOWIEDZIALNOŚCIĄ SPÓŁKA KOMANDYTOWA",,,,ACTIVE,16.10.Z:main
0000363130,"""GRENOVO"" SPÓŁKA Z OGRANICZONĄ ODPOWIEDZIALNOŚCIĄ",,,,ACTIVE,16.10.Z:main
0000399176,"""GREWLING"" SPÓŁKA Z OGRANICZONĄ ODPOWIEDZIALNOŚCIĄ",,,,ACTIVE,16.10.Z:main
0000380237,"""GRO-EKO-POL"" SPÓŁKA Z OGRANICZONĄ ODPOWIEDZIALNOŚCIĄ",,,,ACTIVE,16.10.Z:main
0000219433,"""GROEN BUDOWANIE"" SPÓŁKA Z OGRANICZONĄ ODPOWIEDZIALNOŚCIĄ",,,,ACTIVE,16.10.Z:main
0000335239,"""GRUNT TO KAMIEŃ"" SPÓŁKA Z OGRANICZONĄ ODPOWIEDZIALNOŚCIĄ",,,,ACTIVE,16.10.Z:main
0000378977,"""GRUPA FENIKS"" SPÓŁKA Z OGRANICZONĄ ODPOWIEDZIALNOŚCIĄ",,,,LIQUIDATION,16.10.Z:main
0000162677,"""GRUPA M & W"" SPÓŁKA Z OGRANICZONĄ ODPOWIEDZIALNOŚCIĄ",,,,ACTIVE,16.10.Z:main
0000162677,"""GRUPA M & W"" SPÓŁKA Z OGRANICZONĄ ODPOWIEDZIALNOŚCIĄ",,,,ACTIVE,16.10.Z:main
0000320897,"""GRUPA MARTYNA"" SPÓŁKA Z OGRANICZONĄ ODPOWIEDZIALNOŚCIĄ",,,,ACTIVE,16.10.Z:main
0000320897,"""GRUPA MARTYNA"" SPÓŁKA Z OGRANICZONĄ ODPOWIEDZIALNOŚCIĄ",,,,ACTIVE,16.10.Z:main
0000322594,"""GRUPA MARTYNA"" SPÓŁKA Z OGRANICZONĄ ODPOWIEDZIALNOŚCIĄ SPÓŁKA KOMANDYTOWA",,,,ACTIVE,16.10.Z:main
0000402780,"""GRUPA MODERN"" SPÓŁKA Z OGRANICZONĄ ODPOWIEDZIALNOŚCIĄ",,,,ACTIVE,16.10.Z:main
0000402780,"""GRUPA MODERN"" SPÓŁKA Z OGRANICZONĄ ODPOWIEDZIALNOŚCIĄ",,,,ACTIVE,16.10.Z:main
0000296050,"""GRUPA MPS"" SPÓŁKA Z OGRANICZONĄ ODPOWIEDZIALNOŚCIĄ",,,,ACTIVE,16.10.Z:main
0000260312,"""GRUPA SOKRATES"" SPÓŁKA Z OGRANICZONĄ ODPOWIEDZIALNOŚCIĄ",,,,ACTIVE,16.10.Z:main
0000187951,"""GRYF - KOMPUTER"" SPÓŁKA Z OGRANICZONĄ ODPOWIEDZIALNOŚCIĄ",,,,ACTIVE,16.10.Z:main
0000135987,"""GUMAR"" ZAKŁAD WYTWARZANIA ARTYKUŁÓW GUMOWYCH SPÓŁKA Z OGRANICZONĄ ODPOWIEDZIALNOŚCIĄ",,,,LIQUIDATION,16.10.Z:main
0000378490,"""GUMUS"" SPÓŁKA Z OGRANICZONĄ ODPOWIEDZIALNOŚCIĄ",,,,ACTIVE,16.10.Z:main
0000108463,"""GUSTAW SECURITAS"" SPÓŁKA Z OGRANICZONĄ ODPOWIEDZIALNOŚCIĄ",,,,ACTIVE,16.10.Z:main
0000193105,"""GWARANT"" SPÓŁKA Z OGRANICZONĄ ODPOWIEDZIALNOŚCIĄ",,,,ACTIVE,16.10.Z:main
0000193105,"""GWARANT"" SPÓŁKA Z OGRANICZONĄ ODPOWIEDZIALNOŚCIĄ",,,,ACTIVE,16.10.Z:main
0000485804,"""GÓRAL"" MARCIN TEMPKA I WSPÓLNICY SPÓŁKA JAWNA",,,,ACTIVE,16.10.Z:main
0000064591,"""GÓRKI BOIS"" SPÓŁKA Z OGRANICZONĄ ODPOWIEDZIALNOŚCIĄ",,,,ACTIVE,16.10.Z:main
0000064591,"""GÓRKI BOIS"" SPÓŁKA Z OGRANICZONĄ ODPOWIEDZIALNOŚCIĄ",,,,ACTIVE,16.10.Z:main
0000064591,"""GÓRKI BOIS"" SPÓŁKA Z OGRANICZONĄ ODPOWIEDZIALNOŚCIĄ",,,,ACTIVE,16.10.Z:main
0000064591,"""GÓRKI BOIS"" SPÓŁKA Z OGRANICZONĄ ODPOWIEDZIALNOŚCIĄ",,,,ACTIVE,16.10.Z:main
0000040905,"""GŁADYSZ"" ZAKŁAD REMONTOWO - BUDOWLANY GŁADYSZ GRZEGORZ, GŁADYSZ LUDMIŁA SPÓŁKA JAWNA",,,,ACTIVE,16.10.Z:main
0000176887,"""GŁADYSZ"" ZAKŁAD REMONTOWO - BUDOWLANY SPÓŁKA Z OGRANICZONĄ ODPOWIEDZIALNOŚCIĄ",,,,ACTIVE,16.10.Z:main
0000026618,"""GŁOGOWSKIE PRZEDSIĘBIORSTWO KOMUNALNE"" SPÓŁKA Z OGRANICZONĄ ODPWIEDZIALNOŚCIĄ",,,,ACTIVE,16.10.Z:main
0000430828,"""GŁOWACKI"" SPÓŁKA Z OGRANICZONĄ ODPOWIEDZIALNOŚCIĄ",,,,ACTIVE,16.10.Z:main
0000270759,"""H.S.G"" SPÓŁKA Z OGRANICZONĄ ODPOWIEDZIALNOŚCIĄ",,,,ACTIVE,16.10.Z:main
0000149768,"""HAMAR"" SPÓŁKA Z OGRANICZONĄ ODPOWIEDZIALNOŚCIĄ",,,,ACTIVE,16.10.Z:main
0000149768,"""HAMAR"" SPÓŁKA Z OGRANICZONĄ ODPOWIEDZIALNOŚCIĄ",,,,ACTIVE,16.10.Z:main
0000343622,"""HANAA"" SPÓŁKA Z OGRANICZONĄ ODPOWIEDZIALNOŚCIĄ",,,,ACTIVE,16.10.Z:main
0000431642,"""HANDLO-DREW"" SPÓŁKA Z OGRANICZONĄ ODPOWIEDZIALNOŚCIĄ",,,,LIQUIDATION,16.10.Z:main
0000098036,"""HANDROG"" SPÓŁKA Z OGRANICZONĄ ODPOWIEDZIALNOŚCIĄ",,,,ACTIVE,16.10.Z:main
0000333315,"""HANDYMAN L&M"" SPÓŁKA Z OGRANICZONĄ ODPOWIEDZIALNOŚCIĄ",,,,ACTIVE,16.10.Z:main
0000097767,"""HARDOMEX"" SPÓŁKA Z OGRANICZONĄ ODPOWIEDZIALNOŚCIĄ Z SIEDZIBĄ W SUSZU",,,,ACTIVE,16.10.Z:main
0000425689,"""HARTBET"" SPÓŁKA Z OGRANICZONĄ ODPOWIEDZIALNOŚCIĄ",,,,ACTIVE,16.10.Z:main
0000271057,"""HASTE TRADE & DESIGN"" SPÓŁKA Z OGRANICZONĄ ODPOWIEDZIALNOŚCIĄ",,,,LIQUIDATION,16.10.Z:main
0000316411,"""HAUSER"" SPÓŁKA Z OGRANICZONĄ ODPOWIEDZIALNOŚCIĄ",,,,ACTIVE,16.10.Z:main
0000249237,"""HBT"" MAGDALENA NĘDZA, BARTŁOMIEJ NĘDZA, ZBIGNIEW NĘDZA SPÓŁKA JAWNA",,,,ACTIVE,16.10.Z:main
0000249237,"""HBT"" MAGDALENA NĘDZA, BARTŁOMIEJ NĘDZA, ZBIGNIEW NĘDZA SPÓŁKA JAWNA",,,,ACTIVE,16.10.Z:main
0000123150,"""HEDAN - PAK"" SPÓŁKA Z OGRANICZONĄ ODPOWIEDZIALNOŚCIĄ",,,,ACTIVE,16.10.Z:main
0000123150,"""HEDAN - PAK"" SPÓŁKA Z OGRANICZONĄ ODPOWIEDZIALNOŚCIĄ",,,,ACTIVE,16.10.Z:main
0000097905,"""HEDRO FARMS POLSKA"" SPÓŁKA Z OGRANICZONĄ ODPOWIEDZIALNOŚCIĄ",,,,ACTIVE,16.10.Z:main
0000097905,"""HEDRO FARMS POLSKA"" SPÓŁKA Z OGRANICZONĄ ODPOWIEDZIALNOŚCIĄ",,,,ACTIVE,16.10.Z:main
0000340971,"""HELEN POLSKA"" SPÓŁKA Z OGRANICZONĄ ODPOWIEDZIALNOŚCIĄ",,,,ACTIVE,16.10.Z:main
0000340971,"""HELEN POLSKA"" SPÓŁKA Z OGRANICZONĄ ODPOWIEDZIALNOŚCIĄ",,,,ACTIVE,16.10.Z:main
0000196219,"""HELENA MOSER POLSKA"" SPÓŁKA Z OGRANICZONĄ ODPOWIEDZIALNOŚCIĄ",,,,ACTIVE,16.10.Z:main
0000236949,"""HEMADA"" SPÓŁKA Z OGRANICZONĄ ODPOWIEDZIALNOŚCIĄ",,,,ACTIVE,16.10.Z:main
0000164384,"""HER-OW"" SPÓŁKA Z OGRANICZONĄ ODPOWIEDZIALNOŚCIĄ",,,,ACTIVE,16.10.Z:main
0000632331,"""HERKULES WIRE"" SPÓŁKA OGRANICZONĄ ODPOWIEDZIALNOŚCIĄ",,,,ACTIVE,16.10.Z:main
0000113836,"""HERKULES"" - SPÓŁKA Z OGRANICZONĄ ODPOWIEDZIALNOŚCIĄ",,,,ACTIVE,16.10.Z:main
0000113836,"""HERKULES"" - SPÓŁKA Z OGRANICZONĄ ODPOWIEDZIALNOŚCIĄ",,,,ACTIVE,16.10.Z:main
0000241093,"""HERMES"" SPÓŁKA Z OGRANICZONĄ ODPOWIEDZIALNOŚCIĄ",,,,ACTIVE,16.10.Z:main
0000164396,"""HF"" PRZEDSIĘBIORSTWO WIELOBRANŻOWE MACIEJ FURMAN JACEK HEINRICH SPÓŁKA JAWNA",,,,ACTIVE,16.10.Z:main
0000262384,"""HFJ ATRIUM PBH SPÓŁKA Z OGRANICZONĄ ODPOWIEDZIALNOŚCIĄ"" SPÓŁKA KOMANDYTOWA",,,,ACTIVE,16.10.Z:main
0000262384,"""HFJ ATRIUM PBH SPÓŁKA Z OGRANICZONĄ ODPOWIEDZIALNOŚCIĄ"" SPÓŁKA KOMANDYTOWA",,,,ACTIVE,16.10.Z:main
0000229337,"""HIRONDI"" SPÓŁKA Z OGRANICZONĄ ODPOWIEDZIALNOŚCIĄ",,,,LIQUIDATION,16.10.Z:main
0000440619,"""HMT"" SPÓŁKA Z OGRANICZONĄ ODPOWIEDZIALNOŚCIĄ",,,,ACTIVE,16.10.Z:main
0000440619,"""HMT"" SPÓŁKA Z OGRANICZONĄ ODPOWIEDZIALNOŚCIĄ",,,,ACTIVE,16.10.Z:main
0000259934,"""HOBAMET"" SPÓŁKA Z OGRANICZONĄ ODPOWIEDZIALNOŚCIĄ",,,,ACTIVE,16.10.Z:main
0000259934,"""HOBAMET"" SPÓŁKA Z OGRANICZONĄ ODPOWIEDZIALNOŚCIĄ",,,,ACTIVE,16.10.Z:main
0000350631,"""HOCO HOLZ-COMPANY"" SPÓŁKA Z OGRANICZONĄ ODPOWIEDZIALNOŚCIĄ",,,,ACTIVE,16.10.Z:main
0000203836,"""HOFFMAN"" SPÓŁKA Z OGRANICZONĄ ODPOWIEDZIALNOŚCIĄ",,,,ACTIVE,16.10.Z:main
0000204313,"""HOGER"" SPÓŁKA Z OGRANICZONĄ ODPOWIEDZIALNOŚCIĄ",,,,ACTIVE,16.10.Z:main
0000206219,"""HOLIDAYCAMP"" SPÓŁKA Z OGRANICZONĄ ODPOWIEDZIALNOŚCIĄ",,,,ACTIVE,16.10.Z:main
0000029177,"""HOLKAP"" SPÓŁKA Z OGRANICZONĄ ODPOWIEDZIALNOŚCIĄ",,,,ACTIVE,16.10.Z:main
0000156684,"""HOLTENZA"" PRZEDSIĘBIORSTWO ZAGRANICZNE BUDOWLANE SPÓŁKA Z OGRANICZONĄ ODPOWIEDZIALNOŚCIĄ",,,,LIQUIDATION,16.10.Z:main
0000235993,"""HOLZ LOGISTIK"" SPÓŁKA Z OGRANICZONĄ ODPOWIEDZIALNOŚCIĄ",,,,ACTIVE,16.10.Z:main
0000186249,"""HOLZ-KOMPLEX"" SPÓŁKA Z OGRANICZONĄ ODPOWIEDZIALNOŚCIĄ",,,,ACTIVE,16.10.Z:main
0000186249,"""HOLZ-KOMPLEX"" SPÓŁKA Z OGRANICZONĄ ODPOWIEDZIALNOŚCIĄ",,,,ACTIVE,16.10.Z:main
0000063983,"""HOLZEXPORT"" SPÓŁKA Z OGRANICZONĄ ODPOWIEDZIALNOŚCIĄ",,,,ACTIVE,16.10.Z:main
0000121640,"""HOLZINDUSTRIE DOBIEGNIEW MANAGEMENT"" SPÓŁKA Z OGRANICZONĄ ODPOWIEDZIALNOŚCIĄ",,,,LIQUIDATION,16.10.Z:main
0000054188,"""HOLZKONZEPT POLSKA"" SPÓŁKA Z OGRANICZONĄ ODPOWIEDZIALNOŚCIĄ",,,,ACTIVE,16.10.Z:main
0000217547,"""HOMEBUD"" SPÓŁKA Z OGRANICZONĄ ODPOWIEDZIALNOŚCIĄ",,,,LIQUIDATION,16.10.Z:main
0000410743,"""HOMECARD POLSKA"" SPÓŁKA Z OGRANICZONĄ ODPOWIEDZIALNOŚCIĄ",,,,ACTIVE,16.10.Z:main
0000132361,"""HORIZON POLSKA"" SPÓŁKA Z OGRANICZONĄ ODPOWIEDZIALNOŚCIĄ",,,,ACTIVE,16.10.Z:main
0000132361,"""HORIZON POLSKA"" SPÓŁKA Z OGRANICZONĄ ODPOWIEDZIALNOŚCIĄ",,,,ACTIVE,16.10.Z:main
0000042624,"""HOSSA"" SPÓŁKA Z OGRANICZONĄ ODPOWIEDZIALNOŚCIĄ",,,,ACTIVE,16.10.Z:main
0000176376,"""HOTEL RESZEL"" SPÓŁKA Z OGRANICZONĄ ODPOWIEDZIALNOŚCIĄ",,,,ACTIVE,16.10.Z:main
0000171591,"""HUBALTUS"" SPÓŁKA Z OGRANICZONĄ ODPOWIEDZIALNOŚCIĄ",,,,ACTIVE,16.10.Z:main
0000178304,"""HURTOWNIA LUBAWKA"" SPÓŁKA Z OGRANICZONĄ ODPOWIEDZIALNOŚCIĄ",,,,ACTIVE,16.10.Z:main
0000316043,"""HYDRO-MOST PROJEKT"" SPÓŁKA Z OGRANICZONĄ ODPOWIEDZIALNOŚCIĄ",,,,ACTIVE,16.10.Z:main
0000435048,"""HYDROBUDOWA BAŁTYK"" SPÓŁKA Z OGRANICZONĄ ODPOWIEDZIALNOŚCIĄ",,,,ACTIVE,16.10.Z:main
0000004115,"""ICM MEBLE"" SPÓŁKA Z OGRANICZONĄ ODPOWIEDZIALNOŚCIĄ",,,,ACTIVE,16.10.Z:main
0000356821,"""IDEA COMFORT ZBIGNIEW KUZYK I WSPÓLNICY"" SPÓŁKA JAWNA",,,,ACTIVE,16.10.Z:main
0000316237,"""IFK"" INTER-TRANS SPÓŁKA Z OGRANICZONĄ ODPOWIEDZIALNOŚCIĄ",,,,ACTIVE,16.10.Z:main
0000163242,"""IGNERA"" SPÓŁKA Z OGRANICZONĄ ODPOWIEDZIALNOŚCIĄ",,,,ACTIVE,16.10.Z:main
0000267982,"""IGNIS"" SPÓŁKA Z OGRANICZONĄ ODPOWIEDZIALNOŚCIĄ",,,,LIQUIDATION,16.10.Z:main
0000300615,"""ILBAU"" SPÓŁKA Z OGRANICZONĄ ODPOWIEDZIALNOŚCIĄ",,,,ACTIVE,16.10.Z:main
0000235154,"""IMAC"" SPÓŁKA Z OGRANICZONĄ ODPOWIEDZIALNOŚCIĄ",,,,ACTIVE,16.10.Z:main
0000182356,"""IMO"" SPÓŁKA Z OGRANICZONĄ ODPOWIEDZIALNOŚCIĄ",,,,ACTIVE,16.10.Z:main
0000477707,"""IMPACT MEBLE"" SPÓŁKI Z OGRANICZONĄ ODPOWIEDZIALNOŚCIĄ",,,,ACTIVE,16.10.Z:main
0000204299,"""IMPET"" SPÓŁKA Z OGRANICZONĄ ODPOWIEDZIALNOŚCIĄ",,,,ACTIVE,16.10.Z:main
0000006361,"""IMPEXZŁOM"" SPÓŁKA JAWNA J. GUL & U. A. STANKIEWICZ ZAKŁAD PRACY CHRONIONEJ",,,,ACTIVE,16.10.Z:main
0000400222,"""IMPRESA DI LUSSO"" SPÓŁKA Z OGRANICZONĄ ODPOWIEDZIALNOŚCIĄ",,,,LIQUIDATION,16.10.Z:main
0000095080,"""IMPRESS - P.PANKIEWICZ D.PANKIEWICZ SPÓŁKA JAWNA""",,,,ACTIVE,16.10.Z:main
0000314682,"""IMPROFEX - BAKKER DEVELOPER INVESTMENT"" SPÓŁKA Z OGRANICZONĄ ODPOWIEDZIALNOŚCIĄ",,,,ACTIVE,16.10.Z:main
0000316567,"""IMPROFEX"" SPÓŁKA Z OGRANICZONĄ ODPOWIEDZIALNOŚCIĄ",,,,ACTIVE,16.10.Z:main
0000170385,"""IMR"" SPÓŁKA Z OGRANICZONĄ ODPOWIEDZIALNOŚCIĄ",,,,ACTIVE,16.10.Z:main
0000191824,"""INCOBEX"" SPÓŁKA Z OGRANICZONĄ ODPOWIEDZIALNOŚCIĄ",,,,ACTIVE,16.10.Z:main
0000048501,"""INCOM""SPÓŁKA Z OGRANICZONĄ ODPOWIEDZIALNOŚCIĄ",,,,ACTIVE,16.10.Z:main
0000363201,"""INDREW"" SPÓŁKA Z OGRANICZONĄ ODPOWIEDZIALNOŚCIĄ",,,,ACTIVE,16.10.Z:main
0000363201,"""INDREW"" SPÓŁKA Z OGRANICZONĄ ODPOWIEDZIALNOŚCIĄ",,,,ACTIVE,16.10.Z:main
0000475680,"""INDUSTRIAL PACKAGING SOLUTIONS JELENIA GÓRA"" SPÓŁKA Z OGRANICZONĄ ODPOWIEDZIALNOŚCIĄ",,,,ACTIVE,16.10.Z:main
0000475680,"""INDUSTRIAL PACKAGING SOLUTIONS JELENIA GÓRA"" SPÓŁKA Z OGRANICZONĄ ODPOWIEDZIALNOŚCIĄ",,,,ACTIVE,16.10.Z:main
0000372388,"""INEXO"" SPÓŁKA Z OGRANICZONĄ ODPOWIEDZIALNOŚCIĄ",,,,ACTIVE,16.10.Z:main
0000329920,"""INFINIO"" SPÓŁKA Z OGRANICZONĄ ODPOWIEDZIALNOŚCIĄ",,,,LIQUIDATION,16.10.Z:main
0000452308,"""INFRA INVEST"" SPÓŁKA Z OGRANICZONĄ ODPOWIEDZIALNOŚCIĄ",,,,ACTIVE,16.10.Z:main
0000041986,"""INGOT"" SPÓŁKA Z OGRANICZONĄ ODPOWIEDZIALNOŚCIĄ",,,,ACTIVE,16.10.Z:main
0000041986,"""INGOT"" SPÓŁKA Z OGRANICZONĄ ODPOWIEDZIALNOŚCIĄ",,,,ACTIVE,16.10.Z:main
0000328534,"""INIUS"" SPÓŁKA Z OGRANICZONĄ ODPOWIEDZIALNOŚCIĄ",,,,ACTIVE,16.10.Z:main
0000211557,"""INOX"" SPÓŁKA Z OGRANICZONĄ ODPOWIEDZIALNOŚCIĄ",,,,ACTIVE,16.10.Z:main
0000237441,"""INSTAL CZUDEC ZAKŁAD SYSTEMÓW WENTYLACYJNYCH, KONSTRUKCYJNYCH I ODPYLAJĄCYCH"" SPÓŁKA Z OGRANICZONĄ ODPOWIEDZIALNOŚCIĄ",,,,ACTIVE,16.10.Z:main
0000237441,"""INSTAL CZUDEC ZAKŁAD SYSTEMÓW WENTYLACYJNYCH, KONSTRUKCYJNYCH I ODPYLAJĄCYCH"" SPÓŁKA Z OGRANICZONĄ ODPOWIEDZIALNOŚCIĄ",,,,ACTIVE,16.10.Z:main
0000375927,"""INSTYTUT INNOWACJI I NOWOCZESNYCH TECHNOLOGII W LOGISTYCE IM. WINCENTEGO NIESZOKOCIA"" SPÓŁKA Z OGRANICZONĄ ODPOWIEDZIALNOŚCIĄ",,,,LIQUIDATION,16.10.Z:main
0000308240,"""INSTYTUT NOWOCZESNYCH TECHNOLOGII"" SPÓŁKA Z OGRANICZONĄ ODPOWIEDZIALNOŚCIĄ",,,,ACTIVE,16.10.Z:main
0000323570,"""INTEGER BUDOWNICTWO I KONSERWACJA"" SPÓŁKA Z OGRANICZONĄ ODPOWIEDZIALNOŚCIĄ",,,,ACTIVE,16.10.Z:main
0000424302,"""INTEGRA"" SPÓŁKA Z OGRANICZONĄ ODPOWIEDZIALNOŚCIĄ",,,,ACTIVE,16.10.Z:main
0000328253,"""INTEKO"" SPÓŁKA Z OGRANICZONĄ ODPOWIEDZIALNOŚCIĄ",,,,ACTIVE,16.10.Z:main
0000328253,"""INTEKO"" SPÓŁKA Z OGRANICZONĄ ODPOWIEDZIALNOŚCIĄ",,,,ACTIVE,16.10.Z:main
0000328253,"""INTEKO"" SPÓŁKA Z OGRANICZONĄ ODPOWIEDZIALNOŚCIĄ",,,,ACTIVE,16.10.Z:main
0000132154,"""INTEOR"" SPÓŁKA Z OGRANICZONĄ ODPOWIEDZIALNOŚCIĄ",,,,ACTIVE,16.10.Z:main
0000277937,"""INTER - SYSTEM SERWIS - PRACA"" SPÓŁKA Z OGRANICZONĄ ODPOWIEDZIALNOŚCIĄ",,,,ACTIVE,16.10.Z:main
0000033638,"""INTER COMMERCE"" SPÓŁKA Z OGRANICZONĄ ODPOWIEDZIALNOŚCIĄ",,,,ACTIVE,16.10.Z:main
0000142106,"""INTER FORST POLSKA"" SPÓŁKA Z OGRANICZONĄ ODPOWIEDZIALNOŚCIĄ",,,,ACTIVE,16.10.Z:main
0000155780,"""INTER GROUP OF SCANDINAVIA"" SPÓŁKA Z OGRANICZONĄ ODPOWIEDZIALNOŚCIĄ",,,,ACTIVE,16.10.Z:main
0000358333,"""INTER WEST ACTIVE"" SPÓŁKA Z OGRANICZONĄ ODPOWIEDZIALNOŚCIĄ",,,,ACTIVE,16.10.Z:main
0000303307,"""INTER-BOR"" GRZEGORZ I WOJCIECH BORKOWSCY SPÓŁKA JAWNA",,,,ACTIVE,16.10.Z:main
0000303307,"""INTER-BOR"" GRZEGORZ I WOJCIECH BORKOWSCY SPÓŁKA JAWNA",,,,ACTIVE,16.10.Z:main
0000036919,"""INTER-KERAM"" SPÓŁKA Z OGRANICZONĄ ODPOWIEDZIALNOŚCIĄ",,,,ACTIVE,16.10.Z:main
0000327278,"""INTERBUD"" SPÓŁKA Z OGRANICZONĄ ODPOWIEDZIALNOŚCIĄ",,,,ACTIVE,16.10.Z:main
0000504656,"""INTERFOR FÓRMANOWICZ"" SPÓŁKA JAWNA",,,,ACTIVE,16.10.Z:main
0000482756,"""INTERMILK"" SPÓŁKA Z OGRANICZONĄ ODPOWIEDZIALNOŚCIĄ",,,,LIQUIDATION,16.10.Z:main
0000314162,"""INTERPELET"" SPÓŁKA Z OGRANICZONĄ ODPOWIEDZIALNOŚCIĄ",,,,ACTIVE,16.10.Z:main
0000153683,"""INTERSTER YACHTING"" SPÓŁKA Z OGRANICZONĄ ODPOWIEDZIALNOŚCIĄ",,,,ACTIVE,16.10.Z:main
0000236204,"""INTERWEST"" SPÓŁKA Z OGRANICZONĄ ODPOWIEDZIALNOŚCIĄ",,,,LIQUIDATION,16.10.Z:main
0000369791,"""INTRAS"" SPÓŁKA Z OGRANICZONĄ ODPOWIEDZIALNOŚCIĄ",,,,ACTIVE,16.10.Z:main
0000250988,"""INVEN"" SPÓŁKA Z OGRANICZONĄ ODPOWIEDZIALNOŚCIĄ",,,,ACTIVE,16.10.Z:main
0000285505,"""INVESCO"" SPÓŁKA Z OGRANICZONĄ ODPOWIEDZIALNOŚCIĄ",,,,ACTIVE,16.10.Z:main
0000203479,"""INVEST CLUB"" SPÓŁKA Z OGRANICZONA ODPOWIEDZIALNOŚCIĄ",,,,ACTIVE,16.10.Z:main
0000359108,"""INVEST EKO INSTAL"" SPÓŁKA Z OGRANICZONĄ ODPOWIEDZIALNOŚCIĄ",,,,ACTIVE,16.10.Z:main
0000311164,"""INVEST NIERUCHOMOŚCI SPÓŁKA Z OGRANICZONĄ ODPOWIEDZIALNOŚCIĄ"" SPÓŁKA KOMANDYTOWA",,,,ACTIVE,16.10.Z:main
0000217471,"""INVEST-BUD"" SPÓŁKA Z OGRANICZONĄ ODPOWIEDZIALNOŚCIĄ",,,,ACTIVE,16.10.Z:main
0000217471,"""INVEST-BUD"" SPÓŁKA Z OGRANICZONĄ ODPOWIEDZIALNOŚCIĄ",,,,ACTIVE,16.10.Z:main
0000015858,"""INVEST-MOT"" SPÓŁKA Z OGRANICZONĄ ODPOWIEDZIALNOŚCIĄ",,,,ACTIVE,16.10.Z:main
0000132028,"""INVEST-REM"" SPÓŁKA Z OGRANICZONĄ ODPOWIEDZIALNOŚCIĄ",,,,ACTIVE,16.10.Z:main
0000312303,"""INVEST-TOM"" T. SĘDŁAK SPÓŁKA JAWNA",,,,ACTIVE,16.10.Z:main
0000026195,"""INVESTPRO"" SPÓŁKA Z OGRANICZONĄ ODPOWIEDZIALNOŚCIĄ",,,,ACTIVE,16.10.Z:main
0000006376,"""INWEST-BUD"" SPÓŁKA Z OGRANICZONĄ ODPOWIEDZIALNOŚCIĄ",,,,ACTIVE,16.10.Z:main
0000081196,"""INWIT"" SPÓŁKA Z OGRANICZONĄ ODPOWIEDZIALNOŚCIĄ",,,,ACTIVE,16.10.Z:main
0000172336,"""IRCHA"" SPÓŁKA Z OGRANICZONĄ ODPOWIEDZIALNOŚCIĄ",,,,ACTIVE,16.10.Z:main
0000124520,"""IRYD"" SPÓŁKA Z OGRANICZONĄ ODPOWIEDZIALNOŚCIĄ",,,,ACTIVE,16.10.Z:main
0000146889,"""IRYS"" J.GABRYŚ, R.GABRYŚ SPÓŁKA JAWNA",,,,ACTIVE,16.10.Z:main
0000103252,"""ISKO DENIM"" SPÓŁKA Z OGRANICZONĄ ODPOWIEDZIALNOŚCIĄ",,,,ACTIVE,16.10.Z:main
0000376216,"""ITALPVC"" SPÓŁKA Z OGRANICZONĄ ODPOWIEDZIALNOŚCIĄ",,,,ACTIVE,16.10.Z:main
0000073499,"""IZOPANEL"" SPÓŁKA Z OGRANICZONĄ ODPOWIEDZIALNOŚCIĄ",,,,ACTIVE,16.10.Z:main
0000100245,"""J & D NOWAK"" SPÓŁKA Z OGRANICZONĄ ODPOWIEDZIALNOŚCIĄ",,,,ACTIVE,16.10.Z:main
0000444485,"""J&P PROPINUS"" SPÓŁKA Z OGRANICZONĄ ODPOWIEDZIALNOŚCIĄ",,,,ACTIVE,16.10.Z:main
0000327945,"""J.D.PROGRESS"" SPÓŁKA Z OGRANICZONĄ ODPOWIEDZIALNOŚCIĄ",,,,ACTIVE,16.10.Z:main
0000238386,"""J.K.BUDINVEST"" SPÓŁKA Z OGRANICZONĄ ODPOWIEDZIALNOŚCIĄ",,,,ACTIVE,16.10.Z:main
0000330431,"""JACHTAR"" SPÓŁKA Z OGRANICZONĄ ODPOWIEDZIALNOŚCIĄ",,,,ACTIVE,16.10.Z:main
0000256530,"""JACKDAW SPÓŁKA Z OGRANICZONĄ ODPOWIEDZIALNOŚCIĄ""",,,,ACTIVE,16.10.Z:main
0000310728,"""JAF POLSKA"" SPÓŁKA Z OGRANICZONĄ ODPOWIEDZIALNOŚCIĄ",,,,ACTIVE,16.10.Z:main
0000310728,"""JAF POLSKA"" SPÓŁKA Z OGRANICZONĄ ODPOWIEDZIALNOŚCIĄ",,,,ACTIVE,16.10.Z:main
0000154231,"""JAGRAM-PRO"" SPÓŁKA AKCYJNA",,,,ACTIVE,16.10.Z:main
0000373786,"""JAKOB INTERNATIONAL"" SPÓŁKA Z OGRANICZONĄ ODPOWIEDZIALNOŚCIĄ",,,,ACTIVE,16.10.Z:main
0000237368,"""JAMAR"" SPÓŁKA JAWNA DANIEL KLESZCZ KATARZYNA FRĄCZEK",,,,ACTIVE,16.10.Z:main
0000474413,"""JAMOX STRZELNO"" SPÓŁKA Z OGRANICZONĄ ODPOWIEDZIALNOŚCIĄ",,,,ACTIVE,16.10.Z:main
0000381516,"""JAN JOPEK"" SPÓŁKA Z OGRANICZONĄ ODPOWIEDZIALNOŚCIĄ",,,,ACTIVE,16.10.Z:main
0000371344,"""JANAR BIS"" SPÓŁKA Z OGRANICZONĄ ODPOWIEDZIALNOŚCIĄ",,,,ACTIVE,16.10.Z:main
0000059784,"""JANMAR""SPÓŁKA Z OGRANICZONĄ ODPOWIEDZIALNOŚCIĄ",,,,ACTIVE,16.10.Z:main
0000448958,"""JANTAR LOGISTYKA"" SPÓŁKA Z OGRANICZONĄ ODPOWIEDZIALNOŚCIĄ",,,,ACTIVE,16.10.Z:main
0000363852,"""JARKI EURO-TECH"" SPÓŁKA Z OGRANICZONĄ ODPOWIEDZIALNOŚCIĄ",,,,LIQUIDATION,16.10.Z:main
0000363852,"""JARKI EURO-TECH"" SPÓŁKA Z OGRANICZONĄ ODPOWIEDZIALNOŚCIĄ",,,,LIQUIDATION,16.10.Z:main
0000058802,"""JAROMIKS"" SPÓŁKA Z OGRANICZONĄ ODPOWIEDZIALNOŚCIĄ",,,,ACTIVE,16.10.Z:main
0000169784,"""JASTA"" SPÓŁKA Z OGRANICZONĄ ODPOWIEDZIALNOŚCIĄ",,,,ACTIVE,16.10.Z:main
0000084648,"""JAWA"" SPÓŁKA Z OGRANICZONĄ OPOWIEDZIALNOŚCIĄ",,,,ACTIVE,16.10.Z:main
0000067189,"""JAWOR"" ABRAMCZUK I WITKOWSKI SPÓŁKA JAWNA",,,,ACTIVE,16.10.Z:main
0000305619,"""JDE"" SPÓŁKA Z OGRANICZONĄ ODPOWIEDZIALNOŚCIĄ",,,,ACTIVE,16.10.Z:main
0000382525,"""JE TARTAK"" SPÓŁKA Z OGRANICZONĄ ODPOWIEDZIALNOŚCIĄ",,,,LIQUIDATION,16.10.Z:main
0000382525,"""JE TARTAK"" SPÓŁKA Z OGRANICZONĄ ODPOWIEDZIALNOŚCIĄ",,,,LIQUIDATION,16.10.Z:main
0000302618,"""JEDLINA"" SPÓŁKA Z OGRANICZINĄ ODPOWIEDZIALNOŚCIĄ",,,,ACTIVE,16.10.Z:main
0000155901,"""JEDYNKA"" ZAKŁAD PRODUKCJI STOLARSKIEJ MICHAŁ SZYMCZAK I PAWEŁ SIANKIEWICZ - SPÓŁKA JAWNA",,,,ACTIVE,16.10.Z:main
0000157224,"""JESKON"" SPÓŁKA Z OGRANICZONĄ ODPOWIEDZIALNOŚCIĄ",,,,ACTIVE,16.10.Z:main
0000695468,"""JET-TRANS LOGISTICS SPÓŁKA Z OGRANICZONĄ ODPOWIEDZIALNOŚCIĄ""",,,,ACTIVE,16.10.Z:main
0000135453,"""JF TRANSPORT"" SPÓŁKA Z OGRANICZONĄ ODPOWIEDZIALNOŚCIĄ",,,,ACTIVE,16.10.Z:main
0000493886,"""JGM"" SPÓŁKA Z OGRANICZONĄ ODPOWIEDZIALNOŚCIĄ",,,,ACTIVE,16.10.Z:main
0000014941,"""JHP-HOLDING"" SPÓŁKA Z OGRANICZONĄ ODPOWIEDZIALNOŚCIĄ",,,,ACTIVE,16.10.Z:main
0000427046,"""JOANNA"" JAN I JOANNA GRYKO SPÓŁKA JAWNA",,,,ACTIVE,16.10.Z:main
0000247983,"""JOHANNSEN METALL"" SPÓŁKA Z OGRANICZONĄ ODPOWIEDZIALNOŚCIĄ",,,,ACTIVE,16.10.Z:main
0000710763,"""JOKO"" SPÓŁKA Z OGRANICZONĄ ODPOWIEDZIALNOŚCIĄ SPÓŁKA KOMANDYTOWA",,,,ACTIVE,16.10.Z:main
0000081670,"""JOKPOL"" SPÓŁKA Z OGRANICZONĄ ODPOWIEDZIALNOŚCIĄ",,,,ACTIVE,16.10.Z:main
0000081670,"""JOKPOL"" SPÓŁKA Z OGRANICZONĄ ODPOWIEDZIALNOŚCIĄ",,,,ACTIVE,16.10.Z:main
0000120127,"""JOLTEX"" JAN GOŁUŃSKI JOLANTA GOŁUŃSKA SPÓŁKA JAWNA",,,,ACTIVE,16.10.Z:main
0000281870,"""JP TRÓLKA"" SPÓŁKA JAWNA",,,,ACTIVE,16.10.Z:main
0000416946,"""JTG"" SPÓŁKA Z OGRANICZONĄ ODPOWIEDZIALNOŚCIĄ",,,,ACTIVE,16.10.Z:main
0000416946,"""JTG"" SPÓŁKA Z OGRANICZONĄ ODPOWIEDZIALNOŚCIĄ",,,,ACTIVE,16.10.Z:main
0000012512,"""JUAN-J.SZAŁAŃSKI, A.WOŻNIAK"" SPÓŁKA JAWNA",,,,ACTIVE,16.10.Z:main
0000119521,"""JUKON ADVERTISING"" SPÓŁKA Z OGRANICZONĄ ODPOWIEDZIALNOŚCIĄ",,,,ACTIVE,16.10.Z:main
0000078900,"""JUNIKOST-T. I A. JUŹWICKI"" SPÓŁKA JAWNA",,,,ACTIVE,16.10.Z:main
0000151662,"""JURIMEX"" SPÓŁKA Z OGRANICZONĄ ODPOWIEDZIALNOŚCIĄ",,,,ACTIVE,16.10.Z:main
0000093965,"""JURMARK"" SPÓŁKA  Z OGRANICZONĄ ODPOWIEDZIALNOŚCIĄ",,,,LIQUIDATION,16.10.Z:main
0000131834,"""JUST-MAR"" SPÓŁKA Z OGRANICZONĄ ODPOWIEDZIALNOŚCIĄ",,,,ACTIVE,16.10.Z:main
0000153081,"""JUTAN"" SPÓŁKA Z OGRANICZONĄ ODPOWIEDZIALNOŚCIĄ",,,,ACTIVE,16.10.Z:main
0000153281,"""JW"" SPÓŁKA Z OGRANICZONĄ ODPOWIEDZIALNOŚCIĄ",,,,ACTIVE,16.10.Z:main
0000355979,"""JZ INVESTMENT"" SPÓŁKA Z OGRANICZONĄ ODPOWIEDZIALNOŚCIĄ",,,,ACTIVE,16.10.Z:main
0000335065,"""K.J. BETON-STAL-KONSTRUKCJE"" SPÓŁKA Z OGRANICZONĄ ODPOWIEDZIALNOŚCIĄ",,,,LIQUIDATION,16.10.Z:main
0000392622,"""K.K. INWESTOR"" SPÓŁKA Z OGRANICZONĄ ODPOWIEDZIALNOŚCIĄ",,,,ACTIVE,16.10.Z:main
0000115741,"""KABEX"" M I K BOGUNIA SPÓŁKA JAWNA",,,,ACTIVE,16.10.Z:main
0000115741,"""KABEX"" M I K BOGUNIA SPÓŁKA JAWNA",,,,ACTIVE,16.10.Z:main
0000115741,"""KABEX"" M I K BOGUNIA SPÓŁKA JAWNA",,,,ACTIVE,16.10.Z:main
0000211304,"""KABEX-PLUS"" SPÓŁKA Z OGRANICZONĄ ODPOWIEDZIALNOŚCIĄ",,,,ACTIVE,16.10.Z:main
0000143559,"""KABROL-BIS"" SPÓŁKA Z OGRANICZONĄ ODPOWIEDZIALNOŚCIĄ",,,,ACTIVE,16.10.Z:main
0000081063,"""KACZKAN"" ZAKŁAD PRODUKCJI DRZEWNEJ IMPORT-EXPORT JÓZEF I HENRYK KACZKAN SPÓŁKA JAWNA",,,,ACTIVE,16.10.Z:main
0000373243,"""KADOR"" SPÓŁKA Z OGRANICZONĄ ODPOWIEDZIALNOŚCIĄ",,,,ACTIVE,16.10.Z:main
0000163543,"""KALORIA"" SPÓŁKA Z OGRANICZONĄ ODPOWIEDZIALNOŚCIĄ",,,,ACTIVE,16.10.Z:main
0000357684,"""KAMIR"" SPÓŁKA Z OGRANICZONĄ ODPOWIEDZIALNOŚCIĄ",,,,ACTIVE,16.10.Z:main
0000357684,"""KAMIR"" SPÓŁKA Z OGRANICZONĄ ODPOWIEDZIALNOŚCIĄ",,,,ACTIVE,16.10.Z:main
0000232457,"""KANTO SPÓŁKA Z OGRANICZONĄ ODPOWIEDZIALNOŚCIĄ""",,,,LIQUIDATION,16.10.Z:main
0000400630,"""KAR-MATT"" SPÓŁKA JAWNA RYSZARD MIZIA, PIOTR WOŹNIAK",,,,ACTIVE,16.10.Z:main
0000010906,"""KARES"" SPÓŁKA Z OGRANICZONĄ ODPOWIEDZIALNOŚCIĄ",,,,LIQUIDATION,16.10.Z:main
0000416272,"""KARINA"" SPÓŁKA Z OGRANICZONĄ ODPOWIEDZIALNOŚCIĄ",,,,ACTIVE,16.10.Z:main
0000416272,"""KARINA"" SPÓŁKA Z OGRANICZONĄ ODPOWIEDZIALNOŚCIĄ",,,,ACTIVE,16.10.Z:main
0000383987,"""KARMA"" SPÓŁKA Z OGRANICZONĄ ODPOWIEDZIALNOŚCIĄ",,,,ACTIVE,16.10.Z:main
0000318917,"""KAROLCZAK GROUP"" SPÓŁKA Z OGRANICZONĄ ODPOWIEDZIALNOŚCIĄ",,,,ACTIVE,16.10.Z:main
0000202312,"""KARWEL.Z.JĘDRYCHOWSKI, K.REŃSKI. SPÓŁKA JAWNA""",,,,ACTIVE,16.10.Z:main
0000202312,"""KARWEL.Z.JĘDRYCHOWSKI, K.REŃSKI. SPÓŁKA JAWNA""",,,,ACTIVE,16.10.Z:main
0000062797,"""KATMAR"" SPÓŁKA Z OGRANICZONĄ ODPOWIEDZIALNOŚCIĄ",,,,LIQUIDATION,16.10.Z:main
0000329182,"""KATOLIK"" SPÓŁKA Z OGRANICZONĄ ODPOWIEDZIALNOŚCIĄ",,,,ACTIVE,16.10.Z:main
0000188363,"""KAZET"" SPÓŁKA Z OGRANICZONĄ ODPOWIEDZIALNOŚCIĄ",,,,ACTIVE,16.10.Z:main
0000234036,"""KB MOLDS"" SPÓŁKA Z OGRANICZONĄ ODPOWIEDZIALNOŚCIĄ",,,,ACTIVE,16.10.Z:main
0000443809,"""KB2"" SPÓŁKA Z OGRANICZONĄ ODPOWIEDZIALNOŚCIĄ",,,,LIQUIDATION,16.10.Z:main
0000192290,"""KENTDRUK"" PRZEDSIĘBIORSWO PRODUKCYJNO-USŁUGOWO-HANDLOWE SPÓŁKA Z OGRANICZONĄ ODPOWIEDZIALNOŚCIĄ",,,,ACTIVE,16.10.Z:main
0000221796,"""KERAD DUO"" SPÓŁKA Z OGRANICZONĄ ODPOWIEDZIALNOŚCIĄ",,,,ACTIVE,16.10.Z:main
0000264464,"""KEWES FLORISTIK POLSKA"" SPÓŁKA Z OGRANICZONĄ ODPOWIEDZIALNOŚCIĄ SPÓŁKA KOMANDYTOWA",,,,ACTIVE,16.10.Z:main
0000135787,"""KIESEL-POLSKA"" SPÓŁKA Z OGRANICZONĄ ODPOWIEDZIALNOŚCIĄ",,,,ACTIVE,16.10.Z:main
0000365918,"""KILIŃSKIEGO 6"" SPÓŁKA Z OGRANICZONĄ ODPOWIEDZIALNOŚCIĄ",,,,ACTIVE,16.10.Z:main
0000320816,"""KJS-M.SZURGOT"" SPÓŁKA Z OGRANICZONĄ ODPOWIEDZIALNOŚCIĄ",,,,LIQUIDATION,16.10.Z:main
0000121492,"""KLA-MAR"" SPÓŁKA Z OGRANICZONĄ ODPOWIEDZIALNOŚCIĄ",,,,ACTIVE,16.10.Z:main
0000124763,"""KLEOPATRA"" SPÓŁKA Z OGRANICZONĄ ODPOWIEDZIALNOŚCIĄ",,,,ACTIVE,16.10.Z:main
0000240917,"""KLIMAT"" KAJA I WSPÓLNICY SPÓŁKA JAWNA",,,,ACTIVE,16.10.Z:main
0000240917,"""KLIMAT"" KAJA I WSPÓLNICY SPÓŁKA JAWNA",,,,ACTIVE,16.10.Z:main
0000084938,"""KLIZA I WASZCZUK"" SPÓŁKA Z OGRANICZONĄ ODPOWIEDZIALNOŚCIĄ",,,,ACTIVE,16.10.Z:main
0000291211,"""KMR SYSTEM"" SPÓŁKA Z OGRANICZONĄ ODPOWIEDZIALNOŚCIĄ",,,,ACTIVE,16.10.Z:main
0000221614,"""KOBA- SPÓŁKA Z OGRANICZONĄ ODPOWIEDZIALNOŚCIĄ""",,,,ACTIVE,16.10.Z:main
0000412567,"""KOBYLAS"" SPÓŁKA Z OGRANICZONĄ ODPOWIEDZIALNOŚCIĄ",,,,ACTIVE,16.10.Z:main
0000085964,"""KODREWEX"" SPÓŁKA Z OGRANICZONĄ ODPOWIEDZIALNOŚCIĄ",,,,ACTIVE,16.10.Z:main
0000196952,"""KOGA"" SPÓŁKA Z OGRANICZONĄ ODPOWIEDZIALNOŚCIĄ",,,,ACTIVE,16.10.Z:main
0000273610,"""KOLEJ GONDOLOWA ŚWIERADÓW ZDRÓJ"" SPÓŁKA Z OGRANICZONĄ ODPOWIEDZIALNOŚCIĄ",,,,ACTIVE,16.10.Z:main
0000329523,"""KOMANDOR GDAŃSK"" SPÓŁKA AKCYJNA",,,,ACTIVE,16.10.Z:main
0000190672,"""KOMANDOR POMORZE"" SPÓŁKA AKCYJNA",,,,LIQUIDATION,16.10.Z:main
0000190672,"""KOMANDOR POMORZE"" SPÓŁKA AKCYJNA",,,,LIQUIDATION,16.10.Z:main
0000044321,"""KOMANDOR SZCZECIN Z.P."" SPÓŁKA AKCYJNA",,,,ACTIVE,16.10.Z:main
0000044321,"""KOMANDOR SZCZECIN Z.P."" SPÓŁKA AKCYJNA",,,,ACTIVE,16.10.Z:main
0000083067,"""KOMANDOR ŁÓDŹ"" SPÓŁKA AKCYJNA",,,,LIQUIDATION,16.10.Z:main
0000076722,"""KOMANDOR-OPOLE"" SPÓŁKA AKCYJNA",,,,LIQUIDATION,16.10.Z:main
0000519566,"""KOMAR"" SPÓŁKA Z OGRANICZONĄ ODPOWIEDZIALNOŚCIĄ",,,,ACTIVE,16.10.Z:main
0000078910,"""KOMEB"" SPÓŁKA Z OGRANICZONĄ ODPOWIEDZIALNOŚCIĄ",,,,ACTIVE,16.10.Z:main
0000078910,"""KOMEB"" SPÓŁKA Z OGRANICZONĄ ODPOWIEDZIALNOŚCIĄ",,,,ACTIVE,16.10.Z:main
0000261270,"""KOMITYWA"" SPÓŁKA Z OGRANICZONĄ ODPOWIEDZIALNOŚCIĄ",,,,LIQUIDATION,16.10.Z:main
0000283978,"""KOMPLEKS DREW"" SPÓŁKA Z OGRANICZONĄ ODPOWIEDZIALNOŚCIĄ",,,,ACTIVE,16.10.Z:main
0000370930,"""KOMPLEKSOWA OBSŁUGA BUDOWNICTWA EKOBUD"" SPÓŁKA Z OGRANICZONĄ ODPOWIEDZIALNOŚCIĄ",,,,ACTIVE,16.10.Z:main
0000074272,"""KOMPOSTECH"" SPÓŁKA Z OGRANICZONĄ ODPOWIEDZIALNOŚCIĄ",,,,ACTIVE,16.10.Z:main
0000248112,"""KONBET"" SPÓŁKA Z OGRANICZONĄ ODPOWIEDZIALNOŚCIĄ",,,,ACTIVE,16.10.Z:main
0000319908,"""KONBET"" SPÓŁKA Z OGRANICZONĄ ODPOWIEDZIALNOŚCIĄ SPÓŁKA KOMANDYTOWA",,,,ACTIVE,16.10.Z:main
0000194725,"""KONCEPT EKSPERT SERVICE"" SPÓŁKA Z OGRANICZONĄ ODPOWIEDZIALNOŚCIĄ",,,,ACTIVE,16.10.Z:main
0000165579,"""KONCEPT J.V."" SPÓŁKA Z OGRANICZONĄ ODPOWIEDZIALNOŚCIĄ",,,,ACTIVE,16.10.Z:main
0000165579,"""KONCEPT J.V."" SPÓŁKA Z OGRANICZONĄ ODPOWIEDZIALNOŚCIĄ",,,,ACTIVE,16.10.Z:main
0000124769,"""KONSART"" SPÓŁKA Z OGRANICZONĄ ODPOWIEDZIALNOŚCIĄ",,,,LIQUIDATION,16.10.Z:main
0000332146,"""KONSBET"" SPÓŁKA Z OGRANICZONĄ ODPOWIEDZIALNOŚCIĄ",,,,ACTIVE,16.10.Z:main
0000077009,"""KONTBUD"" - SPÓŁKA Z OGRANICZONĄ ODPOWIEDZIALNOŚCIĄ",,,,ACTIVE,16.10.Z:main
0000119727,"""KONWEKTPOL"" SPÓŁKA Z OGRANICZONĄ ODPOWIEDZIALNOŚCIĄ",,,,ACTIVE,16.10.Z:main
0000571691,"""KOPA"" SPÓŁKA Z OGRANICZONĄ ODPOWIEDZIALNOŚCIĄ",,,,ACTIVE,16.10.Z:main
0000154361,"""KOPART"" SPÓŁKA Z OGRANICZONĄ ODPOWIEDZIALNOŚCIĄ",,,,ACTIVE,16.10.Z:main
0000394258,"""KOPART"" SPÓŁKA Z OGRANICZONĄ ODPOWIEDZIALNOŚCIĄ SPÓŁKA KOMANDYTOWA",,,,ACTIVE,16.10.Z:main
0000072092,"""KOPER"" SPÓŁKA JAWNA",,,,ACTIVE,16.10.Z:main
0000345484,"""KOPERSKI I WSPÓLNICY"" SPÓŁKA JAWNA",,,,ACTIVE,16.10.Z:main
0000345484,"""KOPERSKI I WSPÓLNICY"" SPÓŁKA JAWNA",,,,ACTIVE,16.10.Z:main
0000029048,"""KOPEX INVESTMENT""
SPÓŁKA AKCYJNA",,,,ACTIVE,16.10.Z:main
0000029048,"""KOPEX INVESTMENT""
SPÓŁKA AKCYJNA",,,,ACTIVE,16.10.Z:main
0000297999,"""KOPEX-EKO SPÓŁKA Z OGRANICZONĄ ODPOWIEDZIALNOIŚCIĄ""",,,,ACTIVE,16.10.Z:main
0000067464,"""KORA"" L.JAMER, B.JAMER, W.IMIOŁO SPÓŁKA JAWNA",,,,ACTIVE,16.10.Z:main
0000067464,"""KORA"" L.JAMER, B.JAMER, W.IMIOŁO SPÓŁKA JAWNA",,,,ACTIVE,16.10.Z:main
0000147123,"""KORMIX"" SPÓŁKA Z OGRANICZONĄ ODPOWIEDZIALNOŚCIĄ",,,,ACTIVE,16.10.Z:main
0000110839,"""KORNELIA"" SPÓŁKA Z OGRANICZONĄ ODPOWIEDZIALNOŚCIĄ",,,,ACTIVE,16.10.Z:main
0000166612,"""KORONA HOLDING"" SPÓŁKA Z OGRANICZONĄ ODPOWIEDZIALNOŚCIĄ",,,,ACTIVE,16.10.Z:main
0000241579,"""KORPORACJA BUDOWLANA MARKOL"" SPÓŁKA Z OGRANICZONĄ ODPOWIEDZIALNOŚCIĄ",,,,ACTIVE,16.10.Z:main
0000091512,"""KORPORACJA LEXUS"" SPÓŁKA Z OGRANICZONĄ ODPOWIEDZIALNOŚCIĄ",,,,ACTIVE,16.10.Z:main
0000476481,"""KORPORACJABUDOWLANA.PL"" SPÓŁKA Z OGRANICZONĄ ODPOWIEDZIALNOŚCIĄ",,,,ACTIVE,16.10.Z:main
0000153596,"""KORTEXIM"" SPÓŁKA Z OGRANICZONĄ ODPOWIEDZIALNOŚCIĄ",,,,ACTIVE,16.10.Z:main
0000153596,"""KORTEXIM"" SPÓŁKA Z OGRANICZONĄ ODPOWIEDZIALNOŚCIĄ",,,,ACTIVE,16.10.Z:main
0000139503,"""KOSMAZ"" SPÓŁKA Z OGRANICZONĄ ODPOWIEDZIALNOŚCIĄ",,,,ACTIVE,16.10.Z:main
0000389795,"""KOSMOBUD"" SPÓŁKA Z OGRANICZONĄ ODPOWIEDZIALNOŚCIĄ",,,,ACTIVE,16.10.Z:main
0000125401,"""KOST-BET"" ZYGMUNT MATYJA, KRZYSZTOF MATYJA, PAWEŁ MATYJA SPÓŁKA JAWNA",,,,ACTIVE,16.10.Z:main
0000172175,"""KOWRYTEF"" SPÓŁKA Z OGRANICZONĄ ODPOWIEDZIALNOŚCIĄ",,,,ACTIVE,16.10.Z:main
0000043028,"""KOŁBON"" SPÓŁKA JAWNA ANTONI KOŁBON TADEUSZ KOŁBON",,,,ACTIVE,16.10.Z:main
0000144510,"""KP LAFT & PARKETT POLAND"" SPÓŁKA Z OGRANICZONĄ ODPOWIEDZIALNOŚCIĄ",,,,ACTIVE,16.10.Z:main
0000172385,"""KP PRZYPRAWY"" SPÓŁKA Z OGRANICZONĄ ODPOWIEDZIALNOŚCIĄ",,,,ACTIVE,16.10.Z:main
0000182260,"""KRAF EWA RACHWAŁ SPÓŁKA JAWNA""",,,,ACTIVE,16.10.Z:main
0000262841,"""KRATEGUS"" SPÓŁKA Z OGRANICZONĄ ODPOWIEDZIALNOŚCIĄ",,,,ACTIVE,16.10.Z:main
0000114291,"""KRC-OKNA DREWNIANE"" SPÓŁKA Z OGRANICZONĄ ODPOWIEDZIALNOŚCIĄ",,,,LIQUIDATION,16.10.Z:main
0000341997,"""KRENDUS METAL"" SPÓŁKA Z OGRANICZONĄ ODPOWIEDZIALNOŚCIĄ",,,,ACTIVE,16.10.Z:main
0000017588,"""KREPEL POLSKA""  SPÓŁKA Z OGRANICZONĄ ODPOWIEDZIALNOŚCIĄ",,,,ACTIVE,16.10.Z:main
0000218313,"""KRISBET"" SPÓŁKA Z OGRANICZONĄ ODPOWIEDZIALNOŚCIĄ",,,,ACTIVE,16.10.Z:main
0000218313,"""KRISBET"" SPÓŁKA Z OGRANICZONĄ ODPOWIEDZIALNOŚCIĄ",,,,ACTIVE,16.10.Z:main
0000116866,"""KROJCIG MEBEL JOINT VENTURE"" SPÓŁKA Z OGRANICZONĄ ODPOWIEDZIALNOŚCIĄ",,,,LIQUIDATION,16.10.Z:main
0000418690,"""KROK"" SPÓŁKA Z OGRANICZONĄ ODPOWIEDZIALNOŚCIĄ SPÓŁKA KOMANDYTOWO - AKCYJNA",,,,ACTIVE,16.10.Z:main
0000188729,"""KRONO-EŁK"" SPÓŁKA Z OGRANICZONĄ ODPOWIEDZIALNOŚCIĄ",,,,ACTIVE,16.10.Z:main
0000052023,"""KRONOPOL"" SPÓŁKA Z OGRANICZONĄ ODPOWIEDZIALNOŚCIĄ",,,,ACTIVE,16.10.Z:main
0000400044,"""KRZYWE POLE"" SPÓŁKA Z OGRANICZONĄ ODPOWIEDZIALNOŚCIĄ",,,,ACTIVE,16.10.Z:main
0000340318,"""KS15"" SPÓŁKA Z OGRANICZONĄ ODPOWIEDZIALNOŚCIĄ",,,,ACTIVE,16.10.Z:main
0000333596,"""KUDOWA ROCK"" SPÓŁKA Z OGRANICZONĄ ODPOWIEDZIALNOŚCIĄ",,,,LIQUIDATION,16.10.Z:main
0000333596,"""KUDOWA ROCK"" SPÓŁKA Z OGRANICZONĄ ODPOWIEDZIALNOŚCIĄ",,,,LIQUIDATION,16.10.Z:main
0000105602,"""KURP-DACH"" SPÓŁKA Z OGRANICZONĄ ODPOWIEDZIALNOŚCIĄ",,,,ACTIVE,16.10.Z:main
0000294719,"""KURT HAMRE POLAND LTD - SPÓŁKA Z OGRANICZONĄ ODPOWIEDZIALNOŚCIĄ""",,,,ACTIVE,16.10.Z:main
0000410396,"""KUZY"" SPÓŁKA Z OGRANICZONĄ ODPOWIEDZIALNOŚCIĄ",,,,LIQUIDATION,16.10.Z:main
0000033993,"""KUŹNIA KARKONOSKA"" SPÓŁKA Z OGRANICZONĄ ODPOWIEDZIALNOŚCIĄ",,,,ACTIVE,16.10.Z:main
0000285965,"""KW WOODEN FLOORS"" SPÓŁKA Z OGRANICZONĄ ODPOWIEDZIALNOŚCIĄ",,,,ACTIVE,16.10.Z:main
0000347870,"""KWADRANS"" SPÓŁKA Z OGRANICZONĄ ODPOWIEDZIALNOŚCIĄ",,,,ACTIVE,16.10.Z:main
0000250023,"""KWADRAT - KLEMENT SPÓŁKA JAWNA""",,,,ACTIVE,16.10.Z:main
0000089559,"""KWARC"" SPÓŁKA Z OGRANICZONĄ ODPOWIEDZIALNOŚIĄ",,,,LIQUIDATION,16.10.Z:main
0000413116,"""LA TRADE"" SPÓŁKA Z OGRANICZONĄ ODPOWIEDZIALNOŚCIĄ",,,,ACTIVE,16.10.Z:main
0000413116,"""LA TRADE"" SPÓŁKA Z OGRANICZONĄ ODPOWIEDZIALNOŚCIĄ",,,,ACTIVE,16.10.Z:main
0000346020,"""LACHOWICZ ENERGY PARTNER"" SPÓŁKA Z OGRANICZONĄ ODPOWIEDZIALNOŚCIĄ",,,,ACTIVE,16.10.Z:main
0000174810,"""LAMINAT"" SPÓŁKA Z OGRANICZONĄ ODPOWIEDZIALNOŚCIĄ",,,,ACTIVE,16.10.Z:main
0000174810,"""LAMINAT"" SPÓŁKA Z OGRANICZONĄ ODPOWIEDZIALNOŚCIĄ",,,,ACTIVE,16.10.Z:main
0000481007,"""LANDMARC SPÓŁKA Z OGRANICZONĄ ODPOWIEDZIALNOŚCIĄ W ORGANIZACJI"" SPÓŁKA KOMANDYTOWA",,,,ACTIVE,16.10.Z:main
0000516887,"""LAPIS"" SPÓŁKA Z OGRANICZONĄ ODPOWIEDZIALNOŚCIĄ",,,,LIQUIDATION,16.10.Z:main
0000176855,"""LARGO"" SPÓŁKA Z OGRANICZONĄ ODPOWIEDZIALNOŚCIĄ",,,,ACTIVE,16.10.Z:main
0000209355,"""LARIX"" SPÓŁKA Z OGRANICZONĄ ODPOWIEDZIALNOŚCIĄ",,,,ACTIVE,16.10.Z:main
0000192112,"""LARIX"" SPÓŁKA Z OGRANICZONĄ ODPOWIEDZIALNOŚCIĄ",,,,ACTIVE,16.10.Z:main
0000192112,"""LARIX"" SPÓŁKA Z OGRANICZONĄ ODPOWIEDZIALNOŚCIĄ",,,,ACTIVE,16.10.Z:main
0000192112,"""LARIX"" SPÓŁKA Z OGRANICZONĄ ODPOWIEDZIALNOŚCIĄ",,,,ACTIVE,16.10.Z:main
0000302703,"""LATAJĄCA ŻYRAFA"" SPÓŁKA Z OGRANICZONĄ ODPOWIEDZIALNOŚCIĄ",,,,ACTIVE,16.10.Z:main
0000335091,"""LAURA TOSCANI POLSKA"" SPÓŁKA Z OGRANICZONĄ ODPOWIEDZIALNOŚCIĄ",,,,ACTIVE,16.10.Z:main
0000468356,"""LAVINIA XXVII"" SPÓŁKA Z OGRANICZONĄ ODPOWIEDZIALNOŚCIĄ",,,,ACTIVE,16.10.Z:main
0000147936,"""LAWA"" SPÓŁKA Z OGRANICZONĄ ODPOWIEDZIALNOŚCIĄ",,,,ACTIVE,16.10.Z:main
0000280274,"""LB"" GMBH SPÓŁKA Z OGRANICZONĄ ODPOWIEDZIALNOŚCIĄ",,,,ACTIVE,16.10.Z:main
0000458190,"""LBW CONSTRUCTION"" SPÓŁKA Z OGRANICZONĄ ODPOWIEDZIALNOŚCIĄ",,,,ACTIVE,16.10.Z:main
0000376364,"""LC INVESTMENT"" SPÓŁKA Z OGRANICZONĄ ODPOWIEDZIALNOŚCIĄ",,,,ACTIVE,16.10.Z:main
0000113135,"""LEDA"" - SPÓŁKA Z OGRANICZONĄ ODPOWIEDZIALNOŚCIĄ",,,,ACTIVE,16.10.Z:main
0000208839,"""LEGWAN"" SPÓŁKA Z OGRANICZONĄ ODPOWIEDZIALNOŚCIĄ",,,,ACTIVE,16.10.Z:main
0000400531,"""LEKARZ RODZINNY"" SPÓŁKA Z OGRANICZONĄ ODPOWIEDZIALNOŚCIĄ",,,,ACTIVE,16.10.Z:main
0000334086,"""LEMAIMPEX"" SPÓŁKA Z OGRANICZONĄ ODPOWIEDZIALNOŚCIĄ",,,,ACTIVE,16.10.Z:main
0000150606,"""LENA-ŁUBOWO"" M.MARUT, J.GRZECZKA  SPÓŁKA JAWNA",,,,ACTIVE,16.10.Z:main
0000204781,"""LEST"" INVESTMENT INTERNATIONAL GMBH SPÓŁKA Z OGRANICZONĄ ODPOWIEDZIALNOŚCIĄ",,,,ACTIVE,16.10.Z:main
0000204781,"""LEST"" INVESTMENT INTERNATIONAL GMBH SPÓŁKA Z OGRANICZONĄ ODPOWIEDZIALNOŚCIĄ",,,,ACTIVE,16.10.Z:main
0000139612,"""LESZ"" SPÓŁKA Z OGRANICZONĄ ODPOWIEDZIALNOŚCIĄ",,,,ACTIVE,16.10.Z:main
0000273374,"""LEŚNY ZDRÓJ"" SPÓŁKA Z OGRANICZONĄ ODPOWIEDZIALNOŚCIĄ",,,,ACTIVE,16.10.Z:main
0000248127,"""LIBER"" SPÓŁKA Z OGRANICZONĄ ODPOWIEDZIALNOŚCIĄ",,,,ACTIVE,16.10.Z:main
0000253683,"""LIDER-POLSKA"" SPÓŁKA Z OGRANICZONĄ ODPOWIEDZIALNOŚCIĄ",,,,ACTIVE,16.10.Z:main
0000433451,"""LIGNAPOL"" SPÓŁKA Z OGRANICZONĄ ODPOWIEDZIALNOŚCIĄ",,,,ACTIVE,16.10.Z:main
0000246411,"""LIGĘZA"" SPÓŁKA Z OGRANICZONĄ ODPOWIEDZIALNOŚCIĄ",,,,ACTIVE,16.10.Z:main
0000418009,"""LIMBA"" SPÓŁKA Z OGRANICZONĄ ODPOWIEDZIALNOŚCIĄ",,,,ACTIVE,16.10.Z:main
0000229664,"""LIMEX PLUS"" SPÓŁKA Z OGRANICZONĄ ODPOWIEDZIALNOŚCIĄ",,,,ACTIVE,16.10.Z:main
0000194610,"""LO - CASH"" SPÓŁKA Z OGRANICZONĄ ODPOWIEDZIALNOŚCIĄ",,,,ACTIVE,16.10.Z:main
0000319021,"""LOCUS SECURITY UNO"" SPÓŁKA Z OGRANICZONĄ ODPOWIEDZIALNOŚCIĄ SPÓŁKA KOMANDYTOWA",,,,ACTIVE,16.10.Z:main
0000320218,"""LOCUS SECURITY"" SPÓŁKA Z OGRANICZONĄ ODPOWIEDZIALNOŚCIĄ SPÓŁKA KOMANDYTOWA",,,,ACTIVE,16.10.Z:main
0000298053,"""LOMAR"" SPÓŁKA Z OGRANICZONĄ ODPOWIEDZIALNOŚCIĄ",,,,ACTIVE,16.10.Z:main
0000477033,"""LONKE"" KRZYSZTOF PERSZKE SPÓŁKA Z OGRANICZONĄ ODPOWIEDZIALNOŚCIĄ",,,,ACTIVE,16.10.Z:main
0000477033,"""LONKE"" KRZYSZTOF PERSZKE SPÓŁKA Z OGRANICZONĄ ODPOWIEDZIALNOŚCIĄ",,,,ACTIVE,16.10.Z:main
0000172544,"""LOOK FOR STAFF"" SPÓŁKA Z OGRANICZONĄ ODPOWIEDZIALNOŚCIĄ",,,,ACTIVE,16.10.Z:main
0000270775,"""LOOTOR"" SPÓŁKA Z OGRANICZONĄ ODPOWIEDZIALNOŚCIĄ",,,,ACTIVE,16.10.Z:main
0000518685,"""LOTKA"" SPÓŁKA Z OGRANICZONĄ ODPOWIEDZIALNOŚCIĄ",,,,ACTIVE,16.10.Z:main
0000020854,"""LUBA' FIRMA HANDLOWA W.BIELA, J.MAŁECKI   SPÓŁKA JAWNA",,,,ACTIVE,16.10.Z:main
0000118376,"""LUBO - IMPREGNACJA"" SPÓŁKA Z OGRANICZONĄ ODPOWIEDZIALNOŚCIĄ",,,,LIQUIDATION,16.10.Z:main
0000340117,"""LUCJAN"" ARTUR MIKOŁAJSKI I JOANNA KRASKOWSKA SPÓŁKA JAWNA",,,,ACTIVE,16.10.Z:main
0000466517,"""M&A CREATION"" SPÓŁKA Z OGRANICZONĄ ODPOWIEDZIALNOŚCIĄ",,,,ACTIVE,16.10.Z:main
0000466517,"""M&A CREATION"" SPÓŁKA Z OGRANICZONĄ ODPOWIEDZIALNOŚCIĄ",,,,ACTIVE,16.10.Z:main
0000211635,"""M&K IMMOBILIEN"" SPÓŁKA Z OGRANICZONĄ ODPOWIEDZIALNOŚCIĄ",,,,ACTIVE,16.10.Z:main
0000005702,"""M-S M.BUKOWIAN I INNI"" SPÓŁKA JAWNA",,,,ACTIVE,16.10.Z:main
0000057175,"""M.G.IMPEX"" SPÓŁKA Z OGRANICZONĄ ODPOWIEDZIALNOŚCIĄ",,,,ACTIVE,16.10.Z:main
0000036513,"""M.H.O - POZ"" SPÓŁKA Z OGRANICZONĄ ODPOWIEDZIALNOŚCIĄ",,,,ACTIVE,16.10.Z:main
0000498144,"""M.J.M."" SPÓŁKA Z OGRANICZONĄ ODPOWIEDZIALNOŚCIĄ",,,,ACTIVE,16.10.Z:main
0000176141,"""M.MEBLAND"" SPÓŁKA Z OGRANICZONĄ ODPOWIEDZIALNOŚCIĄ",,,,ACTIVE,16.10.Z:main
0000347744,"""M.S. WOJSK. LASKOWSKI SPÓŁKA JAWNA""",,,,ACTIVE,16.10.Z:main
0000759838,"""M2VS"" SPÓŁKA Z OGRANICZONĄ ODPOWIEDZIALNOŚCIĄ",,,,LIQUIDATION,16.10.Z:main
0000415977,"""MA-DA"" SPÓŁKA Z OGRANICZONĄ ODPOWIEDZIALNOŚCIĄ",,,,ACTIVE,16.10.Z:main
0000511709,"""MAAD"" SPÓŁKA Z OGRANICZONĄ ODPOWIEDZIALNOŚCIĄ",,,,LIQUIDATION,16.10.Z:main
0000511709,"""MAAD"" SPÓŁKA Z OGRANICZONĄ ODPOWIEDZIALNOŚCIĄ",,,,LIQUIDATION,16.10.Z:main
0000195566,"""MAAT"" SPÓŁKA Z OGRANICZONĄ ODPOWIEDZIALNOŚCIĄ",,,,ACTIVE,16.10.Z:main
0000507241,"""MABE"" SPÓŁKA Z OGRANICZONĄ ODPOWIEDZIALNOŚCIĄ",,,,ACTIVE,16.10.Z:main
0000507241,"""MABE"" SPÓŁKA Z OGRANICZONĄ ODPOWIEDZIALNOŚCIĄ",,,,ACTIVE,16.10.Z:main
0000177301,"""MABENA"" SPÓŁKA Z OGRANICZONĄ ODPOWIEDZIALNOŚCIĄ",,,,ACTIVE,16.10.Z:main
0000261819,"""MABUDO"" SPÓŁKA Z OGRANICZONĄ ODPOWIEDZIALNOŚCIĄ",,,,ACTIVE,16.10.Z:main
0000046406,"""MAC DEAN HOLDING LTD"" JOINT VENTURE SPÓŁKA Z OGRANICZONĄ ODPOWIEDZIALNOŚCIĄ",,,,LIQUIDATION,16.10.Z:main
0000194219,"""MACHAJ"" SPÓŁKA Z OGRANICZONĄ ODPOWIEDZIALNOŚCIĄ",,,,ACTIVE,16.10.Z:main
0000510567,"""MACHAJ"" SPÓŁKA Z OGRANICZONĄ ODPOWIEDZIALNOŚCIĄ",,,,ACTIVE,16.10.Z:main
0000360315,"""MAD-DREW"" SPÓŁKA Z OGRANICZONĄ ODPOWIEDZIALNOŚCIĄ",,,,LIQUIDATION,16.10.Z:main
0000225944,"""MAGIC WOOD POLAND"" SPÓŁKA Z OGRANICZONĄ ODPOWIEDZIALNOŚCIĄ",,,,ACTIVE,16.10.Z:main
0000092163,"""MAGISTER KRYSTYNA SOWIŃSKA I S-KA"" SPÓŁKA Z OGRANICZONĄ ODPOWIEDZIALNOŚCIĄ",,,,LIQUIDATION,16.10.Z:main
0000092163,"""MAGISTER KRYSTYNA SOWIŃSKA I S-KA"" SPÓŁKA Z OGRANICZONĄ ODPOWIEDZIALNOŚCIĄ",,,,LIQUIDATION,16.10.Z:main
0000291649,"""MAGNUS K. WASIAK SPÓŁKA JAWNA""",,,,ACTIVE,16.10.Z:main
0000205964,"""MAGNUS"" SPÓŁKA Z OGRANICZONĄ ODPOWIEDZIALNOŚCIĄ",,,,LIQUIDATION,16.10.Z:main
0000205964,"""MAGNUS"" SPÓŁKA Z OGRANICZONĄ ODPOWIEDZIALNOŚCIĄ",,,,LIQUIDATION,16.10.Z:main
0000018793,"""MAGROS"" MAREK ŻOŁĄDEK, FRANCISZKA ŻOŁĄDEK SPÓŁKA JAWNA",,,,ACTIVE,16.10.Z:main
0000263196,"""MAJA"" SPÓŁKA Z OGRANICZONĄ ODPOWIEDZIALNOŚCIĄ",,,,ACTIVE,16.10.Z:main
0000504889,"""MAJCHRZAK TRANSPORT SPEDYCJA LOGISTYKA"" SPÓŁKA Z OGRANICZONĄ ODPOWIEDZIALNOŚCIĄ SPÓŁKA KOMANDYTOWA",,,,ACTIVE,16.10.Z:main
0000308405,"""MAJEWSKI I WSPÓLNICY"" SPÓŁKA KOMANDYTOWA",,,,LIQUIDATION,16.10.Z:main
0000308405,"""MAJEWSKI I WSPÓLNICY"" SPÓŁKA KOMANDYTOWA",,,,LIQUIDATION,16.10.Z:main
0000115802,"""MAJĄTEK ROGALIN"" SPÓŁKA Z OGRANICZONĄ ODPOWIEDZIALNOŚCIĄ",,,,ACTIVE,16.10.Z:main
0000379959,"""MAKER-BIS"" SPÓŁKA Z OGRANICZONĄ ODPOWIEDZIALNOŚCIĄ",,,,ACTIVE,16.10.Z:main
0000122836,"""MAKPOL"" SPÓŁKA Z OGRANICZONĄ ODPOWIEDZIALNOŚCIĄ",,,,ACTIVE,16.10.Z:main
0000122836,"""MAKPOL"" SPÓŁKA Z OGRANICZONĄ ODPOWIEDZIALNOŚCIĄ",,,,ACTIVE,16.10.Z:main
0000128152,"""MAKROPOL"" SPÓŁKA Z OGRANICZONĄ ODPOWIEDZIALNOŚCIĄ",,,,ACTIVE,16.10.Z:main
0000307961,"""MALLAND POLSKA"" SPÓŁKA Z OGRANICZONĄ ODPOWIEDZIALNOŚCIĄ",,,,ACTIVE,16.10.Z:main
0000307961,"""MALLAND POLSKA"" SPÓŁKA Z OGRANICZONĄ ODPOWIEDZIALNOŚCIĄ",,,,ACTIVE,16.10.Z:main
0000360747,"""MALTABUD - INWESTYCJE"" SPÓŁKA Z OGRANICZONĄ ODPOWIEDZIALNOŚCIĄ",,,,ACTIVE,16.10.Z:main
0000364791,"""MAN AT WORK SPÓŁKA Z OGRANICZONĄ ODPOWIEDZIALNOŚCIĄ"" SPÓŁKA KOMANDYTOWA",,,,LIQUIDATION,16.10.Z:main
0000358554,"""MAN AT WORK"" SPÓŁKA Z OGRANICZONA ODPOWIEDZIALNOŚCIĄ",,,,ACTIVE,16.10.Z:main
0000052699,"""MAR-KOKS"" KRASOWSKI, SZEWCZYK SPÓŁKA JAWNA",,,,ACTIVE,16.10.Z:main
0000432244,"""MARAM SPÓŁKA Z OGRANICZONĄ ODPOWIEDZIALNOŚCIĄ SPÓŁKA KOMANDYTOWA""",,,,LIQUIDATION,16.10.Z:main
0000068921,"""MARBEL"" SPÓŁKA Z OGRANICZONĄ ODPOWIEDZIALNOŚCIĄ",,,,ACTIVE,16.10.Z:main
0000057495,"""MARBO"" - SPÓŁKA Z OGRANICZONĄ ODPOWIEDZIALNOŚCIĄ",,,,ACTIVE,16.10.Z:main
0000315616,"""MARCELIN MANAGEMENT""  SPÓŁKA Z OGRANICZONĄ ODPOWIEDZIALNOŚCIĄ",,,,ACTIVE,16.10.Z:main
0000210559,"""MARCO-POLO"" SPÓŁKA Z OGRANICZONĄ ODPOWIEDZIALNOŚCIĄ",,,,LIQUIDATION,16.10.Z:main
0000311912,"""MARGO POLSKA"" SPÓŁKA Z OGRANICZONĄ ODPOWIEDZIALNOŚCIĄ",,,,ACTIVE,16.10.Z:main
0000102238,"""MARINO"" SPÓŁKA Z OGRANICZONĄ ODPOWIEDZIALNOŚCIĄ",,,,ACTIVE,16.10.Z:main
0000140892,"""MARION SPÓŁKA Z OGRANICZONĄ ODPOWIEDZIALNOŚCIĄ""",,,,ACTIVE,16.10.Z:main
0000022568,"""MARKAT"" A.Z.BRÓZDA SPÓŁKA JAWNA",,,,ACTIVE,16.10.Z:main
0000064416,"""MARKET - S & T"" SPÓŁKA Z OGRANICZONĄ ODPOWIEDZIALNOŚCIĄ",,,,LIQUIDATION,16.10.Z:main
0000310315,"""MARKOWSKI"" SPÓŁKA Z OGRANICZONĄ ODPOWIEDZIALNOŚCIĄ",,,,LIQUIDATION,16.10.Z:main
0000310315,"""MARKOWSKI"" SPÓŁKA Z OGRANICZONĄ ODPOWIEDZIALNOŚCIĄ",,,,LIQUIDATION,16.10.Z:main
0000247754,"""MARMUR"" SŁAWNIOWICE SPÓŁKA Z OGRANICZONĄ ODPOWIEDZIALNOŚCIĄ",,,,ACTIVE,16.10.Z:main
0000307220,"""MARPOL"" SPÓŁKA Z OGRANICZONĄ ODPOWIEDZIALNOŚCIĄ",,,,ACTIVE,16.10.Z:main
0000078879,"""MARR AND KROLL"" SPÓŁKA Z OGRANICZONĄ ODPOWIEDZIALNOŚCIĄ",,,,ACTIVE,16.10.Z:main
0000190378,"""MARSCHOLLEK - REPREZENTANT RWE AG"" SPÓŁKA Z OGRANICZONĄ ODPOWIEDZIALNOŚCIĄ",,,,ACTIVE,16.10.Z:main
0000056436,"""MASA-DECOR POLSKA"" SPÓŁKA Z OGRANICZONĄ ODPOWIEDZIALNOŚCIĄ",,,,ACTIVE,16.10.Z:main
0000128848,"""MASTERFIX POLAND LTD"" SPÓŁKA Z OGRANICZONĄ ODPOWIEDZIALNOŚCIĄ",,,,ACTIVE,16.10.Z:main
0000128848,"""MASTERFIX POLAND LTD"" SPÓŁKA Z OGRANICZONĄ ODPOWIEDZIALNOŚCIĄ",,,,ACTIVE,16.10.Z:main
0000591245,"""MAT-TAR"" SPÓŁKA Z OGRANICZONĄ ODPOWIEDZIALNOŚCIĄ",,,,ACTIVE,16.10.Z:main
0000332843,"""MATEJKO DEVELOPMENT"" SPÓŁKA Z OGRANICZONĄ ODPOWIEDZIALNOŚCIĄ",,,,ACTIVE,16.10.Z:main
0000406235,"""MATELDA"" SPÓŁKA Z OGRANICZONĄ ODPOWIEDZIALNOŚCIĄ",,,,ACTIVE,16.10.Z:main
0000101728,"""MATERIAŁY BUDOWLANE"" SPÓŁKA Z OGRANICZONĄ ODPOWIEDZIALNOŚCIĄ",,,,ACTIVE,16.10.Z:main
0000189663,"""MATEXIM"" SPÓŁKA Z OGRANICZONĄ ODPOWIEDZIALNOŚCIĄ",,,,LIQUIDATION,16.10.Z:main
0000311776,"""MAVOBIN-M.ORLIK I W.BINEROWSKI"" SPÓŁKA JAWNA",,,,ACTIVE,16.10.Z:main
0000502492,"""MAW LOGISTICS SPÓŁKA Z OGRANICZONĄ ODPOWIEDZIALNOŚCIĄ"" SPÓŁKA KOMANDYTOWA",,,,ACTIVE,16.10.Z:main
0000494767,"""MAW LOGISTICS"" SPÓŁKA Z OGRANICZONĄ ODPOWIEDZIALNOŚCIĄ",,,,LIQUIDATION,16.10.Z:main
0000255683,"""MAWA-TECH"" STASIKOWSKI SPÓŁKA JAWNA",,,,ACTIVE,16.10.Z:main
0000393078,"""MAX - FRANCISZEK MAZUREK"" SPÓŁKA KOMANDYTOWA",,,,LIQUIDATION,16.10.Z:main
0000114270,"""MAX PARKIET"" SPÓŁKA Z OGRANICZONĄ ODPOWIEDZIALNOŚCIĄ",,,,ACTIVE,16.10.Z:main
0000287482,"""MAXIM"" SPÓŁKA Z OGRANICZONĄ ODPOWIEDZIALNOŚCIĄ",,,,LIQUIDATION,16.10.Z:main
0000023949,"""MAXIMAR"" PRZEDSIĘBIORSTWO PRODUKCYJNO-HANDLOWO-
USŁUGOWE PRUSISZ KRAKOWIŃSKI SPÓŁKA JAWNA",,,,ACTIVE,16.10.Z:main
0000146693,"""MAXITECH"" SPÓŁKA Z OGRANICZONĄ ODPOWIEDZIALNOŚCIĄ",,,,LIQUIDATION,16.10.Z:main
0000235675,"""MAYGRUP"" SPÓŁKA Z OGRANICZONĄ ODPOWIEDZIALNOŚCIĄ",,,,ACTIVE,16.10.Z:main
0000106437,"""MAZOWIECKA FABRYKA OKIEN I DRZWI"" SPÓŁKA Z OGRANICZONĄ ODPOWIEDZIALNOŚCIĄ",,,,ACTIVE,16.10.Z:main
0000517559,"""MAZURSKA DESIGN"" SPÓŁKA Z OGRANICZONĄ ODPOWIEDZIALNOŚCIĄ",,,,LIQUIDATION,16.10.Z:main
0000517559,"""MAZURSKA DESIGN"" SPÓŁKA Z OGRANICZONĄ ODPOWIEDZIALNOŚCIĄ",,,,LIQUIDATION,16.10.Z:main
0000407802,"""MAZURSKIE DREWNO"" SPÓŁKA Z OGRANICZONĄ ODPOWIEDZIALNOŚCIĄ",,,,ACTIVE,16.10.Z:main
0000407802,"""MAZURSKIE DREWNO"" SPÓŁKA Z OGRANICZONĄ ODPOWIEDZIALNOŚCIĄ",,,,ACTIVE,16.10.Z:main
0000082554,"""MAZURY 2001"" SPÓŁKA Z OGRANICZONĄ ODPOWIEDZIALNOŚCIĄ",,,,ACTIVE,16.10.Z:main
0000009445,"""MB MEBLE BARCZEWO"" SPÓŁKA Z OGRANICZONĄ ODPOWIEDZIALNOŚCIĄ",,,,ACTIVE,16.10.Z:main
0000346084,"""MBK FRUCTOS"" SPÓŁKA Z OGRANICZONĄ ODPOWIEDZIALNOŚCIĄ",,,,ACTIVE,16.10.Z:main
0000061924,"""MD"" SPÓŁKA Z OGRANICZONĄ ODPOWIEDZIALNOŚCIĄ",,,,ACTIVE,16.10.Z:main
0000049691,"""MEBEL ART"" SPÓŁKA Z OGRANICZONĄ ODPOWIEDZIALNOŚCIĄ",,,,ACTIVE,16.10.Z:main
0000049691,"""MEBEL ART"" SPÓŁKA Z OGRANICZONĄ ODPOWIEDZIALNOŚCIĄ",,,,ACTIVE,16.10.Z:main
0000494030,"""MEBLE CEGLEWSKI"" SPÓŁKA Z OGRANICZONĄ ODPOWIEDZIALNOŚCIĄ SPÓŁKA KOMANDYTOWA",,,,ACTIVE,16.10.Z:main
0000317623,"""MEBLE RADOMSKO KONTRAKT"" SPÓŁKA Z OGRANICZONĄ ODPOWIEDZIALNOŚCIĄ",,,,ACTIVE,16.10.Z:main
0000069175,"""MEBLE ROJA"" SPÓŁKA Z OGRANICZONĄ ODPOWIEDZIALNOŚCIĄ",,,,LIQUIDATION,16.10.Z:main
0000335642,"""MEBLE SWARZĘDZKIE"" SPÓŁKA Z OGRANICZONĄ ODPOWIEDZIALNOŚCIĄ",,,,LIQUIDATION,16.10.Z:main
0000140522,"""MEBLE-OKMED"" DEMKO - SPÓŁKA JAWNA",,,,ACTIVE,16.10.Z:main
0000279114,"""MEBLOBUD J. SEREK, R. SEREK, R. SEREK"" SPÓŁKA JAWNA",,,,ACTIVE,16.10.Z:main
0000329513,"""MEBLOMARKET RK"" SPÓŁKA Z OGRANICZONĄ ODPOWIEDZIALNOŚCIĄ",,,,ACTIVE,16.10.Z:main
0000117211,"""MEBLOMIR"" SPÓŁKA Z OGRANICZONĄ ODPOWIEDZIALNOŚCIĄ",,,,ACTIVE,16.10.Z:main
0000117211,"""MEBLOMIR"" SPÓŁKA Z OGRANICZONĄ ODPOWIEDZIALNOŚCIĄ",,,,ACTIVE,16.10.Z:main
0000218178,"""MEBLOSTYL"" SPÓŁKA Z OGRANICZONĄ ODPOWIEDZIALNOŚCIĄ",,,,ACTIVE,16.10.Z:main
0000305992,"""MEDA VENEER"" SPÓŁKA Z OGRANICZONĄ ODPOWIEDZIALNOŚCIĄ",,,,ACTIVE,16.10.Z:main
0000305992,"""MEDA VENEER"" SPÓŁKA Z OGRANICZONĄ ODPOWIEDZIALNOŚCIĄ",,,,ACTIVE,16.10.Z:main
0000079435,"""MEDI-COR"" SPÓŁKA Z OGRANICZONĄ ODPOWIEDZIALNOŚCIĄ",,,,ACTIVE,16.10.Z:main
0000146093,"""MEDIA SOLUTIONS"" SPÓŁKA Z OGRANICZONĄ ODPOWIEDZIALNOŚCIĄ",,,,ACTIVE,16.10.Z:main
0000065255,"""MEDRE"" SPÓŁKA Z OGRANICZONĄ ODPOWIEDZIALNOŚCIĄ",,,,ACTIVE,16.10.Z:main
0000385167,"""MEGAMAC"" SPÓŁKA Z OGRANICZONĄ ODPOWIEDZIALNOŚCIĄ",,,,ACTIVE,16.10.Z:main
0000120080,"""MEGAZEC"" SPÓŁKA Z OGRANICZONĄ ODPOWIEDZIALNOŚCIĄ",,,,ACTIVE,16.10.Z:main
0000525288,"""MERBAU"" SPÓŁKA Z OGRANICZONĄ ODPOWIEDZIALNOŚCIĄ",,,,ACTIVE,16.10.Z:main
0000480058,"""MERCER WOOD"" SPÓŁKA Z OGRANICZONĄ ODPOWIEDZIALNOŚCIĄ",,,,ACTIVE,16.10.Z:main
0000217729,"""MERCOR"" SPÓŁKA AKCYJNA",,,,ACTIVE,16.10.Z:main
0000257409,"""MERKURION"" SPÓŁKA Z OGRANICZONĄ ODPOWIEDZIALNOŚCIĄ",,,,ACTIVE,16.10.Z:main
0000037993,"""METAL - MARKET"" G.KUPCZYŃSKA J.CYCOŃ SPÓŁKA JAWNA",,,,ACTIVE,16.10.Z:main
0000550456,"""METIS GROUP"" SPÓŁKA Z OGRANICZONĄ ODPOWIEDZIALNOŚCIĄ",,,,ACTIVE,16.10.Z:main
0000112157,"""METROL"" SPÓŁKA Z OGRANICZONĄ ODPOWIEDZIALNOŚCIĄ",,,,ACTIVE,16.10.Z:main
0000244137,"""MEŚ, MOTA-ENGIL ŚRODOWISKO"" SPÓŁKA Z OGRANICZONĄ ODPOWIEDZIALNOŚCIĄ",,,,ACTIVE,16.10.Z:main
0000524697,"""MGA CORP SPÓŁKA Z OGRANICZONĄ ODPOWIEDZIALNOŚCIĄ""",,,,ACTIVE,16.10.Z:main
0000170069,"""MGA WOOD"" SPÓŁKA Z OGRANICZONĄ ODPOWIEDZIALNOŚCIĄ",,,,ACTIVE,16.10.Z:main
0000071286,"""MGJ"" - SPÓŁKA Z OGRANICZONĄ ODPOWIEDZIALNOŚCIĄ",,,,ACTIVE,16.10.Z:main
0000170927,"""MHM SPÓŁKA Z OGRANICZONĄ ODPOWIEDZIALNOŚCIĄ""",,,,ACTIVE,16.10.Z:main
0000170927,"""MHM SPÓŁKA Z OGRANICZONĄ ODPOWIEDZIALNOŚCIĄ""",,,,ACTIVE,16.10.Z:main
0000431246,"""MICHEL TUR"" SPÓŁKA Z OGRANICZONĄ ODPOWIEDZIALNOŚCIĄ",,,,ACTIVE,16.10.Z:main
0000200426,"""MICRO CLEANING SYSTEM"" SPÓŁKA Z OGRANICZONĄ ODPWIEDZIALNOŚCIĄ",,,,ACTIVE,16.10.Z:main
0000139555,"""MIDO-AGRO"" SPÓŁKA Z OGRANICZONĄ ODPOWIEDZIALNOŚCIĄ",,,,ACTIVE,16.10.Z:main
0000286788,"""MIESZKO-BIOMASA"" SPÓŁKA Z OGRANICZONĄ ODPOWIEDZIALNOŚCIĄ",,,,ACTIVE,16.10.Z:main
0000366321,"""MIHEN-BUD"" SPÓŁKA Z OGRANICZONĄ ODPOWIEDZIALNOŚCIĄ",,,,ACTIVE,16.10.Z:main
0000025034,"""MIKOMAX 3- MEBLE BIUROWE"" SPÓŁKA Z OGRANICZONĄ ODPOWIEDZIALNOŚCIĄ",,,,ACTIVE,16.10.Z:main
0000338816,"""MIKOMAX SPÓŁKA Z OGRANICZONĄ ODPOWIEDZIALNOŚCIĄ"" SPÓŁKA KOMANDYTOWA",,,,ACTIVE,16.10.Z:main
0000338816,"""MIKOMAX SPÓŁKA Z OGRANICZONĄ ODPOWIEDZIALNOŚCIĄ"" SPÓŁKA KOMANDYTOWA",,,,ACTIVE,16.10.Z:main
0000332071,"""MIKOMAX"" SPÓŁKA Z OGRANICZONĄ ODPOWIEDZIALNOŚCIĄ",,,,ACTIVE,16.10.Z:main
0000217825,"""MIKROTEC"" SPÓŁKA Z OGRANICZONĄ ODPOWIEDZIALNOŚCIĄ",,,,ACTIVE,16.10.Z:main
0000077079,"""MILA * PLUS"" SPÓŁKA Z OGRANICZONĄ ODPOWIEDZIALNOŚCIĄ",,,,LIQUIDATION,16.10.Z:main
0000241036,"""MILEWSKI"" SPÓŁKA Z OGRANICZONĄ ODPOWIEDZIALNOŚCIĄ",,,,ACTIVE,16.10.Z:main
0000164510,"""MILFORD"" SPÓŁKA Z OGRANICZONĄ ODPOWIEDZIALNOŚCIĄ",,,,ACTIVE,16.10.Z:main
0000352633,"""MINERAL-POWER SPÓŁKA Z OGRANICZONĄ ODPOWIEDZIALNOŚCIĄ""",,,,ACTIVE,16.10.Z:main
0000004710,"""MIPODREX"" DOMINIKA I EDWARD MICHALAK SPÓŁKA JAWNA",,,,ACTIVE,16.10.Z:main
0000004710,"""MIPODREX"" DOMINIKA I EDWARD MICHALAK SPÓŁKA JAWNA",,,,ACTIVE,16.10.Z:main
0000285316,"""MIROTRANS"" SPÓŁKA Z OGRANICZONĄ ODPOWIEDZIALNOŚCIĄ",,,,ACTIVE,16.10.Z:main
0000285316,"""MIROTRANS"" SPÓŁKA Z OGRANICZONĄ ODPOWIEDZIALNOŚCIĄ",,,,ACTIVE,16.10.Z:main
0000267196,"""MIRTRANS"" SPÓŁKA Z OGRANICZONĄ ODPOWIEDZIALNOŚCIĄ",,,,ACTIVE,16.10.Z:main
0000243294,"""MIVOKOR POLSKA"" SPÓŁKA Z OGRANICZONĄ ODPOWIEDZIALNOŚCIĄ",,,,ACTIVE,16.10.Z:main
0000179256,"""MIXER"" SPÓŁKA Z OGRANICZONĄ ODPOWIEDZIALNOŚCIĄ",,,,ACTIVE,16.10.Z:main
0000320574,"""MJJ"" SPÓŁKA Z OGRANICZONĄ ODPOWIEDZIALNOŚCIĄ",,,,ACTIVE,16.10.Z:main
0000316222,"""MJM FINANSE"" SPÓŁKA Z OGRANICZONĄ ODPOWIEDZIALNOŚCIĄ",,,,ACTIVE,16.10.Z:main
0000316222,"""MJM FINANSE"" SPÓŁKA Z OGRANICZONĄ ODPOWIEDZIALNOŚCIĄ",,,,ACTIVE,16.10.Z:main
0000231605,"""MK-MEBEL"" M.PIESTRZENIEWICZ, K.BARYŁA SPÓŁKA JAWNA",,,,LIQUIDATION,16.10.Z:main
0000323654,"""MKTRADE"" SPÓŁKA Z OGRANICZONĄ ODPOWIEDZIALNOŚCIĄ",,,,ACTIVE,16.10.Z:main
0000300886,"""MKU-RAPID"" SPÓŁKA Z OGRANICZONĄ ODPOWIEDZIALNOŚCIĄ",,,,ACTIVE,16.10.Z:main
0000300886,"""MKU-RAPID"" SPÓŁKA Z OGRANICZONĄ ODPOWIEDZIALNOŚCIĄ",,,,ACTIVE,16.10.Z:main
0000300886,"""MKU-RAPID"" SPÓŁKA Z OGRANICZONĄ ODPOWIEDZIALNOŚCIĄ",,,,ACTIVE,16.10.Z:main
0000300886,"""MKU-RAPID"" SPÓŁKA Z OGRANICZONĄ ODPOWIEDZIALNOŚCIĄ",,,,ACTIVE,16.10.Z:main
0000514449,"""MKZ"" SPÓŁKA Z OGRANICZONĄ ODPOWIEDZIALNOŚCIĄ",,,,ACTIVE,16.10.Z:main
0000249371,"""MLEKSPOL"" SPÓŁKA Z OGRANICZONĄ ODPOWIEDZIALNOŚCIĄ",,,,ACTIVE,16.10.Z:main
0000301456,"""MM PROJEKT"" SPÓŁKA Z OGRANICZONĄ ODPOWIEDZIALNOŚCIĄ",,,,ACTIVE,16.10.Z:main
0000483191,"""MM TRANS"" SPÓŁKA Z OGRANICZONĄ ODPOWIEDZIALNOŚCIĄ",,,,ACTIVE,16.10.Z:main
0000417638,"""MM WORK SERVICE"" SPÓŁKA Z OGRANICZONĄ ODPOWIEDZIALNOŚCIĄ",,,,LIQUIDATION,16.10.Z:main
0000279127,"""MMAD ŁUPIŃSKI TREPCZYŃSKI"" SPÓŁKA KOMANDYTOWA",,,,LIQUIDATION,16.10.Z:main
0000274503,"""MMD PROJECT"" SPÓŁKA Z OGRANICZONĄ ODPOWIEDZIALNOŚCIĄ",,,,ACTIVE,16.10.Z:main
0000139533,"""MMM MOSTOSTAL"" SPÓŁKA Z OGRANICZONĄ ODPOWIEDZIALNOŚCIĄ",,,,ACTIVE,16.10.Z:main
0000390842,"""MODELS4U"" SPÓŁKA Z OGRANICZONĄ ODPOWIEDZIALNOŚCIĄ",,,,ACTIVE,16.10.Z:main
0000085297,"""MODULOR"" SPÓŁKA Z OGRANICZONĄ ODPOWIEDZIALNOŚCIĄ",,,,ACTIVE,16.10.Z:main
0000394724,"""MONEST"" SPÓŁKA Z OGRANICZONĄ ODPOWIEDZIALNOŚCIĄ",,,,LIQUIDATION,16.10.Z:main
0000394724,"""MONEST"" SPÓŁKA Z OGRANICZONĄ ODPOWIEDZIALNOŚCIĄ",,,,LIQUIDATION,16.10.Z:main
0000346159,"""MONIUSZKO"" SPÓŁKA Z OGRANICZONĄ ODPOWIEDZIALNOŚCIĄ",,,,ACTIVE,16.10.Z:main
0000170511,"""MONT - BUD"" SPÓŁKA Z OGRANICZONĄ ODPOWIEDZIALNOŚCIĄ",,,,ACTIVE,16.10.Z:main
0000078062,"""MONT-STAL"" SPÓŁKA Z OGRANICZONĄ ODPOWIEDZIALNOŚCIĄ",,,,ACTIVE,16.10.Z:main
0000200468,"""MOR-POL"" SPÓŁKA Z OGRANICZONĄ ODPOWIEDZIALNOŚCIĄ",,,,LIQUIDATION,16.10.Z:main
0000253173,"""MORSKA DĘBINA"" BUDZISZEWSKI SPÓŁKA JAWNA",,,,LIQUIDATION,16.10.Z:main
0000176598,"""MOSTOSTAL"" BĘDZIN PRZEDSIĘBIORSTWO PROJEKTOWO-BUDOWLANE SPÓŁKA Z OGRANICZONĄ ODPOWIEDZIALNOŚCIĄ",,,,ACTIVE,16.10.Z:main
0000025700,"""MOTO-PROFIL SPÓŁKA Z OGRANICZONĄ ODPOWIEDZIALNOŚCIĄ""",,,,ACTIVE,16.10.Z:main
0000245193,"""MOZAIKA-POL"" SPÓŁKA Z OGRANICZONĄ ODPOWIEDZIALNOŚCIĄ",,,,ACTIVE,16.10.Z:main
0000242333,"""MP DESIGN"" SPÓŁKA Z OGRANICZONĄ ODPOWIEDZIALNOŚCIĄ",,,,LIQUIDATION,16.10.Z:main
0000519936,"""MPC MEBLE SPÓŁKA Z OGRANICZONĄ ODPOWIEDZIALNOŚCIĄ""",,,,ACTIVE,16.10.Z:main
0000241681,"""MRÓZ-OLEJE"" SPÓŁKA Z OGRANICZONĄ ODPOWIEDZIALNOŚCIĄ",,,,ACTIVE,16.10.Z:main
0000131720,"""MTA"" SPÓŁKA Z OGRANICZONĄ ODPOWIEDZIALNOŚCIĄ",,,,ACTIVE,16.10.Z:main
0000131176,"""MULTI"" SPÓŁKA Z OGRANICZONĄ ODPOWIEDZIALNOŚCIĄ",,,,ACTIVE,16.10.Z:main
0000131176,"""MULTI"" SPÓŁKA Z OGRANICZONĄ ODPOWIEDZIALNOŚCIĄ",,,,ACTIVE,16.10.Z:main
0000322456,"""MULTI-MEB"" SPÓŁKA Z OGRANICZONĄ ODPOWIEDZIALNOŚCIĄ",,,,ACTIVE,16.10.Z:main
0000322456,"""MULTI-MEB"" SPÓŁKA Z OGRANICZONĄ ODPOWIEDZIALNOŚCIĄ",,,,ACTIVE,16.10.Z:main
0000090920,"""MULTICO - PRIMA"" SPÓŁKA Z OGRANICZONĄ ODPOWIEDZIALNOŚCIĄ",,,,LIQUIDATION,16.10.Z:main
0000427010,"""MULTON"" SPÓŁKA Z OGRANICZONĄ ODPOWIEDZIALNOŚCIĄ",,,,ACTIVE,16.10.Z:main
0000386693,"""MURAPOL & M INVESTMENT SPÓŁKA Z OGRANICZONĄ ODPOWIEDZIALNOŚCIĄ""",,,,ACTIVE,16.10.Z:main
0000300008,"""MURAPOL IN SPÓŁKA Z OGRANICZONĄ ODPOWIEDZIALNOŚCIĄ""",,,,ACTIVE,16.10.Z:main
0000299957,"""MURAPOL PRO SPÓŁKA Z OGRANICZONĄ ODPOWIEDZIALNOŚCIĄ""",,,,ACTIVE,16.10.Z:main
0000369833,"""MÓJ BEZPIECZNY DOM"" SPÓŁKA Z OGRANICZONĄ ODPOWIEDZIALNOŚCIĄ",,,,LIQUIDATION,16.10.Z:main
0000275355,"""MÓJ DOM"" SPÓŁKA Z OGRANICZONĄ ODPOWIEDZIALNOŚCIĄ",,,,ACTIVE,16.10.Z:main
0000055002,"""NAD BARYCZĄ"" SPÓŁKA Z OGRANICZONĄ ODPOWIEDZIALNOŚCIĄ",,,,ACTIVE,16.10.Z:main
0000473893,"""NARCISSUS"" SPÓŁKA Z OGRANICZONĄ ODPOWIEDZIALNOŚCIĄ",,,,LIQUIDATION,16.10.Z:main
0000326431,"""NARWI"" SPÓŁKA Z OGRANICZONĄ ODPOWIEDZIALNOŚCIĄ",,,,ACTIVE,16.10.Z:main
0000159463,"""NASZ LAS"" SPÓŁKA Z OGRANICZONĄ ODPOWIEDZIALNOŚCIĄ",,,,LIQUIDATION,16.10.Z:main
0000168465,"""NASZA PORADNIA"" SPÓŁKA Z OGRANICZONĄ ODPOWIEDZIALNOŚCIĄ",,,,ACTIVE,16.10.Z:main
0000515019,"""NATURA BLUE"" SPÓŁKA Z OGRANICZONĄ ODPOWIEDZIALNOŚCIĄ",,,,ACTIVE,16.10.Z:main
0000333518,"""NATURE REMEDIES"" SPÓŁKA Z OGRANICZONĄ ODPOWIEDZIALNOŚCIĄ",,,,ACTIVE,16.10.Z:main
0000463523,"""NAVIMEX"" SPÓŁKA Z OGRANICZONĄ ODPOWIEDZIALNOŚCIĄ W UPADŁOŚCI",,,,ACTIVE,16.10.Z:main
0000061180,"""NAWRA & MORGAN"" SPÓŁKA Z OGRANICZONĄ ODPOWIEDZIALNOŚCIĄ",,,,ACTIVE,16.10.Z:main
0000262790,"""NEDPOL HOTEL SERVICES"" SPÓŁKA Z OGRANICZONĄ ODPOWIEDZIALNOŚCIĄ",,,,ACTIVE,16.10.Z:main
0000256940,"""NES GROUP"" SPÓŁKA Z OGRANICZONĄ ODPOWIEDZIALNOŚCIĄ",,,,ACTIVE,16.10.Z:main
0000256940,"""NES GROUP"" SPÓŁKA Z OGRANICZONĄ ODPOWIEDZIALNOŚCIĄ",,,,ACTIVE,16.10.Z:main
0000231759,"""NES POLSKA"" SPÓŁKA Z OGRANICZONĄ ODPOWIEDZIALNOŚCIĄ",,,,ACTIVE,16.10.Z:main
0000231759,"""NES POLSKA"" SPÓŁKA Z OGRANICZONĄ ODPOWIEDZIALNOŚCIĄ",,,,ACTIVE,16.10.Z:main
0000258484,"""NEW MASTER INVESTMENTS"" SPÓŁKA Z OGRANICZONĄ ODPOWIEDZIALNOŚCIĄ",,,,ACTIVE,16.10.Z:main
0000224052,"""NEWCO"" SPÓŁKA Z OGRANICZONĄ ODPOWIEDZIALNOŚCIĄ",,,,ACTIVE,16.10.Z:main
0000381745,"""NEXT POLSKA"" SPÓŁKA Z OGRANICZONĄ ODPOWIEDZIALNOŚCIĄ",,,,ACTIVE,16.10.Z:main
0000336381,"""NGT"" S. BRZEZIŃSKA, J. CIEŚLEWICZ SPÓŁKA JAWNA",,,,ACTIVE,16.10.Z:main
0000407895,"""NICO"" SPÓŁKA Z OGRANICZONĄ ODPOWIEDZIALNOŚCIĄ",,,,ACTIVE,16.10.Z:main
0000249903,"""NIE TROSZCZCIE SIĘ""",,,,ACTIVE,16.10.Z:main
0000370782,"""NIEMCZ ARKADIA 2 SPÓŁKA Z OGRANICZONĄ ODPOWIEDZIALNOŚCIĄ"" SPÓŁKA KOMANDYTOWA",,,,ACTIVE,16.10.Z:main
0000237653,"""NKN - ECO"" SPÓŁKA Z OGRANICZONĄ ODPOWIEDZIALNOŚCIĄ",,,,LIQUIDATION,16.10.Z:main
0000289187,"""NOBAR"" SPÓŁKA JAWNA NORBERT GORDZIELIK, BARBARA GORDZIELIK",,,,LIQUIDATION,16.10.Z:main
0000131750,"""NOR - BIA SPÓŁKA Z OGRANICZONĄ ODPOWIEDZIALNOŚCIĄ""",,,,ACTIVE,16.10.Z:main
0000303758,"""NORD - ECO BOROWIAK &  PARTNERS"" SPÓŁKA JAWNA",,,,ACTIVE,16.10.Z:main
0000360804,"""NORD-WEST-POL-S&S"" SPÓŁKA Z OGRANICZONĄ ODPOWIEDZIALNOŚCIĄ",,,,ACTIVE,16.10.Z:main
0000116771,"""NORMA STAL AG"" SPÓŁKA Z OGRANICZONĄ ODPOWIEDZIALNOŚCIĄ",,,,ACTIVE,16.10.Z:main
0000237078,"""NORTEX TRANSPORT"" SPÓŁKA Z OGRANICZONĄ ODPOWIEDZIALNOŚCIĄ",,,,ACTIVE,16.10.Z:main
0000087212,"""NORTH MANAGAMENT"" SPÓŁKA Z OGRANICZONĄ ODPOWIEDZIALNOŚCIĄ",,,,ACTIVE,16.10.Z:main
0000114570,"""NORWOOD"" - SPÓŁKA Z OGRANICZONĄ ODPOWIEDZIALNOŚCIĄ",,,,ACTIVE,16.10.Z:main
0000114570,"""NORWOOD"" - SPÓŁKA Z OGRANICZONĄ ODPOWIEDZIALNOŚCIĄ",,,,ACTIVE,16.10.Z:main
0000307905,"""NOUGAT"" SPÓŁKA Z OGRANICZONĄ ODPOWIEDZIALNOŚCIĄ",,,,ACTIVE,16.10.Z:main
0000070481,"""NOVA MAZUR DESIGN"" SPÓŁKA Z OGRANICZONĄ ODPOWIEDZIALNOŚCIĄ",,,,ACTIVE,16.10.Z:main
0000070481,"""NOVA MAZUR DESIGN"" SPÓŁKA Z OGRANICZONĄ ODPOWIEDZIALNOŚCIĄ",,,,ACTIVE,16.10.Z:main
0000142439,"""NOVAR"" SPÓŁKA Z OGRANICZONĄ ODPOWIEDZIALNOŚCIĄ",,,,ACTIVE,16.10.Z:main
0000091460,"""NOVO-DESIGN"" SPÓŁKA Z OGRANICZONĄ ODPOWIEDZIALNOŚCIĄ",,,,LIQUIDATION,16.10.Z:main
0000271675,"""NOWARA & PIŃSKI NIERUCHOMOŚCI"" SPÓŁKA JAWNA",,,,ACTIVE,16.10.Z:main
0000271675,"""NOWARA & PIŃSKI NIERUCHOMOŚCI"" SPÓŁKA JAWNA",,,,ACTIVE,16.10.Z:main
0000394016,"""NPJ"" SPÓŁKA Z OGRANICZONĄ ODPOWIEDZIALNOŚCIĄ",,,,ACTIVE,16.10.Z:main
0000435582,"""NSPA"" SPÓŁKA Z OGRANICZONĄ ODPOWIEDZIALNOŚCIĄ",,,,ACTIVE,16.10.Z:main
0000340563,"""NUMO YACHTS - KONCESJONOWANY DYSTRYBUTOR W POLSCE"" SPÓŁKA Z OGRANICZONĄ ODPOWIEDZIALNOŚCIĄ",,,,ACTIVE,16.10.Z:main
0000315102,"""NWB"" SPÓŁKA Z OGRANICZONĄ ODPOWIEDZIALNOŚCIĄ",,,,ACTIVE,16.10.Z:main
0000186685,"""O.R.MA"" SPÓŁKA Z OGRANICZONĄ ODPOWIEDZIALNOŚCIĄ",,,,ACTIVE,16.10.Z:main
0000186685,"""O.R.MA"" SPÓŁKA Z OGRANICZONĄ ODPOWIEDZIALNOŚCIĄ",,,,ACTIVE,16.10.Z:main
0000347172,"""OKAME"" SPÓŁKA Z OGRANICZONĄ ODPOWIEDZIALNOŚCIĄ",,,,ACTIVE,16.10.Z:main
0000106364,"""OKLEINA RADOM"" SPÓŁKA Z OGRANICZONĄ ODPOWIEDZIALNOŚCIĄ",,,,ACTIVE,16.10.Z:main
0000499758,"""OKNO NA ŚWIAT"" SPÓŁDZIELNIA SOCJALNA",,,,ACTIVE,16.10.Z:main
0000381181,"""OKNOPROFIT NZ"" SPÓŁKA Z OGRANICZONĄ ODPOWIEDZIALNOŚCIĄ",,,,LIQUIDATION,16.10.Z:main
0000027977,"""OKNOTAR""SPÓŁKA Z OGRANICZONĄ ODPOWIEDZIALNOŚCIĄ",,,,ACTIVE,16.10.Z:main
0000294193,"""OLAJ"" SPÓŁKA Z OGRANICZONĄ ODPOWIEDZIALNOŚCIĄ",,,,ACTIVE,16.10.Z:main
0000174052,"""OLKUTRANS"" SPÓŁKA Z OGRANICZONĄ ODPOWIEDZIALNOŚCIĄ",,,,ACTIVE,16.10.Z:main
0000292820,"""OLVO"" EXPORT IMPORT SPÓŁKA Z OGRANICZONĄ ODPOWIEDZIALNOŚCIĄ",,,,ACTIVE,16.10.Z:main
0000201429,"""OMEGA"" SPÓŁKA Z OGRANICZONĄ ODPOWIEDZIALNOŚCIĄ",,,,LIQUIDATION,16.10.Z:main
0000175139,"""OMEGA-BIS"" SPÓŁKA Z OGRANICZONĄ ODPOWIEDZIALNOŚCIĄ",,,,ACTIVE,16.10.Z:main
0000428611,"""OMNIBOX"" SPÓŁKA Z OGRANICZONĄ ODPOWIEDZIALNOŚCIĄ",,,,ACTIVE,16.10.Z:main
0000137097,"""OMNIVENT"" SPÓŁKA Z OGRANICZONĄ ODPOWIEDZIALNOŚCIĄ",,,,ACTIVE,16.10.Z:main
0000137097,"""OMNIVENT"" SPÓŁKA Z OGRANICZONĄ ODPOWIEDZIALNOŚCIĄ",,,,ACTIVE,16.10.Z:main
0000362039,"""ONE TO ONE DESIGN"" SPÓŁKA Z OGRANICZONĄ ODPOWIEDZIALNOŚCIĄ",,,,ACTIVE,16.10.Z:main
0000125710,"""OPAK"" SPÓŁKA Z OGRANICZONĄ ODPOWIEDZIALNOŚCIĄ",,,,ACTIVE,16.10.Z:main
0000049106,"""OPAKODREW"" PRZEDSIĘBIORSTWO PRODUKCYJNO-HANDLOWO-USŁUGOWE
SPÓŁKA Z OGRANICZONĄ ODPOWIEDZIALNOSCIĄ",,,,ACTIVE,16.10.Z:main
0000158899,"""OPTA TIMBER"" SPÓŁKA Z OGRANICZONĄ ODPOWIEDZIALNOŚCIĄ",,,,ACTIVE,16.10.Z:main
0000143612,"""OPTAL"" SPÓŁKA Z OGRANICZONĄ ODPOWIEDZIALNOŚCIĄ",,,,ACTIVE,16.10.Z:main
0000143612,"""OPTAL"" SPÓŁKA Z OGRANICZONĄ ODPOWIEDZIALNOŚCIĄ",,,,ACTIVE,16.10.Z:main
0000286239,"""OPTARGET"" SPÓŁKA Z OGRANICZONĄ ODPOWIEDZILANOŚCIĄ",,,,ACTIVE,16.10.Z:main
0000233736,"""OPTIMA"" SPÓŁKA Z OGRANICZONĄ ODPOWIEDZIALNOŚCIĄ",,,,ACTIVE,16.10.Z:main
0000080947,"""OPTIMAL"" SPÓŁKA Z OGRANICZONĄ ODPOWIEDZIALNOŚCIĄ",,,,ACTIVE,16.10.Z:main
0000425343,"""OPTIME"" SPÓŁKA Z OGRANICZONĄ ODPOWIEDZIALNOŚCIĄ",,,,ACTIVE,16.10.Z:main
0000303781,"""OPTIMEX"" SPÓŁKA Z OGRANICZONĄ ODPOWIEDZIALNOŚCIĄ",,,,ACTIVE,16.10.Z:main
0000012116,"""OR-DOM"" SPÓŁKA JAWNA DOMINIKA OPŁATEK I BENEDYKT OPŁATEK",,,,ACTIVE,16.10.Z:main
0000277709,"""ORAJ"" - SPÓŁKA Z OGRANICZONĄ ODPOWIEDZIALNOŚCIĄ",,,,ACTIVE,16.10.Z:main
0000222461,"""ORDO"" SPÓŁKA Z OGRANICZONĄ ODPOWIEDZIALNOŚCIĄ",,,,ACTIVE,16.10.Z:main
0000222461,"""ORDO"" SPÓŁKA Z OGRANICZONĄ ODPOWIEDZIALNOŚCIĄ",,,,ACTIVE,16.10.Z:main
0000076147,"""ORDOM"" R. KARASIŃSKI I WSPÓLNICY SPÓŁKA JAWNA",,,,ACTIVE,16.10.Z:main
0000470918,"""OREGO SPÓŁDZIELNIA SOCJALNA""",,,,ACTIVE,16.10.Z:main
0000311889,"""ORION CONSTRUCTION"" SPÓŁKA AKCYJNA",,,,ACTIVE,16.10.Z:main
0000083765,"""OROPOL-OLSZTYN"" SPÓŁKA JAWNA ŻYCKI WŁADYSŁAW",,,,ACTIVE,16.10.Z:main
0000083765,"""OROPOL-OLSZTYN"" SPÓŁKA JAWNA ŻYCKI WŁADYSŁAW",,,,ACTIVE,16.10.Z:main
0000125407,"""ORTECH"" - SPÓŁKA Z OGRANICZONĄ ODPOWIEDZIALNOŚCIĄ",,,,LIQUIDATION,16.10.Z:main
0000196454,"""ORTIS"" SPÓŁKA Z OGRANICZONĄ ODPOWIEDZIALNOŚCIĄ",,,,ACTIVE,16.10.Z:main
0000249822,"""ORTRAK"" SPÓŁKA Z OGRANICZONĄ ODPOWIEDZIALNOŚCIĄ",,,,LIQUIDATION,16.10.Z:main
0000534059,"""OS PRODUCTION"" SPÓŁKA Z OGRANICZONĄ ODPOWIEDZIALNOŚCIĄ",,,,ACTIVE,16.10.Z:main
0000058740,"""OSIEDLE BAŁTYK"" SPÓŁKA Z OGRANICZONA ODPOWIEDZIALNOŚCIĄ",,,,ACTIVE,16.10.Z:main
0000084755,"""OTTEX"" SPÓŁKA Z OGRANICZONĄ ODPOWIEDZIALNOŚCIĄ",,,,LIQUIDATION,16.10.Z:main
0000441441,"""OTTIMO SYSTEMS"" SPÓŁKA Z OGRANICZONĄ ODPOWIEDZIALNOŚCIĄ",,,,ACTIVE,16.10.Z:main
0000445609,"""OTTIMO SYSTEMS"" SPÓŁKA Z OGRANICZONĄ ODPOWIEDZIALNOŚCIĄ SPÓŁKA KOMANDYTOWO-AKCYJNA",,,,ACTIVE,16.10.Z:main
0000211866,"""OŚWIATOWIEC-ŁÓDŹ"" SPÓŁKA Z OGRANICZONĄ ODPOWIEDZIALNOŚCIĄ",,,,ACTIVE,16.10.Z:main
0000296366,"""P M PILARSKI MIŚKIEWICZ"" SPÓŁKA Z OGRANICZONĄ ODPOWIEDZIALNOŚCIĄ",,,,ACTIVE,16.10.Z:main
0000420641,"""P.G.M. MARCIN MAKÓWKA"" SPÓŁKA KOMANDYTOWA",,,,ACTIVE,16.10.Z:main
0000367444,"""P.H.U. SŁAWOMIR JUFIMIUK"" SPÓŁKA Z OGRANICZONĄ ODPOWIEDZIALNOŚCIĄ",,,,ACTIVE,16.10.Z:main
0000323063,"""P.I.B. TERMABUD"" SPÓŁKA Z OGRANICZONĄ ODPOWIEDZIALNOŚCIĄ",,,,ACTIVE,16.10.Z:main
0000099265,"""P.P.H.U. EUREX-TRANSPORT MIĘDZYNARODOWY I SPEDYCJA - JANUSZ I DANUTA KĘDZIA - SPÓŁKA JAWNA""",,,,ACTIVE,16.10.Z:main
0000099265,"""P.P.H.U. EUREX-TRANSPORT MIĘDZYNARODOWY I SPEDYCJA - JANUSZ I DANUTA KĘDZIA - SPÓŁKA JAWNA""",,,,ACTIVE,16.10.Z:main
0000349393,"""PACK CONSULTING SPÓŁKA Z OGRANICZONĄ ODPOWIEDZIALNOŚCIĄ""",,,,ACTIVE,16.10.Z:main
0000579974,"""PACKSON POLAND"" SPÓŁKA Z OGRANICZONĄ ODPOWIEDZIALNOŚCIĄ",,,,ACTIVE,16.10.Z:main
0000326661,"""PACYFICA"" SPÓŁKA Z OGRANICZONĄ ODPOWIEDZIALNOŚCIĄ",,,,ACTIVE,16.10.Z:main
0000227038,"""PAFO-PRODUKCJA PCV I AL"" SPÓŁKA Z OGRANICZONĄ ODPOWIEDZIALNOŚCIĄ",,,,ACTIVE,16.10.Z:main
0000015401,"""PAGED"" SPÓŁKA AKCYJNA",,,,ACTIVE,16.10.Z:main
0000140640,"""PAGED"" ZAKŁAD DRZEWNY W CZARNEJ BIAŁOSTOCKIEJ SPÓŁKA Z OGRANICZONĄ ODPOWIEDZIALNOŚCIĄ",,,,ACTIVE,16.10.Z:main
0000140640,"""PAGED"" ZAKŁAD DRZEWNY W CZARNEJ BIAŁOSTOCKIEJ SPÓŁKA Z OGRANICZONĄ ODPOWIEDZIALNOŚCIĄ",,,,ACTIVE,16.10.Z:main
0000115420,"""PAGED"" ZAKŁAD DRZEWNY W SŁUPSKU SPÓŁKA Z OGRANICZONĄ ODPOWIEDZIALNOŚCIĄ",,,,LIQUIDATION,16.10.Z:main
0000115420,"""PAGED"" ZAKŁAD DRZEWNY W SŁUPSKU SPÓŁKA Z OGRANICZONĄ ODPOWIEDZIALNOŚCIĄ",,,,LIQUIDATION,16.10.Z:main
0000010478,"""PAGED-SKLEJKA"" SPÓŁKA AKCYJNA",,,,ACTIVE,16.10.Z:main
0000010478,"""PAGED-SKLEJKA"" SPÓŁKA AKCYJNA",,,,ACTIVE,16.10.Z:main
0000277457,"""PAHER"" SPÓŁKA Z OGRANICZONĄ ODPOWIEDZIALNOŚCIĄ",,,,ACTIVE,16.10.Z:main
0000006755,"""PAKON"" SPÓŁKA JAWNA JÓZEF KWIATKOWSKI, JERZY TEODOROWICZ, ZBIGNIEW KWIATKOWSKI",,,,ACTIVE,16.10.Z:main
0000650351,"""PALEXPO"" M. POGORZAŁY SPÓŁKA JAWNA",,,,ACTIVE,16.10.Z:main
0000384561,"""PALIWA TRANS"" SPÓŁKA Z OGRANICZONĄ ODPOWIEDZIALNOŚCIĄ",,,,ACTIVE,16.10.Z:main
0000106865,"""PAMAR"" SPÓŁKA Z OGRANICZONĄ ODPOWIEDZIALNOŚCIĄ",,,,ACTIVE,16.10.Z:main
0000181553,"""PAMIRA AGROTECHNIC"" SPÓŁKA Z OGRANICZONĄ ODPOWIEDZIALNOŚCIĄ",,,,ACTIVE,16.10.Z:main
0000133168,"""PANAVIA"" SPÓŁKA Z OGRANICZONĄ ODPOWIEDZIALNOŚCIĄ",,,,ACTIVE,16.10.Z:main
0000177295,"""PANDA"" PRZEDSIĘBIORSTWO PRODUKCYJNO-HANDLOWE SPÓŁKA Z OGRANICZONĄ ODPOWIEDZIALNOŚCIĄ",,,,ACTIVE,16.10.Z:main
0000306112,"""PANG-ROL"" SPÓŁKA Z OGRANICZONĄ ODPOWIEDZIALNOŚCIĄ",,,,ACTIVE,16.10.Z:main
0000328450,"""PANORAMA PIASTOWSKA"" SPÓŁKA Z OGRANICZONĄ ODPOWIEDZIALNOŚCIĄ",,,,ACTIVE,16.10.Z:main
0000162386,"""PAPIER ŚWIECIE"" SPÓŁKA Z OGRANICZONĄ ODPOWIEDZIALNOŚCIĄ",,,,LIQUIDATION,16.10.Z:main
0000172797,"""PARK"" SPÓŁKA Z OGRANICZONĄ ODPOWIEDZIALNOŚCIĄ",,,,ACTIVE,16.10.Z:main
0000492613,"""PARKIETY ŚWIDERGAŁ"" ADAM I JAROSŁAW ŚWIDERGAŁ SPÓŁKA JAWNA",,,,ACTIVE,16.10.Z:main
0000203003,"""PARKUR-BIS"" SPÓŁKA Z OGRANICZONĄ ODPOWIEDZIALNOŚCIĄ",,,,ACTIVE,16.10.Z:main
0000015888,"""PARTNER - RESPOL"" SPÓŁKA Z OGRANICZONĄ ODPOWIEDZIALNOŚCIĄ",,,,ACTIVE,16.10.Z:main
0000110628,"""PARTNER"" SPÓŁKA Z OGRANICZONĄ ODPOWIEDZIALNOŚCIĄ",,,,ACTIVE,16.10.Z:main
0000388176,"""PATI"" DARIUSZ ŁUKASIK, PATRYCJA ŁUKASIK SPÓŁKA JAWNA",,,,ACTIVE,16.10.Z:main
0000198903,"""PAUL - PON POLSKA"" SPÓŁKA Z OGRANICZONĄ ODPOWIEDZIALNOŚCIĄ",,,,ACTIVE,16.10.Z:main
0000492407,"""PAUL PON POLSKA UPRAWY SPÓŁKA Z OGRANICZONĄ ODPOWIEDZIALNOŚCIĄ""",,,,ACTIVE,16.10.Z:main
0000073586,"""PAWLAK"" SPÓŁKA Z OGRANICZONĄ ODPOWIEDZIALNOŚCIĄ",,,,LIQUIDATION,16.10.Z:main
0000242585,"""PB DEVELOPMENT PARTNERS"" SPÓŁKA Z OGRANICZONĄ ODPOWIEDZIALNOŚCIĄ",,,,LIQUIDATION,16.10.Z:main
0000239145,"""PB INVEST PARTNER"" SPÓŁKA Z OGRANICZONĄ ODPOWIEDZIALNOŚCIĄ",,,,LIQUIDATION,16.10.Z:main
0000238073,"""PB TRADE"" SPÓŁKA Z OGRANICZONĄ ODPOWIEDZIALNOŚCIĄ",,,,LIQUIDATION,16.10.Z:main
0000253475,"""PBM POLSKI DOM"" SPÓŁKA Z OGRANICZONĄ ODPOWIEDZIALNOŚCIĄ",,,,ACTIVE,16.10.Z:main
0000290076,"""PCZ SPÓŁKA AKCYJNA""",,,,ACTIVE,16.10.Z:main
0000290076,"""PCZ SPÓŁKA AKCYJNA""",,,,ACTIVE,16.10.Z:main
0000312529,"""PDEM"" SPÓŁKA Z OGRANICZONĄ ODPOWIEDZIALNOŚCIĄ",,,,ACTIVE,16.10.Z:main
0000456962,"""PEGIE PRESTIGE  P.KAUF SPÓŁKA JAWNA""",,,,ACTIVE,16.10.Z:main
0000504620,"""PELBIO"" SPÓŁKA Z OGRANICZONĄ ODPOWIEDZIALNOŚCIĄ",,,,ACTIVE,16.10.Z:main
0000149608,"""PEOPLENET"" SPÓŁKA Z OGRANICZONĄ ODPOWIEDZIALNOŚCIĄ",,,,ACTIVE,16.10.Z:main
0000349380,"""PEPESCH"" SPÓŁKA Z OGRANICZONĄ ODPOWIEDZIALNOŚCIĄ",,,,ACTIVE,16.10.Z:main
0000308164,"""PERFECT PROPERTY GROUP SPÓŁKA Z OGRANICZONĄ ODPOWIEDZIALNOŚCIĄ DEVELOPMENT"" SPÓŁKA KOMANDYTOWA",,,,ACTIVE,16.10.Z:main
0000025702,"""PERKOZ"" SPÓŁKA Z OGRANICZONĄ ODPOWIEDZIALNOŚCIĄ",,,,ACTIVE,16.10.Z:main
0000090979,"""PERO-APP GLAZURA - A.PANKIEWICZ SPÓŁKA JAWNA""",,,,ACTIVE,16.10.Z:main
0000163301,"""PETPOLONIA"" MAŁGORZATA KOCZOT,ADAM TOMA SPÓŁKA JAWNA",,,,ACTIVE,16.10.Z:main
0000031475,"""PETRICO ENERGIA"" SPÓŁKA AKCYJNA",,,,ACTIVE,16.10.Z:main
0000389402,"""PETRO - LAWA"" SPÓŁKA Z OGRANICZONĄ ODPOWIEDZIALNOŚCIĄ",,,,ACTIVE,16.10.Z:main
0000148447,"""PETRO MEDIA"" SPÓŁKA Z OGRANICZONĄ ODPOWIEDZIALNOŚCIĄ",,,,ACTIVE,16.10.Z:main
0000111845,"""PETRO-WIGOR SPÓŁKA Z OGRANICZONĄ ODPOWIEDZIALNOŚCIĄ""",,,,ACTIVE,16.10.Z:main
0000066966,"""PETROBAZA"" SPÓŁKA Z OGRANICZONĄ ODPOWIEDZIALNOŚCIĄ",,,,ACTIVE,16.10.Z:main
0000400156,"""PETROL PLUS"" SPÓŁKA Z OGRANICZONĄ ODPOWIEDZIALNOŚCIĄ",,,,ACTIVE,16.10.Z:main
0000177480,"""PETROMAX"" SPÓŁKA Z OGRANICZONĄ ODPOWIEDZIALNOŚCIĄ",,,,ACTIVE,16.10.Z:main
0000061670,"""PIAS-TAR"" JURGA, PRAŁAT SPÓŁKA JAWNA",,,,ACTIVE,16.10.Z:main
0000061670,"""PIAS-TAR"" JURGA, PRAŁAT SPÓŁKA JAWNA",,,,ACTIVE,16.10.Z:main
0000272217,"""PIAST - JK"" SPÓŁKA Z OGRANICZONĄ ODPOWIEDZIALNOŚCIĄ",,,,ACTIVE,16.10.Z:main
0000412811,"""PIAST"" PATROL SPÓŁKA Z OGRANICZONĄ ODPOWIEDZIALNOŚCIĄ",,,,ACTIVE,16.10.Z:main
0000733926,"""PIEPRZYK FAMILY"" SPÓŁKA Z OGRANICZONĄ ODPOWIEDZIALNOŚCIĄ",,,,ACTIVE,16.10.Z:main
0000373575,"""PING PONG RESTAURACJE"" SPÓŁKA Z OGRANICZONĄ ODPOWIEDZIALNOŚCIĄ",,,,ACTIVE,16.10.Z:main
0000421840,"""PIOCH"" SPÓŁKA Z OGRANICZONĄ ODPOWIEDZIALNOŚCIĄ W LIKWIDACJI",,,,LIQUIDATION,16.10.Z:main
0000341240,"""PIOMAG"" SPÓŁKA Z OGRANICZONĄ ODPOWIEDZIALNOŚCIĄ",,,,ACTIVE,16.10.Z:main
0000020569,"""PIONKI-MEBLE"" SPÓŁKA Z OGRANICZONĄ ODPOWIEDZIALNOŚĆIĄ",,,,LIQUIDATION,16.10.Z:main
0000279587,"""PIRAMIDA - POL"" SPÓŁKA Z OGRANICZONĄ ODPOWIEDZIALNOŚCIĄ",,,,ACTIVE,16.10.Z:main
0000279587,"""PIRAMIDA - POL"" SPÓŁKA Z OGRANICZONĄ ODPOWIEDZIALNOŚCIĄ",,,,ACTIVE,16.10.Z:main
0000258901,"""PIRAMIZA"" SPÓŁKA Z OGRANICZONĄ ODPOWIEDZIALNOŚCIĄ",,,,ACTIVE,16.10.Z:main
0000256624,"""PIĄTKA"" SPÓŁKA Z OGRANICZONĄ ODPOWIEDZIALNOŚCIĄ",,,,ACTIVE,16.10.Z:main
0000373946,"""PK INWEST"" SPÓŁKA Z OGRANICZONĄ ODPOWIEDZIALNOŚCIĄ",,,,LIQUIDATION,16.10.Z:main
0000373946,"""PK INWEST"" SPÓŁKA Z OGRANICZONĄ ODPOWIEDZIALNOŚCIĄ",,,,LIQUIDATION,16.10.Z:main
0000367810,"""PKP CARGO TABOR-POMORSKI"" SPÓŁKA Z OGRANICZONĄ ODPOWIEDZIALNOŚCIĄ",,,,ACTIVE,16.10.Z:main
0000327801,"""PKP CARGO WAGON-SZCZECIN"" SPÓŁKA Z OGRANICZONĄ ODPOWIEDZIALNOŚCIĄ",,,,ACTIVE,16.10.Z:main
0000325351,"""PLACE"" SPÓŁKA Z OGRANICZONĄ ODPOWIEDZIALNOŚCIĄ",,,,ACTIVE,16.10.Z:main
0000246273,"""PLASTICO"" SPÓŁKA Z OGRANICZONĄ ODPOWIEDZIALNOŚCIĄ",,,,ACTIVE,16.10.Z:main
0000246273,"""PLASTICO"" SPÓŁKA Z OGRANICZONĄ ODPOWIEDZIALNOŚCIĄ",,,,ACTIVE,16.10.Z:main
0000130202,"""PLASTIMEX"" SPÓŁKA Z OGRANICZONĄ ODPOWIEDZIALNOŚCIĄ",,,,ACTIVE,16.10.Z:main
0000597133,"""PLATA"" SPÓŁKA Z OGRANICZONĄ ODPOWIEDZIALNOŚCIĄ",,,,ACTIVE,16.10.Z:main
0000597133,"""PLATA"" SPÓŁKA Z OGRANICZONĄ ODPOWIEDZIALNOŚCIĄ",,,,ACTIVE,16.10.Z:main
0000372913,"""PLAY BEV POLAND"" SPÓŁKA Z OGRANICZONĄ ODPOWIEDZIALNOŚCIĄ",,,,ACTIVE,16.10.Z:main
0000225572,"""PLUS - MAD"" SPÓŁKA Z OGRANICZONĄ ODPOWIEDZIALNOŚCIĄ",,,,ACTIVE,16.10.Z:main
0000329214,"""PLUS-BIS"" SPÓŁKA Z OGRANICZONĄ ODPOWIEDZIALNOŚCIĄ",,,,LIQUIDATION,16.10.Z:main
0000329214,"""PLUS-BIS"" SPÓŁKA Z OGRANICZONĄ ODPOWIEDZIALNOŚCIĄ",,,,LIQUIDATION,16.10.Z:main
0000350955,"""PMS INNOWACJE"" SPÓŁKA Z OGRANICZONĄ ODPOWIEDZIALNOŚCIĄ",,,,ACTIVE,16.10.Z:main
0000307397,"""PODZAMCZE"" SPÓŁKA Z OGRANICZONĄ ODPOWIEDZIALNOŚCIĄ",,,,ACTIVE,16.10.Z:main
0000375376,"""PODŁOGI"" SPÓŁKA Z OGRANICZONĄ ODPOWIEDZIALNOŚCIĄ",,,,ACTIVE,16.10.Z:main
0000375376,"""PODŁOGI"" SPÓŁKA Z OGRANICZONĄ ODPOWIEDZIALNOŚCIĄ",,,,ACTIVE,16.10.Z:main
0000321255,"""POINT CONSTRUCTION"" SPÓŁKA Z OGRANICZONĄ ODPOWIEDZIALNOŚCIĄ",,,,ACTIVE,16.10.Z:main
0000237502,"""POL-EL"" SPÓŁKA Z OGRANICZONĄ ODPOWIEDZIALNOŚCIĄ",,,,ACTIVE,16.10.Z:main
0000198769,"""POLAK MEBLE"" L. & M. POLAK SPÓŁKA JAWNA",,,,ACTIVE,16.10.Z:main
0000198769,"""POLAK MEBLE"" L. & M. POLAK SPÓŁKA JAWNA",,,,ACTIVE,16.10.Z:main
0000292889,"""POLANDER"" SPÓŁKA Z OGRANICZONĄ ODPOWIEDZIALNOŚCIĄ",,,,ACTIVE,16.10.Z:main
0000146273,"""POLBRAND"" SPÓŁKA Z OGRANICZONĄ ODPOWIEDZIALNOŚCIĄ",,,,ACTIVE,16.10.Z:main
0000340187,"""POLBUD-SERVICE"" SPÓŁKA Z OGRANICZONĄ ODPOWIEDZIALNOŚCIĄ",,,,LIQUIDATION,16.10.Z:main
0000517375,"""POLCARBO"" SPÓŁKA Z OGRANICZONĄ ODPOWIEDZIALNOŚCIĄ SPÓŁKA KOMANDYTOWA",,,,ACTIVE,16.10.Z:main
0000275661,"""POLCOMMERCE"" SPÓŁKA Z OGRANICZONĄ ODPOWIEDZIALNOŚCIĄ",,,,ACTIVE,16.10.Z:main
0000042877,"""POLCOTTON"" SPÓŁKA Z OGRANICZONĄ ODPOWIEDZIALNOŚCIĄ",,,,ACTIVE,16.10.Z:main
0000026531,"""POLDAS"" SPÓŁKA Z OGRANICZONĄ ODPOWIEDZIALNOŚCIĄ",,,,ACTIVE,16.10.Z:main
0000138167,"""POLDEM"" SPÓŁKA Z OGRANICZONĄ ODPOWIEDZIALNOŚCIĄ",,,,ACTIVE,16.10.Z:main
0000004278,"""POLDOOR"" SPÓŁKA Z OGRANICZONĄ ODPOWIEDZIALNOŚCIĄ.",,,,ACTIVE,16.10.Z:main
0000331985,"""POLDREW TRADING COMPANY"" SPÓŁKA Z OGRANICZONĄ ODPOWIEDZIALNOŚCIĄ",,,,ACTIVE,16.10.Z:main
0000331985,"""POLDREW TRADING COMPANY"" SPÓŁKA Z OGRANICZONĄ ODPOWIEDZIALNOŚCIĄ",,,,ACTIVE,16.10.Z:main
0000043479,"""POLFER"" SPÓŁKA Z OGRANICZONĄ ODPOWIEDZIALNOŚCIĄ",,,,ACTIVE,16.10.Z:main
0000313073,"""POLISH BUILDING CONTRACTORS"" SPÓŁKA Z OGRANICZONĄ ODPOWIEDZIALNOŚCIĄ",,,,LIQUIDATION,16.10.Z:main
0000086749,"""POLITEKNIK"" SPÓŁKA Z OGRANICZONĄ ODPOWIEDZIALNOŚCIĄ",,,,ACTIVE,16.10.Z:main
0000058785,"""POLMARCO"" SPÓŁKA Z OGRANICZONĄ ODPOWIEDZIALNOŚCIĄ",,,,ACTIVE,16.10.Z:main
0000276471,"""POLMAX"" SPÓŁKA Z OGRANICZONĄ ODPOWIEDZIALNOŚCIĄ",,,,ACTIVE,16.10.Z:main
0000175444,"""POLPRO"" SPÓŁKA Z OGRANICZONĄ ODPOWIEDZIALNOŚCIĄ",,,,LIQUIDATION,16.10.Z:main
0000101651,"""POLRYZA"" SPÓŁKA Z OGRANICZONĄ ODPOWIEDZIALNOŚCIĄ",,,,LIQUIDATION,16.10.Z:main
0000101651,"""POLRYZA"" SPÓŁKA Z OGRANICZONĄ ODPOWIEDZIALNOŚCIĄ",,,,LIQUIDATION,16.10.Z:main
0000151132,"""POLSARBI"" SPÓŁKA Z OGRANICZONĄ ODPOWIEDZIALNOŚCIĄ",,,,ACTIVE,16.10.Z:main
0000128135,"""POLSERV"" SPÓŁKA Z OGRANICZONĄ ODPOWIEDZIALNOŚCIĄ",,,,ACTIVE,16.10.Z:main
0000286540,"""POLSERVICE DEVELOPMENT"" SPÓŁKA Z OGRANICZONĄ ODPOWIEDZIALNOŚCIĄ",,,,ACTIVE,16.10.Z:main
0000277828,"""POLSKA SOSNA"" SPÓŁKA Z OGRANICZONĄ ODPOWIEDZIALNOŚCIĄ W LIKWIDACJI",,,,LIQUIDATION,16.10.Z:main
0000197791,"""POLSKIE MEBLE"" PRODUCENCI MEBLI I PRZEDSIĘBIORSTWA WSPÓŁPRACUJĄCE SPÓŁKA Z OGRANICZONĄ ODPOWIEDZIALNOŚCIĄ",,,,ACTIVE,16.10.Z:main
0000037100,"""POLSKO KANADYJSKIE PRZEDSIĘBIORSTWO PRODUKCYJNO HANDLOWE PROGRESS INTERNATIONAL SPÓŁKA Z OGRANICZONĄ ODPOWIEDZIALNOŚCIĄ""",,,,ACTIVE,16.10.Z:main
0000369456,"""POLSOLAR"" SPÓŁKA Z OGRANICZONĄ ODPOWIEDZIALNOŚCIĄ",,,,ACTIVE,16.10.Z:main
0000369456,"""POLSOLAR"" SPÓŁKA Z OGRANICZONĄ ODPOWIEDZIALNOŚCIĄ",,,,ACTIVE,16.10.Z:main
0000036023,"""POLTUR POLSKA"" SPÓŁKA Z OGRANICZONĄ ODPOWIEDZIALNOŚCIĄ",,,,ACTIVE,16.10.Z:main
0000167495,"""POLWOOD"" SPÓŁKA Z OGRANICZONĄ ODPOWIEDZIALNOŚCIĄ",,,,ACTIVE,16.10.Z:main
0000079497,"""POLYGAZ"" SPÓŁKA Z OGRANICZONĄ ODPOWIEDZIALNOŚCIĄ",,,,ACTIVE,16.10.Z:main
0000079497,"""POLYGAZ"" SPÓŁKA Z OGRANICZONĄ ODPOWIEDZIALNOŚCIĄ",,,,ACTIVE,16.10.Z:main
0000024122,"""POMERANIAN TIMBER"" SPÓŁKA AKCYJNA",,,,ACTIVE,16.10.Z:main
0000024122,"""POMERANIAN TIMBER"" SPÓŁKA AKCYJNA",,,,ACTIVE,16.10.Z:main
0000024122,"""POMERANIAN TIMBER"" SPÓŁKA AKCYJNA",,,,ACTIVE,16.10.Z:main
0000024122,"""POMERANIAN TIMBER"" SPÓŁKA AKCYJNA",,,,ACTIVE,16.10.Z:main
0000332349,"""POMORSKA GRUPA HANDLOWA"" SPÓŁKA Z OGRANICZONĄ ODPOWIEDZIALNOŚCIĄ",,,,ACTIVE,16.10.Z:main
0000181964,"""POMORSKA KORPORACJA DRZEWNA"" SPÓŁKA AKCYJNA",,,,ACTIVE,16.10.Z:main
0000063659,"""POMORSKO-MAZOWIECKA HODOWLA ZIEMNIAKA"" SPÓŁKA Z OGRANICZONĄ ODPOWIEDZIALNOŚCIĄ",,,,ACTIVE,16.10.Z:main
0000183834,"""POMORZE BAUMANN MOSTOSTAL"" SPÓŁKA Z OGRANICZONĄ ODPOWIEDZIALNOŚCIĄ",,,,ACTIVE,16.10.Z:main
0000078966,"""POOLWOOD"" SPÓŁKA Z OGRANICZONĄ ODPOWIEDZIALNOŚCIĄ",,,,ACTIVE,16.10.Z:main
0000215172,"""POP N GO POLAND"" SPÓŁKA Z OGRANICZONĄ ODPOWIEDZIALNOŚCIĄ",,,,ACTIVE,16.10.Z:main
0000205725,"""PORAJ"" - SPÓŁKA Z OGRANICZONĄ ODPOWIEDZIALNOŚCIĄ",,,,ACTIVE,16.10.Z:main
0000205725,"""PORAJ"" - SPÓŁKA Z OGRANICZONĄ ODPOWIEDZIALNOŚCIĄ",,,,ACTIVE,16.10.Z:main
0000021923,"""PORTA STYL"" SPÓŁKA Z OGRANICZONĄ ODPOWIEDZIALNOŚCIĄ",,,,LIQUIDATION,16.10.Z:main
0000522553,"""POTIUS"" SPÓŁKA Z OGRANICZONĄ ODPOWIEDZIALNOŚCIĄ",,,,ACTIVE,16.10.Z:main
0000464413,"""POWIERNIK"" ECO SCALA SPÓŁKA Z OGRANICZONĄ ODPOWIEDZIALNOŚCIĄ, SPÓŁKA KOMANDYTOWA",,,,ACTIVE,16.10.Z:main
0000464413,"""POWIERNIK"" ECO SCALA SPÓŁKA Z OGRANICZONĄ ODPOWIEDZIALNOŚCIĄ, SPÓŁKA KOMANDYTOWA",,,,ACTIVE,16.10.Z:main
0000179295,"""POWIERNIK"" SPÓŁKA Z OGRANICZONĄ ODPOWIEDZIALNOŚCIĄ",,,,ACTIVE,16.10.Z:main
0000179295,"""POWIERNIK"" SPÓŁKA Z OGRANICZONĄ ODPOWIEDZIALNOŚCIĄ",,,,ACTIVE,16.10.Z:main
0000336192,"""POWIERZA FAMILY COMPANY HUMAN RESOURCES"" SPÓŁKA Z OGRANICZONĄ ODPOWIEDZIALNOŚCIĄ",,,,ACTIVE,16.10.Z:main
0000078955,"""PPHU - PALISANDER - D.GROMADZIŃSKI, G.GROMADZIŃSKA -KOPRAS"" SPÓŁKA JAWNA",,,,ACTIVE,16.10.Z:main
0000078955,"""PPHU - PALISANDER - D.GROMADZIŃSKI, G.GROMADZIŃSKA -KOPRAS"" SPÓŁKA JAWNA",,,,ACTIVE,16.10.Z:main
0000182947,"""PPHU LIMBA RYSZARD MAJEWSKI I TOMASZ SZEREL"" SPÓŁKA JAWNA",,,,ACTIVE,16.10.Z:main
0000182947,"""PPHU LIMBA RYSZARD MAJEWSKI I TOMASZ SZEREL"" SPÓŁKA JAWNA",,,,ACTIVE,16.10.Z:main
0000182947,"""PPHU LIMBA RYSZARD MAJEWSKI I TOMASZ SZEREL"" SPÓŁKA JAWNA",,,,ACTIVE,16.10.Z:main
0000182947,"""PPHU LIMBA RYSZARD MAJEWSKI I TOMASZ SZEREL"" SPÓŁKA JAWNA",,,,ACTIVE,16.10.Z:main
0000182947,"""PPHU LIMBA RYSZARD MAJEWSKI I TOMASZ SZEREL"" SPÓŁKA JAWNA",,,,ACTIVE,16.10.Z:main
0000182947,"""PPHU LIMBA RYSZARD MAJEWSKI I TOMASZ SZEREL"" SPÓŁKA JAWNA",,,,ACTIVE,16.10.Z:main
0000186371,"""PPHU TRANSBET"" SPÓŁKA JAWNA KAZIMIERZ SICIAK, WOJCIECH DACKO, ADAM GOSKA, CZESŁAW GRZYBEK",,,,ACTIVE,16.10.Z:main
0000103402,"""PRAXIS"" SPÓŁKA Z OGRANICZONĄ ODPOWIEDZIALNOŚCIĄ",,,,ACTIVE,16.10.Z:main
0000048123,"""PREFABET-SPÓŁKA AKCYJNA""",,,,ACTIVE,16.10.Z:main
0000388791,"""PREFAM"" SPÓŁKA Z OGRANICZONĄ ODPOWIEDZIALNOŚCIĄ",,,,LIQUIDATION,16.10.Z:main
0000345868,"""PREMIUM-HOLZ PLUS"" SPÓŁKA Z OGRANICZONĄ ODPOWIEDZIALNOŚCIĄ",,,,ACTIVE,16.10.Z:main
0000055115,"""PRESCOTT INVESTMENT GROUP"" SPÓŁKA AKCYJNA",,,,ACTIVE,16.10.Z:main
0000240541,"""PRESSMET"" SPÓŁKA Z OGRANICZONĄ ODPOWIEDZIALNOŚCIĄ",,,,ACTIVE,16.10.Z:main
0000186983,"""PRIED"" SPÓŁKA Z OGRANICZONĄ ODPOWIEDZIALNOŚCIĄ",,,,ACTIVE,16.10.Z:main
0000358940,"""PRISTA"" MAJDAK & SAŁEK SPÓŁKA JAWNA",,,,ACTIVE,16.10.Z:main
0000222469,"""PRO IMEX POLSKA"" SPÓŁKA Z OGRANICZONĄ ODPOWIEDZIALNOŚCIĄ",,,,ACTIVE,16.10.Z:main
0000393189,"""PRO-EKOL"" SPÓŁKA Z OGRANICZONĄ ODPOWIEDZIALNOŚCIĄ",,,,ACTIVE,16.10.Z:main
0000146909,"""PRO-FART INVESTMENT"" SPÓŁKA Z OGRANICZONĄ ODPOWIEDZIALNOŚCIĄ",,,,ACTIVE,16.10.Z:main
0000338260,"""PRO-INWEST"" SP. Z. O.O. SPÓŁKA KOMANDYTOWA",,,,ACTIVE,16.10.Z:main
0000299699,"""PROACTIVE"" SPÓŁKA Z OGRANICZONĄ ODPOWIEDZIALNOŚCIĄ",,,,ACTIVE,16.10.Z:main
0000128155,"""PROBART"" SPÓŁKA Z OGRANICZONĄ ODPOWIEDZIALNOŚCIĄ",,,,ACTIVE,16.10.Z:main
0000255197,"""PROCON"" SPÓŁKA Z OGRANICZONĄ ODPOWIEDZIALNOŚCIĄ",,,,ACTIVE,16.10.Z:main
0000413498,"""PRODBUD"" SPÓŁKA Z OGRANICZONĄ ODPOWIEDZIALNOŚCIĄ",,,,ACTIVE,16.10.Z:main
0000363349,"""PRODEKO-EŁK"" SPÓŁKA Z OGRANICZONĄ ODPOWIEDZIALNOŚCIĄ",,,,ACTIVE,16.10.Z:main
0000156781,"""PRODUKCYJNO - HANDLOWE PRZEDSIĘBIORSTWO FARMACEUTYKÓW CURTIS - HEALTHCARE"" SPÓŁKA Z OGRANICZONĄ ODPOWIEDZIALNOŚCIĄ",,,,ACTIVE,16.10.Z:main
0000388790,"""PROELCTRA M. SULEJ SPÓŁKA JAWNA""",,,,ACTIVE,16.10.Z:main
0000388790,"""PROELCTRA M. SULEJ SPÓŁKA JAWNA""",,,,ACTIVE,16.10.Z:main
0000055726,"""PROFARB"" STASZÓW - DYSTRYBUCJA WYROBÓW CHEMICZNYCH - SPÓŁKA Z OGRANICZONĄ ODPOWIEDZIALNOŚCIĄ",,,,ACTIVE,16.10.Z:main
0000083606,"""PROFIL"" EKSPORT-IMPORT KRUPA CZESŁAW, GRZEGORZ  SPÓŁKA Z OGRANICZONĄ ODPOWIEDZIALNOŚCIĄ",,,,ACTIVE,16.10.Z:main
0000083606,"""PROFIL"" EKSPORT-IMPORT KRUPA CZESŁAW, GRZEGORZ  SPÓŁKA Z OGRANICZONĄ ODPOWIEDZIALNOŚCIĄ",,,,ACTIVE,16.10.Z:main
0000151592,"""PROFIT"" SPÓŁKA Z OGRANICZONĄ ODPOWIEDZIALNOŚCIĄ",,,,ACTIVE,16.10.Z:main
0000459410,"""PROHANBUD BIS"" SPÓŁKA Z OGRANICZONĄ ODPOWIEDZIALNOŚCIĄ",,,,ACTIVE,16.10.Z:main
0000270871,"""PROJEKT 50"" SPÓŁKA Z OGRANICZONĄ ODPOWIEDZIALNOŚCIĄ",,,,ACTIVE,16.10.Z:main
0000270871,"""PROJEKT 50"" SPÓŁKA Z OGRANICZONĄ ODPOWIEDZIALNOŚCIĄ",,,,ACTIVE,16.10.Z:main
0000197952,"""PROMBUD"" SPÓŁKA Z OGRANICZONĄ ODPOWIEDZIALNOŚCIĄ",,,,ACTIVE,16.10.Z:main
0000412057,"""PROMESA"" SPÓŁKA Z OGRANICZONĄ ODPOWIEDZIALNOŚCIĄ",,,,ACTIVE,16.10.Z:main
0000412057,"""PROMESA"" SPÓŁKA Z OGRANICZONĄ ODPOWIEDZIALNOŚCIĄ",,,,ACTIVE,16.10.Z:main
0000107999,"""PROMETEUSZ"" SPÓŁKA Z OGRANICZONĄ ODPOWIEDZIALNOŚCIĄ",,,,ACTIVE,16.10.Z:main
0000233570,"""PROMONTA"" SPÓŁKA Z OGRANICZONĄ ODPOWIEDZIALNOŚCIĄ",,,,LIQUIDATION,16.10.Z:main
0000233570,"""PROMONTA"" SPÓŁKA Z OGRANICZONĄ ODPOWIEDZIALNOŚCIĄ",,,,LIQUIDATION,16.10.Z:main
0000366362,"""PROPEX"" SPÓŁKA Z OGRANICZONĄ ODPOWIEDZIALNOŚCIĄ",,,,ACTIVE,16.10.Z:main
0000112067,"""PROSUM"" SPÓŁKA Z OGRANICZONĄ ODPOWIEDZIALNOŚCIĄ",,,,ACTIVE,16.10.Z:main
0000361788,"""PROTEK"" SPÓŁKA Z OGRANICZONĄ ODPOWIEDZIALNOŚCIĄ",,,,ACTIVE,16.10.Z:main
0000280968,"""PROXIN VISION"" SPÓŁKA Z OGRANICZONĄ ODPOWIEDZIALNOŚCIĄ",,,,ACTIVE,16.10.Z:main
0000122160,"""PRYMAS"" SPÓŁKA JAWNA ALICJA, KRZYSZTOF PRYMAS",,,,ACTIVE,16.10.Z:main
0000199402,"""PRZEDSIĘBIORCZOŚĆ PONAD PODZIAŁAMI""",,,,ACTIVE,16.10.Z:main
0000059202,"""PRZEDSIĘBIORSTWO AMB"" SPÓŁKA Z OGRANICZONĄ ODPOWIEDZIALNOŚCIĄ",,,,ACTIVE,16.10.Z:main
0000079335,"""PRZEDSIĘBIORSTWO BIAŁA MARIANNA - RAKOWIECKI, PTASZEK - SPÓŁKA JAWNA""",,,,LIQUIDATION,16.10.Z:main
0000078333,"""PRZEDSIĘBIORSTWO BUDOWLANO-HANDLOWE ARKOP KRZYSZTOF PIANOWSKI I S-KA SPÓŁKA JAWNA""",,,,ACTIVE,16.10.Z:main
0000110229,"""PRZEDSIĘBIORSTWO GOSPODARKI KOMUNALNEJ W WOŁOWIE"" SPÓŁKA Z OGRANICZONĄ ODPOWIEDZIALNOŚCIĄ",,,,ACTIVE,16.10.Z:main
0000216370,"""PRZEDSIĘBIORSTWO GOSPODARKI KOMUNALNEJ"" SPÓŁKA Z OGRANICZONĄ ODPOWIEDZIALNOŚCIĄ",,,,ACTIVE,16.10.Z:main
0000376427,"""PRZEDSIĘBIORSTWO HANDLOWO USŁUGOWE ADAR-SYSTEM"" SPÓŁKA Z OGRANICZONĄ ODPOWIEDZIALNOŚCIĄ",,,,ACTIVE,16.10.Z:main
0000029299,"""PRZEDSIĘBIORSTWO HANDLOWO USŁUGOWE OTTO SPÓŁKA JAWNA MIROSŁAW DĄBROWSKI I INNI""",,,,ACTIVE,16.10.Z:main
0000029299,"""PRZEDSIĘBIORSTWO HANDLOWO USŁUGOWE OTTO SPÓŁKA JAWNA MIROSŁAW DĄBROWSKI I INNI""",,,,ACTIVE,16.10.Z:main
0000276667,"""PRZEDSIĘBIORSTWO HANDLU, USŁUG I PRODUKCJI RÓŻNEJ ""LAPIS II"" SPÓŁKA Z OGRANICZONĄ ODPOWIEDZIALNOŚCIĄ""",,,,LIQUIDATION,16.10.Z:main
0000073994,"""PRZEDSIĘBIORSTWO LEŚNE GODLAS"" SPÓŁKA Z OGRANICZONĄ ODPOWIEDZIALNOŚCIĄ",,,,ACTIVE,16.10.Z:main
0000188717,"""PRZEDSIĘBIORSTWO PRODUKCYJNO - USŁUGOWO - HANDLOWE PROFIL"" SPÓŁKA Z OGRANICZONĄ ODPOWIEDZIALNOŚCIĄ",,,,ACTIVE,16.10.Z:main
0000503122,"""PRZEDSIĘBIORSTWO PRODUKCYJNO HANDLOWO USŁUGOWE AR-TRANS SPÓŁKA JAWNA U.ARCZYŃSKA, Ł.ARCZYŃSKI""",,,,ACTIVE,16.10.Z:main
0000131346,"""PRZEDSIĘBIORSTWO ROBÓT DROGOWO - INŻYNIERYJNYCH"" SPÓŁKA Z OGRANICZONĄ ODPOWIEDZIALNOŚCIĄ",,,,ACTIVE,16.10.Z:main
0000131346,"""PRZEDSIĘBIORSTWO ROBÓT DROGOWO - INŻYNIERYJNYCH"" SPÓŁKA Z OGRANICZONĄ ODPOWIEDZIALNOŚCIĄ",,,,ACTIVE,16.10.Z:main
0000162505,"""PRZEDSIĘBIORSTWO ROBÓT DROGOWYCH"" SPÓŁKA Z OGRANICZONĄ ODPOWIEDZIALNOŚCIĄ",,,,ACTIVE,16.10.Z:main
0000130486,"""PRZEDSIĘBIORSTWO ROBÓT DROGOWYCH"" SPÓŁKA Z OGRANICZONĄ ODPOWIEDZIALNOŚCIĄ",,,,ACTIVE,16.10.Z:main
0000130152,"""PRZEDSIĘBIORSTWO RYBACKIE ZŁOCIENIEC"" SPÓŁKA Z OGRANICZONĄ ODPOWIEDZIALNOŚCIĄ",,,,ACTIVE,16.10.Z:main
0000209396,"""PRZEDSIĘBIORSTWO TRANSPORTOWO-BUDOWLANE"" SPÓŁKA Z OGRANICZONĄ ODPOWIEDZIALNOŚCIĄ",,,,ACTIVE,16.10.Z:main
0000106159,"""PRZEDSIĘBIORSTWO USŁUGOWO HANDLOWE LUX JANINA I BOGUSŁAW LEJMAN SPÓŁKA JAWNA""",,,,ACTIVE,16.10.Z:main
0000106159,"""PRZEDSIĘBIORSTWO USŁUGOWO HANDLOWE LUX JANINA I BOGUSŁAW LEJMAN SPÓŁKA JAWNA""",,,,ACTIVE,16.10.Z:main
0000225007,"""PRZEDSIĘBIORSTWO USŁUGOWO-PRODUKCYJNE DRIM SPÓŁKA Z OGRANICZONĄ ODPOWIEDZIALNOŚCIĄ""",,,,ACTIVE,16.10.Z:main
0000322050,"""PRZEDSIĘBIORSTWO ŻEREBECKI"" SPÓŁKA Z OGRANICZONĄ ODPOWIEDZIALNOŚCIĄ",,,,ACTIVE,16.10.Z:main
0000274628,"""PRZEDSIĘBORSTWO BUDOWLANE STRYKOWSKI SPÓŁKA JAWNA""",,,,ACTIVE,16.10.Z:main
0000415127,"""PRZEMPOL"" SPÓŁKA Z OGRANICZONĄ ODPOWIEDZIALNOŚCIĄ",,,,ACTIVE,16.10.Z:main
0000309622,"""PRZEMYSŁ DRZEWNY DOBRZYNIEWO"" J. SZORC, Z. DZIWNIEL, M. GNIAZDOWSKA SPÓŁKA JAWNA",,,,ACTIVE,16.10.Z:main
0000309622,"""PRZEMYSŁ DRZEWNY DOBRZYNIEWO"" J. SZORC, Z. DZIWNIEL, M. GNIAZDOWSKA SPÓŁKA JAWNA",,,,ACTIVE,16.10.Z:main
0000309622,"""PRZEMYSŁ DRZEWNY DOBRZYNIEWO"" J. SZORC, Z. DZIWNIEL, M. GNIAZDOWSKA SPÓŁKA JAWNA",,,,ACTIVE,16.10.Z:main
0000309622,"""PRZEMYSŁ DRZEWNY DOBRZYNIEWO"" J. SZORC, Z. DZIWNIEL, M. GNIAZDOWSKA SPÓŁKA JAWNA",,,,ACTIVE,16.10.Z:main
0000261210,"""PRZEMYSŁ DRZEWNY ŻUROWA"" SPÓŁKA Z OGRANICZONĄ ODPOWIEDZIALNOŚCIĄ",,,,ACTIVE,16.10.Z:main
0000306053,"""PRZEMYSŁAW KOWALCZYK SPÓŁKA JAWNA""",,,,ACTIVE,16.10.Z:main
0000161324,"""PUCHALSKI"" SPÓŁKA Z OGRANICZONĄ ODPOWIEDZIALNOŚCIĄ",,,,LIQUIDATION,16.10.Z:main
0000181647,"""PUCKA GOSPODARKA KOMUNALNA"" SPÓŁKA Z OGRANICZONĄ ODPOWIEDZIALNOŚCIĄ",,,,ACTIVE,16.10.Z:main
0000256335,"""PUF-JAR"" SPÓŁKA Z OGRANICZONĄ ODPOWIEDZIALNOŚCIĄ",,,,ACTIVE,16.10.Z:main
0000257838,"""PUFFIN SPÓŁKA Z OGRANICZONĄ ODPOWIEDZIALNOŚCIĄ""",,,,ACTIVE,16.10.Z:main
0000447142,"""PUMA"" SPÓŁKA Z OGRANICZONĄ ODPOWIEDZIALNOŚCIĄ",,,,ACTIVE,16.10.Z:main
0000277086,"""PUMART"" SPÓŁKA Z OGRANICZONĄ ODPOWIEDZIALNOŚCIĄ",,,,ACTIVE,16.10.Z:main
0000518306,"""PUNTO VERDE"" SPÓŁKA Z OGRANICZONĄ ODPOWIEDZIALNOŚCIĄ",,,,ACTIVE,16.10.Z:main
0000518306,"""PUNTO VERDE"" SPÓŁKA Z OGRANICZONĄ ODPOWIEDZIALNOŚCIĄ",,,,ACTIVE,16.10.Z:main
0000167186,"""PUR"" SPÓŁKA Z OGRANICZONĄ ODPOWIEDZIALNOŚCIĄ",,,,ACTIVE,16.10.Z:main
0000167186,"""PUR"" SPÓŁKA Z OGRANICZONĄ ODPOWIEDZIALNOŚCIĄ",,,,ACTIVE,16.10.Z:main
0000167186,"""PUR"" SPÓŁKA Z OGRANICZONĄ ODPOWIEDZIALNOŚCIĄ",,,,ACTIVE,16.10.Z:main
0000132115,"""PZI PATIO"" SPÓŁKA Z OGRANICZONĄ ODPOWIEDZIALNOŚCIĄ",,,,ACTIVE,16.10.Z:main
0000345839,"""QUANTUM"" SZYMANSKA,DYJECIŃSKI SPÓŁKA JAWNA",,,,ACTIVE,16.10.Z:main
0000897095,"""QUERCUS ADAMUS KOPYTKO"" SPÓŁKA JAWNA",,,,ACTIVE,16.10.Z:main
0000573541,"""R&D"" SPÓŁKA Z OGRANICZONĄ ODPOWIEDZIALNOŚCIĄ",,,,ACTIVE,16.10.Z:main
0000213831,"""R-BUD"" SPÓŁKA Z OGRANICZONĄ ODPOWIEDZIALNOŚCIĄ",,,,ACTIVE,16.10.Z:main
0000087058,"""RA-AP-HOLZ"" SPÓŁKA Z OGRANICZONĄ ODPOWIEDZIALNOŚCIĄ",,,,LIQUIDATION,16.10.Z:main
0000087058,"""RA-AP-HOLZ"" SPÓŁKA Z OGRANICZONĄ ODPOWIEDZIALNOŚCIĄ",,,,LIQUIDATION,16.10.Z:main
0000288188,"""RAFAPOL"" SPÓŁKA Z OGRANICZONĄ ODPOWIEDZIALNOŚCIĄ",,,,ACTIVE,16.10.Z:main
0000496094,"""RAFITECH"" SPÓŁKA Z OGRANICZONĄ ODPOWIEDZIALNOŚCIĄ",,,,ACTIVE,16.10.Z:main
0000042887,"""RAGN-SELLS POLSKA"" SPÓŁKA Z OGRANICZONĄ ODPOWIEDZIALNOŚCIĄ",,,,ACTIVE,16.10.Z:main
0000592254,"""RAIL WOOD"" SPÓŁKA Z OGRANICZONĄ ODPOWIEDZIALNOŚCIĄ",,,,ACTIVE,16.10.Z:main
0000037659,"""RAJ"" SPÓŁKA Z OGRANICZONĄ ODPOWIEDZIALNOŚCIĄ",,,,ACTIVE,16.10.Z:main
0000372576,"""RAJA AYAM"" SPÓŁKA Z OGRANICZONĄ ODPOWIEDZIALNOŚCIĄ",,,,LIQUIDATION,16.10.Z:main
0000322910,"""RALEX-TARTAK-SANTOK"" SPÓŁKA Z OGRANICZONĄ ODPOWIEDZIALNOŚCIĄ",,,,ACTIVE,16.10.Z:main
0000315154,"""RAMIBUD JR SPÓŁKA Z OGRANICZONĄ ODPOWIEDZIALNOŚCIĄ""",,,,ACTIVE,16.10.Z:main
0000248395,"""RAVEN EUROPA"" SPÓŁKA Z OGRANICZONĄ ODPOWIEDZIALNOŚCIĄ",,,,ACTIVE,16.10.Z:main
0000248395,"""RAVEN EUROPA"" SPÓŁKA Z OGRANICZONĄ ODPOWIEDZIALNOŚCIĄ",,,,ACTIVE,16.10.Z:main
0000329628,"""RE MARKET SPÓŁKA Z OGRANICZONĄ ODPOWIEDZIALNOŚCIĄ""",,,,ACTIVE,16.10.Z:main
0000149991,"""REA"" SPÓŁKA Z OGRANICZONĄ ODPOWIEDZIALNOŚCIĄ",,,,ACTIVE,16.10.Z:main
0000100376,"""REAL MANAGEMENT"" SPÓŁKA Z OGRANICZONĄ ODPOWIEDZIALNOŚCIĄ",,,,ACTIVE,16.10.Z:main
0000108218,"""REBUD"" SPÓŁKA Z OGRANICZONĄ ODPOWIEDZIALNOŚCIĄ",,,,LIQUIDATION,16.10.Z:main
0000279031,"""RED 5"" SPÓŁKA Z OGRANICZONĄ ODPOWIEDZIALNOŚCIĄ",,,,ACTIVE,16.10.Z:main
0000483961,"""REDMIND SPÓŁKA Z OGRANICZONĄ ODPOWIEDZIALNOŚCIĄ"" SPÓŁKA KOMANDYTOWA",,,,ACTIVE,16.10.Z:main
0000183903,"""REFAS"" SPÓŁKA Z OGRANICZONĄ ODPOWIEDZIALNOŚCIĄ",,,,ACTIVE,16.10.Z:main
0000277552,"""REFREN"" SPÓŁKA Z OGRANICZONĄ ODPOWIEDZIALNOŚCIĄ",,,,LIQUIDATION,16.10.Z:main
0000133981,"""REGA"" HENRYK GAJDEL - WŁODZIMIERZ RELIGA SPÓŁKA JAWNA",,,,ACTIVE,16.10.Z:main
0000152865,"""REGIONALNE CENTRUM SPRZEDAŻY RATALNEJ"" SPÓŁKA Z OGRANICZONĄ ODPOWIEDZIALNOŚCIĄ",,,,ACTIVE,16.10.Z:main
0000513082,"""RELAX"" SPÓŁKA Z OGRANICZONĄ ODPOWIEDZIALNOŚCIĄ",,,,ACTIVE,16.10.Z:main
0000513082,"""RELAX"" SPÓŁKA Z OGRANICZONĄ ODPOWIEDZIALNOŚCIĄ",,,,ACTIVE,16.10.Z:main
0000527803,"""REMA"" SPÓŁKA Z OGRANICZONĄ ODPOWIEDZIALNOŚCIĄ",,,,ACTIVE,16.10.Z:main
0000333703,"""REMI"" SPÓŁKA Z OGRANICZONĄ ODPOWIEDZIALNOŚCIĄ",,,,ACTIVE,16.10.Z:main
0000256756,"""REMIBUD"" SPÓŁKA Z OGRANICZONĄ ODPOWIEDZIALNOŚCIĄ",,,,ACTIVE,16.10.Z:main
0000285841,"""REMISPOL"" SPÓŁKA Z OGRANICZONĄ ODPOWIEDZIALNOŚCIĄ",,,,ACTIVE,16.10.Z:main
0000180650,"""REMIX"" SPÓŁKA Z OGRANICZONĄ ODPOWIEDZIALNOŚCIĄ",,,,ACTIVE,16.10.Z:main
0000277483,"""REMOTEKS"" SPÓŁKA AKCYJNA",,,,ACTIVE,16.10.Z:main
0000159680,"""RENOMET RECYKLING"" SPÓŁKA Z OGRANICZONĄ ODPOWIEDZIALNOŚCIĄ",,,,ACTIVE,16.10.Z:main
0000179051,"""RESCO"" SPÓŁKA Z OGRANICZONĄ ODPOWIEDZIALNOŚCIĄ",,,,ACTIVE,16.10.Z:main
0000179051,"""RESCO"" SPÓŁKA Z OGRANICZONĄ ODPOWIEDZIALNOŚCIĄ",,,,ACTIVE,16.10.Z:main
0000202615,"""RESET"" SPÓŁKA Z OGRANICZONĄ ODPOWIEDZIALNOŚCIĄ",,,,ACTIVE,16.10.Z:main
0000086963,"""RETRO"" STANISŁAW SIENICKI I WSPÓLNICY SPÓŁKA JAWNA EKSPORT-IMPORT",,,,ACTIVE,16.10.Z:main
0000326306,"""REWITAL"" SPÓŁKA Z OGRANICZONĄ ODPOWIEDZIALNOŚCIĄ",,,,ACTIVE,16.10.Z:main
0000128150,"""RHEBA"" SPÓŁKA Z OGRANICZONĄ ODPOWIEDZIALNOŚCIĄ",,,,ACTIVE,16.10.Z:main
0000332821,"""RHYNE ROCK POLAND"" SPÓŁKA Z OGRANICZONĄ ODPOWIEDZIALNOŚCIĄ",,,,LIQUIDATION,16.10.Z:main
0000631861,"""RMP CONSTRUCTION"" SPÓŁKA Z OGRANICZONĄ ODPOWIEDZIALNOŚCIĄ",,,,ACTIVE,16.10.Z:main
0000265806,"""RMR - URSZULA OLMA - SPÓŁKA JAWNA""",,,,ACTIVE,16.10.Z:main
0000220848,"""RO.SA.-INVEST"" SPÓŁKA Z OGRANICZONĄ ODPOWIEDZIALNOŚCIĄ",,,,ACTIVE,16.10.Z:main
0000278832,"""RO.SA.-MET"" SPÓŁKA Z OGRANICZONĄ ODPOWIEDZIALNOŚCIĄ",,,,ACTIVE,16.10.Z:main
0000278832,"""RO.SA.-MET"" SPÓŁKA Z OGRANICZONĄ ODPOWIEDZIALNOŚCIĄ",,,,ACTIVE,16.10.Z:main
0000329127,"""ROB-MAR R.POPOWSKI, M.POWĘZKA"" SPÓŁKA JAWNA",,,,LIQUIDATION,16.10.Z:main
0000096884,"""ROBELIT"" SPÓŁKA Z OGRANICZONĄ ODPOWIEDZIALNOŚCIĄ",,,,ACTIVE,16.10.Z:main
0000096884,"""ROBELIT"" SPÓŁKA Z OGRANICZONĄ ODPOWIEDZIALNOŚCIĄ",,,,ACTIVE,16.10.Z:main
0000537550,"""ROCKY SOLVENT"" SPÓŁKA Z OGRANICZONĄ ODPOWIEDZIALNOŚCIĄ",,,,ACTIVE,16.10.Z:main
0000268249,"""RODPOL"" SPÓŁKA Z OGRANICZONĄ ODPOWIEDZIALNOŚCIĄ",,,,ACTIVE,16.10.Z:main
0000268249,"""RODPOL"" SPÓŁKA Z OGRANICZONĄ ODPOWIEDZIALNOŚCIĄ",,,,ACTIVE,16.10.Z:main
0000195554,"""ROGALSKI REINDL"" SPÓŁKA Z OGRANICZONĄ ODPOWIEDZIALNOŚCIĄ",,,,ACTIVE,16.10.Z:main
0000314858,"""ROGMAR"" SPÓŁKA Z OGRANICZONĄ ODPOWIEDZIALNOŚCIĄ",,,,ACTIVE,16.10.Z:main
0000390470,"""ROKA A.I.KANTORSKI"" SPÓŁKA KOMANDYTOWA",,,,ACTIVE,16.10.Z:main
0000086823,"""ROKA I"" SPÓŁKA Z OGRANICZONĄ ODPOWIEDZIALNOŚCIĄ",,,,ACTIVE,16.10.Z:main
0000113746,"""ROL-AND"" SPÓŁKA Z OGRANICZONĄ ODPOWIEDZIALNOŚCIĄ",,,,LIQUIDATION,16.10.Z:main
0000230256,"""ROL-EKO"" SPÓŁKA Z OGRANICZONĄ ODPOWIEDZIALNOŚCIĄ",,,,ACTIVE,16.10.Z:main
0000448490,"""ROL-POL"" SPÓŁKA Z OGRANICZONĄ ODPOWIEDZIALNOŚCIĄ",,,,ACTIVE,16.10.Z:main
0000340294,"""ROL-TRADITION"" ULRICH SCHLÖSSER SPÓŁKA KOMANDYTOWA",,,,ACTIVE,16.10.Z:main
0000216903,"""ROLBIT"" SPÓŁKA Z OGRANICZONĄ ODPOWIEDZIALNOŚCIĄ W ŁAJSACH",,,,LIQUIDATION,16.10.Z:main
0000216903,"""ROLBIT"" SPÓŁKA Z OGRANICZONĄ ODPOWIEDZIALNOŚCIĄ W ŁAJSACH",,,,LIQUIDATION,16.10.Z:main
0000155039,"""ROLIUSZ"" SPÓŁKA Z OGRANICZONĄ ODPOWIEDZIALNOŚCIĄ",,,,ACTIVE,16.10.Z:main
0000661571,"""ROLLTECH"" SPÓŁKA Z OGRANICZONĄ ODPOWIEDZIALNOŚCIĄ",,,,ACTIVE,16.10.Z:main
0000471870,"""ROLMAX"" SPÓŁKA Z OGRANICZONĄ ODPOWIEDZIALNOŚCIĄ",,,,ACTIVE,16.10.Z:main
0000009748,"""ROLMEKS"" SPÓŁKA Z OGRANICZONĄ ODPOWIEDZIALNOŚCIĄ",,,,ACTIVE,16.10.Z:main
0000114573,"""ROLPOD"" SPÓŁKA Z OGRANICZONĄ ODPOWIEDZIALNOŚCIĄ",,,,ACTIVE,16.10.Z:main
0000260583,"""ROLPOL"" SPÓŁKA Z OGRANICZONĄ ODPOWIEDZIALNOŚCIĄ",,,,ACTIVE,16.10.Z:main
0000264620,"""ROLPRZEM"" SPÓŁKA Z OGRANICZONĄ ODPOWIEDZIALNOŚCIĄ",,,,ACTIVE,16.10.Z:main
0000264620,"""ROLPRZEM"" SPÓŁKA Z OGRANICZONĄ ODPOWIEDZIALNOŚCIĄ",,,,ACTIVE,16.10.Z:main
0000409660,"""ROMAX"" SPÓŁKA Z OGRANICZONĄ ODPOWIEDZIALNOŚCIĄ",,,,ACTIVE,16.10.Z:main
0000185265,"""ROMINES"" SPÓŁKA Z OGRANICZONĄ ODPOWIEDZIALNOŚCIĄ",,,,ACTIVE,16.10.Z:main
0000351452,"""ROSAR"" SPOŁKA Z OGRANICZONĄ ODPOWIEDZIALNOŚCIĄ",,,,ACTIVE,16.10.Z:main
0000148238,"""ROSERAIE"" SPÓŁKA Z OGRANICZONĄ ODPOWIEDZIALNOŚCIĄ",,,,LIQUIDATION,16.10.Z:main
0000067811,"""RPM PRZEDSIĘBIORSTWO HANDLOWE""
SPÓŁKA Z OGRANICZONĄ ODPOWIEDZIALNOŚCIĄ",,,,ACTIVE,16.10.Z:main
0000096831,"""RSC BIS"" SPÓŁKA Z OGRANICZONĄ ODPOWIEDZIALNOŚCIĄ",,,,ACTIVE,16.10.Z:main
0000096831,"""RSC BIS"" SPÓŁKA Z OGRANICZONĄ ODPOWIEDZIALNOŚCIĄ",,,,ACTIVE,16.10.Z:main
0000230109,"""RUFI POLSKA"" SPÓŁKA Z OGRANICZONĄ ODPOWIEDZIALNOŚCIĄ",,,,ACTIVE,16.10.Z:main
0000230109,"""RUFI POLSKA"" SPÓŁKA Z OGRANICZONĄ ODPOWIEDZIALNOŚCIĄ",,,,ACTIVE,16.10.Z:main
0000097246,"""RUPPCERAMIKA SPÓŁKA Z OGRANICZONĄ ODPOWIEDZIALNOŚCIĄ""",,,,ACTIVE,16.10.Z:main
0000398580,"""RUSAKIEWICZ I SPÓŁKA PRO DEVELOPMENT"" SPÓŁKA JAWNA",,,,ACTIVE,16.10.Z:main
0000398580,"""RUSAKIEWICZ I SPÓŁKA PRO DEVELOPMENT"" SPÓŁKA JAWNA",,,,ACTIVE,16.10.Z:main
0000064708,"""RWL"" SPÓŁKA Z OGRANICZONĄ ODPOWIEDZIALNOŚCIĄ",,,,ACTIVE,16.10.Z:main
0000283600,"""RYNEK NIERUCHOMOŚCI"" IWONA GRANAT, DARIUSZ BIELICKI SPÓŁKA JAWNA",,,,ACTIVE,16.10.Z:main
0000369589,"""S & P BIO-ENERGIA"" SPÓŁKA Z OGRANICZONĄ ODPOWIEDZIALNOŚCIĄ",,,,ACTIVE,16.10.Z:main
0000369589,"""S & P BIO-ENERGIA"" SPÓŁKA Z OGRANICZONĄ ODPOWIEDZIALNOŚCIĄ",,,,ACTIVE,16.10.Z:main
0000526857,"""S 4"" SPÓŁKA Z OGRANICZONĄ ODPOWIEDZIALNOŚCIĄ",,,,ACTIVE,16.10.Z:main
0000080502,"""S-L"" SPÓŁKA Z OGRANICZONĄ ODPOWIEDZIALNOŚCIĄ PRZEDSIĘBIORSTWO PRODUKCYJNO-HANDLOWE W LIKWIDACJI",,,,LIQUIDATION,16.10.Z:main
0000365139,"""S.V. POLSKA"" SPÓŁKA Z OGRANICZONĄ ODPOWIEDZIALNOŚCIĄ",,,,LIQUIDATION,16.10.Z:main
0000166813,"""SAAP"" SPÓŁKA Z OGRANICZONĄ ODPOWIEDZIALNOŚCIĄ",,,,ACTIVE,16.10.Z:main
0000356412,"""SADŁOWSCY"" SPÓŁKA Z OGRANICZONĄ ODPOWIEDZIALNOŚCIĄ",,,,ACTIVE,16.10.Z:main
0000145688,"""SALAR"" SPÓŁKA Z OGRANICZONĄ ODPOWIEDZIALNOŚCIĄ",,,,ACTIVE,16.10.Z:main
0000006921,"""SALONIKA"" S. KONARSKI; A. WASILEWSKA SPÓŁKA JAWNA",,,,ACTIVE,16.10.Z:main
0000216152,"""SALPO"" SPÓŁKA Z OGRANICZONĄ ODPOWIEDZIALNOŚCIĄ",,,,ACTIVE,16.10.Z:main
0000141202,"""SAMARTAK"" SPÓŁKA Z OGRANICZONĄ ODPOWIEDZIALNOŚCIĄ",,,,LIQUIDATION,16.10.Z:main
0000141202,"""SAMARTAK"" SPÓŁKA Z OGRANICZONĄ ODPOWIEDZIALNOŚCIĄ",,,,LIQUIDATION,16.10.Z:main
0000733270,"""SAMOPOMOC"" PRODUKCYJNO-HANDLOWA SPÓŁKA Z OGRANICZONĄ ODPOWIEDZIALNOŚCIĄ",,,,ACTIVE,16.10.Z:main
0000282827,"""SAMSON ROBERT PRYMAS"" SPÓŁKA KOMANDYTOWA",,,,ACTIVE,16.10.Z:main
0000375744,"""SAN SERWIS"" SPÓŁKA Z OGRANICZONĄ ODPOWIEDZIALNOŚCIĄ",,,,ACTIVE,16.10.Z:main
0000081116,"""SANGLASS"" SPÓŁKA AKCYJNA",,,,ACTIVE,16.10.Z:main
0000220508,"""SANIKS"" SPÓŁKA Z OGRANICZONĄ ODPOWIEDZIALNOŚCIĄ",,,,ACTIVE,16.10.Z:main
0000291835,"""SANPLAST"" SPÓŁKA AKCYJNA",,,,ACTIVE,16.10.Z:main
0000369401,"""SANSTRA"" SPÓŁKA Z OGRANICZONĄ ODPOWIEDZIALNOŚCIĄ",,,,ACTIVE,16.10.Z:main
0000332434,"""SANTEX24"" SPÓŁKA Z OGRANICZONĄ ODPOWIEDZIALNOŚCIĄ",,,,ACTIVE,16.10.Z:main
0000242866,"""SAP"" SPÓŁKA Z OGRANICZONĄ ODPOWIEDZIALNOŚCIĄ",,,,ACTIVE,16.10.Z:main
0000078370,"""SARPOL"" SPÓŁKA Z OGRANICZONĄ ODPOWIEDZIALNOŚCIĄ",,,,ACTIVE,16.10.Z:main
0000078370,"""SARPOL"" SPÓŁKA Z OGRANICZONĄ ODPOWIEDZIALNOŚCIĄ",,,,ACTIVE,16.10.Z:main
0000195898,"""SATURN-POLSKA"" SPÓŁKA Z OGRANICZONĄ ODPOWIEDZIALNOŚCIĄ",,,,LIQUIDATION,16.10.Z:main
0000244061,"""SAVI INWESTYCJE SPÓŁKA Z OGRANICZONĄ ODPOWIEDZIALNOŚCIĄ""",,,,ACTIVE,16.10.Z:main
0000335765,"""SAVI SPÓŁKA Z OGRANICZONĄ ODPOWIEDZIALNOŚCIĄ""",,,,ACTIVE,16.10.Z:main
0000165633,"""SAWSKI & URZĘDOWSKI"" SPÓŁKA Z OGRANICZONĄ ODPOWIEDZIALNOŚCIĄ",,,,ACTIVE,16.10.Z:main
0000508238,"""SCALA"" SPÓŁKA Z OGRANICZONĄ ODPOWIEDZIALNOŚCIĄ",,,,ACTIVE,16.10.Z:main
0000092666,"""SCAN FORUM"" SPÓŁKA Z OGRANICZONĄ ODPOWIEDZIALNOŚCIĄ",,,,ACTIVE,16.10.Z:main
0000087785,"""SCHUTZ (POLSKA)"" SPÓŁKA Z OGRANICZONĄ ODPOWIEDZIALNOŚCIĄ",,,,ACTIVE,16.10.Z:main
0000382346,"""SECURITY GROUP"" SPÓŁKA Z OGRANICZONĄ ODPOWIEDZIALNOŚCIĄ",,,,ACTIVE,16.10.Z:main
0000182873,"""SEEGER-DACH"" SPÓŁKA Z OGRANICZONĄ ODPOWIEDZIALNOŚCIĄ",,,,ACTIVE,16.10.Z:main
0000251932,"""SEJ-SERWIS"" SPÓŁKA Z OGRANICZONĄ ODPOWIEDZIALNOŚCIĄ",,,,ACTIVE,16.10.Z:main
0000089257,"""SEJBUD - KUŹNIECOW, JODZIS - SPÓŁKA JAWNA""",,,,ACTIVE,16.10.Z:main
0000260661,"""SEKURAN"" SPÓŁKA Z OGRANICZONĄ ODPOWIEDZIALNOŚCIĄ",,,,ACTIVE,16.10.Z:main
0000361741,"""SEKUTERSCY"" SPÓŁKA Z OGRANICZONĄ ODPOWIEDZIALNOŚCIĄ",,,,ACTIVE,16.10.Z:main
0000130792,"""SELMAG"" SPÓŁKA Z OGRANICZONĄ ODPOWIEDZIALNOŚCIĄ",,,,ACTIVE,16.10.Z:main
0000205327,"""SEMPER""-SPÓŁKA Z OGRANICZONĄ ODPOWIEDZIALNOŚCIĄ",,,,ACTIVE,16.10.Z:main
0000190876,"""SEMPRE FARBY SPÓŁKA Z OGRANICZONĄ ODPOWIEDZIALNOŚCIĄ""",,,,ACTIVE,16.10.Z:main
0000230547,"""SERGIO"" SPÓŁKA Z OGRANICZONĄ ODPOWIEDZIALNOŚCIĄ",,,,ACTIVE,16.10.Z:main
0000103593,"""SERWIS-ERG"" SPÓŁKA Z OGRANICZONĄ ODPOWIEDZIALNOŚCIĄ",,,,LIQUIDATION,16.10.Z:main
0000076776,"""SHAPE"" GROMEK ŚCIEPURA  SPÓŁKA JAWNA",,,,ACTIVE,16.10.Z:main
0000310162,"""SHEN"" SPÓŁKA Z OGRANICZONĄ ODPOWIEDZIALNOŚCIĄ",,,,ACTIVE,16.10.Z:main
0000256435,"""SHUN FA"" SPÓŁKA Z OGRANICZONĄ ODPOWIEDZIALNOŚCIĄ",,,,ACTIVE,16.10.Z:main
0000402563,"""SI MARKET"" SPÓŁKA Z OGRANICZONĄ ODPOWIEDZIALNOŚCIĄ",,,,ACTIVE,16.10.Z:main
0000234657,"""SIENKIEWICZ-BONKOWSKI POLTEX SPÓŁKA JAWNA""",,,,ACTIVE,16.10.Z:main
0000234657,"""SIENKIEWICZ-BONKOWSKI POLTEX SPÓŁKA JAWNA""",,,,ACTIVE,16.10.Z:main
0000425353,"""SIENKIEWICZA 6"" SPÓŁKA Z OGRANICZONĄ ODPOWIEDZIALNOŚCIĄ",,,,ACTIVE,16.10.Z:main
0000433961,"""SIERADZKIE KRUSZYWA MINERALNE""  SPÓŁKA Z OGRANICZONĄ ODPOWIEDZIALNOŚCIĄ",,,,ACTIVE,16.10.Z:main
0000433961,"""SIERADZKIE KRUSZYWA MINERALNE""  SPÓŁKA Z OGRANICZONĄ ODPOWIEDZIALNOŚCIĄ",,,,ACTIVE,16.10.Z:main
0000379660,"""SIGNART"" SPÓŁKA Z OGRANICZONĄ ODPOWIEDZIALNOŚCIĄ",,,,ACTIVE,16.10.Z:main
0000320735,"""SILVER-COOPER"" TOMASZEWSKI I KOPERSKI SPÓŁKA JAWNA",,,,ACTIVE,16.10.Z:main
0000200151,"""SIMPLY EVOLUTION"" SPÓŁKA Z OGRANICZONĄ ODPOWIEDZIALNOŚCIĄ",,,,ACTIVE,16.10.Z:main
0000200151,"""SIMPLY EVOLUTION"" SPÓŁKA Z OGRANICZONĄ ODPOWIEDZIALNOŚCIĄ",,,,ACTIVE,16.10.Z:main
0000244099,"""SINUS"" SPÓŁKA Z OGRANICZONĄ ODPOWIEDZIALNOŚCIĄ",,,,ACTIVE,16.10.Z:main
0000078850,"""SIRO-BIELSKO"" SPÓŁKA Z OGRANICZONĄ ODPOWIEDZIALNOŚCIĄ",,,,ACTIVE,16.10.Z:main
0000078850,"""SIRO-BIELSKO"" SPÓŁKA Z OGRANICZONĄ ODPOWIEDZIALNOŚCIĄ",,,,ACTIVE,16.10.Z:main
0000253154,"""SKAPLANT"" SPÓŁKA Z OGRANICZONĄ ODPOWIEDZIALNOŚCIĄ",,,,LIQUIDATION,16.10.Z:main
0000135230,"""SKARBOWE PRZEDSIĘBIORSTWO ROLNE STARY JAWORÓW"" SPÓŁKA Z OGRANICZONĄ ODPOWIEDZIALNOŚCIĄ",,,,LIQUIDATION,16.10.Z:main
0000749961,"""SKLEJKA - PISZ"" PAGED SPÓŁKA Z OGRANICZONĄ ODPOWIEDZIALNOŚCIĄ",,,,ACTIVE,16.10.Z:main
0000413724,"""SKLEJKA ORLIMEX"" SPÓŁKA Z OGRANICZONĄ ODPOWIEDZIALNOŚCIĄ",,,,ACTIVE,16.10.Z:main
0000202232,"""SKM WARSZTATY MEBLOWE"" SPÓŁKA Z OGRANICZONĄ ODPOWIEDZIALNOŚCIĄ",,,,ACTIVE,16.10.Z:main
0000225466,"""SKM"" SPÓŁKA Z OGRANICZONĄ ODPOWIEDZIALNOŚCIĄ",,,,LIQUIDATION,16.10.Z:main
0000311267,"""SKOTI"" SPÓŁKA Z OGRANICZONĄ ODPOWIEDZIALNOŚCIĄ",,,,ACTIVE,16.10.Z:main
0000192059,"""SKROMAK"" SPÓŁKA Z OGRANICZONĄ ODPOWIEDZIALNOŚCIĄ",,,,ACTIVE,16.10.Z:main
0000377341,"""SKROMAK"" SPÓŁKA Z OGRANICZONĄ ODPOWIEDZIALNOŚCIĄ SPÓŁKA KOMANDYTOWA",,,,ACTIVE,16.10.Z:main
0000343324,"""SLAB SYSTEMS"" SPÓŁKA Z OGRANICZONĄ ODPOWIEDZIALNOŚCIĄ",,,,ACTIVE,16.10.Z:main
0000985002,"""SLE SPEDITION"" SPÓŁKA Z OGRANICZONĄ ODPOWIEDZIALNOŚCIĄ",,,,ACTIVE,16.10.Z:main
0000137769,"""SMAKOWITA"" SPÓŁKA Z OGRANICZONĄ ODPOWIEDZIALNOŚCIĄ",,,,ACTIVE,16.10.Z:main
0000307009,"""SMOBAL"" SPÓŁKA Z OGRANICZONĄ ODPOWIEDZIALNOŚCIĄ",,,,ACTIVE,16.10.Z:main
0000041842,"""SMS"" SPÓŁKA Z OGRANICZONĄ ODPOWIEDZIALNOŚCIĄ",,,,ACTIVE,16.10.Z:main
0000165832,"""SMULDERS"" SPÓŁKA Z OGRANICZONĄ ODPOWIEDZIALNOŚCIĄ",,,,ACTIVE,16.10.Z:main
0000208522,"""SN DREW HOLZ"" SPÓŁKA Z OGRANICZONĄ ODPOWIEDZIALNOŚCIĄ",,,,ACTIVE,16.10.Z:main
0000140068,"""SOCIETAS"" SPÓŁKA Z OGRANICZONĄ ODPOWIEDZIALNOŚCIĄ",,,,ACTIVE,16.10.Z:main
0000172143,"""SOFTLIX"" SPÓŁKA Z OGRANICZONĄ ODPOWIEDZIALNOŚCIĄ",,,,ACTIVE,16.10.Z:main
0000433824,"""SOLAR FACTORY"" SPÓŁKA Z OGRANICZONĄ ODPOWIEDZIALNOŚCIĄ",,,,ACTIVE,16.10.Z:main
0000164332,"""SOLENT"" SPÓŁKA Z OGRANICZONĄ ODPOWIEDZIALNOŚCIĄ",,,,ACTIVE,16.10.Z:main
0000389929,"""SOLIDOOR"" SPÓŁKA Z OGRANICZONĄ ODPOWIEDZIALNOŚCIĄ",,,,ACTIVE,16.10.Z:main
0000114807,"""SOLIDUS"" SPÓŁKA Z OGRANICZONĄ ODPOWIEDZIALNOŚCIĄ",,,,ACTIVE,16.10.Z:main
0000102695,"""SONAROL"" SPÓŁKA JAWNA A. SOWA, S. NAJDA",,,,ACTIVE,16.10.Z:main
0000463211,"""SORDO"" SPÓŁKA Z OGRANICZONĄ ODPOWIEDZIALNOŚCIĄ",,,,ACTIVE,16.10.Z:main
0000077936,"""SOTM - SPÓŁKA Z OGRANICZONĄ ODPOWIEDZIALNOŚCIĄ""",,,,ACTIVE,16.10.Z:main
0000201428,"""SOŁOMIJA"" SPÓŁKA Z OGRANICZONĄ ODPOWIEDZIALNOŚCIĄ",,,,ACTIVE,16.10.Z:main
0000201428,"""SOŁOMIJA"" SPÓŁKA Z OGRANICZONĄ ODPOWIEDZIALNOŚCIĄ",,,,ACTIVE,16.10.Z:main
0000122805,"""SP A"" SPÓŁKA Z OGRANICZONĄ ODPOWIEDZIALNOŚCIĄ",,,,ACTIVE,16.10.Z:main
0000310733,"""SP GRUPA"" SPÓŁKA Z OGRANICZONĄ ODPOWIEDZIALNOŚCIĄ",,,,ACTIVE,16.10.Z:main
0000392039,"""SPA SPORT"" SPÓŁKA Z OGRANICZONĄ ODPOWIEDZIALNOŚCIĄ",,,,ACTIVE,16.10.Z:main
0000533217,"""SPB SPÓŁKA Z OGRANICZONĄ ODPOWIEDZIALNOŚCIĄ"" SPÓŁKA KOMANDYTOWA",,,,ACTIVE,16.10.Z:main
0000482387,"""SPEC SYSTEM"" SPÓŁKA Z OGRANICZONĄ ODPOWIEDZIALNOŚCIĄ",,,,ACTIVE,16.10.Z:main
0000173258,"""SPEEDLINE SPÓŁKA Z OGRANICZONĄ ODPOWIEDZIALNOŚCIĄ""",,,,ACTIVE,16.10.Z:main
0000192809,"""SPICHRZ BARNOWO"" SPÓŁKA Z OGRANICZONĄ ODPOWIEDZIALNOŚCIĄ",,,,ACTIVE,16.10.Z:main
0000083616,"""SPITI"" - FALIGOWSKI SPÓŁKA JAWNA",,,,ACTIVE,16.10.Z:main
0000083616,"""SPITI"" - FALIGOWSKI SPÓŁKA JAWNA",,,,ACTIVE,16.10.Z:main
0000315139,"""SPORT HALLS"" SPÓŁKA Z OGRANICZONĄ ODPOWIEDZIALNOŚCIĄ",,,,ACTIVE,16.10.Z:main
0000164001,"""SPRINT DENEKO - GROSICKI"" SPÓŁKA JAWNA",,,,ACTIVE,16.10.Z:main
0000485441,"""SPÓŁDZIELNIA SOCJALNA BUDREST""",,,,ACTIVE,16.10.Z:main
0000479097,"""SPÓŁDZIELNIA SOCJALNA FOREST SERVICES""",,,,ACTIVE,16.10.Z:main
0000536076,"""SPÓŁDZIELNIA SOCJALNA HOLOS""",,,,LIQUIDATION,16.10.Z:main
0000364299,"""SPÓŁKA PARKOWA"" SPÓŁKA Z OGRANICZONĄ ODPOWIEDZIALNOŚCIĄ",,,,ACTIVE,16.10.Z:main
0000364299,"""SPÓŁKA PARKOWA"" SPÓŁKA Z OGRANICZONĄ ODPOWIEDZIALNOŚCIĄ",,,,ACTIVE,16.10.Z:main
0000364299,"""SPÓŁKA PARKOWA"" SPÓŁKA Z OGRANICZONĄ ODPOWIEDZIALNOŚCIĄ",,,,ACTIVE,16.10.Z:main
0000081633,"""SPÓŁKA ROLNA - OSTROWIEC"" SPÓŁKA Z OGRANICZONĄ ODPOWIEDZIALNOŚCIĄ",,,,ACTIVE,16.10.Z:main
0000337685,"""STABEN"" SPÓŁKA Z OGRANICZONĄ ODPOWIEDZIALNOŚCIĄ",,,,ACTIVE,16.10.Z:main
0000183250,"""STABOS"" SPÓŁKA Z OGRANICZONĄ ODPOWIEDZIALNOŚCIĄ",,,,ACTIVE,16.10.Z:main
0000253237,"""STADREW"" WOJCIECH STASIEŁUK SPÓŁKA JAWNA",,,,ACTIVE,16.10.Z:main
0000352336,"""STAJNIA SMOLIS"" SPÓŁKA Z OGRANICZONĄ ODPOWIEDZIALNOŚCIĄ",,,,ACTIVE,16.10.Z:main
0000194407,"""STALBET"" SPÓŁKA Z OGRANICZONĄ ODPOWIEDZIALNOŚCIĄ",,,,ACTIVE,16.10.Z:main
0000421418,"""STAN-POLSKA"" SPÓŁKA Z OGRANICZONĄ ODPOWIEDZIALNOŚCIĄ",,,,ACTIVE,16.10.Z:main
0000332676,"""STANDREW"" STANISŁAW PIOCH SPÓŁKA JAWNA",,,,LIQUIDATION,16.10.Z:main
0000016632,"""STANPOL"" SPÓŁKA Z OGRANICZONĄ ODPOWIEDZIALNOŚCIĄ",,,,ACTIVE,16.10.Z:main
0000263374,"""STAR DEVELOPMENT"" SPÓŁKA Z OGRANICZONĄ ODPOWIEDZIALNOŚCIĄ",,,,ACTIVE,16.10.Z:main
0000083404,"""STAR-BUD"" SPÓŁKA Z OGRANICZONĄ ODPOWIEDZIALNOŚCIĄ",,,,ACTIVE,16.10.Z:main
0000216946,"""STARGAST"" SPÓŁKA Z OGRANICZONĄ ODPOWIEDZIALNOŚCIĄ",,,,ACTIVE,16.10.Z:main
0000718309,"""STARKAN"" SPÓŁKA Z OGRANICZONĄ ODPOWIEDZIALNOŚCIĄ",,,,ACTIVE,16.10.Z:main
0000366962,"""STARTER"" SPÓŁKA Z OGRANICZONĄ ODPOWIEDZIALNOŚCIĄ W LIKWIDACJI",,,,LIQUIDATION,16.10.Z:main
0000193272,"""STAWBUD-EXPORT"" SPÓŁKA Z OGRANICZONĄ ODPOWIEDZIALNOŚCIĄ",,,,ACTIVE,16.10.Z:main
0000158493,"""STAWOZ"" SPÓŁKA Z OGRANICZONĄ ODPOWIEDZIALNOŚCIĄ",,,,ACTIVE,16.10.Z:main
0000339266,"""STE MB"" STE GROUP SPÓŁKA Z OGRANICZONĄ ODPOWIEDZIALNOŚCIĄ W ORGANIZACJI SPÓŁKA KOMANDYTOWA",,,,ACTIVE,16.10.Z:main
0000174827,"""STEGU"" SPÓŁKA Z OGRANICZONĄ ODPOWIEDZIALNOŚCIĄ",,,,ACTIVE,16.10.Z:main
0000174827,"""STEGU"" SPÓŁKA Z OGRANICZONĄ ODPOWIEDZIALNOŚCIĄ",,,,ACTIVE,16.10.Z:main
0000003812,"""STEINPOL OK PRODUKCJA MEBLI"" SPÓŁKA Z OGRANICZONĄ ODPOWIEDZIALNOŚCIĄ",,,,ACTIVE,16.10.Z:main
0000399606,"""STEL-INVESTMENT"" SPÓŁKA Z OGRANICZONĄ ODPOWIEDZIALNOŚCIĄ SPÓŁKA KOMANDYTOWO-AKCYJNA",,,,LIQUIDATION,16.10.Z:main
0000399606,"""STEL-INVESTMENT"" SPÓŁKA Z OGRANICZONĄ ODPOWIEDZIALNOŚCIĄ SPÓŁKA KOMANDYTOWO-AKCYJNA",,,,LIQUIDATION,16.10.Z:main
0000395445,"""STELMET II"" SPÓŁKA Z OGRANICZONĄ ODPOWIEDZIALNOŚCIĄ",,,,LIQUIDATION,16.10.Z:main
0000175283,"""STER"" SPÓŁKA Z OGRANICZONĄ ODPOWIEDZIALNOŚCIĄ",,,,ACTIVE,16.10.Z:main
0000403052,"""STETBAU"" SPÓŁKA Z OGRANICZONĄ ODPOWIEDZIALNOŚCIĄ",,,,ACTIVE,16.10.Z:main
0000428879,"""STOCKHOUSE"" SPÓŁKA Z OGRANICZONĄ ODPOWIEDZIALNOŚCIĄ",,,,ACTIVE,16.10.Z:main
0000092843,"""STOL-TRAK"" KAROL, MARIA, GERHARD PRZYWAROWIE SPÓŁKA JAWNA",,,,ACTIVE,16.10.Z:main
0000111505,"""STOLAR"" SPÓŁKA Z OGRANICZONĄ ODPOWIEDZIALNOŚCIĄ",,,,ACTIVE,16.10.Z:main
0000321812,"""STOLARNIA"" KRZYSZTOF WOJTYCZKA SPÓŁKA JAWNA",,,,ACTIVE,16.10.Z:main
0000139454,"""STOLART"" SPÓŁKA Z OGRANICZONĄ ODPOWIEDZIALNOŚCIĄ",,,,ACTIVE,16.10.Z:main
0000139454,"""STOLART"" SPÓŁKA Z OGRANICZONĄ ODPOWIEDZIALNOŚCIĄ",,,,ACTIVE,16.10.Z:main
0000305117,"""STOLBRAT"" SPÓŁKA Z OGRANICZONĄ ODPOWIEDZIALNOŚCIĄ",,,,ACTIVE,16.10.Z:main
0000253345,"""STOLBUD-PLAST"" SPÓŁKA Z OGRANICZONĄ ODPOWIEDZIALNOŚCIĄ",,,,ACTIVE,16.10.Z:main
