krs,status_code,error,name_discovery,source_codes
0000001207,204,not_found_or_deregistered,TELEFONIA INTERNETOWA SPÓŁKA Z OGRANICZONĄ ODPOWIEDZIALNOŚCIĄ,16.10.Z:main
0000001750,204,not_found_or_deregistered,"OŚRODEK PRZEMYSŁOWO-BADAWCZY URZĄDZEŃ TECHNOLOGICZNYCH ""KOLPOL"" SPÓŁKA Z OGRANICZONĄ ODPOWIEDZIALNOŚCIĄ",16.10.Z:main
0000002566,204,not_found_or_deregistered,PRZEDSIĘBIORSTWO PRODUKCYJNO HANDLOWE PROFIL STYLE SPÓŁKA Z OGRANICZONĄ ODPOWIEDZIALNOŚCIĄ,16.10.Z:main
0000002683,204,not_found_or_deregistered,"PRZEDSIĘBIORSTWO BUDOWLANO -USŁUGOWO-HANDLOWE ""AGAT"" SPÓŁKA Z O.O.",16.10.Z:main
0000003470,204,not_found_or_deregistered,"PRZEDSIĘBIORSTWO WIELOBRANŻOWE ""FOLWEX"" EXPORT IMPORT ANDRZEJ KALINOWSKI KAZIMIERZ SOBOLEWSKI SPÓŁKA JAWNA",16.10.Z:main
0000003812,204,not_found_or_deregistered,"""STEINPOL OK PRODUKCJA MEBLI"" SPÓŁKA Z OGRANICZONĄ ODPOWIEDZIALNOŚCIĄ",16.10.Z:main
0000004115,204,not_found_or_deregistered,"""ICM MEBLE"" SPÓŁKA Z OGRANICZONĄ ODPOWIEDZIALNOŚCIĄ",16.10.Z:main
0000004291,204,not_found_or_deregistered,IMEX-PIECHOTA SP. Z O.O.,16.10.Z:main
0000004310,204,not_found_or_deregistered,"PRZEDSIĘBIORSTWO WIELOBRANŻOWE ""GRANBUD"" GRZEGORZ, MAŁGORZATA, KRZYSZTOF, MARIA CZAPCZYK SPÓŁKA JAWNA",16.10.Z:main
0000004931,204,not_found_or_deregistered,WALCZAK SPÓŁKA JAWNA,16.10.Z:main
0000004974,204,not_found_or_deregistered,KULCZYK TRADEX SPÓŁKA Z OGRANICZONĄ ODPOWIEDZIALNOŚCIĄ,16.10.Z:main
0000005368,204,not_found_or_deregistered,"PRZEDSIĘBIORSTWO PRODUKCYJNO-USŁUGOWE ""TURBUD"" SPÓŁKA Z OGRANICZONĄ ODPOWIEDZIALNOŚCIĄ",16.10.Z:main
0000005378,204,not_found_or_deregistered,CEZOS Z.JANKOWSKA C.SKOTAK SPÓŁKA JAWNA,16.10.Z:main
0000005702,204,not_found_or_deregistered,"""M-S M.BUKOWIAN I INNI"" SPÓŁKA JAWNA",16.10.Z:main
0000006029,204,not_found_or_deregistered,"ZAKŁAD WYROBU OKLEIN NATURALNYCH ""BRACIA MROZIK"" SPÓŁKA JAWNA W LUBLINIE",16.10.Z:main
0000006068,204,not_found_or_deregistered,"HOTEL ""SPORT HOTEL"" SPÓŁKA Z OGRANICZONĄ ODPOWIEDZIALNOŚCIĄ",16.10.Z:main
0000006300,204,not_found_or_deregistered,"HANDEL-USŁUGI ""BAZI"" K. SADOWSKI, W. SZYMAŃSKI SPÓŁKA JAWNA",16.10.Z:main
0000006410,204,not_found_or_deregistered,LESKO SPÓŁKA Z OGRANICZONĄ ODPOWIEDZIALNOŚCIĄ,16.10.Z:main
0000006576,204,not_found_or_deregistered,"PRZEDSIĘBIORSTWO WIELOBRANŻOWE ""MAT-BUD"" B.PIETRAS,E.PIETRAS SPÓŁKA JAWNA",16.10.Z:main
0000006681,204,not_found_or_deregistered,PRZEDSIĘBIORSTWO BEGIER HENRYK BEGIER I SYNOWIE SPÓŁKA JAWNA,16.10.Z:main
0000006799,204,not_found_or_deregistered,KRONOSPAN PL SPÓŁKA Z OGRANICZONĄ ODPOWIEDZIALNOŚCIĄ,16.10.Z:main
0000006850,204,not_found_or_deregistered,"ZAKŁADY DRZEWNE ""TIS"" ANTONI SZWED SPÓŁKA JAWNA",16.10.Z:main
0000006903,204,not_found_or_deregistered,"PRZEDSIĘBIORSTWO PRODUKCYJNO USŁUGOWO HANDLOWE
K@K SPÓŁKA Z OGRANICZONĄ ODPOWIEDZIALNOŚCIĄ",16.10.Z:main
0000007062,204,not_found_or_deregistered,MORSKA STOCZNIA REMONTOWA SPÓŁKA AKCYJNA,16.10.Z:main
0000007601,204,not_found_or_deregistered,HADA - GLAS SPÓŁKA Z OGRANICZONĄ ODPOWIEDZIALNOŚCIĄ,16.10.Z:main
0000007651,204,not_found_or_deregistered,ARHELAN BURZYŃSCY SPÓŁKA JAWNA,16.10.Z:main
0000007797,204,not_found_or_deregistered,"""GRAND CRU"" SPÓŁKA Z OGRANICZONĄ ODPOWIEDZIALNOŚCIĄ",16.10.Z:main
0000008535,204,not_found_or_deregistered,"""AKŚ-INVESTMENT"" SPÓŁKA Z OGRANICZONĄ ODPOWIEDZIALNOŚCIĄ",16.10.Z:main
0000009441,204,not_found_or_deregistered,"""EUROTOR"" SPÓŁKA Z OGRANICZONĄ ODPOWIEDZIALNOŚCIĄ",16.10.Z:main
0000009843,204,not_found_or_deregistered,"PRZEDSIĘBIORSTWO WIELOBRANŻOWE ""RYNTEX"" SPÓŁKA Z OGRANICZONĄ ODPOWIEDZIALNOŚCIĄ",16.10.Z:main
0000009894,204,not_found_or_deregistered,"NATURA A. BISZCZANIK, A. BISZCZANIK, M. BISZCZANIK, S. BISZCZANIK SPÓŁKA JAWNA",16.10.Z:main
0000009940,204,not_found_or_deregistered,SPÓŁDZIELNIA USŁUG ROLNICZYCH,16.10.Z:main
0000010906,204,not_found_or_deregistered,"""KARES"" SPÓŁKA Z OGRANICZONĄ ODPOWIEDZIALNOŚCIĄ",16.10.Z:main
0000011048,204,not_found_or_deregistered,"PRZEDSIĘBIORSTWO PRODUKCYJNO-USŁUGOWO-HANDLOWE ""GABI-JERCZYŃSCY"" SPÓŁKA JAWNA",16.10.Z:main
0000012475,204,not_found_or_deregistered,BUDO-ZBYT SPÓŁKA Z OGRANICZONĄ ODPOWIEDZIALNOŚCIĄ,16.10.Z:main
0000012512,204,not_found_or_deregistered,"""JUAN-J.SZAŁAŃSKI, A.WOŻNIAK"" SPÓŁKA JAWNA",16.10.Z:main
0000013508,204,not_found_or_deregistered,"PRZEDSIĘBIORSTWO WIELOBRANŻOWE ""KOMBUD"" SPÓŁKA Z OGRANICZONĄ ODPOWIEDZIALNOŚCIĄ",16.10.Z:main
0000013715,204,not_found_or_deregistered,PLAN CONSULT SPÓŁKA Z OGRANICZONĄ ODPOWIEDZIALNOŚCIĄ,16.10.Z:main
0000013853,204,not_found_or_deregistered,"""AMB"" BABST SPÓŁKA JAWNA",16.10.Z:main
0000014308,204,not_found_or_deregistered,BIURO HANDLOWE DRZWI-TESSA SPÓŁKA JAWNA,16.10.Z:main
0000014402,204,not_found_or_deregistered,"PRZEDSIĘBIORSTWO PRODUKCYJNO-HANDLOWO-USŁUGOWE ""ZACISZE"" GŁĘBOCKI PALACZ SPÓŁKA JAWNA",16.10.Z:main
0000015213,204,not_found_or_deregistered,"""ELEKTROMECHANIKA""SPÓŁKA JAWNA LESZEK I WOJCIECH SUDENIS",16.10.Z:main
0000015392,204,not_found_or_deregistered,"""TIP-HOLZ POLSKA"" SPÓŁKA Z OGRANICZONĄ ODPOWIEDZIALNOŚCIĄ",16.10.Z:main
0000015401,204,not_found_or_deregistered,"""PAGED"" SPÓŁKA AKCYJNA",16.10.Z:main
0000015452,204,not_found_or_deregistered,STEINHOFF NOVA  SPÓŁKA Z OGRANICZONĄ ODPOWIEDZIALNOŚCIĄ,16.10.Z:main
0000016126,204,not_found_or_deregistered,"PRZEDSIĘBIORSTWO WIELOBRANŻOWE ""AGTEL"" SPÓŁKA Z OGRANICZONĄ ODPOWIEDZIALNOŚCIĄ W ZAMOŚCIU",16.10.Z:main
0000017066,204,not_found_or_deregistered,"PRZEDSIĘBIORSTWO REMONTÓW I BUDOWNICTWA OGÓLNEGO SPÓŁKA Z OGRANICZONĄ ODPOWIEDZIALNOŚCIĄ, W SUWAŁKACH",16.10.Z:main
0000017231,204,not_found_or_deregistered,VDV OKUCIA BUDOWLANE SPÓŁKA Z OGRANICZONĄ ODPOWIEDZIALNOŚCIĄ,16.10.Z:main
0000017925,204,not_found_or_deregistered,"HUTA ""ZAWIERCIE"" SPÓŁKA AKCYJNA",16.10.Z:main
0000018117,204,not_found_or_deregistered,SZERWAL 2000 SPÓŁKA Z OGRANICZONĄ ODPOWIEDZIALNOŚCIĄ,16.10.Z:main
0000018288,204,not_found_or_deregistered,"""ACODE"" SPÓŁKA Z OGRANICZONĄ ODPOWIEDZIALNOŚCIĄ",16.10.Z:main
0000019212,204,not_found_or_deregistered,SHANG-HAI SPÓŁKA Z OGRANICZONĄ ODPOWIEDZIALNOŚCIĄ,16.10.Z:main
0000019528,204,not_found_or_deregistered,"P.P.H. ""JANDAR""  D. ŁATA I I. ŁATA SPÓŁKA JAWNA",16.10.Z:main
0000019658,204,not_found_or_deregistered,STOWARZYSZENIE EMAUS W LUBLINIE,16.10.Z:main
0000020523,204,not_found_or_deregistered,"PRZEDSIĘBIORSTWO ""TECHNOBUD"" SPÓŁKA Z OGRANICZONĄ ODPOWIEDZIALNOŚCIĄ",16.10.Z:main
0000020569,204,not_found_or_deregistered,"""PIONKI-MEBLE"" SPÓŁKA Z OGRANICZONĄ ODPOWIEDZIALNOŚĆIĄ",16.10.Z:main
0000020854,204,not_found_or_deregistered,"""LUBA' FIRMA HANDLOWA W.BIELA, J.MAŁECKI   SPÓŁKA JAWNA",16.10.Z:main
0000021278,204,not_found_or_deregistered,"SPÓŁDZIELNIA INWALIDÓW ""PRZYSZŁOŚĆ""",16.10.Z:main
0000021395,204,not_found_or_deregistered,"""ZIELONA PLATFORMA"" SPÓŁKA Z OGRANICZONĄ ODPOWIEDZIALNOŚCIĄ",16.10.Z:main
0000021923,204,not_found_or_deregistered,"""PORTA STYL"" SPÓŁKA Z OGRANICZONĄ ODPOWIEDZIALNOŚCIĄ",16.10.Z:main
0000022309,204,not_found_or_deregistered,"PRZEDSIĘBIORSTWO PRODUKCJI HANDLU I USŁUG ""ŁAN"" SPÓŁKA Z  OGRANICZONĄ ODPOWIEDZIALNOŚCIĄ",16.10.Z:main
0000022479,204,not_found_or_deregistered,"PRZEDSIĘBIORSTWO PRODUKCYJNO-USŁUGOWO-HANDLOWE  ""DOMEL""  ZBIGNIEW & JACEK & TOMASZ DOBIEŃ  SPÓŁKA JAWNA W KĘPNIE UL.SŁONECZNA 6",16.10.Z:main
0000023695,204,not_found_or_deregistered,STOLARKA WOŁOMIN SPÓŁKA AKCYJNA,16.10.Z:main
0000023876,204,not_found_or_deregistered,"""ESPO"" EWA POWAŁA TADEUSZ OMASTA SŁAWOMIR POWAŁA SPÓŁKA JAWNA",16.10.Z:main
0000024147,204,not_found_or_deregistered,"PRZEDSIĘBIORSTWO WIELOBRANŻOWE ""DEREM""
SPÓŁKA Z OGRANICZONĄ ODPOWIEDZIALNOŚCIĄ",16.10.Z:main
0000024211,204,not_found_or_deregistered,"""ELEKTROCIEPŁOWNIA MARCEL-REMONT"" SPÓŁKA Z OGRANICZONĄ ODPOWIEDZIALNOŚCIĄ",16.10.Z:main
0000024324,204,not_found_or_deregistered,UNIBUD PODLASKI SPÓŁKA Z OGRANICZONĄ ODPOWIEDZIALNOŚCIĄ,16.10.Z:main
0000024353,204,not_found_or_deregistered,"""TARTAK"" KAZIMIERZ USTASZEWSKI, JADWIGA USTASZEWSKA SPÓŁKA JAWNA",16.10.Z:main
0000027494,204,not_found_or_deregistered,"""ALUTECH""SPÓŁKA Z OGRANICZONĄ ODPOWIEDZIALNOŚCIĄ",16.10.Z:main
0000028143,204,not_found_or_deregistered,"""WOD-KAN LUBACZÓW"" SPÓŁKA Z OGRANICZONĄ ODPOWIEDZIALNOŚCIĄ",16.10.Z:main
0000028156,204,not_found_or_deregistered,"""VARIA - APD"" SPÓŁKA Z OGRANICZONĄ ODPOWIEDZIALNOŚCIĄ",16.10.Z:main
0000028687,204,not_found_or_deregistered,PRZEDSIĘBIORSTWO PRODUKCYJNO-HANDLOWE PEGAR SPÓŁKA Z OGRANICZONĄ ODPOWIEDZIALNOŚCIĄ,16.10.Z:main
0000028979,204,not_found_or_deregistered,"PRZEDSIĘBIORSTWO PRODUKCYJNO-HANDLOWO-USŁUGOWE ""SOLIDEX"" SPÓŁKA Z OGRANICZONĄ ODPOWIEDZIALNOŚCIĄ",16.10.Z:main
0000029672,204,not_found_or_deregistered,"""BUDEX - SZYK"" R.PROKOP I SPÓŁKA - SPÓŁKA JAWNA",16.10.Z:main
0000029697,204,not_found_or_deregistered,"""EPO"" SPÓŁKA Z OGRANICZONĄ ODPOWIEDZIALNOŚCIĄ",16.10.Z:main
0000030951,204,not_found_or_deregistered,"PRZEDSIĘBIORSTWO WIELOBRANŻOWE ""EURO-DROMPEX"" SPÓŁKA Z OGRANICZONA ODPOWIEDZIALNOŚCIĄ",16.10.Z:main
0000032369,204,not_found_or_deregistered,WLW - TAX SPÓŁKA Z OGRANICZONĄ ODPOWIEDZIALNOŚCIĄ,16.10.Z:main
0000033137,204,not_found_or_deregistered,"PRZEDSIĘBIORSTWO PRODUKCYJNO-USŁUGOWO-HANDLOWE ""FILPLAST-GŁOGÓWEK"" SPÓŁKA Z OGRANICZONĄ ODPOWIEDZIALNOŚCIĄ",16.10.Z:main
0000033339,204,not_found_or_deregistered,SOLID SPÓŁKA Z OGRANICZONĄ ODPOWIEDZIALNOŚCIĄ,16.10.Z:main
0000033449,204,not_found_or_deregistered,"""STOLPOL"" LANGE I WSPÓLNICY SPÓŁKA JAWNA",16.10.Z:main
0000034783,204,not_found_or_deregistered,"""EKOPŁYTA"" SPÓŁKA AKCYJNA",16.10.Z:main
0000036135,204,not_found_or_deregistered,"FIRMA HANDLOWA ""EKKOM"" SPÓŁKA Z OGRANICZONĄ ODPOWIEDZIALNOŚCIĄ",16.10.Z:main
0000036559,204,not_found_or_deregistered,"""CPN SERWIS ZACHÓD""",16.10.Z:main
0000036911,204,not_found_or_deregistered,FABRYKA MEBLI PRUDNIK SPÓŁKA Z OGRANICZONĄ ODPOWIEDZIALNOŚCIĄ,16.10.Z:main
0000037100,204,not_found_or_deregistered,"""POLSKO KANADYJSKIE PRZEDSIĘBIORSTWO PRODUKCYJNO HANDLOWE PROGRESS INTERNATIONAL SPÓŁKA Z OGRANICZONĄ ODPOWIEDZIALNOŚCIĄ""",16.10.Z:main
0000037659,204,not_found_or_deregistered,"""RAJ"" SPÓŁKA Z OGRANICZONĄ ODPOWIEDZIALNOŚCIĄ",16.10.Z:main
0000037949,204,not_found_or_deregistered,INDUSTRI NORTH SPÓŁKA Z OGRANICZONĄ ODPOWIEDZIALNOŚCIĄ,16.10.Z:main
0000039649,204,not_found_or_deregistered,"""COMTRANS"" SPÓŁKA Z OGRANICZONĄ ODPOWIEDZIALNOŚCIĄ",16.10.Z:main
0000039692,204,not_found_or_deregistered,KPM - MEBLE KŁODZKO SPÓŁKA Z OGRANICZONĄ ODPOWIEDZIALNOŚCIĄ,16.10.Z:main
0000040194,204,not_found_or_deregistered,ATENA SPÓŁKA Z OGRANICZONĄ ODPOWIEDZIALNOŚCIĄ,16.10.Z:main
0000040478,204,not_found_or_deregistered,LIGNARIUS SPÓŁKA Z OGRANICZONĄ ODPOWIEDZIALNOŚCIĄ,16.10.Z:main
0000040905,204,not_found_or_deregistered,"""GŁADYSZ"" ZAKŁAD REMONTOWO - BUDOWLANY GŁADYSZ GRZEGORZ, GŁADYSZ LUDMIŁA SPÓŁKA JAWNA",16.10.Z:main
0000041118,204,not_found_or_deregistered,PRZEDSIĘBIORSTWO BUDOWY URZĄDZEŃ CHŁODNICZYCH SPÓŁKA AKCYJNA,16.10.Z:main
0000041137,204,not_found_or_deregistered,"PRZEDSIĘBIORSTWO BUDOWLANO-USŁUGOWE I HANDLU ""SEGMENT"" SPÓŁKA Z OGRANICZONĄ ODPOWIEDZIALNOŚCIĄ",16.10.Z:main
0000041529,204,not_found_or_deregistered,"PRZEDSIĘBIORSTWO ENERGETYKI CIEPLNEJ ""FLUPAL"" SPÓŁKA Z OGRANICZONĄ ODPOWIEDZIALNOŚCIĄ",16.10.Z:main
0000042751,204,not_found_or_deregistered,SATER-POLSKA SPÓŁKA Z OGRANICZONĄ ODPOWIEDZIALNOŚCIĄ,16.10.Z:main
0000043028,204,not_found_or_deregistered,"""KOŁBON"" SPÓŁKA JAWNA ANTONI KOŁBON TADEUSZ KOŁBON",16.10.Z:main
0000043762,204,not_found_or_deregistered,"""DREHABUD"" KRUSZLIŃSKA, HINC SPÓŁKA JAWNA",16.10.Z:main
0000044173,204,not_found_or_deregistered,"""DREWEXIM"" SPÓŁKA Z OGRANICZONĄ ODPOWIEDZIALNOŚCIĄ",16.10.Z:main
0000045165,204,not_found_or_deregistered,ZAKŁADY PRZETWÓRSTWA TWORZYW SZTUCZNYCH SPÓŁKA Z OGRANICZONĄ ODPOWIEDZIALNOŚCIĄ,16.10.Z:main
0000045281,204,not_found_or_deregistered,"SPÓŁDZIELNIA USŁUGOWA ""PIAST"" W LEGNICY",16.10.Z:main
0000045764,204,not_found_or_deregistered,"PRZEDSIĘBIORSTWO BUDOWLANE ""POLBUD"" SPÓŁKA Z OGRANICZONĄ ODPOWIEDZIALNOŚCIĄ",16.10.Z:main
0000047015,204,not_found_or_deregistered,SPOIW - CANDI JERZY MARKIEWICZ - LESZEK MARKIEWICZ SPÓŁKA JAWNA,16.10.Z:main
0000048123,204,not_found_or_deregistered,"""PREFABET-SPÓŁKA AKCYJNA""",16.10.Z:main
0000048501,204,not_found_or_deregistered,"""INCOM""SPÓŁKA Z OGRANICZONĄ ODPOWIEDZIALNOŚCIĄ",16.10.Z:main
0000048653,204,not_found_or_deregistered,"""BIO-ENERGIA ESP"" SPÓŁKA Z OGRANICZONĄ ODPOWIEDZIALNOŚCIĄ",16.10.Z:main
0000048966,204,not_found_or_deregistered,"PRZEDSIĘBIORSTWO BUDOWNICTWA OGÓLNEGO I ROBÓT INŻYNIERYJNYCH ""INŻYNIERIA"" SPÓŁKA  Z OGRANICZONĄ ODPOWIEDZIALNOŚCIĄ",16.10.Z:main
0000049599,204,not_found_or_deregistered,SAI AUTOMOTIVE POLSKA SPÓŁKA Z OGRANICZONĄ ODPOWIEDZIALNOŚCIĄ,16.10.Z:main
0000050593,204,not_found_or_deregistered,"PRZEDSIĘBIORSTWO PRODUKCYJNO - HANDLOWO - USŁUGOWE ""DREWIT"" SPÓŁKA Z OGRANICZONĄ ODPOWIEDZIALNOŚCIĄ",16.10.Z:main
0000051364,204,not_found_or_deregistered,ZAKŁAD PRODUKCJI I OBROTU WYROBAMI Z DREWNA SPÓŁKA Z OGRANICZONĄ ODPOWIEDZIALNOŚCIĄ,16.10.Z:main
0000051553,204,not_found_or_deregistered,"""WIAK TRADE"" SPÓŁKA Z OGRANICZONĄ ODPOWIEDZIALNOŚCIĄ",16.10.Z:main
0000052383,204,not_found_or_deregistered,"ZAKŁAD STOLARKI BUDOWLANEJ ""STOLBUD"" SPÓŁKA AKCYJNA",16.10.Z:main
0000053048,204,not_found_or_deregistered,"FIRMA DORADZTWA PODATKOWEGO I FINANSOWEGO ""ALFA"" SPÓŁKA Z OGRANICZONĄ ODPOWIEDZIALNOŚCIĄ",16.10.Z:main
0000053053,204,not_found_or_deregistered,AMIGA SPÓŁKA Z OGRANICZONĄ ODPOWIEDZIALNOŚCIĄ,16.10.Z:main
0000053160,204,not_found_or_deregistered,"""BUDO-TRANS"" SPÓŁKA Z OGRANICZONĄ ODPOWIEDZIALNOŚCIĄ",16.10.Z:main
0000053724,204,not_found_or_deregistered,VOX - INDUSTRIE SPÓŁKA AKCYJNA,16.10.Z:main
0000055091,204,not_found_or_deregistered,DOLNOŚLĄSKA FABRYKA MASZYN ZANAM SPÓŁKA Z OGRANICZONĄ ODPOWIEDZIALNOŚCIĄ,16.10.Z:main
0000055115,204,not_found_or_deregistered,"""PRESCOTT INVESTMENT GROUP"" SPÓŁKA AKCYJNA",16.10.Z:main
0000056562,204,not_found_or_deregistered,KOLEKCJA STEINHOFF SPÓŁKA Z OGRANICZONĄ ODPOWIEDZIALNOŚCIĄ,16.10.Z:main
0000056817,204,not_found_or_deregistered,"PRZEDSIĘBIORSTWO WIELOBRANŻOWE ""TOPEX LTD"" SPÓŁKA Z OGRANICZONĄ ODPOWIEDZIALNOŚCIĄ",16.10.Z:main
0000057175,204,not_found_or_deregistered,"""M.G.IMPEX"" SPÓŁKA Z OGRANICZONĄ ODPOWIEDZIALNOŚCIĄ",16.10.Z:main
0000057674,204,not_found_or_deregistered,"PRZEDSIĘBIORSTWO HANDLOWE ""AGROMOR"" RYSZARD NIEMCZURA I PAWEŁ ŁUCZAK SŁAWNO SPÓŁKA JAWNA",16.10.Z:main
0000058584,204,not_found_or_deregistered,"""VOX-ACTIVE"" SPÓŁKA Z OGRANICZONĄ ODPOWIEDZIALNOŚCIĄ",16.10.Z:main
0000058729,204,not_found_or_deregistered,"KONSORCJUM BUDOWLANE ""KONS-BUD"" SPÓŁKA AKCYJNA",16.10.Z:main
0000059202,204,not_found_or_deregistered,"""PRZEDSIĘBIORSTWO AMB"" SPÓŁKA Z OGRANICZONĄ ODPOWIEDZIALNOŚCIĄ",16.10.Z:main
0000059338,204,not_found_or_deregistered,"FABRYKA ""SKLEJKA-PISZ"" SPÓŁKA AKCYJNA",16.10.Z:main
0000059877,204,not_found_or_deregistered,"PRZEDSIĘBIORSTWA WIELOBRANŻOWEGO ""SAWICCY"" SPÓŁKI JAWNEJ",16.10.Z:main
0000060919,204,not_found_or_deregistered,"PRZEDSIĘBIORSTWO WIELOBRANŻOWE ""ALGUM"" PIOTR KOŁODZIEJ, JAN KAMIŃSKI SPÓŁKA JAWNA ZAKŁAD PRACY CHRONIONEJ",16.10.Z:main
0000061670,204,not_found_or_deregistered,"""PIAS-TAR"" JURGA, PRAŁAT SPÓŁKA JAWNA",16.10.Z:main
0000061708,204,not_found_or_deregistered,"PRZEDSIĘBIORSTWO USŁUGOWO-HANDLOWO-PRODUKCYJNE ""TERMOKOP""
SPÓŁKA Z OGRANICZONĄ ODPOWIEDZIALNOŚCIĄ",16.10.Z:main
0000061924,204,not_found_or_deregistered,"""MD"" SPÓŁKA Z OGRANICZONĄ ODPOWIEDZIALNOŚCIĄ",16.10.Z:main
0000062897,204,not_found_or_deregistered,"""WĘGLOPOL"" SPÓŁKA Z OGRANICZONĄ ODPOWIEDZIALNOŚCIĄ",16.10.Z:main
0000063184,204,not_found_or_deregistered,"ZESPÓŁ PRZEDSIĘBIORSTW BUDOWNICTWA ŁĄCZNOŚCI ""K - TEL"" SPÓŁKA Z OGRANICZONĄ ODPOWIEDZIALNOŚCIĄ",16.10.Z:main
0000064019,204,not_found_or_deregistered,"USŁUGOWY ZAKŁAD REMONTOWO-BUDOWLANY ""REM-BUD"" EDWARD ŻMUDZKI I ARKADIUSZ ŻMUDZKI SPÓŁKA JAWNA",16.10.Z:main
0000064416,204,not_found_or_deregistered,"""MARKET - S & T"" SPÓŁKA Z OGRANICZONĄ ODPOWIEDZIALNOŚCIĄ",16.10.Z:main
0000064689,204,not_found_or_deregistered,ZAKŁAD PRODUKCYJNO-HANDLOWY HOL-POL SPÓŁKA Z OGRANICZONĄ ODPOWIEDZIALNOŚCIĄ,16.10.Z:main
0000064708,204,not_found_or_deregistered,"""RWL"" SPÓŁKA Z OGRANICZONĄ ODPOWIEDZIALNOŚCIĄ",16.10.Z:main
0000065255,204,not_found_or_deregistered,"""MEDRE"" SPÓŁKA Z OGRANICZONĄ ODPOWIEDZIALNOŚCIĄ",16.10.Z:main
0000065593,204,not_found_or_deregistered,"GMINNA SPÓŁDZIELNIA ""SAMOPOMOC CHŁOPSKA"" W NOWEJ SUCHEJ",16.10.Z:main
0000065718,204,not_found_or_deregistered,"""AUTO ELEKTRONIK"" SPÓŁKA Z OGRANICZONĄ ODPOWIEDZIALNOŚCIĄ",16.10.Z:main
0000066566,204,not_found_or_deregistered,"PORTOWY ZAKŁAD TRANSPORTU ""TRANS-PORT"" SPÓŁKA Z OGRANICZONĄ ODPOWIEDZIALNOŚCIĄ",16.10.Z:main
0000066711,204,not_found_or_deregistered,"""TARGOR"" RUTKOWSCY SPÓŁKA JAWNA",16.10.Z:main
0000066862,204,not_found_or_deregistered,PRZEDSIĘBIORSTWO ROBÓT DROGOWYCH SPÓŁKA AKCYJNA,16.10.Z:main
0000067807,204,not_found_or_deregistered,"ODLEWNIA ŻELIWA ""FANSULD"" J. POSTUŁA, R. RUDZIŃSKI, R. POSTUŁA SPÓŁKA JAWNA",16.10.Z:main
0000067954,204,not_found_or_deregistered,"PRZEDSIĘBIORSTWO OBSŁUGI ROLNICTWA ""WARPOL - AGRO"" SPÓŁKA Z OGRANICZONĄ ODPOWIEDZIALNOŚCIĄ",16.10.Z:main
0000068006,204,not_found_or_deregistered,"ROLNICZA SPÓŁDZIELNIA PRODUKCYJNA ""ZWYCIĘSTWO"" W JASIENICY",16.10.Z:main
0000068008,204,not_found_or_deregistered,GABINET STOMATOLOGICZNY GRAŻYNA MAJKA I STANISŁAW MAJKA SPÓŁKA JAWNA,16.10.Z:main
0000068359,204,not_found_or_deregistered,"TARTAK ""STEFAN"" P. CIEŚLAK, J. CIEŚLAK SPÓŁKA JAWNA",16.10.Z:main
0000068902,204,not_found_or_deregistered,VOIGT & HAEFFNER POLSKA SPÓŁKA Z OGRANICZONĄ ODPOWIEDZIALNOŚCIĄ,16.10.Z:main
0000069507,204,not_found_or_deregistered,WINDPOWER SPÓŁKA Z OGRANICZONĄ ODPOWIEDZIALNOŚCIĄ,16.10.Z:main
0000071280,204,not_found_or_deregistered,"""G&J ECOLOGY POLSKA"" - SPÓŁKA Z OGRANICZONĄ ODPOWIEDZIALNOŚCIĄ",16.10.Z:main
0000071687,204,not_found_or_deregistered,"PRZEDSIĘBIORSTWO ""VICTOR"" SPÓŁKA Z OGRANICZONĄ ODPOWIEDZIALNOŚCIĄ",16.10.Z:main
0000071853,204,not_found_or_deregistered,PRZEDSIĘBIORSTWO SPECJALISTYCZNE EKO-PORT SPÓŁKA Z OGRANICZONĄ ODPOWIEDZIALNOŚCIĄ,16.10.Z:main
0000072452,204,not_found_or_deregistered,"PRZEDSIĘBIORSTWO PRODUKCYJNO-HANDLOWEGO ""RINGPOL"" MAREK IWANOWSKI, WALDEMAR KUBIAK SPÓŁKA JAWNA",16.10.Z:main
0000073167,204,not_found_or_deregistered,"""EXWOOD"" SPÓŁKA Z OGRANICZONĄ ODPOWIEDZIALNOŚCIĄ",16.10.Z:main
0000073576,204,not_found_or_deregistered,MAJSTER - CHORĄŻAKOWIE SPÓŁKA JAWNA,16.10.Z:main
0000073675,204,not_found_or_deregistered,"""TAXUS"" A. BOGDANOWICZ, P. BOGDANOWICZ SPÓŁKA JAWNA",16.10.Z:main
0000074400,204,not_found_or_deregistered,"""TRANSBET"" MARIUSZ GROCHOWICZ SPÓŁKA JAWNA",16.10.Z:main
0000074694,204,not_found_or_deregistered,"""ENERGOMONTAŻ-PÓŁNOC SERWIS"" SPÓŁKA Z OGRANICZONĄ ODPOWIEDZIALNOŚCIĄ",16.10.Z:main
0000074892,204,not_found_or_deregistered,FERMA KRĄPLEWICE SPÓŁKA Z OGRANICZONĄ ODPOWIEDZIALNOŚCIĄ,16.10.Z:main
0000075006,204,not_found_or_deregistered,"MEBLARSKA SPÓŁDZIELNIA INWALIDÓW ""ZRYW""",16.10.Z:main
0000075338,204,not_found_or_deregistered,"""CERTUS"" SPÓŁKA Z OGRANICZONĄ ODPOWIEDZIALNOŚCIĄ",16.10.Z:main
0000075584,204,not_found_or_deregistered,NAVIGAR DENEKO - GARBIEŃ SPÓŁKA JAWNA,16.10.Z:main
0000075896,204,not_found_or_deregistered,"""GREENFARM"" SPÓŁKA Z OGRANICZONĄ ODPOWIEDZIALNOŚCIĄ",16.10.Z:main
0000075962,204,not_found_or_deregistered,FINNFOREST POLSKA SPÓŁKA Z OGRANICZONĄ ODPOWIEDZIALNOŚCIĄ,16.10.Z:main
0000076304,204,not_found_or_deregistered,"FARBY LAKIERY TROPS ZBIGNIEW CIESIELSKI, PIOTR FIJAŁKOWSKI SPÓŁKA JAWNA",16.10.Z:main
0000076681,204,not_found_or_deregistered,"""DREWMARCO"" SPÓŁKA JAWNA MARCINIAK - BIELIŃSKI - SAKOWICZ",16.10.Z:main
0000076722,204,not_found_or_deregistered,"""KOMANDOR-OPOLE"" SPÓŁKA AKCYJNA",16.10.Z:main
0000076941,204,not_found_or_deregistered,"PHU WARMIAK WŁODZIMERZ KANIA, ŻUKOWSKI LECH SPÓŁKA KOMANDYTOWA",16.10.Z:main
0000077079,204,not_found_or_deregistered,"""MILA * PLUS"" SPÓŁKA Z OGRANICZONĄ ODPOWIEDZIALNOŚCIĄ",16.10.Z:main
0000077258,204,not_found_or_deregistered,"DREWSTOL - A. GRZESIAK, D. MILEWSKI SPÓŁKA JAWNA",16.10.Z:main
0000077751,204,not_found_or_deregistered,"SPECJALISTYCZNE PRZEDSIĘBIORSTWO BUDOWLANE ""SAVEX"" SPÓŁKA Z OGRANICZONĄ ODPOWIEDZIALNOŚCIĄ",16.10.Z:main
0000077864,204,not_found_or_deregistered,"FIRMA ""GRILEX"" STANISŁAW KOZIOŁ, JAN I EWA SZURA SPÓŁKA JAWNA",16.10.Z:main
0000078062,204,not_found_or_deregistered,"""MONT-STAL"" SPÓŁKA Z OGRANICZONĄ ODPOWIEDZIALNOŚCIĄ",16.10.Z:main
0000078333,204,not_found_or_deregistered,"""PRZEDSIĘBIORSTWO BUDOWLANO-HANDLOWE ARKOP KRZYSZTOF PIANOWSKI I S-KA SPÓŁKA JAWNA""",16.10.Z:main
0000078518,204,not_found_or_deregistered,"ZAKŁAD HANDLOWY ""KAMELEON"" ANDRZEJ MOSKAŁA, HELENA MOSKAŁA SPÓŁKA JAWNA",16.10.Z:main
0000078660,204,not_found_or_deregistered,PIOTRKOWSKA FABRYKA MEBLI SPÓŁKA AKCYJNA,16.10.Z:main
0000078966,204,not_found_or_deregistered,"""POOLWOOD"" SPÓŁKA Z OGRANICZONĄ ODPOWIEDZIALNOŚCIĄ",16.10.Z:main
0000079335,204,not_found_or_deregistered,"""PRZEDSIĘBIORSTWO BIAŁA MARIANNA - RAKOWIECKI, PTASZEK - SPÓŁKA JAWNA""",16.10.Z:main
0000079393,204,not_found_or_deregistered,ATHENA MARMOR POLSKA SPÓŁKA Z OGRANICZONĄ ODPOWIEDZIALNOŚCIĄ,16.10.Z:main
0000079608,204,not_found_or_deregistered,DREWSYSTEM PRZEDSIĘBIORSTWO PRODUKCYJNO-USŁUGOWE SKORUPSKI-WÓJCIK SPÓŁKA JAWNA,16.10.Z:main
0000080077,204,not_found_or_deregistered,"ATIP LUDWINIAK TADEUSZ, WÓJCIK IRENEUSZ SPÓŁKA JAWNA",16.10.Z:main
0000080502,204,not_found_or_deregistered,"""S-L"" SPÓŁKA Z OGRANICZONĄ ODPOWIEDZIALNOŚCIĄ PRZEDSIĘBIORSTWO PRODUKCYJNO-HANDLOWE W LIKWIDACJI",16.10.Z:main
0000080512,204,not_found_or_deregistered,"PRZEDSIĘBIORSTWO PRODUKCYJNO-HANDLOWO-USŁUGOWE ""ZAPLECZE"" SPÓŁKA Z OGRANICZONĄ ODPOWIEDZIALNOŚCIĄ",16.10.Z:main
0000080577,204,not_found_or_deregistered,"""GREIS - A"" SPÓŁKA Z OGRANICZONĄ ODPOWIEDZIALNOŚCIĄ",16.10.Z:main
0000080760,204,not_found_or_deregistered,"JASTRZĘBSKA STREFA AKTYWNOŚCI GOSPODARCZEJ
SPÓŁKA Z OGRANICZONĄ ODPOWIEDZIALNOŚCIĄ",16.10.Z:main
0000080793,204,not_found_or_deregistered,"""DEKO POLSKA"" SPÓŁKA Z OGRANICZONĄ ODPOWIEDZIALNOŚCIĄ",16.10.Z:main
0000081063,204,not_found_or_deregistered,"""KACZKAN"" ZAKŁAD PRODUKCJI DRZEWNEJ IMPORT-EXPORT JÓZEF I HENRYK KACZKAN SPÓŁKA JAWNA",16.10.Z:main
0000081127,204,not_found_or_deregistered,"PRZEDSIĘBIORSTWO PRODUKCYJNO-HANDLOWE EKO-DREW M. KONIUSZEK, S. ROZPĘDOWSKI SPÓŁKA JAWNA",16.10.Z:main
0000081303,204,not_found_or_deregistered,SAINT-GOBAIN GLASS POLSKA SPÓŁKA Z OGRANICZONĄ ODPOWIEDZIALNOŚCIĄ,16.10.Z:main
0000081426,204,not_found_or_deregistered,"""ELTRAF"" SPÓŁKA Z OGRANICZONĄ ODPOWIEDZIALNOŚCIĄ",16.10.Z:main
0000082251,204,not_found_or_deregistered,"PRZEDSIĘBIORSTWO REMONTOWO-BUDOWLANE ""GRES"" W. KAMIŃSKI I J. BRZOZOWSKI SPÓŁKA JAWNA",16.10.Z:main
0000082526,204,not_found_or_deregistered,"SPÓŁDZIELNIA  RZEMIEŚLNICZA WIELOBRANŻOWA ""FENIKS""",16.10.Z:main
0000083035,204,not_found_or_deregistered,"""BNA POLSKA"" SPÓŁKA Z OGRANICZONĄ ODPOWIEDZIALNOŚCIĄ",16.10.Z:main
0000083067,204,not_found_or_deregistered,"""KOMANDOR ŁÓDŹ"" SPÓŁKA AKCYJNA",16.10.Z:main
0000083107,204,not_found_or_deregistered,"PRZEDSIĘBIORSTWO ROBÓT INŻYNIERYJNYCH ""TESAN"" TADEUSZ PHILIPP I WSPÓLNICY SPÓŁKA JAWNA",16.10.Z:main
0000083616,204,not_found_or_deregistered,"""SPITI"" - FALIGOWSKI SPÓŁKA JAWNA",16.10.Z:main
0000083765,204,not_found_or_deregistered,"""OROPOL-OLSZTYN"" SPÓŁKA JAWNA ŻYCKI WŁADYSŁAW",16.10.Z:main
0000084030,204,not_found_or_deregistered,"""T.E. UNIVCOME"" SPÓŁKA Z OGRANICZONĄ ODPOWIEDZIALNOŚCIĄ",16.10.Z:main
0000084121,204,not_found_or_deregistered,"PRZEDSIĘBIORSTWO PRODUKCYJNO-HANDLOWO-USŁUGOWE ""POLDREW"" SPÓŁKA Z OGRANICZONĄ ODPOWIEDZIALNOŚCIĄ",16.10.Z:main
0000084648,204,not_found_or_deregistered,"""JAWA"" SPÓŁKA Z OGRANICZONĄ OPOWIEDZIALNOŚCIĄ",16.10.Z:main
0000084916,204,not_found_or_deregistered,KOMANDOR WIELKOPOLSKA SPÓŁKA AKCYJNA,16.10.Z:main
0000085687,204,not_found_or_deregistered,"PRZEDSIĘBIORSTWO BUDOWLANE ""PEBEROL"" SPÓŁKA Z OGRANICZONĄ ODPOWIEDZIALNOŚCIĄ",16.10.Z:main
0000085949,204,not_found_or_deregistered,"""DREWGÓR"" SPÓŁKA Z OGRANICZONĄ ODPOWIEDZIALNOŚCIĄ",16.10.Z:main
0000086386,204,not_found_or_deregistered,MIKOR K. I L. MIKOŁAJCZYK MATERIAŁY BUDOWLANE SPÓŁKA JAWNA,16.10.Z:main
0000086533,204,not_found_or_deregistered,TECHNIKA SPAWALNICZA R.KUCHARSKI SPÓŁKA JAWNA,16.10.Z:main
0000086823,204,not_found_or_deregistered,"""ROKA I"" SPÓŁKA Z OGRANICZONĄ ODPOWIEDZIALNOŚCIĄ",16.10.Z:main
0000087091,204,not_found_or_deregistered,"""BIECZDREW"" SPÓŁKA Z OGRANICZONĄ ODPOWIEDZIALNOŚCIĄ",16.10.Z:main
0000087205,204,not_found_or_deregistered,PRZEDSIĘBIORSTWO WIELOBRANŻOWE PRAKON SPÓŁKA Z OGRANICZONĄ ODPOWIEDZIALNOŚCIĄ,16.10.Z:main
0000087418,204,not_found_or_deregistered,ZAKŁAD NAPRAWY I BUDOWY WAGONÓW SPÓŁKA Z OGRANICZONĄ ODPOWIEDZIALNOŚCIĄ,16.10.Z:main
0000087538,204,not_found_or_deregistered,LDC DRAMERS DYSTRYBUCJA SPÓŁKA Z OGRANICZONĄ ODPOWIEDZIALNOŚCIĄ,16.10.Z:main
0000087679,204,not_found_or_deregistered,"PRZEDSIĘBIORSTWO PRODUKCYJNO-HANDLOWE ""GRAD"" 
BEATA GRAD, PAWEŁ GRAD SPÓŁKA JAWNA",16.10.Z:main
0000087928,204,not_found_or_deregistered,"""TWIGGER CONFERENCES"" SPÓŁKA Z OGRANICZONĄ ODPOWIEDZIALNOŚCIĄ",16.10.Z:main
0000088117,204,not_found_or_deregistered,RZEŹNICTWO - WĘDLINIARSTWO JÓZEF I SYLWESTER MARYNIAK SPÓŁKA JAWNA,16.10.Z:main
0000088804,204,not_found_or_deregistered,"PRZEDSIĘBIORSTWO PRODUKCYJNO-HANDLOWO-USŁUGOWE ""MAT-BUD"" - KAŻAK SPÓŁKA JAWNA",16.10.Z:main
0000089464,204,not_found_or_deregistered,PRZEDSIĘBIORSTWO PRZEWOZOWO-SPEDYCYJNE PKS-1 SPÓŁKA Z OGRANICZONĄ ODPOWIEDZIALNOŚCIĄ,16.10.Z:main
0000090057,204,not_found_or_deregistered,"""SUNBUD"" SKŁADY MATERIAŁÓW BUDOWLANYCH KRZYSZTOF JĘDRASZEK
I WOJCIECH JĘDRASZEK SPÓŁKA JAWNA",16.10.Z:main
0000090472,204,not_found_or_deregistered,TOMAK SPÓŁKA Z OGRANICZONĄ ODPOWIEDZIALNOŚCIĄ,16.10.Z:main
0000090590,204,not_found_or_deregistered,"""TARGOR-BIS"" SPÓŁKA Z OGRANICZONĄ ODPOWIEDZIALNOŚCIĄ",16.10.Z:main
0000090814,204,not_found_or_deregistered,"""AGROEST"" JAROSZEWSKI, JUREWICZ SPÓŁKA JAWNA",16.10.Z:main
0000090920,204,not_found_or_deregistered,"""MULTICO - PRIMA"" SPÓŁKA Z OGRANICZONĄ ODPOWIEDZIALNOŚCIĄ",16.10.Z:main
0000091358,204,not_found_or_deregistered,RE-MI MIŚKIEWICZ I WSPÓLNICY SPÓŁKA JAWNA,16.10.Z:main
0000091460,204,not_found_or_deregistered,"""NOVO-DESIGN"" SPÓŁKA Z OGRANICZONĄ ODPOWIEDZIALNOŚCIĄ",16.10.Z:main
0000091512,204,not_found_or_deregistered,"""KORPORACJA LEXUS"" SPÓŁKA Z OGRANICZONĄ ODPOWIEDZIALNOŚCIĄ",16.10.Z:main
0000091817,204,not_found_or_deregistered,LOKUM BOGUSŁAWA MIEDZIŃSKA I ANDRZEJ MIEDZIŃSKI SPÓŁKA JAWNA,16.10.Z:main
0000092098,204,not_found_or_deregistered,PORTA KMI POLAND SPÓŁKA Z OGRANICZONĄ ODPOWIEDZIALNOŚCIĄ,16.10.Z:main
0000092354,204,not_found_or_deregistered,"PRZEDSIĘBIORSTWO PRODUKCYJNO HANDLOWE ""LIMBA"" SPÓŁKA JAWNA PIOTR CISZEK, RYSZARD STESKAL",16.10.Z:main
0000092629,204,not_found_or_deregistered,"ADAMET A.SANECKI, A.TODORSKI SPÓŁKA JAWNA",16.10.Z:main
0000092666,204,not_found_or_deregistered,"""SCAN FORUM"" SPÓŁKA Z OGRANICZONĄ ODPOWIEDZIALNOŚCIĄ",16.10.Z:main
0000093341,204,not_found_or_deregistered,ZAKŁĄDY MECHANICZNE URZĄDZEŃ WIERTNICZYCH SPÓŁKA Z OGRANICZONĄ ODPOWIEDZIALNOŚCIĄ,16.10.Z:main
0000093791,204,not_found_or_deregistered,"""COLINT"" SPÓŁKA Z OGRANICZONĄ ODPOWIEDZIALNOŚCIĄ",16.10.Z:main
0000094828,204,not_found_or_deregistered,NASYCALNIA PLUDRY SPÓŁKA Z OGRANICZONĄ ODPOWIEDZIALNOŚCIĄ,16.10.Z:main
0000095291,204,not_found_or_deregistered,"""TEMAX"" M.KOPCIŃSKA I J.LIPCZEWSKI SPÓŁKA JAWNA",16.10.Z:main
0000095724,204,not_found_or_deregistered,"PRZEDSIĘBIORSTWO WIELOBRANŻOWE ""MIDA"" SPÓŁKA JAWNA KRZYSZTOF MIZERA, STANISŁAW DAWIDOWICZ",16.10.Z:main
0000096023,204,not_found_or_deregistered,"""BUDREW""-SPÓŁKA Z OGRANICZONĄ ODPOWIEDZIALNOŚCIĄ",16.10.Z:main
0000096228,204,not_found_or_deregistered,"PRZEDSIĘBIORSTWO WIELOBRANŻOWE ""NOBIL"" MAREK PIECHOCKI SPÓŁKA JAWNA",16.10.Z:main
0000096246,204,not_found_or_deregistered,"APTEKA ""POD PODWÓJNYM ZŁOTYM ORŁEM"" SPÓŁKA Z OGRANICZONĄ ODPOWIEDZIALNOŚCIĄ",16.10.Z:main
0000096320,204,not_found_or_deregistered,"""BIURO MARKETINGOWO-HANDLOWE"" SPÓŁKA Z OGRANICZONĄ ODPOWIEDZIALNOŚCIĄ",16.10.Z:main
0000096465,204,not_found_or_deregistered,OGÓLNOPOLSKA IZBA GOSPODARCZA TOWARZYSTW BUDOWNICTWA SPOŁECZNEGO,16.10.Z:main
0000096530,204,not_found_or_deregistered,INTER TRANS EUROPE SPÓŁKA Z OGRANICZONĄ ODPOWIEDZIALNOŚCIĄ,16.10.Z:main
0000096541,204,not_found_or_deregistered,FERROTECH SPÓŁKA Z OGRANICZONĄ ODPOWIEDZIALNOŚCIĄ,16.10.Z:main
0000097299,204,not_found_or_deregistered,PRZEDSIĘBIORSTWO WIELOBRANŻOWE DOMINO SPÓŁKA Z OGRANICZONĄ ODPOWIEDZIALNOSCIĄ,16.10.Z:main
0000097363,204,not_found_or_deregistered,TOP TECH SPÓŁKA Z OGRANICZONĄ ODPOWIEDZIALNOŚCIĄ,16.10.Z:main
0000097820,204,not_found_or_deregistered,JUNKKARI POLSKA SPÓŁKA Z OGRANICZONĄ ODPOWIEDZIALNOŚCIĄ,16.10.Z:main
0000098270,204,not_found_or_deregistered,TERMO-BUD SPÓŁKA Z OGRANICZONĄ ODPOWIEDZIALNOŚCIĄ,16.10.Z:main
0000098556,204,not_found_or_deregistered,"""EXITOS"" SPÓŁKA Z OGRANICZONĄ ODPOWIEDZIALNOŚCIĄ",16.10.Z:main
0000099034,204,not_found_or_deregistered,"""DZIEDZIC"" SPÓŁKA Z OGRANICZONĄ ODPOWIEDZIALNOŚCIĄ",16.10.Z:main
0000099198,204,not_found_or_deregistered,"""BUD - ROL - SUR"" SPÓŁKA Z OGRANICZONĄ ODPOWIEDZIALNOŚCIĄ",16.10.Z:main
0000099299,204,not_found_or_deregistered,MEBELPLAST SPÓŁKA AKCYJNA,16.10.Z:main
0000100130,204,not_found_or_deregistered,"HANDLOWO PRODUKCYJNA SPÓŁDZIELNIA PRACY ""WAWRZYN"" W BARTOSZYCACH",16.10.Z:main
0000100376,204,not_found_or_deregistered,"""REAL MANAGEMENT"" SPÓŁKA Z OGRANICZONĄ ODPOWIEDZIALNOŚCIĄ",16.10.Z:main
0000100789,204,not_found_or_deregistered,PPUH MAT - BUD ZBIGNIEW TYLL & ROBERT MATUSZEWSKI SPÓŁKA JAWNA,16.10.Z:main
0000101651,204,not_found_or_deregistered,"""POLRYZA"" SPÓŁKA Z OGRANICZONĄ ODPOWIEDZIALNOŚCIĄ",16.10.Z:main
0000101669,204,not_found_or_deregistered,"""ALFA"" SPÓŁKA Z OGRANICZONĄ ODPOWIEDZIALNOŚCIĄ",16.10.Z:main
0000101728,204,not_found_or_deregistered,"""MATERIAŁY BUDOWLANE"" SPÓŁKA Z OGRANICZONĄ ODPOWIEDZIALNOŚCIĄ",16.10.Z:main
0000101759,204,not_found_or_deregistered,"FAST SPÓŁKA JAWNA P.KILARSKI , K.MROCZEK , A.SAMBOREK",16.10.Z:main
0000101771,204,not_found_or_deregistered,"""BUDWEST"" SPÓŁKA Z OGRANICZONĄ ODPOWIEDZIALNOŚCIĄ",16.10.Z:main
0000102145,204,not_found_or_deregistered,"SPÓŁDZIELNIA ZAOPATRZENIA I ZBYTU ""SAMOPOMOC CHŁOPSKA"" W OPOLU LUBELSKIM",16.10.Z:main
0000103593,204,not_found_or_deregistered,"""SERWIS-ERG"" SPÓŁKA Z OGRANICZONĄ ODPOWIEDZIALNOŚCIĄ",16.10.Z:main
0000103674,204,not_found_or_deregistered,"PRZEDSIĘBIORSTWO PRODUKCYJNO USŁUGOWO HANDLOWE ""WIR"" TADEUSZ TYBURSKI, SŁAWOMIR OLEJNICZAK SPÓŁKA JAWNA",16.10.Z:main
0000103920,204,not_found_or_deregistered,"PRZEDSIĘBIORSTWO BUDOWLANE ""INTER - SYSTEM"" - SPÓŁKA Z OGRANICZONĄ ODPOWIEDZIALNOŚCIĄ",16.10.Z:main
0000105018,204,not_found_or_deregistered,"PRZEDSIĘBIORSTWO METALI NIEŻELAZNYCH ""BOBREK"" SPÓŁKA JAWNA KRZYSZTOF I MACIEJ KLESZCZ, BRONISŁAW KOŹBIAŁ",16.10.Z:main
0000106159,204,not_found_or_deregistered,"""PRZEDSIĘBIORSTWO USŁUGOWO HANDLOWE LUX JANINA I BOGUSŁAW LEJMAN SPÓŁKA JAWNA""",16.10.Z:main
0000106437,204,not_found_or_deregistered,"""MAZOWIECKA FABRYKA OKIEN I DRZWI"" SPÓŁKA Z OGRANICZONĄ ODPOWIEDZIALNOŚCIĄ",16.10.Z:main
0000106547,204,not_found_or_deregistered,K & P FABRYKA DRZWI SPÓŁKA Z OGRANICZONĄ ODPOWIEDZIALNOŚCIĄ,16.10.Z:main
0000106865,204,not_found_or_deregistered,"""PAMAR"" SPÓŁKA Z OGRANICZONĄ ODPOWIEDZIALNOŚCIĄ",16.10.Z:main
0000107221,204,not_found_or_deregistered,"""URETAPOL"" SPÓŁKA Z OGRANICZONĄ ODPOWIEDZIALNOŚCIĄ",16.10.Z:main
0000107888,204,not_found_or_deregistered,"FIRMA HANDLOWO - USŁUGOWA SOZAŃSKI KAZIMIERZ, GRACZYK STANISŁAW SPÓŁKA JAWNA",16.10.Z:main
0000108301,204,not_found_or_deregistered,ŻNIŃSKA KOLEJ POWIATOWA SPÓŁKA Z OGRANICZONĄ ODPOWIEDZIALNOŚCIĄ,16.10.Z:main
0000108576,204,not_found_or_deregistered,"""DREWNO PLUS M.NOWOCIEŃ I R.SOKOŁOWSKI SPÓŁKA JAWNA""",16.10.Z:main
0000109085,204,not_found_or_deregistered,"PRZEDSIĘBIORSTWO PRODUKCYJNO-HANDLOWE ""HYDRO-TERM"" SPÓŁKA Z OGRANICZONĄ ODPOWIEDZIALNOŚCIĄ",16.10.Z:main
0000109136,204,not_found_or_deregistered,"""GABI MEBLE"" SPÓŁKA Z OGRANICZONĄ ODPOWIEDZIALNOŚCIĄ",16.10.Z:main
0000109362,204,not_found_or_deregistered,"""UNIVERPAL"" SPÓŁKA Z OGRANICZONĄ ODPOWIEDZIALNOŚCIĄ",16.10.Z:main
0000110064,204,not_found_or_deregistered,"ZAKŁAD STOLARKI BUDOWLANEJ ""STOLDOM"" SPÓŁKA Z OGRANICZONĄ ODPOWIEDZIALNOŚCIĄ",16.10.Z:main
0000110155,204,not_found_or_deregistered,"PRZEDSIĘBIORSTWO PRODUKCYJNO HANDLOWO USŁUGOWE ""TARMET"" SPÓŁKA Z OGRANICZONĄ ODPOWIEDZIALNOŚCIĄ",16.10.Z:main
0000110687,204,not_found_or_deregistered,"SKŁADNICA ARTYKUŁÓW MASOWYCH ""WĘGLOPASZ"" SPÓŁKA JAWNA TADEUSZ MENDRYGAŁ, MARCIN MENDRYGAŁ",16.10.Z:main
0000111200,204,not_found_or_deregistered,"PRZEDSIĘBIORSTWO PRODUKCYJNO-USŁUGOWO-HANDLOWO-TRANSPORTOWE STROPNICA
SPÓŁKA JAWNA BARBARA ADAMEK, GRZEGORZ ADAMEK",16.10.Z:main
0000111845,204,not_found_or_deregistered,"""PETRO-WIGOR SPÓŁKA Z OGRANICZONĄ ODPOWIEDZIALNOŚCIĄ""",16.10.Z:main
0000111943,204,not_found_or_deregistered,"PRZEDSIĘBIORSTWO PRODUKCYJNO-HANDLOWE ""TRAK"" JACH, PINKOWICZ SPÓŁKA JAWNA",16.10.Z:main
0000112245,204,not_found_or_deregistered,"""TRAK-DREW"" SPÓŁKA JAWNA ZAKŁAD PRZEMYSŁU DRZEWNEGO ADAM ŁACH I WSPÓLNICY, 26-020 CHMIELNIK",16.10.Z:main
0000112591,204,not_found_or_deregistered,"""FKW LOGISTIC"" SPÓŁKA Z OGRANICZONĄ ODPOWIEDZIALNOŚCIĄ",16.10.Z:main
0000112909,204,not_found_or_deregistered,"TOWARZYSTWO HANDLOWO INWESTYCYJNE ""NAWIGATOR"" SPÓŁKA Z OGRANICZONĄ ODPOWIEDZIALNOŚCIĄ",16.10.Z:main
0000112935,204,not_found_or_deregistered,"PRZEDSIĘBIORSTWO PRODUKCJI SORBENTÓW I REKULTYWACJI ""ELTUR - WAPORE"" SPÓŁKA Z OGRANICZONĄ ODPOWIEDZIALNOŚCIĄ",16.10.Z:main
0000113746,204,not_found_or_deregistered,"""ROL-AND"" SPÓŁKA Z OGRANICZONĄ ODPOWIEDZIALNOŚCIĄ",16.10.Z:main
0000114259,204,not_found_or_deregistered,"""T I J"" SPÓŁKA Z OGRANICZONĄ ODPOWIEDZIALNOŚCIĄ",16.10.Z:main
0000114749,204,not_found_or_deregistered,PARAFINY-RAFINERIA JASŁO SPÓŁKA Z OGRANICZONĄ ODPOWIEDZIALNOŚCIĄ,16.10.Z:main
0000114972,204,not_found_or_deregistered,"""BPL POLSKA"" SPÓŁKA Z OGRANICZONĄ ODPOWIEDZIALNOŚCIĄ",16.10.Z:main
0000115257,204,not_found_or_deregistered,"PRZEDSIĘBIORSTWO PRODUKCYJNO-HANDLOWE ""PEKLOSÓL"" M.SKARŻYŃSKA - A.BURKACKI SPÓŁKA JAWNA",16.10.Z:main
0000115420,204,not_found_or_deregistered,"""PAGED"" ZAKŁAD DRZEWNY W SŁUPSKU SPÓŁKA Z OGRANICZONĄ ODPOWIEDZIALNOŚCIĄ",16.10.Z:main
0000115904,204,not_found_or_deregistered,"ZAKŁAD PRODUKCYJNO-HANDLOWY ""ZŁOMOTEX"" RAJCZYK SPÓŁKA JAWNA",16.10.Z:main
0000116442,204,not_found_or_deregistered,"ZAKŁAD USŁUGOWO HANDLOWY ""TOMBIA"" SPÓŁKA JAWNA K.BIAŁY, J.TOMICA",16.10.Z:main
0000116515,204,not_found_or_deregistered,"""UNIDREW"" SPÓŁKA Z OGRANICZONĄ ODPOWIEDZIALNOŚCIĄ",16.10.Z:main
0000116866,204,not_found_or_deregistered,"""KROJCIG MEBEL JOINT VENTURE"" SPÓŁKA Z OGRANICZONĄ ODPOWIEDZIALNOŚCIĄ",16.10.Z:main
0000117116,204,not_found_or_deregistered,"PRZEDSIĘBIORSTWO PRODUKCJI, HANDLU I USŁUG ""SILVPOL"" SPÓŁKA Z OGRANICZONĄ ODPOWIEDZIALNOŚCIĄ",16.10.Z:main
0000117307,204,not_found_or_deregistered,"""AWG-POLSKA"" SPÓŁKA Z OGRANICZONĄ ODPOWIEDZIALNOŚCIĄ W LIKWIDACJI",16.10.Z:main
0000117937,204,not_found_or_deregistered,"KĘPIŃSKIE PRZEDSIĘBIORSTWO BUDOWNICTWA, HANDLU I USŁUG ""PBK"" SPÓŁKA AKCYJNA",16.10.Z:main
0000118376,204,not_found_or_deregistered,"""LUBO - IMPREGNACJA"" SPÓŁKA Z OGRANICZONĄ ODPOWIEDZIALNOŚCIĄ",16.10.Z:main
0000119079,204,not_found_or_deregistered,"PRZEDSIĘBIORSTWO PRZEROBU METALI ""DOMET"" SPÓŁKA Z OGRANICZONĄ ODPOWIEDZIALNOŚCIĄ",16.10.Z:main
0000119112,204,not_found_or_deregistered,SUPPORT SPÓŁKA Z OGRANICZONĄ ODPOWIEDZIALNOŚCIĄ,16.10.Z:main
0000119203,204,not_found_or_deregistered,"""ZAKŁAD REMONTOWO-NAPRAWCZY HYMAR - SPÓŁKA Z OGRANICZONĄ ODPOWIEDZIALNOŚCIĄ""",16.10.Z:main
0000119411,204,not_found_or_deregistered,ELWIND SPÓŁKA Z OGRANICZONĄ ODPOWIEDZIALNOŚCIĄ,16.10.Z:main
0000119522,204,not_found_or_deregistered,STATOIL LUBRICANTS ŚLĄSK SPÓŁKA Z OGRANICZONĄ ODPOWIEDZIALNOŚCIĄ,16.10.Z:main
0000120299,204,not_found_or_deregistered,BIODIESEL TECHNOLOGY SPÓŁKA Z OGRANICZONĄ ODPOWIEDZIALNOŚCIĄ,16.10.Z:main
0000121109,204,not_found_or_deregistered,"ZAKŁADY MODELARSKO-ODLEWNICZE ""LEGMOD"" K.RZUCHOWSKI SPÓŁKA JAWNA",16.10.Z:main
0000121640,204,not_found_or_deregistered,"""HOLZINDUSTRIE DOBIEGNIEW MANAGEMENT"" SPÓŁKA Z OGRANICZONĄ ODPOWIEDZIALNOŚCIĄ",16.10.Z:main
0000122160,204,not_found_or_deregistered,"""PRYMAS"" SPÓŁKA JAWNA ALICJA, KRZYSZTOF PRYMAS",16.10.Z:main
0000122845,204,not_found_or_deregistered,ROLNICZA SPÓŁDZIELNIA PRODUKCYJNA,16.10.Z:main
0000123000,204,not_found_or_deregistered,"PRZEDSIĘBIORSTWO PRODUKCYJNO HANDLOWO USŁUGOWE ""RENO DACH"" - KOCZARA, PRYNC I INNI, SPÓŁKA JAWNA",16.10.Z:main
0000124292,204,not_found_or_deregistered,"ZAKŁADY SPRZĘTU SPORTOWEGO ""POLSPORT"" SPÓŁKA Z OGRANICZONĄ ODPOWIEDZIALNOŚCIĄ",16.10.Z:main
0000124663,204,not_found_or_deregistered,"ZAKŁAD USŁUGOWO-PRODUKCYJNY ""KOMUNALNIK"" SPÓŁKA Z OGRANICZONĄ ODPOWIEDZIALNOŚCIĄ",16.10.Z:main
0000124763,204,not_found_or_deregistered,"""KLEOPATRA"" SPÓŁKA Z OGRANICZONĄ ODPOWIEDZIALNOŚCIĄ",16.10.Z:main
0000125034,204,not_found_or_deregistered,ZAKŁAD PRODUKCJI WODY SPÓŁKA Z OGRANICZONĄ ODPOWIEDZIALNOŚCIĄ,16.10.Z:main
0000125401,204,not_found_or_deregistered,"""KOST-BET"" ZYGMUNT MATYJA, KRZYSZTOF MATYJA, PAWEŁ MATYJA SPÓŁKA JAWNA",16.10.Z:main
0000125515,204,not_found_or_deregistered,K + K SPÓŁKA Z OGRANICZONĄ ODPOWIEDZIALNOŚCIĄ,16.10.Z:main
0000126469,204,not_found_or_deregistered,"""STYL"" HURTOWNIA TKANIN SPÓŁKA Z OGRANICZONĄ ODPOWIEDZIALNOŚCIĄ",16.10.Z:main
0000126874,204,not_found_or_deregistered,"""EKO-BESTAR"" SPÓŁKA Z OGRANICZONĄ ODPOWIEDZIALNOŚCIĄ",16.10.Z:main
0000126904,204,not_found_or_deregistered,"FIRMA HANDLOWO-USŁUGOWA ""MAGMA"" DARIUSZ DUSZYŃSKI, JÓZEF ŚWIGUT SPÓŁKA JAWNA",16.10.Z:main
0000127233,204,not_found_or_deregistered,BAJ-PROS SPÓŁKA Z OGRANICZONĄ ODPOWIEDZIALNOŚCIĄ,16.10.Z:main
0000127650,204,not_found_or_deregistered,"ZAKŁAD PRZEMYSŁU DRZEWNEGO ""ŚWIERAD"" SPÓŁKA Z OGRANICZONĄ ODPOWIEDZIALNOŚCIĄ W ŚWIERADOWIE ZDROJU",16.10.Z:main
0000127942,204,not_found_or_deregistered,ZAKŁAD MECHANIZACJI W LASKACH SPÓŁKA Z OGRANICZONĄ ODPOWIEDZIALNOŚCIĄ,16.10.Z:main
0000128150,204,not_found_or_deregistered,"""RHEBA"" SPÓŁKA Z OGRANICZONĄ ODPOWIEDZIALNOŚCIĄ",16.10.Z:main
0000128682,204,not_found_or_deregistered,MJPC SPÓŁKA Z OGRANICZONĄ ODPOWIEDZIALNOŚCIĄ,16.10.Z:main
0000128937,204,not_found_or_deregistered,KOLPORTER SYSTEMY MEBLOWE SPÓŁKA Z OGRANICZONĄ ODPOWIEDZIALNOŚCIĄ,16.10.Z:main
0000129033,204,not_found_or_deregistered,"PRZEDSIĘBIORSTWO PRODUKCYJNO-HANDLOWO-USŁUGOWE ""PRO-TECH"" TOMASZ RAKOWIECKI, ZBIGNIEW ZIÓŁKOWSKI SPÓŁKA JAWNA",16.10.Z:main
0000129241,204,not_found_or_deregistered,"""BOGENA"" SPÓŁKA Z OGRANICZONĄ ODPOWIEDZIALNOŚCIĄ",16.10.Z:main
0000129824,204,not_found_or_deregistered,"PRZEDSIĘBIORSTWO WIELOBRANŻOWE ""GERC"" SPÓŁKA JAWNA R. CUKIERSKI E. GRABOWIEC",16.10.Z:main
0000129969,204,not_found_or_deregistered,"ZAGRANICZNE PRZEDSIĘBIORSTWO WIELOBRANŻOWE ""GOBER"" SPÓŁKA Z OGRANICZONĄ ODPOWIEDZIALNOŚCIĄ",16.10.Z:main
0000130708,204,not_found_or_deregistered,"GMINNA SPÓŁDZIELNIA ""SAMOPOMOC CHŁOPSKA"" W TERESPOLU",16.10.Z:main
0000131137,204,not_found_or_deregistered,"PRZEDSIĘBIORSTWO PRODUKCYJNO - HANDLOWE ""BET-ROL"" SPÓŁKA Z OGRANICZONĄ ODPOWIEDZIALNOŚCIĄ",16.10.Z:main
0000131607,204,not_found_or_deregistered,"""FERME DE SOLBECQ"" SPÓŁKA Z OGRANICZONĄ ODPOWIEDZIALNOŚCIĄ",16.10.Z:main
0000131645,204,not_found_or_deregistered,"""DOLZAMET-ERGOLABUS"" SPÓŁKA Z OGRANICZONĄ ODPOWIEDZIALNOŚCIĄ",16.10.Z:main
0000131750,204,not_found_or_deregistered,"""NOR - BIA SPÓŁKA Z OGRANICZONĄ ODPOWIEDZIALNOŚCIĄ""",16.10.Z:main
0000131774,204,not_found_or_deregistered,VAN RIJN-DE BRUYN SZKÓŁKARSTWO SPÓŁKA Z OGRANICZONĄ ODPOWIEDZIALNOŚCIĄ,16.10.Z:main
0000132154,204,not_found_or_deregistered,"""INTEOR"" SPÓŁKA Z OGRANICZONĄ ODPOWIEDZIALNOŚCIĄ",16.10.Z:main
0000132308,204,not_found_or_deregistered,BIPROMASZ BIPRON TRADING SPÓŁKA AKCYJNA,16.10.Z:main
0000133168,204,not_found_or_deregistered,"""PANAVIA"" SPÓŁKA Z OGRANICZONĄ ODPOWIEDZIALNOŚCIĄ",16.10.Z:main
0000133461,204,not_found_or_deregistered,ROLNICZA SPÓŁDZIELNIA PRODUKCYJNA,16.10.Z:main
0000133981,204,not_found_or_deregistered,"""REGA"" HENRYK GAJDEL - WŁODZIMIERZ RELIGA SPÓŁKA JAWNA",16.10.Z:main
0000134726,204,not_found_or_deregistered,"KOSZALIŃSKIE PRZEDSIĘBIORSTWO BUDOWNICTWA PRZEMYSŁOWEGO ""PRZEMYSŁÓWKA"" SPÓŁKA Z OGRANICZONĄ ODPOWIEDZIALNOŚCIĄ",16.10.Z:main
0000135184,204,not_found_or_deregistered,"""SŁAWODRZEW 3"" SPÓŁKA Z OGRANICZONĄ ODPOWIEDZIALNOŚCIĄ",16.10.Z:main
0000135188,204,not_found_or_deregistered,"""WYTWÓRNIA PODKŁADÓW STRUNOBETONOWYCH"" SPÓŁKA AKCYJNA",16.10.Z:main
0000135230,204,not_found_or_deregistered,"""SKARBOWE PRZEDSIĘBIORSTWO ROLNE STARY JAWORÓW"" SPÓŁKA Z OGRANICZONĄ ODPOWIEDZIALNOŚCIĄ",16.10.Z:main
0000135497,204,not_found_or_deregistered,"PRZEDSIĘBIORSTWO PRODUKCYJNO-HANDLOWO-USŁUGOWE ""SKORPII"" SPÓŁKA Z OGRANICZONĄ ODPOWIEDZIALNOŚCIĄ",16.10.Z:main
0000135767,204,not_found_or_deregistered,"""EGG AGENCJA REKLAMOWA"" SPÓŁKA Z OGRANICZONĄ ODPOWIEDZIALNOŚCIĄ",16.10.Z:main
0000135787,204,not_found_or_deregistered,"""KIESEL-POLSKA"" SPÓŁKA Z OGRANICZONĄ ODPOWIEDZIALNOŚCIĄ",16.10.Z:main
0000135987,204,not_found_or_deregistered,"""GUMAR"" ZAKŁAD WYTWARZANIA ARTYKUŁÓW GUMOWYCH SPÓŁKA Z OGRANICZONĄ ODPOWIEDZIALNOŚCIĄ",16.10.Z:main
0000136134,204,not_found_or_deregistered,"FABRYKA WSPORNIKÓW EUR ""NEPA"" SPÓŁKA Z OGRANICZONĄ ODPOWIEDZIALNOŚCIĄ",16.10.Z:main
0000136395,204,not_found_or_deregistered,"PRZEDSIĘBIORSTWO PRODUKCYJNO-HANDLOWO-USŁUGOWE ""PROJNAD"" SPÓŁKA Z OGRANICZONĄ ODPOWIEDZIALNOŚCIĄ",16.10.Z:main
0000136940,204,not_found_or_deregistered,PUH - CENTRUM STOLARSKIE SPÓŁKA Z OGRANICZONĄ ODPOWIEDZIALNOŚCIĄ,16.10.Z:main
0000137057,204,not_found_or_deregistered,"POLSKO ROSYJSKA SPÓŁKA WĘGLOWA SPÓŁKA Z OGRANICZONĄ 
ODPOWIEDZIALNOŚCIĄ",16.10.Z:main
0000137184,204,not_found_or_deregistered,"PRZEDSIĘBIORSTWO ""MKD STAL TECHNIK"" SPÓŁKA Z OGRANICZONĄ ODPOWIEDZIALNOŚCIĄ",16.10.Z:main
0000137294,204,not_found_or_deregistered,"ROLNICZA SPÓŁDZIELNIA PRODUKCYJNA ""PLON"" W SKĄPEM ""W LIKWIDACJI""",16.10.Z:main
0000137300,204,not_found_or_deregistered,"PRZEDSIĘBIORSTWO INNOWACYJNO-WDROŻENIOWE INWESTYCJI TECHNOLOGICZNYCH ""PIWIT-POMET"" SPÓŁKA Z OGRANICZONĄ ODPOWIEDZIALNOŚCIĄ",16.10.Z:main
0000137679,204,not_found_or_deregistered,OSTROSZOWICKA FABRYKA MEBLI SPÓŁKA AKCYJNA,16.10.Z:main
0000138374,204,not_found_or_deregistered,"""SUPRA"" AGROCHEMIA SPÓŁKA Z OGRANICZONĄ ODPOWIEDZIALNOŚCIĄ",16.10.Z:main
0000139006,204,not_found_or_deregistered,"""ALTRAK"" SPÓŁKA Z OGRANICZONĄ ODPOWIEDZIALNOŚCIĄ",16.10.Z:main
0000139190,204,not_found_or_deregistered,"PRZEDSIĘBIORSTWO PRODUKCYJNO-HANDLOWE ""MAGO"" SPÓŁKA Z OGRANICZONĄ ODPOWIEDZIALNOŚCIĄ",16.10.Z:main
0000139320,204,not_found_or_deregistered,"""TOPS"" SPÓŁKA Z OGRANICZONĄ ODPOWIEDZIALNOŚCIĄ",16.10.Z:main
0000139341,204,not_found_or_deregistered,"PRZEDSIĘBIORSTWO PRZEWOZOWE ""BIESY"" SPÓŁKA Z OGRANICZONĄ ODPOWIEDZIALNOŚCIĄ",16.10.Z:main
0000139533,204,not_found_or_deregistered,"""MMM MOSTOSTAL"" SPÓŁKA Z OGRANICZONĄ ODPOWIEDZIALNOŚCIĄ",16.10.Z:main
0000139833,204,not_found_or_deregistered,MADMIR SPÓŁKA Z OGRANICZONĄ ODPOWIEDZIALNOŚCIĄ,16.10.Z:main
0000139961,204,not_found_or_deregistered,"BIURO USŁUGOWE ""CALPOL"" SPÓŁKA Z OGRANICZONĄ ODPOWIEDZIALNOŚCIĄ",16.10.Z:main
0000140930,204,not_found_or_deregistered,"ZAKŁAD WYROBÓW DRZEWNYCH ""PRO-DREWEX"" - SPÓŁKA Z OGRANICZONĄ ODPOWIEDZIALNOŚCIĄ",16.10.Z:main
0000141097,204,not_found_or_deregistered,"PRZEDSIĘBIORSTWO USŁUGOWO PRODUKCYJNE ""PINUS"" SPÓŁKA Z OGRANICZONĄ ODPOWIEDZIALNOŚCIĄ",16.10.Z:main
0000141554,204,not_found_or_deregistered,"PRZEDSIĘBIORSTWO USŁUGOWE ""ADMINISTRATOR"" - SPÓŁKA Z OGRANICZONĄ ODPOWIEDZIALNOŚCIĄ",16.10.Z:main
0000142045,204,not_found_or_deregistered,"ZAKŁAD PRZEMYSŁU DRZEWNEGO ""AGMA-HOLZ"" SPÓŁKA Z OGRANICZONĄ ODPOWIEDZIALNOŚCIĄ",16.10.Z:main
0000142106,204,not_found_or_deregistered,"""INTER FORST POLSKA"" SPÓŁKA Z OGRANICZONĄ ODPOWIEDZIALNOŚCIĄ",16.10.Z:main
0000142175,204,not_found_or_deregistered,"""ELTER"" TERESA LACH, TADEUSZ LACH SPÓŁKA JAWNA",16.10.Z:main
0000142188,204,not_found_or_deregistered,"ZAKŁAD PRODUKCYJNO-USŁUGOWY ""MIKROMEX"" SPÓŁKA Z OGRANICZONĄ ODPOWIEDZIALNOŚCIĄ",16.10.Z:main
0000142658,204,not_found_or_deregistered,"""FOREST STYLE POLSKA"" SPÓŁKA Z OGRANICZONĄ ODPOWIEDZIALNOŚCIĄ",16.10.Z:main
0000143307,204,not_found_or_deregistered,ZAKŁAD DRZEWNY MARIANNA GRZYWACZ EDYTA GRZYWACZ SPÓŁKA JAWNA,16.10.Z:main
0000143728,204,not_found_or_deregistered,"""AGATA & EMILIA"" SPÓŁKA Z OGRANICZONĄ ODPOWIEDZIALNOŚCIĄ",16.10.Z:main
0000144286,204,not_found_or_deregistered,"""ELPOBUD"" SPÓŁKA Z OGRANICZONĄ ODPOWIEDZIALNOŚCIĄ",16.10.Z:main
0000145397,204,not_found_or_deregistered,"ZAKŁAD PRODUKCYJNO-HANDLOWO-USŁUGOWY ""DREWBUD"" KRZYSZTOF PILARZ, TADEUSZ KOZA SPÓŁKA JAWNA",16.10.Z:main
0000146321,204,not_found_or_deregistered,STOWARZYSZENIE NA RZECZ ZRÓWNOWAŻONEGO ROZWOJU,16.10.Z:main
0000146540,204,not_found_or_deregistered,"""BRICOSTORE"" SPÓŁKA Z OGRANICZONĄ ODPOWIEDZIALNOŚCIĄ",16.10.Z:main
0000146558,204,not_found_or_deregistered,"""EURO-BUS M. KŁĄB I SYNOWIE. SPÓŁKA JAWNA""",16.10.Z:main
0000146693,204,not_found_or_deregistered,"""MAXITECH"" SPÓŁKA Z OGRANICZONĄ ODPOWIEDZIALNOŚCIĄ",16.10.Z:main
0000146857,204,not_found_or_deregistered,"GMINNA SPÓŁDZIELNIA ""SAMOPOMOC CHŁOPSKA"" W BARANOWIE",16.10.Z:main
0000146889,204,not_found_or_deregistered,"""IRYS"" J.GABRYŚ, R.GABRYŚ SPÓŁKA JAWNA",16.10.Z:main
0000147151,204,not_found_or_deregistered,"PRZEDSIĘBIORSTWO PRODUKCYJNO-HANDLOWO-USŁUGOWE ""EXTRANS"" R.DYRKACZ I S-KA SPÓŁKA JAWNA",16.10.Z:main
0000147814,204,not_found_or_deregistered,CENTROTECHNIKA SPÓŁKA AKCYJNA,16.10.Z:main
0000147872,204,not_found_or_deregistered,"QUERCUS ADAMUS, KOPYTKO SPÓŁKA JAWNA",16.10.Z:main
0000148035,204,not_found_or_deregistered,"""FORMAPLAN POLSKA"" SPÓŁKA Z OGRANICZONĄ ODPOWIEDZIALNOŚCIĄ",16.10.Z:main
0000148115,204,not_found_or_deregistered,"PRZEDSIĘBIORSTWO PRODUKCYJNO HANDLOWE ""PAPIRUS II"" SPÓŁKA Z OGRANICZONĄ ODPOWIEDZIALNOŚCIĄ W STARGARDZIE SZCZECIŃSKIM",16.10.Z:main
0000148172,204,not_found_or_deregistered,"""WIGRY - PROJEKT"" SPÓŁKA AKCYJNA",16.10.Z:main
0000148201,204,not_found_or_deregistered,PRZEDSIĘBIORSTWO PRODUKCYJNO-HANDLOWO-USŁUGOWE FORMAT J. I K. JERZYŃSCY SPÓŁKA JAWNA,16.10.Z:main
0000148238,204,not_found_or_deregistered,"""ROSERAIE"" SPÓŁKA Z OGRANICZONĄ ODPOWIEDZIALNOŚCIĄ",16.10.Z:main
0000148897,204,not_found_or_deregistered,GRASS-HOPPER POLSKA BIELA SPÓŁKA JAWNA,16.10.Z:main
0000149285,204,not_found_or_deregistered,LS SORDYL - SPÓŁKA JAWNA,16.10.Z:main
0000149608,204,not_found_or_deregistered,"""PEOPLENET"" SPÓŁKA Z OGRANICZONĄ ODPOWIEDZIALNOŚCIĄ",16.10.Z:main
0000149611,204,not_found_or_deregistered,CONSBUD SPÓŁKA Z OGRANICZONĄ ODPOWIEDZIALNOŚCIĄ,16.10.Z:main
0000149930,204,not_found_or_deregistered,"PRZEDSIĘBIORSTWO PRODUKCYJNO-HANDLOWE ""SAGAN"" GABRIELA I SŁAWOMIR WĄSALA SPÓŁKA JAWNA",16.10.Z:main
0000150021,204,not_found_or_deregistered,SEWITOR SPÓŁKA Z OGRANICZONĄ ODPOWIEDZIALNOŚCIĄ,16.10.Z:main
0000150665,204,not_found_or_deregistered,ZAKŁAD ENERGETYKI CIEPLNEJ KOSPEC SPÓŁKA Z OGRANICZONĄ ODPOWIEDZIALNOŚCIĄ,16.10.Z:main
0000150940,204,not_found_or_deregistered,BKS - A. BAKOWICZ & S. KULESZA & Ł. SZCZYPIORSKI SPÓŁKA JAWNA,16.10.Z:main
0000150951,204,not_found_or_deregistered,ZAKŁADOWA STRAŻ POŻARNA SUKURS SPÓŁKA Z OGRANICZONĄ ODPOWIEDZIALNOŚCIĄ,16.10.Z:main
0000150970,204,not_found_or_deregistered,GERDA CETOM SPÓŁKA Z OGRANICZONĄ ODPOWIEDZIALNOŚCIĄ,16.10.Z:main
0000150986,204,not_found_or_deregistered,"""BOGRES"" SPÓŁKA Z OGRANICZONĄ ODPOWIEDZIALNOŚCIĄ",16.10.Z:main
0000151085,204,not_found_or_deregistered,"""FATU"" SPÓŁKA Z OGRANICZONĄ ODPOWIEDZIALNOŚCIĄ",16.10.Z:main
0000151524,204,not_found_or_deregistered,R & R SPÓŁKA Z OGRANICZONĄ ODPOWIEDZIALNOŚCIĄ,16.10.Z:main
0000151542,204,not_found_or_deregistered,"""FARGOLAND"" SPÓŁKA Z OGRANICZONĄ ODPOWIEDZIALNOŚCIĄ",16.10.Z:main
0000151662,204,not_found_or_deregistered,"""JURIMEX"" SPÓŁKA Z OGRANICZONĄ ODPOWIEDZIALNOŚCIĄ",16.10.Z:main
0000151793,204,not_found_or_deregistered,"""EUROMAX"" SPÓŁKA Z OGRANICZONĄ ODPOWIEDZIALNOŚCIĄ",16.10.Z:main
0000151942,204,not_found_or_deregistered,JAKS MROCZEK SPÓŁKA JAWNA,16.10.Z:main
0000152263,204,not_found_or_deregistered,"PRZEDSIĘBIORSTWO WIELOBRANŻOWE ""WIŚNIEWSKI"" SPÓŁKA JAWNA",16.10.Z:main
0000152659,204,not_found_or_deregistered,KONSBUD-BIELSKO SPÓŁKA Z OGRANICZONĄ ODPOWIEDZIALNOŚCIĄ,16.10.Z:main
0000152814,204,not_found_or_deregistered,"""EXPRES"" SPÓŁKA Z OGRANICZONĄ ODPOWIEDZIALNOŚCIĄ",16.10.Z:main
0000152846,204,not_found_or_deregistered,"ZAKŁAD PRODUKCYJNO-USŁUGOWO-HANDLOWY ""BEOMET"" SPÓŁKA Z OGRANICZONĄ ODPOWIEDZIALNOŚCIĄ",16.10.Z:main
0000154361,204,not_found_or_deregistered,"""KOPART"" SPÓŁKA Z OGRANICZONĄ ODPOWIEDZIALNOŚCIĄ",16.10.Z:main
0000154541,204,not_found_or_deregistered,"HURTOWNIA ARTYKUŁÓW SPOŻYWCZYCH ""WIWA-PLUS"" SPÓŁKA Z OGRANICZONĄ ODPOWIEDZIALNOŚCIĄ",16.10.Z:main
0000155452,204,not_found_or_deregistered,COOVAP SPÓŁKA Z OGRANICZONĄ ODPOWIEDZIALNOŚCIĄ,16.10.Z:main
0000155780,204,not_found_or_deregistered,"""INTER GROUP OF SCANDINAVIA"" SPÓŁKA Z OGRANICZONĄ ODPOWIEDZIALNOŚCIĄ",16.10.Z:main
0000155901,204,not_found_or_deregistered,"""JEDYNKA"" ZAKŁAD PRODUKCJI STOLARSKIEJ MICHAŁ SZYMCZAK I PAWEŁ SIANKIEWICZ - SPÓŁKA JAWNA",16.10.Z:main
0000156079,204,not_found_or_deregistered,"PRZEDSIĘBIORSTWO PRODUKCYJNO USŁUGOWO HANDLOWE ""TRAK"" KWAŚNIK TOMASZ PRZERWA ZDZISŁAW SPÓŁKA JAWNA",16.10.Z:main
0000156684,204,not_found_or_deregistered,"""HOLTENZA"" PRZEDSIĘBIORSTWO ZAGRANICZNE BUDOWLANE SPÓŁKA Z OGRANICZONĄ ODPOWIEDZIALNOŚCIĄ",16.10.Z:main
0000156781,204,not_found_or_deregistered,"""PRODUKCYJNO - HANDLOWE PRZEDSIĘBIORSTWO FARMACEUTYKÓW CURTIS - HEALTHCARE"" SPÓŁKA Z OGRANICZONĄ ODPOWIEDZIALNOŚCIĄ",16.10.Z:main
0000156892,204,not_found_or_deregistered,PRZEDSIĘBIORSTWO BUDOWLANE ARTOM SPÓŁKA Z OGRANICZONĄ ODPOWIEDZIALNOŚCIĄ,16.10.Z:main
0000157663,204,not_found_or_deregistered,WAMAG SPÓŁKA Z OGRANICZONĄ ODPOWIEDZIALNOŚCIĄ,16.10.Z:main
0000158004,204,not_found_or_deregistered,"MIĘDZYZAKŁADOWY SAMORZĄDNY NIEZALEŻNY ZWIĄZEK ZAWODOWY PRACOWNIKÓW Z HUTY ""ZAWIERCIE"" S.A. I SPÓŁEK",16.10.Z:main
0000158899,204,not_found_or_deregistered,"""OPTA TIMBER"" SPÓŁKA Z OGRANICZONĄ ODPOWIEDZIALNOŚCIĄ",16.10.Z:main
0000159463,204,not_found_or_deregistered,"""NASZ LAS"" SPÓŁKA Z OGRANICZONĄ ODPOWIEDZIALNOŚCIĄ",16.10.Z:main
0000159790,204,not_found_or_deregistered,SKŁADY DRZEWNE SPÓŁKA Z OGRANICZONĄ ODPOWIEDZIALNOŚCIĄ,16.10.Z:main
0000161324,204,not_found_or_deregistered,"""PUCHALSKI"" SPÓŁKA Z OGRANICZONĄ ODPOWIEDZIALNOŚCIĄ",16.10.Z:main
0000162050,204,not_found_or_deregistered,"""DANPOL"" SPÓŁKA JAWNA DARIUSZ I KAZIMIERZ SIKORSCY",16.10.Z:main
0000162330,204,not_found_or_deregistered,PLETTAC SERWIS SPÓŁKA Z OGRANICZONĄ ODPOWIEDZIALNOŚCIĄ,16.10.Z:main
0000162386,204,not_found_or_deregistered,"""PAPIER ŚWIECIE"" SPÓŁKA Z OGRANICZONĄ ODPOWIEDZIALNOŚCIĄ",16.10.Z:main
0000162677,204,not_found_or_deregistered,"""GRUPA M & W"" SPÓŁKA Z OGRANICZONĄ ODPOWIEDZIALNOŚCIĄ",16.10.Z:main
0000163826,204,not_found_or_deregistered,TRINITY SPÓŁKA Z OGRANICZONĄ ODPOWIEDZIALNOŚCIĄ,16.10.Z:main
0000163828,204,not_found_or_deregistered,"PRZEDSIĘBIORSTWO PRODUKCYJNE, USŁUGOWO-HANDLOWE ""MICORP"" SPÓŁKA Z OGRANICZONĄ ODPOWIEDZIALNOŚCIĄ",16.10.Z:main
0000164001,204,not_found_or_deregistered,"""SPRINT DENEKO - GROSICKI"" SPÓŁKA JAWNA",16.10.Z:main
0000164302,204,not_found_or_deregistered,"ROLNICZA SPÓŁDZIELNIA PRODUKCYJNA ""PRZYSZŁOŚĆ""",16.10.Z:main
0000164384,204,not_found_or_deregistered,"""HER-OW"" SPÓŁKA Z OGRANICZONĄ ODPOWIEDZIALNOŚCIĄ",16.10.Z:main
0000164510,204,not_found_or_deregistered,"""MILFORD"" SPÓŁKA Z OGRANICZONĄ ODPOWIEDZIALNOŚCIĄ",16.10.Z:main
0000164753,204,not_found_or_deregistered,"""FATAMORGANA"" SPÓŁKA Z OGRANICZONĄ ODPOWIEDZIALNOŚCIĄ",16.10.Z:main
0000165183,204,not_found_or_deregistered,AGROPLANT SPÓŁKA Z OGRANICZONĄ ODPOWIEDZIALNOŚCIĄ,16.10.Z:main
0000165242,204,not_found_or_deregistered,"""TROTY"" SPÓŁKA JAWNA GRAŻYNA I EUGENIUSZ LUDWIKOWSCY",16.10.Z:main
0000165262,204,not_found_or_deregistered,NEPTUN SOFTWARE SPÓŁKA Z OGRANICZONĄ ODPOWIEDZIALNOŚCIĄ,16.10.Z:main
0000165330,204,not_found_or_deregistered,TOP PHARMA SPÓŁKA Z OGRANICZONĄ ODPOWIEDZIALNOŚCIĄ,16.10.Z:main
0000165667,204,not_found_or_deregistered,DOBROPLAST SPÓŁKA Z OGRANICZONĄ ODPOWIEDZIALNOŚCIĄ,16.10.Z:main
0000165736,204,not_found_or_deregistered,PRZEDSIĘBIORSTWO BUDOWLANE W.A.W. SPÓŁKA Z OGRANICZONĄ ODPOWIEDZIALNOŚCIĄ,16.10.Z:main
0000166462,204,not_found_or_deregistered,SPÓŁDZIELNIA INWALIDÓW,16.10.Z:main
0000166551,204,not_found_or_deregistered,ZAKŁAD STOLARSKI WOJCIECH GRZEGORZ MAREK PANKAU SPÓŁKA JAWNA,16.10.Z:main
0000166813,204,not_found_or_deregistered,"""SAAP"" SPÓŁKA Z OGRANICZONĄ ODPOWIEDZIALNOŚCIĄ",16.10.Z:main
0000167156,204,not_found_or_deregistered,"""CENTRUM DRZWI PRZESUWANYCH"" SPÓŁKA Z OGRANICZONĄ ODPOWIEDZIALNOŚCIĄ",16.10.Z:main
0000167960,204,not_found_or_deregistered,"""TRAKART"" SPÓŁKA Z OGRANICZONĄ ODPOWIEDZIALNOŚCIĄ",16.10.Z:main
0000168068,204,not_found_or_deregistered,"SZKLARSKIE ZAKŁADY PRZETWÓRCZE ""PRZEŁOM"" SPÓŁDZIELNIA OSÓB FIZYCZNYCH",16.10.Z:main
0000168336,204,not_found_or_deregistered,"""ADAMOWSKI"" SPÓŁKA Z OGRANICZONĄ ODPOWIEDZIALNOŚCIĄ",16.10.Z:main
0000168412,204,not_found_or_deregistered,POLMODA I SPÓŁKA Z OGRANICZONĄ ODPOWIEDZIALNOŚCIĄ,16.10.Z:main
0000168564,204,not_found_or_deregistered,"""TARTAK MŚCICE"" SPÓŁKA Z OGRANICZONĄ ODPOWIEDZIALNOŚCIĄ",16.10.Z:main
0000168631,204,not_found_or_deregistered,PRZEDSIĘBIORSTWO WIELOBRANŻOWE ADPOL SPÓŁKA AKCYJNA,16.10.Z:main
0000168806,204,not_found_or_deregistered,"""ERKURUM"" SPÓŁKA Z OGRANICZONĄ ODPOWIEDZIALNOŚCIĄ",16.10.Z:main
0000168840,204,not_found_or_deregistered,KOLMARK SPÓŁKA Z OGRANICZONĄ ODPOWIEDZIALNOŚCIĄ,16.10.Z:main
0000168901,204,not_found_or_deregistered,PAMO-PLAST SPÓŁKA Z OGRANICZONĄ ODPOWIEDZIALNOŚCIĄ,16.10.Z:main
0000168952,204,not_found_or_deregistered,"PRZEDSIĘBIORSTWO WIELOBRANŻOWE ""ZAMTECH"" SPÓŁKA Z OGRANICZONĄ ODPOWIEDZIALNOŚCIĄ",16.10.Z:main
0000169069,204,not_found_or_deregistered,FUN ART FACTORY SPÓŁKA Z OGRANICZONĄ ODPOWIEDZIALNOŚCIĄ,16.10.Z:main
0000169784,204,not_found_or_deregistered,"""JASTA"" SPÓŁKA Z OGRANICZONĄ ODPOWIEDZIALNOŚCIĄ",16.10.Z:main
0000169946,204,not_found_or_deregistered,"PRZEDSIĘBIORSTWO PRODUKCYJNO-HANDLOWE ""AWIPOL"" SPÓŁKA Z OGRANICZONĄ ODPOWIEDZIALNOŚCIĄ",16.10.Z:main
0000170166,204,not_found_or_deregistered,"PRZEDSIĘBIORSTWO PRODUKCYJNO - USŁUGOWE I HANDLOWE ""METROL"" SPÓŁKA Z OGRANICZONĄ ODPOWIEDZIALNOŚCIĄ",16.10.Z:main
0000170246,204,not_found_or_deregistered,"PRZEDSIĘBIORSTWO WIELOBRANŻOWE ""ORKAN"" SPÓŁKA Z OGRANICZONĄ ODPOWIEDZIALNOŚCIĄ",16.10.Z:main
0000170836,204,not_found_or_deregistered,PLAST-DACH SPÓŁKA Z OGRANICZONĄ ODPOWIEDZIALNOŚCIĄ,16.10.Z:main
0000171606,204,not_found_or_deregistered,ZAKŁAD DRZEWNY ZOFIA MAŚLACH SPÓŁKA JAWNA,16.10.Z:main
0000172184,204,not_found_or_deregistered,"""EKO-TANK"" SPÓŁKA Z OGRANICZONĄ ODPOWIEDZIALNOŚCIĄ",16.10.Z:main
0000172544,204,not_found_or_deregistered,"""LOOK FOR STAFF"" SPÓŁKA Z OGRANICZONĄ ODPOWIEDZIALNOŚCIĄ",16.10.Z:main
0000172850,204,not_found_or_deregistered,"PRZEDSIĘBIORSTWO HANDLOWO - PRODUKCYJNO - USŁUGOWE ""ELEKTRO - CYNK"" SPÓŁKA Z OGRANICZONĄ ODPOWIEDZIALNOŚCIĄ",16.10.Z:main
0000172937,204,not_found_or_deregistered,TARGAL SPÓŁKA Z OGRANICZONĄ ODPOWIEDZIALNOŚCIĄ,16.10.Z:main
0000173492,204,not_found_or_deregistered,"GCB ""CENTORSTAL-TORUŃ"" SPÓŁKA AKCYJNA",16.10.Z:main
0000174244,204,not_found_or_deregistered,"PRZEDSIĘBIORSTWO PRODUKCYJNO-HANDLOWO-USŁUGOWE ""SCORPIO"" SPÓŁKA Z OGRANICZONĄ ODPOWIEDZIALNOŚCIĄ",16.10.Z:main
0000174268,204,not_found_or_deregistered,"""CONRAD"" SPÓŁKA Z OGRANICZONĄ ODPOWIEDZIALNOŚCIĄ",16.10.Z:main
0000174501,204,not_found_or_deregistered,"""WIM"" SPÓŁKA Z OGRANICZONĄ ODPOWIEDZIALNOŚCIĄ",16.10.Z:main
0000174581,204,not_found_or_deregistered,MIĘDZYWOJEWÓDZKA HANDLOWA SPÓŁDZIELNIA INWALIDÓW,16.10.Z:main
0000174928,204,not_found_or_deregistered,"ZAKŁAD BUDOWLANO-USŁUGOWO-HANDLOWY ""MURBET"" SPÓŁKA Z OGRANICZONĄ ODPOWIEDZIALNOŚCIĄ",16.10.Z:main
0000175444,204,not_found_or_deregistered,"""POLPRO"" SPÓŁKA Z OGRANICZONĄ ODPOWIEDZIALNOŚCIĄ",16.10.Z:main
0000175857,204,not_found_or_deregistered,"""TAP"" SPÓŁKA Z OGRANICZONĄ ODPOWIEDZIALNOŚCIĄ",16.10.Z:main
0000176141,204,not_found_or_deregistered,"""M.MEBLAND"" SPÓŁKA Z OGRANICZONĄ ODPOWIEDZIALNOŚCIĄ",16.10.Z:main
0000176544,204,not_found_or_deregistered,OD A DO Z SPÓŁKA Z OGRANICZONĄ ODPOWIEDZIALNOŚCIĄ,16.10.Z:main
0000177053,204,not_found_or_deregistered,"PRZEDSIĘBIORSTWO HANDLOWO-USŁUGOWO-PRODUKCYJNE ""EKO-GLOBAL"" SPÓŁKA Z OGRANICZONĄ ODPOWIEDZIALNOŚCIĄ",16.10.Z:main
0000177158,204,not_found_or_deregistered,"""CEMPOL"" SPÓŁKA Z OGRANICZONĄ ODPOWIEDZIALNOŚCIĄ",16.10.Z:main
0000178585,204,not_found_or_deregistered,SPÓŁDZIELNIA KÓŁEK ROLNICZYCH W NAROLU,16.10.Z:main
0000178861,204,not_found_or_deregistered,"""CONCEPT PRODUIT"" SPÓŁKA Z OGRANICZONĄ ODPOWIEDZIALNOŚCIĄ",16.10.Z:main
0000179295,204,not_found_or_deregistered,"""POWIERNIK"" SPÓŁKA Z OGRANICZONĄ ODPOWIEDZIALNOŚCIĄ",16.10.Z:main
0000181887,204,not_found_or_deregistered,"PRZEDSIĘBIORSTWO PRODUKCYJNO-HANDLOWE ""MARPOL"" SPÓŁKA Z OGRANICZONĄ ODPOWIEDZIALNOŚCIĄ",16.10.Z:main
0000182260,204,not_found_or_deregistered,"""KRAF EWA RACHWAŁ SPÓŁKA JAWNA""",16.10.Z:main
0000182356,204,not_found_or_deregistered,"""IMO"" SPÓŁKA Z OGRANICZONĄ ODPOWIEDZIALNOŚCIĄ",16.10.Z:main
0000182566,204,not_found_or_deregistered,"""DREWNO - JAROCIN"" SPÓŁKA Z OGRANICZONĄ ODPOWIEDZIALNOŚCIĄ",16.10.Z:main
0000182873,204,not_found_or_deregistered,"""SEEGER-DACH"" SPÓŁKA Z OGRANICZONĄ ODPOWIEDZIALNOŚCIĄ",16.10.Z:main
0000183077,204,not_found_or_deregistered,"""ZRĄB"" SPÓŁKA Z OGRANICZONĄ ODPOWIEDZIALNOŚCIĄ",16.10.Z:main
0000183168,204,not_found_or_deregistered,MARWO BIS SPÓŁKA Z OGRANICZONĄ ODPOWIEDZIALNOŚCIĄ,16.10.Z:main
0000183598,204,not_found_or_deregistered,"""BKB SZRENICA"" SPÓŁKA Z OGRANICZONĄ ODPOWIEDZIALNOŚCIĄ",16.10.Z:main
0000184275,204,not_found_or_deregistered,DREWNO I WYROBY Z DREWNA DURAJ F.A.S. SPÓŁKA JAWNA,16.10.Z:main
0000184883,204,not_found_or_deregistered,MECENAS SPÓŁKA Z OGRANICZONĄ ODPOWIEDZIALNOŚCIĄ,16.10.Z:main
0000185265,204,not_found_or_deregistered,"""ROMINES"" SPÓŁKA Z OGRANICZONĄ ODPOWIEDZIALNOŚCIĄ",16.10.Z:main
0000185322,204,not_found_or_deregistered,"""ALKA-MAR"" SPÓŁKA Z OGRANICZONĄ ODPOWIEDZIALNOŚCIĄ",16.10.Z:main
0000186071,204,not_found_or_deregistered,"PRZEDSIĘBIORSTWO WIELOBRANŻOWE ""ECOMOTYL"" SPÓŁKA Z OGRANICZONĄ ODPOWIEDZIALNOŚCIĄ",16.10.Z:main
0000186142,204,not_found_or_deregistered,"""WWO"" SPÓŁKA Z OGRANICZONĄ ODPOWIEDZIALNOŚCIĄ",16.10.Z:main
0000186249,204,not_found_or_deregistered,"""HOLZ-KOMPLEX"" SPÓŁKA Z OGRANICZONĄ ODPOWIEDZIALNOŚCIĄ",16.10.Z:main
0000186517,204,not_found_or_deregistered,"""TAUBE-POL"" SPÓŁKA Z OGRANICZONĄ ODPOWIEDZIALNOŚCIĄ",16.10.Z:main
0000186983,204,not_found_or_deregistered,"""PRIED"" SPÓŁKA Z OGRANICZONĄ ODPOWIEDZIALNOŚCIĄ",16.10.Z:main
0000187050,204,not_found_or_deregistered,SPÓŁDZIELNIA KÓŁEK ROLNICZYCH W LESZNIE,16.10.Z:main
0000187210,204,not_found_or_deregistered,"BYTOMSKIE PRZEDSIĘBIORSTWO ROBÓT I NŻYNIERYJNYCH BUDOWLANYCH I GÓRNICZYCH 
SPÓŁKA Z OGRANICZONĄ ODPOWIEDZIALNOŚCIĄ",16.10.Z:main
0000187895,204,not_found_or_deregistered,GOSPODARSTWO ROLNE A + L FARMY SPÓŁKA Z OGRANICZONĄ ODPOWIEDZIALNOŚCIĄ,16.10.Z:main
0000188256,204,not_found_or_deregistered,RAIPOL SPÓŁKA Z OGRANICZONĄ ODPOWIEDZIALNOŚCIĄ,16.10.Z:main
0000188352,204,not_found_or_deregistered,"""TRANS-LAS"" SPÓŁKA Z OGRANICZONĄ ODPOWIEDZIALNOŚCIĄ",16.10.Z:main
0000188470,204,not_found_or_deregistered,PROINS 2 SPÓŁKA Z OGRANICZONĄ ODPOWIEDZIALNOŚCIĄ,16.10.Z:main
0000188717,204,not_found_or_deregistered,"""PRZEDSIĘBIORSTWO PRODUKCYJNO - USŁUGOWO - HANDLOWE PROFIL"" SPÓŁKA Z OGRANICZONĄ ODPOWIEDZIALNOŚCIĄ",16.10.Z:main
0000188729,204,not_found_or_deregistered,"""KRONO-EŁK"" SPÓŁKA Z OGRANICZONĄ ODPOWIEDZIALNOŚCIĄ",16.10.Z:main
0000188733,204,not_found_or_deregistered,PEC - SKŁADY KUPIECKIE SPÓŁKA Z OGRANICZONĄ ODPOWIEDZIALNOŚCIĄ,16.10.Z:main
0000188740,204,not_found_or_deregistered,RETRANS INTERNATIONAL SPEDITION SPÓŁKA Z OGRANICZONĄ ODPOWIEDZIALNOŚCIĄ,16.10.Z:main
0000188778,204,not_found_or_deregistered,"PRZEDSIĘBIORSTWO PRODUKCYJNO - HANDLOWE ""FAMPOL"" SPÓŁKA Z OGRANICZONĄ ODPOWIEDZIALNOŚCIĄ",16.10.Z:main
0000189404,204,not_found_or_deregistered,ROLNICZA SPÓŁDZIELNIA PRODUKCYJNA,16.10.Z:main
0000189653,204,not_found_or_deregistered,"PRZEDSIĘBIORSTWO USŁUGOWO-PRODUKCYJNE ""GEOBUD"" SPÓŁKA Z OGRANICZONĄ ODPOWIEDZIALNOŚCIĄ",16.10.Z:main
0000189663,204,not_found_or_deregistered,"""MATEXIM"" SPÓŁKA Z OGRANICZONĄ ODPOWIEDZIALNOŚCIĄ",16.10.Z:main
0000190002,204,not_found_or_deregistered,"""DRIED FLOWERS"" EXPORT - IMPORT - PRODUKCJA SPÓŁKA Z OGRANICZONĄ ODPOWIEDZIALNOŚCIĄ",16.10.Z:main
0000190361,204,not_found_or_deregistered,ZAKŁAD PRODUKCYJNO-HANDLOWY DRIADA SPÓŁKA Z OGRANICZONĄ ODPOWIEDZIALNOŚCIĄ,16.10.Z:main
0000190684,204,not_found_or_deregistered,"PRZEDSIĘBIORSTWO USŁUGOWO-PRODUKCYJNE ""TECHMET"" SPÓŁKA Z OGRANICZONĄ ODPOWIEDZIALNOŚCIĄ",16.10.Z:main
0000190954,204,not_found_or_deregistered,DRAGON CHEMIA SPÓŁKA Z OGRANICZONĄ ODPOWIEDZIALNOŚCIĄ,16.10.Z:main
0000191450,204,not_found_or_deregistered,"PRZEDSIĘBIORSTWO PRODUKCYJNO USŁUGOWO HANDLOWE ""KUBIK"" SPÓŁKA Z OGRANICZONĄ ODPOWIEDZIALNOŚCIĄ",16.10.Z:main
0000191961,204,not_found_or_deregistered,SPÓŁDZIELNIA KÓŁEK ROLNICZYCH W SIEDLCU,16.10.Z:main
0000192917,204,not_found_or_deregistered,"GUGAŁA SPÓŁKA JAWNA PIOTR, GRZEGORZ, EDYTA GUGAŁA",16.10.Z:main
0000193145,204,not_found_or_deregistered,"EUROCAR D.MARCOŃ, Ł.FURMAN SPÓŁKA JAWNA",16.10.Z:main
0000193762,204,not_found_or_deregistered,"""AGRIPOL"" SPÓŁKA Z OGRANICZONĄ ODPOWIEDZIALNOŚCIĄ",16.10.Z:main
0000194107,204,not_found_or_deregistered,TOMTEX TADING - SPÓŁKA Z OGRANICZONĄ ODPOWIEDZIALNOŚCIĄ,16.10.Z:main
0000194134,204,not_found_or_deregistered,PRZEDSIĘBIORSTWO INNOWACYJNO-WDROŻENIOWE ECON-BUD SPÓŁKA Z OGRANICZONĄ ODPOWIEDZIALNOŚCIĄ,16.10.Z:main
0000194219,204,not_found_or_deregistered,"""MACHAJ"" SPÓŁKA Z OGRANICZONĄ ODPOWIEDZIALNOŚCIĄ",16.10.Z:main
0000194407,204,not_found_or_deregistered,"""STALBET"" SPÓŁKA Z OGRANICZONĄ ODPOWIEDZIALNOŚCIĄ",16.10.Z:main
0000194419,204,not_found_or_deregistered,FAPEL SPÓŁKA Z OGRANICZONĄ ODPOWIEDZIALNOŚCIĄ,16.10.Z:main
0000194617,204,not_found_or_deregistered,"""DAWIES INTERNATIONAL LTD"" SPÓŁKA Z OGRANICZONĄ ODPOWIEDZIALNOŚCIĄ",16.10.Z:main
0000195000,204,not_found_or_deregistered,POLINOVA SPÓŁKA Z OGRANICZONĄ ODPOWIEDZIALNOŚCIĄ,16.10.Z:main
0000195151,204,not_found_or_deregistered,AUTOCONSULT I SPÓŁKA Z OGRANICZONĄ ODPOWIEDZIALNOŚCIĄ,16.10.Z:main
0000195268,204,not_found_or_deregistered,COMPARPOL II SPÓŁKA Z OGRANICZONĄ ODPOWIEDZIALNOŚCIĄ,16.10.Z:main
0000195554,204,not_found_or_deregistered,"""ROGALSKI REINDL"" SPÓŁKA Z OGRANICZONĄ ODPOWIEDZIALNOŚCIĄ",16.10.Z:main
0000195576,204,not_found_or_deregistered,SKORUPA TRANSPORT SPEDYCJA SPÓŁKA JAWNA,16.10.Z:main
0000195613,204,not_found_or_deregistered,SPÓŁDZIELNIA KÓŁEK ROLNICZYCH,16.10.Z:main
0000195724,204,not_found_or_deregistered,PROJECTS & DESIGN SPÓŁKA Z OGRANICZONĄ ODPOWIEDZIALNOŚCIĄ,16.10.Z:main
0000195798,204,not_found_or_deregistered,"ZPUH ""MULTIDOMEX"" M.CULIC-A.TYBURCZY SPÓŁKA JAWNA",16.10.Z:main
0000195898,204,not_found_or_deregistered,"""SATURN-POLSKA"" SPÓŁKA Z OGRANICZONĄ ODPOWIEDZIALNOŚCIĄ",16.10.Z:main
0000196454,204,not_found_or_deregistered,"""ORTIS"" SPÓŁKA Z OGRANICZONĄ ODPOWIEDZIALNOŚCIĄ",16.10.Z:main
0000196638,204,not_found_or_deregistered,"PRZEDSIĘBIORSTWO PRODUKCYJNO-HANDLOWO-USŁUGOWE ""BLOKBET"" SPÓŁKA Z OGRANICZONĄ ODPOWIEDZIALNOŚCIĄ",16.10.Z:main
0000197068,204,not_found_or_deregistered,"ZAKŁAD PRZEMYSŁU DRZEWNEGO ""LUBDREW"" SPÓŁKA Z OGRANICZONĄ ODPOWIEDZIALNOŚCIĄ",16.10.Z:main
0000197195,204,not_found_or_deregistered,SPÓŁDZIELNIA USŁUG I PRODUKCJI,16.10.Z:main
0000197215,204,not_found_or_deregistered,ŁOMŻYŃSKA FABRYKA MEBLI - SPÓŁKA Z OGRANICZONĄ ODPOWIEDZIALNOŚCIĄ,16.10.Z:main
0000197512,204,not_found_or_deregistered,"PRZEDSIĘBIORSTWO PRODUKCYJNO-USŁUGOWE ""ARGO"" - SPÓŁKA Z OGRANICZONĄ ODPOWIEDZIALNOŚCIĄ",16.10.Z:main
0000197791,204,not_found_or_deregistered,"""POLSKIE MEBLE"" PRODUCENCI MEBLI I PRZEDSIĘBIORSTWA WSPÓŁPRACUJĄCE SPÓŁKA Z OGRANICZONĄ ODPOWIEDZIALNOŚCIĄ",16.10.Z:main
0000198219,204,not_found_or_deregistered,"""EKO-STYL"" SPÓŁKA Z OGRANICZONĄ ODPOWIEDZIALNOŚCIĄ",16.10.Z:main
0000198298,204,not_found_or_deregistered,VARIA ULACHA I WSPÓLNICY SPÓŁKA JAWNA,16.10.Z:main
0000198609,204,not_found_or_deregistered,"""FER AUTOMOTIVE POLSKA"" SPÓŁKA Z OGRANICZONĄ ODPOWIEDZIALNOŚCIĄ",16.10.Z:main
0000198769,204,not_found_or_deregistered,"""POLAK MEBLE"" L. & M. POLAK SPÓŁKA JAWNA",16.10.Z:main
0000199192,204,not_found_or_deregistered,"""EKOTOP"" SPÓŁKA Z OGRANICZONĄ ODPOWIEDZIALNOŚCIĄ",16.10.Z:main
0000199970,204,not_found_or_deregistered,JODO SPÓŁKA Z OGRANICZONĄ ODPOWIEDZIALNOŚCIĄ,16.10.Z:main
0000200269,204,not_found_or_deregistered,NORDIKON SPÓŁKA Z OGRANICZONĄ ODPOWIEDZIALNOŚCIĄ,16.10.Z:main
0000200468,204,not_found_or_deregistered,"""MOR-POL"" SPÓŁKA Z OGRANICZONĄ ODPOWIEDZIALNOŚCIĄ",16.10.Z:main
0000201304,204,not_found_or_deregistered,MAZOWIECKIE PRZEDSIĘBIORSTWO PRZEMYSŁU DRZEWNEGO SPÓŁKA AKCYJNA,16.10.Z:main
0000201428,204,not_found_or_deregistered,"""SOŁOMIJA"" SPÓŁKA Z OGRANICZONĄ ODPOWIEDZIALNOŚCIĄ",16.10.Z:main
0000201429,204,not_found_or_deregistered,"""OMEGA"" SPÓŁKA Z OGRANICZONĄ ODPOWIEDZIALNOŚCIĄ",16.10.Z:main
0000202069,204,not_found_or_deregistered,VCA ENTERTAINMENT SPÓŁKA Z OGRANICZONĄ ODPOWIEDZIALNOŚCIĄ,16.10.Z:main
0000202162,204,not_found_or_deregistered,ODLEWNIA MOTORYZACYJNA SPÓŁKA Z OGRANICZONĄ ODPOWIEDZIALNOŚCIĄ,16.10.Z:main
0000202394,204,not_found_or_deregistered,SPÓŁDZIELNIA KÓŁEK ROLNICZYCH W DOMANIEWICACH,16.10.Z:main
0000202500,204,not_found_or_deregistered,INVEST-MOSTY SPÓŁKA Z OGRANICZONĄ ODPOWIEDZIALNOŚCIĄ,16.10.Z:main
0000202615,204,not_found_or_deregistered,"""RESET"" SPÓŁKA Z OGRANICZONĄ ODPOWIEDZIALNOŚCIĄ",16.10.Z:main
0000202893,204,not_found_or_deregistered,AWLUKS SPÓŁKA Z OGRANICZONĄ ODPOWIEDZIALNOŚCIĄ,16.10.Z:main
0000203003,204,not_found_or_deregistered,"""PARKUR-BIS"" SPÓŁKA Z OGRANICZONĄ ODPOWIEDZIALNOŚCIĄ",16.10.Z:main
0000203107,204,not_found_or_deregistered,"FABRYKA MEBLI ""BODZIO"" BOGDAN SZEWCZYK SPÓŁKA JAWNA",16.10.Z:main
0000203891,204,not_found_or_deregistered,PRZEDSIĘBIORSTWO ENERGETYKI CIEPLNEJ KATOWICE SPÓŁKA AKCYJNA,16.10.Z:main
0000204835,204,not_found_or_deregistered,"""GRAND"" TRANSPORT I SPEDYCJA MIĘDZYNARODOWA AGATA I PAWEŁ ZIELIŃSCY SPÓŁKA JAWNA",16.10.Z:main
0000204987,204,not_found_or_deregistered,"PRZEDSIĘBIORSTWO WIELOBRANŻOWE ""SUPERLAJM"" SPÓŁKA Z OGRANICZONĄ ODPOWIEDZIALNOŚCIĄ",16.10.Z:main
0000205333,204,not_found_or_deregistered,"K.SMOLIŃSKI, T.MAZUREK - STUDIO MW - SPÓŁKA JAWNA",16.11.Z:main
0000205357,204,not_found_or_deregistered,DURMET SPÓŁKA Z OGRANICZONĄ ODPOWIEDZIALNOŚCIĄ,16.10.Z:main
0000205496,204,not_found_or_deregistered,PRZEDSIĘBIORSTWO BARBARA KACZMAREK SPÓŁKA JAWNA,16.10.Z:main
0000205704,204,not_found_or_deregistered,"""FAWID"" SPÓŁKA Z OGRANICZONĄ ODPOWIEDZIALNOŚCIĄ",16.10.Z:main
0000205964,204,not_found_or_deregistered,"""MAGNUS"" SPÓŁKA Z OGRANICZONĄ ODPOWIEDZIALNOŚCIĄ",16.10.Z:main
0000206408,204,not_found_or_deregistered,"PRZEDSIĘBIORSTWO HANDLOWO-USŁUGOWE -  SKŁAD DREWNA, IMPORT-EXPORT SPÓŁKA Z OGRANICZONĄ ODPOWIEDZIALNOŚCIĄ",16.10.Z:main
0000206599,204,not_found_or_deregistered,KATOWICKIE TOWARZYSTWO TURYSTYCZNE SPÓŁKA Z OGRANICZONĄ ODPOWIEDZIALNOŚCIĄ,16.10.Z:main
0000207424,204,not_found_or_deregistered,"PRZEDSIĘBIORSTWO PRODUKCYJNO-HANDLOWE ""MARK-BUD"" SPÓŁKA Z OGRANICZONĄ ODPOWIEDZIALNOŚCIĄ",16.10.Z:main
0000207887,204,not_found_or_deregistered,ADB SERVICE SPÓŁKA Z OGRANICZONĄ ODPOWIEDZIALNOŚCIĄ,16.10.Z:main
0000208067,204,not_found_or_deregistered,"PRZEDSIĘBIORSTWO PRODUKCJI USŁUG I HANDLU ""ROCO INTERNATIONAL"" SPÓŁKA Z OGRANICZONĄ ODPOWIEDZIALNOŚCIĄ",16.10.Z:main
0000208654,204,not_found_or_deregistered,ROLNICZY ZAKŁAD SPÓŁDZIELCZY W GRZEGORZEWIE,16.10.Z:main
0000209358,204,not_found_or_deregistered,"""GREENKETT POLSKA"" SPÓŁKA Z OGRANICZONĄ ODPOWIEDZIALNOŚCIĄ",16.10.Z:main
0000209418,204,not_found_or_deregistered,ITC SPÓŁKA Z OGRANICZONĄ ODPOWIEDZIALNOŚCIĄ,16.10.Z:main
0000209735,204,not_found_or_deregistered,"""EURO-CONTINENTAL"" SPÓŁKA Z OGRANICZONĄ ODPOWIEDZIALNOŚCIĄ",16.10.Z:main
0000209866,204,not_found_or_deregistered,"PRZEDSIĘBIORSTWO PRODUKCYJNO-HANDLOWE ""KASZUB"" SPÓŁKA Z OGRANICZONĄ ODPOWIEDZIALNOŚCIĄ",16.10.Z:main
0000210559,204,not_found_or_deregistered,"""MARCO-POLO"" SPÓŁKA Z OGRANICZONĄ ODPOWIEDZIALNOŚCIĄ",16.10.Z:main
0000210571,204,not_found_or_deregistered,EKOTRANS BIS SPÓŁKA Z OGRANICZONĄ ODPOWIEDZIALNOŚCIĄ,16.10.Z:main
0000210636,204,not_found_or_deregistered,PRZEDSIĘBIORSTWO ROLNICZO HANDLOWO USŁUGOWE SZPEX SPÓŁKA Z OGRANICZONĄ ODPOWIEDZIALNOŚCIĄ,16.10.Z:main
0000210893,204,not_found_or_deregistered,S&V PROGRESS SPÓŁKA Z OGRANICZONĄ ODPOWIEDZIALNOŚCIĄ,16.10.Z:main
0000211118,204,not_found_or_deregistered,UNIHOUSE SPÓŁKA Z OGRANICZONĄ ODPOWIEDZIALNOŚCIĄ,16.10.Z:main
0000211249,204,not_found_or_deregistered,MADERA SPÓŁKA Z OGRANICZONĄ ODPOWIEDZIALNOŚCIĄ,16.10.Z:main
0000211691,204,not_found_or_deregistered,SWEDWOOD POLAND SPÓŁKA Z OGRANICZONĄ ODPOWIEDZIALNOŚCIĄ,16.10.Z:main
0000211906,204,not_found_or_deregistered,JASNO SHUTTERS SPÓŁKA Z OGRANICZONĄ ODPOWIEDZIALNOŚCIĄ,16.10.Z:main
0000212089,204,not_found_or_deregistered,"PRZEDSIĘBIORSTWO PRODUKCYJNO-USŁUGOWO-HANDLOWE ""INTERLEG"" SPÓŁKA Z OGRANICZONĄ ODPOWIEDZIALNOŚCIĄ",16.10.Z:main
0000213021,204,not_found_or_deregistered,"""BIPRODRZEW"" SPÓŁKA AKCYJNA",16.10.Z:main
0000213249,204,not_found_or_deregistered,BLEK-MEBLE SPÓŁKA Z OGRANICZONĄ ODPOWIEDZIALNOŚCIĄ,16.10.Z:main
0000213801,204,not_found_or_deregistered,"PRZEDSIĘBIORSTWO WIELOBRANŻOWE ""DYNAMIC KAS"" SPÓŁKA Z OGRANICZONĄ ODPOWIEDZIALNOŚCIĄ",16.10.Z:main
0000214363,204,not_found_or_deregistered,VALERIA SPÓŁKA Z OGRANICZONĄ ODPOWIEDZIALNOŚCIĄ,16.10.Z:main
0000214520,204,not_found_or_deregistered,"PRZEDSIĘBIORSTWO ""INTRAK"" SPÓŁKA Z OGRANICZONĄ ODPOWIEDZIALNOŚCIĄ",16.10.Z:main
0000214726,204,not_found_or_deregistered,BLUGARD SPÓŁKA Z OGRANICZONĄ ODPOWIEDZIALNOŚCIĄ,16.10.Z:main
0000214897,204,not_found_or_deregistered,"PRZEDSIĘBIORSTWO ""KAREN"" SPÓŁKA Z OGRANICZONĄ ODPOWIEDZIALNOŚCIĄ",16.10.Z:main
0000215172,204,not_found_or_deregistered,"""POP N GO POLAND"" SPÓŁKA Z OGRANICZONĄ ODPOWIEDZIALNOŚCIĄ",16.10.Z:main
0000215653,204,not_found_or_deregistered,WORLD FRUIT SPÓŁKA Z OGRANICZONĄ ODPOWIEDZIALNOSCIĄ,16.10.Z:main
0000216099,204,not_found_or_deregistered,"""FLORENCJA SPÓŁKA Z OGRANICZONĄ ODPOWIEDZIALNOŚCIĄ.""",16.10.Z:main
0000216152,204,not_found_or_deregistered,"""SALPO"" SPÓŁKA Z OGRANICZONĄ ODPOWIEDZIALNOŚCIĄ",16.10.Z:main
0000216408,204,not_found_or_deregistered,WP INVESTMENTS SPÓŁKA Z OGRANICZONĄ ODPOWIEDZIALNOŚCIĄ,16.10.Z:main
0000216452,204,not_found_or_deregistered,PGK SYSTEM - SPÓŁKA Z OGRANICZONĄ ODPOWIEDZIALNOŚCIĄ,16.10.Z:main
0000216903,204,not_found_or_deregistered,"""ROLBIT"" SPÓŁKA Z OGRANICZONĄ ODPOWIEDZIALNOŚCIĄ W ŁAJSACH",16.10.Z:main
0000217119,204,not_found_or_deregistered,IMPRESSA SPÓŁKA Z OGRANICZONĄ ODPOWIEDZIALNOŚCIĄ,16.10.Z:main
0000217491,204,not_found_or_deregistered,HOUSE CORNER SPÓŁKA Z OGRANICZONĄ ODPOWIEDZIALNOŚCIĄ,16.10.Z:main
0000217547,204,not_found_or_deregistered,"""HOMEBUD"" SPÓŁKA Z OGRANICZONĄ ODPOWIEDZIALNOŚCIĄ",16.10.Z:main
0000218011,204,not_found_or_deregistered,MAPOLDAN HOLDING SPÓŁKA Z OGRANICZONĄ ODPOWIEDZIALNOŚCIĄ,16.10.Z:main
0000218611,204,not_found_or_deregistered,"PRZEDSIĘBIORSTWO HANDLOWO-BUDOWLANE ""AM2"" SPÓŁKA Z OGRANICZONĄ ODPOWIEDZIALNOŚCIĄ",16.10.Z:main
0000218859,204,not_found_or_deregistered,FABRYKA POMOCY NAUKOWYCH SPÓŁKA Z OGRANICZONĄ ODPOWIEDZIALNOŚCIĄ,16.10.Z:main
0000219215,204,not_found_or_deregistered,ECO-PELL SPÓŁKA Z OGRANICZONĄ ODPOWIEDZIALNOŚCIĄ,16.10.Z:main
0000219397,204,not_found_or_deregistered,PETRO KOR SPÓŁKA Z OGRANICZONĄ ODPOWIEDZIALNOŚCIĄ,16.10.Z:main
0000219801,204,not_found_or_deregistered,ŻĄDŁO SPÓŁKA Z OGRANICZONĄ ODPOWIEDZIALNOŚCIĄ,16.10.Z:main
0000220125,204,not_found_or_deregistered,EKOLOGICZNE MATERIAŁY GRZEWCZE SPÓŁKA Z OGRANICZONĄ ODPOWIEDZIALNOŚCIĄ,16.10.Z:main
0000220724,204,not_found_or_deregistered,GMINNA SPÓŁDZIELNIA SAMOPOMOC CHŁOPSKA MOGILANY,16.10.Z:main
0000220921,204,not_found_or_deregistered,MMOBI SPÓŁKA Z OGRANICZONĄ ODPOWIEDZIALNOŚCIĄ,16.10.Z:main
0000220942,204,not_found_or_deregistered,IZBA MIĘDZYNARODOWEJ WSPÓŁPRACY GOSPODARCZEJ I NAUKOWEJ SPÓŁKA Z OGRANICZONĄ ODPOWIEDZIALNOŚCIĄ,16.10.Z:main
0000221147,204,not_found_or_deregistered,MAZZIVO SPÓŁKA Z OGRANICZONĄ ODPOWIEDZIALNOŚCIĄ,16.10.Z:main
0000221641,204,not_found_or_deregistered,"""BMD"" SPÓŁKA Z OGRANICZONĄ ODPOWIEDZIALNOŚCIĄ",16.10.Z:main
0000222062,204,not_found_or_deregistered,ISODOMUS SPÓŁKA Z OGRANICZONĄ ODPOWIEDZIALNOŚCIĄ,16.10.Z:main
0000222499,204,not_found_or_deregistered,"""BOSMA ELECTRIC"" SPÓŁKA Z OGRANICZONĄ ODPOWIEDZIALNOŚCIĄ",16.10.Z:main
0000224512,204,not_found_or_deregistered,ZAKŁAD GOSPODARKI KOMUNALNEJ I MIESZKANIOWEJ SPÓŁKA Z OGRANICZONĄ ODPOWIEDZIALNOŚCIĄ W LIKWIDACJI,16.10.Z:main
0000225054,204,not_found_or_deregistered,TECHPLAST SPÓŁKA Z OGRANICZONĄ ODPOWIEDZIALNOŚCIĄ,16.10.Z:main
0000225329,204,not_found_or_deregistered,"PRZEDSIĘBIORSTWO WIELOBRANŻOWE ""MEDUZA"" SPÓŁKA Z OGRANICZONĄ ODPOWIEDZIALNOŚCIĄ",16.10.Z:main
0000226251,204,not_found_or_deregistered,VIGOSS SPÓŁKA Z OGRANICZONĄ ODPOWIEDZIALNOŚCIĄ,16.10.Z:main
0000226531,204,not_found_or_deregistered,"""GRABOWSKI EXPORT IMPORT HANDEL HURTOWY I WSPÓLNICY"" SPÓŁKA JAWNA",16.10.Z:main
0000226892,204,not_found_or_deregistered,"PRZEDSIĘBIORSTWO USŁUG KOLEJOWYCH ""TRAIN"" SPÓŁKA Z OGRANICZONĄ ODPOWIEDZIALNOŚCIĄ",16.10.Z:main
0000226925,204,not_found_or_deregistered,"""EKOPARTNER-BĘDZIN NIZIŃSKI, KOŚCIŃSKI, JUSTYNIARSKI"" SPÓŁKA JAWNA",16.10.Z:main
0000227587,204,not_found_or_deregistered,INTER-MET SPÓŁKA Z OGRANICZONĄ ODPOWIEDZIALNOŚCIĄ,16.10.Z:main
0000227969,204,not_found_or_deregistered,"""EXCELLENT-USŁUGI"" SPÓŁKA Z OGRANICZONĄ ODPOWIEDZIALNOŚCIĄ",16.10.Z:main
0000228247,204,not_found_or_deregistered,"""UNITRANS"" SPÓŁKA Z OGRANICZONĄ ODPOWIEDZIALNOŚCIĄ",16.10.Z:main
0000228376,204,not_found_or_deregistered,SZERWAL SPÓŁKA Z OGRANICZONĄ ODPOWIEDZIALNOŚCIĄ,16.10.Z:main
0000228611,204,not_found_or_deregistered,"""ZŁOTY INDYK"" SPÓŁKA AKCYJNA",16.10.Z:main
0000229337,204,not_found_or_deregistered,"""HIRONDI"" SPÓŁKA Z OGRANICZONĄ ODPOWIEDZIALNOŚCIĄ",16.10.Z:main
0000229918,204,not_found_or_deregistered,"PRZEDSIĘBIORSTWO WIELOBRANŻOWE ""FAWAL"" FILIP WALCZAK SPÓŁKA Z OGRANICZONĄ ODPOWIEDZIALNOŚCIĄ",16.10.Z:main
0000229937,204,not_found_or_deregistered,KURVERS PACKAGING POLAND SPÓŁKA Z OGRANICZONĄ ODPOWIEDZIALNOŚCIĄ,16.10.Z:main
0000230016,204,not_found_or_deregistered,WEKTOR SPÓŁKA Z OGRANICZONĄ ODPOWIEDZIALNOŚCIĄ,16.10.Z:main
0000230151,204,not_found_or_deregistered,"""VIVARA"" SPÓŁKA Z OGRANICZONĄ ODPOWIEDZIALNOŚCIĄ",16.10.Z:main
0000230314,204,not_found_or_deregistered,"MATERIAŁOWE CENTRUM BUDOWNICTWA I WYPOSAŻENIA ""KOMPLEKS"" SPÓŁKA Z OGRANICZONĄ ODPOWIEDZIALNOŚCIĄ",16.10.Z:main
0000230547,204,not_found_or_deregistered,"""SERGIO"" SPÓŁKA Z OGRANICZONĄ ODPOWIEDZIALNOŚCIĄ",16.10.Z:main
0000230622,204,not_found_or_deregistered,"PRZEDSIĘBIORSTWO ""ANDRZEJ KACZMAREK"" SPÓŁKA KOMANDYTOWA",16.10.Z:main
0000231335,204,not_found_or_deregistered,"""CSB LUTOMIA"" SPÓŁKA Z OGRANICZONĄ ODPOWIEDZIALNOŚCIĄ",16.10.Z:main
0000231605,204,not_found_or_deregistered,"""MK-MEBEL"" M.PIESTRZENIEWICZ, K.BARYŁA SPÓŁKA JAWNA",16.10.Z:main
0000231883,204,not_found_or_deregistered,"""DANBUD"" SPÓŁKA Z OGRANICZONĄ ODPOWIEDZIALNOŚCIĄ",16.10.Z:main
0000232030,204,not_found_or_deregistered,RODONIT SPÓŁKA Z OGRANICZONĄ ODPOWIEDZIALNOŚCIĄ,16.10.Z:main
0000232457,204,not_found_or_deregistered,"""KANTO SPÓŁKA Z OGRANICZONĄ ODPOWIEDZIALNOŚCIĄ""",16.10.Z:main
0000232618,204,not_found_or_deregistered,"""FRONSBUD"" SPÓŁKA Z OGRANICZONĄ ODPOWIEDZIALNOŚCIĄ",16.10.Z:main
0000233570,204,not_found_or_deregistered,"""PROMONTA"" SPÓŁKA Z OGRANICZONĄ ODPOWIEDZIALNOŚCIĄ",16.10.Z:main
0000233778,204,not_found_or_deregistered,MARIJANA SPÓŁKA Z OGRANICZONĄ ODPOWIEDZIALNOŚCIĄ,16.10.Z:main
0000234120,204,not_found_or_deregistered,"SPÓŁDZIELNIA PRODUKCYJNO-HANDLOWA ""SAMOPOMOC""",16.10.Z:main
0000234192,204,not_found_or_deregistered,"PRZEDSIĘBIORSTWO USŁUGOWO-PRODUKCYJNE ""ARO"" PIOTR FABICH, PAWEŁ FABICH, RENATA FABICH, EWA FABICH SPÓŁKA JAWNA",16.10.Z:main
0000234326,204,not_found_or_deregistered,"""AL-MED"" SPÓŁKA Z OGRANICZONĄ ODPOWIEDZIALNOŚCIĄ",16.10.Z:main
0000234349,204,not_found_or_deregistered,INWESTOR OGRÓD SPÓŁKA Z OGRANICZONĄ ODPOWIEDZIALNOŚCIĄ,16.10.Z:main
0000234363,204,not_found_or_deregistered,MAWI SPÓŁKA Z OGRANICZONĄ ODPOWIEDZIALNOŚCIĄ,16.10.Z:main
0000234534,204,not_found_or_deregistered,PRZEDSIĘBIORSTWO WIELOBRANŻOWE BETULA SPÓŁKA Z OGRANICZONĄ ODPOWIEDZIALNOŚCIĄ,16.10.Z:main
0000234930,204,not_found_or_deregistered,TIMBERMIL SPÓŁKA Z OGRANICZONĄ ODPOWIEDZIALNOŚCIĄ,16.10.Z:main
0000235398,204,not_found_or_deregistered,"""WLAD. A.M."" SPÓŁKA Z OGRANICZONĄ ODPOWIEDZIALNOŚCIĄ",16.10.Z:main
0000235544,204,not_found_or_deregistered,"GRUPA PRODUCENTÓW ROLNYCH ""KA-ROL"" SPÓŁKA Z OGRANICZONĄ ODPOWIEDZIALNOŚCIĄ",16.10.Z:main
0000235617,204,not_found_or_deregistered,"""EUROHOUSE"" SPÓŁKA Z OGRANICZONĄ ODPOWIEDZIALNOŚCIĄ",16.10.Z:main
0000235675,204,not_found_or_deregistered,"""MAYGRUP"" SPÓŁKA Z OGRANICZONĄ ODPOWIEDZIALNOŚCIĄ",16.10.Z:main
0000001207,204,not_found_or_deregistered,TELEFONIA INTERNETOWA SPÓŁKA Z OGRANICZONĄ ODPOWIEDZIALNOŚCIĄ,16.10.Z:main
0000001750,204,not_found_or_deregistered,"OŚRODEK PRZEMYSŁOWO-BADAWCZY URZĄDZEŃ TECHNOLOGICZNYCH ""KOLPOL"" SPÓŁKA Z OGRANICZONĄ ODPOWIEDZIALNOŚCIĄ",16.10.Z:main
0000002566,204,not_found_or_deregistered,PRZEDSIĘBIORSTWO PRODUKCYJNO HANDLOWE PROFIL STYLE SPÓŁKA Z OGRANICZONĄ ODPOWIEDZIALNOŚCIĄ,16.10.Z:main
0000002683,204,not_found_or_deregistered,"PRZEDSIĘBIORSTWO BUDOWLANO -USŁUGOWO-HANDLOWE ""AGAT"" SPÓŁKA Z O.O.",16.10.Z:main
0000003470,204,not_found_or_deregistered,"PRZEDSIĘBIORSTWO WIELOBRANŻOWE ""FOLWEX"" EXPORT IMPORT ANDRZEJ KALINOWSKI KAZIMIERZ SOBOLEWSKI SPÓŁKA JAWNA",16.10.Z:main
0000003812,204,not_found_or_deregistered,"""STEINPOL OK PRODUKCJA MEBLI"" SPÓŁKA Z OGRANICZONĄ ODPOWIEDZIALNOŚCIĄ",16.10.Z:main
0000004115,204,not_found_or_deregistered,"""ICM MEBLE"" SPÓŁKA Z OGRANICZONĄ ODPOWIEDZIALNOŚCIĄ",16.10.Z:main
0000004291,204,not_found_or_deregistered,IMEX-PIECHOTA SP. Z O.O.,16.10.Z:main
0000004310,204,not_found_or_deregistered,"PRZEDSIĘBIORSTWO WIELOBRANŻOWE ""GRANBUD"" GRZEGORZ, MAŁGORZATA, KRZYSZTOF, MARIA CZAPCZYK SPÓŁKA JAWNA",16.10.Z:main
0000004931,204,not_found_or_deregistered,WALCZAK SPÓŁKA JAWNA,16.10.Z:main
0000004974,204,not_found_or_deregistered,KULCZYK TRADEX SPÓŁKA Z OGRANICZONĄ ODPOWIEDZIALNOŚCIĄ,16.10.Z:main
0000005368,204,not_found_or_deregistered,"PRZEDSIĘBIORSTWO PRODUKCYJNO-USŁUGOWE ""TURBUD"" SPÓŁKA Z OGRANICZONĄ ODPOWIEDZIALNOŚCIĄ",16.10.Z:main
0000005378,204,not_found_or_deregistered,CEZOS Z.JANKOWSKA C.SKOTAK SPÓŁKA JAWNA,16.10.Z:main
0000005702,204,not_found_or_deregistered,"""M-S M.BUKOWIAN I INNI"" SPÓŁKA JAWNA",16.10.Z:main
0000006029,204,not_found_or_deregistered,"ZAKŁAD WYROBU OKLEIN NATURALNYCH ""BRACIA MROZIK"" SPÓŁKA JAWNA W LUBLINIE",16.10.Z:main
0000006068,204,not_found_or_deregistered,"HOTEL ""SPORT HOTEL"" SPÓŁKA Z OGRANICZONĄ ODPOWIEDZIALNOŚCIĄ",16.10.Z:main
0000006300,204,not_found_or_deregistered,"HANDEL-USŁUGI ""BAZI"" K. SADOWSKI, W. SZYMAŃSKI SPÓŁKA JAWNA",16.10.Z:main
0000006410,204,not_found_or_deregistered,LESKO SPÓŁKA Z OGRANICZONĄ ODPOWIEDZIALNOŚCIĄ,16.10.Z:main
0000006576,204,not_found_or_deregistered,"PRZEDSIĘBIORSTWO WIELOBRANŻOWE ""MAT-BUD"" B.PIETRAS,E.PIETRAS SPÓŁKA JAWNA",16.10.Z:main
0000006681,204,not_found_or_deregistered,PRZEDSIĘBIORSTWO BEGIER HENRYK BEGIER I SYNOWIE SPÓŁKA JAWNA,16.10.Z:main
0000006799,204,not_found_or_deregistered,KRONOSPAN PL SPÓŁKA Z OGRANICZONĄ ODPOWIEDZIALNOŚCIĄ,16.10.Z:main
0000006850,204,not_found_or_deregistered,"ZAKŁADY DRZEWNE ""TIS"" ANTONI SZWED SPÓŁKA JAWNA",16.10.Z:main
0000006903,204,not_found_or_deregistered,"PRZEDSIĘBIORSTWO PRODUKCYJNO USŁUGOWO HANDLOWE
K@K SPÓŁKA Z OGRANICZONĄ ODPOWIEDZIALNOŚCIĄ",16.10.Z:main
0000007062,204,not_found_or_deregistered,MORSKA STOCZNIA REMONTOWA SPÓŁKA AKCYJNA,16.10.Z:main
0000007601,204,not_found_or_deregistered,HADA - GLAS SPÓŁKA Z OGRANICZONĄ ODPOWIEDZIALNOŚCIĄ,16.10.Z:main
0000007651,204,not_found_or_deregistered,ARHELAN BURZYŃSCY SPÓŁKA JAWNA,16.10.Z:main
0000007797,204,not_found_or_deregistered,"""GRAND CRU"" SPÓŁKA Z OGRANICZONĄ ODPOWIEDZIALNOŚCIĄ",16.10.Z:main
0000008535,204,not_found_or_deregistered,"""AKŚ-INVESTMENT"" SPÓŁKA Z OGRANICZONĄ ODPOWIEDZIALNOŚCIĄ",16.10.Z:main
0000009441,204,not_found_or_deregistered,"""EUROTOR"" SPÓŁKA Z OGRANICZONĄ ODPOWIEDZIALNOŚCIĄ",16.10.Z:main
0000009843,204,not_found_or_deregistered,"PRZEDSIĘBIORSTWO WIELOBRANŻOWE ""RYNTEX"" SPÓŁKA Z OGRANICZONĄ ODPOWIEDZIALNOŚCIĄ",16.10.Z:main
0000009894,204,not_found_or_deregistered,"NATURA A. BISZCZANIK, A. BISZCZANIK, M. BISZCZANIK, S. BISZCZANIK SPÓŁKA JAWNA",16.10.Z:main
0000009940,204,not_found_or_deregistered,SPÓŁDZIELNIA USŁUG ROLNICZYCH,16.10.Z:main
0000010906,204,not_found_or_deregistered,"""KARES"" SPÓŁKA Z OGRANICZONĄ ODPOWIEDZIALNOŚCIĄ",16.10.Z:main
0000011048,204,not_found_or_deregistered,"PRZEDSIĘBIORSTWO PRODUKCYJNO-USŁUGOWO-HANDLOWE ""GABI-JERCZYŃSCY"" SPÓŁKA JAWNA",16.10.Z:main
0000012475,204,not_found_or_deregistered,BUDO-ZBYT SPÓŁKA Z OGRANICZONĄ ODPOWIEDZIALNOŚCIĄ,16.10.Z:main
0000012512,204,not_found_or_deregistered,"""JUAN-J.SZAŁAŃSKI, A.WOŻNIAK"" SPÓŁKA JAWNA",16.10.Z:main
0000013508,204,not_found_or_deregistered,"PRZEDSIĘBIORSTWO WIELOBRANŻOWE ""KOMBUD"" SPÓŁKA Z OGRANICZONĄ ODPOWIEDZIALNOŚCIĄ",16.10.Z:main
0000013715,204,not_found_or_deregistered,PLAN CONSULT SPÓŁKA Z OGRANICZONĄ ODPOWIEDZIALNOŚCIĄ,16.10.Z:main
0000013853,204,not_found_or_deregistered,"""AMB"" BABST SPÓŁKA JAWNA",16.10.Z:main
0000014308,204,not_found_or_deregistered,BIURO HANDLOWE DRZWI-TESSA SPÓŁKA JAWNA,16.10.Z:main
0000014402,204,not_found_or_deregistered,"PRZEDSIĘBIORSTWO PRODUKCYJNO-HANDLOWO-USŁUGOWE ""ZACISZE"" GŁĘBOCKI PALACZ SPÓŁKA JAWNA",16.10.Z:main
0000015213,204,not_found_or_deregistered,"""ELEKTROMECHANIKA""SPÓŁKA JAWNA LESZEK I WOJCIECH SUDENIS",16.10.Z:main
0000015392,204,not_found_or_deregistered,"""TIP-HOLZ POLSKA"" SPÓŁKA Z OGRANICZONĄ ODPOWIEDZIALNOŚCIĄ",16.10.Z:main
0000015401,204,not_found_or_deregistered,"""PAGED"" SPÓŁKA AKCYJNA",16.10.Z:main
0000015452,204,not_found_or_deregistered,STEINHOFF NOVA  SPÓŁKA Z OGRANICZONĄ ODPOWIEDZIALNOŚCIĄ,16.10.Z:main
0000016126,204,not_found_or_deregistered,"PRZEDSIĘBIORSTWO WIELOBRANŻOWE ""AGTEL"" SPÓŁKA Z OGRANICZONĄ ODPOWIEDZIALNOŚCIĄ W ZAMOŚCIU",16.10.Z:main
0000017066,204,not_found_or_deregistered,"PRZEDSIĘBIORSTWO REMONTÓW I BUDOWNICTWA OGÓLNEGO SPÓŁKA Z OGRANICZONĄ ODPOWIEDZIALNOŚCIĄ, W SUWAŁKACH",16.10.Z:main
0000017231,204,not_found_or_deregistered,VDV OKUCIA BUDOWLANE SPÓŁKA Z OGRANICZONĄ ODPOWIEDZIALNOŚCIĄ,16.10.Z:main
0000017925,204,not_found_or_deregistered,"HUTA ""ZAWIERCIE"" SPÓŁKA AKCYJNA",16.10.Z:main
0000018117,204,not_found_or_deregistered,SZERWAL 2000 SPÓŁKA Z OGRANICZONĄ ODPOWIEDZIALNOŚCIĄ,16.10.Z:main
0000018288,204,not_found_or_deregistered,"""ACODE"" SPÓŁKA Z OGRANICZONĄ ODPOWIEDZIALNOŚCIĄ",16.10.Z:main
0000019212,204,not_found_or_deregistered,SHANG-HAI SPÓŁKA Z OGRANICZONĄ ODPOWIEDZIALNOŚCIĄ,16.10.Z:main
0000019528,204,not_found_or_deregistered,"P.P.H. ""JANDAR""  D. ŁATA I I. ŁATA SPÓŁKA JAWNA",16.10.Z:main
0000019658,204,not_found_or_deregistered,STOWARZYSZENIE EMAUS W LUBLINIE,16.10.Z:main
0000020523,204,not_found_or_deregistered,"PRZEDSIĘBIORSTWO ""TECHNOBUD"" SPÓŁKA Z OGRANICZONĄ ODPOWIEDZIALNOŚCIĄ",16.10.Z:main
0000020569,204,not_found_or_deregistered,"""PIONKI-MEBLE"" SPÓŁKA Z OGRANICZONĄ ODPOWIEDZIALNOŚĆIĄ",16.10.Z:main
0000020854,204,not_found_or_deregistered,"""LUBA' FIRMA HANDLOWA W.BIELA, J.MAŁECKI   SPÓŁKA JAWNA",16.10.Z:main
0000021278,204,not_found_or_deregistered,"SPÓŁDZIELNIA INWALIDÓW ""PRZYSZŁOŚĆ""",16.10.Z:main
0000021395,204,not_found_or_deregistered,"""ZIELONA PLATFORMA"" SPÓŁKA Z OGRANICZONĄ ODPOWIEDZIALNOŚCIĄ",16.10.Z:main
0000021923,204,not_found_or_deregistered,"""PORTA STYL"" SPÓŁKA Z OGRANICZONĄ ODPOWIEDZIALNOŚCIĄ",16.10.Z:main
0000022309,204,not_found_or_deregistered,"PRZEDSIĘBIORSTWO PRODUKCJI HANDLU I USŁUG ""ŁAN"" SPÓŁKA Z  OGRANICZONĄ ODPOWIEDZIALNOŚCIĄ",16.10.Z:main
0000022479,204,not_found_or_deregistered,"PRZEDSIĘBIORSTWO PRODUKCYJNO-USŁUGOWO-HANDLOWE  ""DOMEL""  ZBIGNIEW & JACEK & TOMASZ DOBIEŃ  SPÓŁKA JAWNA W KĘPNIE UL.SŁONECZNA 6",16.10.Z:main
0000023695,204,not_found_or_deregistered,STOLARKA WOŁOMIN SPÓŁKA AKCYJNA,16.10.Z:main
0000023876,204,not_found_or_deregistered,"""ESPO"" EWA POWAŁA TADEUSZ OMASTA SŁAWOMIR POWAŁA SPÓŁKA JAWNA",16.10.Z:main
0000024147,204,not_found_or_deregistered,"PRZEDSIĘBIORSTWO WIELOBRANŻOWE ""DEREM""
SPÓŁKA Z OGRANICZONĄ ODPOWIEDZIALNOŚCIĄ",16.10.Z:main
0000024211,204,not_found_or_deregistered,"""ELEKTROCIEPŁOWNIA MARCEL-REMONT"" SPÓŁKA Z OGRANICZONĄ ODPOWIEDZIALNOŚCIĄ",16.10.Z:main
0000024324,204,not_found_or_deregistered,UNIBUD PODLASKI SPÓŁKA Z OGRANICZONĄ ODPOWIEDZIALNOŚCIĄ,16.10.Z:main
0000024353,204,not_found_or_deregistered,"""TARTAK"" KAZIMIERZ USTASZEWSKI, JADWIGA USTASZEWSKA SPÓŁKA JAWNA",16.10.Z:main
0000027494,204,not_found_or_deregistered,"""ALUTECH""SPÓŁKA Z OGRANICZONĄ ODPOWIEDZIALNOŚCIĄ",16.10.Z:main
0000028143,204,not_found_or_deregistered,"""WOD-KAN LUBACZÓW"" SPÓŁKA Z OGRANICZONĄ ODPOWIEDZIALNOŚCIĄ",16.10.Z:main
0000028156,204,not_found_or_deregistered,"""VARIA - APD"" SPÓŁKA Z OGRANICZONĄ ODPOWIEDZIALNOŚCIĄ",16.10.Z:main
0000028687,204,not_found_or_deregistered,PRZEDSIĘBIORSTWO PRODUKCYJNO-HANDLOWE PEGAR SPÓŁKA Z OGRANICZONĄ ODPOWIEDZIALNOŚCIĄ,16.10.Z:main
0000028979,204,not_found_or_deregistered,"PRZEDSIĘBIORSTWO PRODUKCYJNO-HANDLOWO-USŁUGOWE ""SOLIDEX"" SPÓŁKA Z OGRANICZONĄ ODPOWIEDZIALNOŚCIĄ",16.10.Z:main
0000029672,204,not_found_or_deregistered,"""BUDEX - SZYK"" R.PROKOP I SPÓŁKA - SPÓŁKA JAWNA",16.10.Z:main
0000029697,204,not_found_or_deregistered,"""EPO"" SPÓŁKA Z OGRANICZONĄ ODPOWIEDZIALNOŚCIĄ",16.10.Z:main
0000030951,204,not_found_or_deregistered,"PRZEDSIĘBIORSTWO WIELOBRANŻOWE ""EURO-DROMPEX"" SPÓŁKA Z OGRANICZONA ODPOWIEDZIALNOŚCIĄ",16.10.Z:main
0000032369,204,not_found_or_deregistered,WLW - TAX SPÓŁKA Z OGRANICZONĄ ODPOWIEDZIALNOŚCIĄ,16.10.Z:main
0000033137,204,not_found_or_deregistered,"PRZEDSIĘBIORSTWO PRODUKCYJNO-USŁUGOWO-HANDLOWE ""FILPLAST-GŁOGÓWEK"" SPÓŁKA Z OGRANICZONĄ ODPOWIEDZIALNOŚCIĄ",16.10.Z:main
0000033339,204,not_found_or_deregistered,SOLID SPÓŁKA Z OGRANICZONĄ ODPOWIEDZIALNOŚCIĄ,16.10.Z:main
0000033449,204,not_found_or_deregistered,"""STOLPOL"" LANGE I WSPÓLNICY SPÓŁKA JAWNA",16.10.Z:main
0000034783,204,not_found_or_deregistered,"""EKOPŁYTA"" SPÓŁKA AKCYJNA",16.10.Z:main
0000036135,204,not_found_or_deregistered,"FIRMA HANDLOWA ""EKKOM"" SPÓŁKA Z OGRANICZONĄ ODPOWIEDZIALNOŚCIĄ",16.10.Z:main
0000036559,204,not_found_or_deregistered,"""CPN SERWIS ZACHÓD""",16.10.Z:main
0000036911,204,not_found_or_deregistered,FABRYKA MEBLI PRUDNIK SPÓŁKA Z OGRANICZONĄ ODPOWIEDZIALNOŚCIĄ,16.10.Z:main
0000037100,204,not_found_or_deregistered,"""POLSKO KANADYJSKIE PRZEDSIĘBIORSTWO PRODUKCYJNO HANDLOWE PROGRESS INTERNATIONAL SPÓŁKA Z OGRANICZONĄ ODPOWIEDZIALNOŚCIĄ""",16.10.Z:main
0000037659,204,not_found_or_deregistered,"""RAJ"" SPÓŁKA Z OGRANICZONĄ ODPOWIEDZIALNOŚCIĄ",16.10.Z:main
0000037949,204,not_found_or_deregistered,INDUSTRI NORTH SPÓŁKA Z OGRANICZONĄ ODPOWIEDZIALNOŚCIĄ,16.10.Z:main
0000039649,204,not_found_or_deregistered,"""COMTRANS"" SPÓŁKA Z OGRANICZONĄ ODPOWIEDZIALNOŚCIĄ",16.10.Z:main
0000039692,204,not_found_or_deregistered,KPM - MEBLE KŁODZKO SPÓŁKA Z OGRANICZONĄ ODPOWIEDZIALNOŚCIĄ,16.10.Z:main
0000040194,204,not_found_or_deregistered,ATENA SPÓŁKA Z OGRANICZONĄ ODPOWIEDZIALNOŚCIĄ,16.10.Z:main
0000040478,204,not_found_or_deregistered,LIGNARIUS SPÓŁKA Z OGRANICZONĄ ODPOWIEDZIALNOŚCIĄ,16.10.Z:main
0000040905,204,not_found_or_deregistered,"""GŁADYSZ"" ZAKŁAD REMONTOWO - BUDOWLANY GŁADYSZ GRZEGORZ, GŁADYSZ LUDMIŁA SPÓŁKA JAWNA",16.10.Z:main
0000041118,204,not_found_or_deregistered,PRZEDSIĘBIORSTWO BUDOWY URZĄDZEŃ CHŁODNICZYCH SPÓŁKA AKCYJNA,16.10.Z:main
0000041137,204,not_found_or_deregistered,"PRZEDSIĘBIORSTWO BUDOWLANO-USŁUGOWE I HANDLU ""SEGMENT"" SPÓŁKA Z OGRANICZONĄ ODPOWIEDZIALNOŚCIĄ",16.10.Z:main
0000041529,204,not_found_or_deregistered,"PRZEDSIĘBIORSTWO ENERGETYKI CIEPLNEJ ""FLUPAL"" SPÓŁKA Z OGRANICZONĄ ODPOWIEDZIALNOŚCIĄ",16.10.Z:main
0000042751,204,not_found_or_deregistered,SATER-POLSKA SPÓŁKA Z OGRANICZONĄ ODPOWIEDZIALNOŚCIĄ,16.10.Z:main
0000043028,204,not_found_or_deregistered,"""KOŁBON"" SPÓŁKA JAWNA ANTONI KOŁBON TADEUSZ KOŁBON",16.10.Z:main
0000043762,204,not_found_or_deregistered,"""DREHABUD"" KRUSZLIŃSKA, HINC SPÓŁKA JAWNA",16.10.Z:main
0000044173,204,not_found_or_deregistered,"""DREWEXIM"" SPÓŁKA Z OGRANICZONĄ ODPOWIEDZIALNOŚCIĄ",16.10.Z:main
0000045165,204,not_found_or_deregistered,ZAKŁADY PRZETWÓRSTWA TWORZYW SZTUCZNYCH SPÓŁKA Z OGRANICZONĄ ODPOWIEDZIALNOŚCIĄ,16.10.Z:main
0000045281,204,not_found_or_deregistered,"SPÓŁDZIELNIA USŁUGOWA ""PIAST"" W LEGNICY",16.10.Z:main
0000045764,204,not_found_or_deregistered,"PRZEDSIĘBIORSTWO BUDOWLANE ""POLBUD"" SPÓŁKA Z OGRANICZONĄ ODPOWIEDZIALNOŚCIĄ",16.10.Z:main
0000047015,204,not_found_or_deregistered,SPOIW - CANDI JERZY MARKIEWICZ - LESZEK MARKIEWICZ SPÓŁKA JAWNA,16.10.Z:main
0000048123,204,not_found_or_deregistered,"""PREFABET-SPÓŁKA AKCYJNA""",16.10.Z:main
0000048501,204,not_found_or_deregistered,"""INCOM""SPÓŁKA Z OGRANICZONĄ ODPOWIEDZIALNOŚCIĄ",16.10.Z:main
0000048653,204,not_found_or_deregistered,"""BIO-ENERGIA ESP"" SPÓŁKA Z OGRANICZONĄ ODPOWIEDZIALNOŚCIĄ",16.10.Z:main
0000048966,204,not_found_or_deregistered,"PRZEDSIĘBIORSTWO BUDOWNICTWA OGÓLNEGO I ROBÓT INŻYNIERYJNYCH ""INŻYNIERIA"" SPÓŁKA  Z OGRANICZONĄ ODPOWIEDZIALNOŚCIĄ",16.10.Z:main
0000049599,204,not_found_or_deregistered,SAI AUTOMOTIVE POLSKA SPÓŁKA Z OGRANICZONĄ ODPOWIEDZIALNOŚCIĄ,16.10.Z:main
0000050593,204,not_found_or_deregistered,"PRZEDSIĘBIORSTWO PRODUKCYJNO - HANDLOWO - USŁUGOWE ""DREWIT"" SPÓŁKA Z OGRANICZONĄ ODPOWIEDZIALNOŚCIĄ",16.10.Z:main
0000051364,204,not_found_or_deregistered,ZAKŁAD PRODUKCJI I OBROTU WYROBAMI Z DREWNA SPÓŁKA Z OGRANICZONĄ ODPOWIEDZIALNOŚCIĄ,16.10.Z:main
0000051553,204,not_found_or_deregistered,"""WIAK TRADE"" SPÓŁKA Z OGRANICZONĄ ODPOWIEDZIALNOŚCIĄ",16.10.Z:main
0000052383,204,not_found_or_deregistered,"ZAKŁAD STOLARKI BUDOWLANEJ ""STOLBUD"" SPÓŁKA AKCYJNA",16.10.Z:main
0000053048,204,not_found_or_deregistered,"FIRMA DORADZTWA PODATKOWEGO I FINANSOWEGO ""ALFA"" SPÓŁKA Z OGRANICZONĄ ODPOWIEDZIALNOŚCIĄ",16.10.Z:main
0000053053,204,not_found_or_deregistered,AMIGA SPÓŁKA Z OGRANICZONĄ ODPOWIEDZIALNOŚCIĄ,16.10.Z:main
0000053160,204,not_found_or_deregistered,"""BUDO-TRANS"" SPÓŁKA Z OGRANICZONĄ ODPOWIEDZIALNOŚCIĄ",16.10.Z:main
0000053724,204,not_found_or_deregistered,VOX - INDUSTRIE SPÓŁKA AKCYJNA,16.10.Z:main
0000055091,204,not_found_or_deregistered,DOLNOŚLĄSKA FABRYKA MASZYN ZANAM SPÓŁKA Z OGRANICZONĄ ODPOWIEDZIALNOŚCIĄ,16.10.Z:main
0000055115,204,not_found_or_deregistered,"""PRESCOTT INVESTMENT GROUP"" SPÓŁKA AKCYJNA",16.10.Z:main
0000056562,204,not_found_or_deregistered,KOLEKCJA STEINHOFF SPÓŁKA Z OGRANICZONĄ ODPOWIEDZIALNOŚCIĄ,16.10.Z:main
0000056817,204,not_found_or_deregistered,"PRZEDSIĘBIORSTWO WIELOBRANŻOWE ""TOPEX LTD"" SPÓŁKA Z OGRANICZONĄ ODPOWIEDZIALNOŚCIĄ",16.10.Z:main
0000057175,204,not_found_or_deregistered,"""M.G.IMPEX"" SPÓŁKA Z OGRANICZONĄ ODPOWIEDZIALNOŚCIĄ",16.10.Z:main
0000057674,204,not_found_or_deregistered,"PRZEDSIĘBIORSTWO HANDLOWE ""AGROMOR"" RYSZARD NIEMCZURA I PAWEŁ ŁUCZAK SŁAWNO SPÓŁKA JAWNA",16.10.Z:main
0000058584,204,not_found_or_deregistered,"""VOX-ACTIVE"" SPÓŁKA Z OGRANICZONĄ ODPOWIEDZIALNOŚCIĄ",16.10.Z:main
0000058729,204,not_found_or_deregistered,"KONSORCJUM BUDOWLANE ""KONS-BUD"" SPÓŁKA AKCYJNA",16.10.Z:main
0000059202,204,not_found_or_deregistered,"""PRZEDSIĘBIORSTWO AMB"" SPÓŁKA Z OGRANICZONĄ ODPOWIEDZIALNOŚCIĄ",16.10.Z:main
0000059338,204,not_found_or_deregistered,"FABRYKA ""SKLEJKA-PISZ"" SPÓŁKA AKCYJNA",16.10.Z:main
0000059877,204,not_found_or_deregistered,"PRZEDSIĘBIORSTWA WIELOBRANŻOWEGO ""SAWICCY"" SPÓŁKI JAWNEJ",16.10.Z:main
0000060919,204,not_found_or_deregistered,"PRZEDSIĘBIORSTWO WIELOBRANŻOWE ""ALGUM"" PIOTR KOŁODZIEJ, JAN KAMIŃSKI SPÓŁKA JAWNA ZAKŁAD PRACY CHRONIONEJ",16.10.Z:main
0000061670,204,not_found_or_deregistered,"""PIAS-TAR"" JURGA, PRAŁAT SPÓŁKA JAWNA",16.10.Z:main
0000061708,204,not_found_or_deregistered,"PRZEDSIĘBIORSTWO USŁUGOWO-HANDLOWO-PRODUKCYJNE ""TERMOKOP""
SPÓŁKA Z OGRANICZONĄ ODPOWIEDZIALNOŚCIĄ",16.10.Z:main
0000061924,204,not_found_or_deregistered,"""MD"" SPÓŁKA Z OGRANICZONĄ ODPOWIEDZIALNOŚCIĄ",16.10.Z:main
0000062897,204,not_found_or_deregistered,"""WĘGLOPOL"" SPÓŁKA Z OGRANICZONĄ ODPOWIEDZIALNOŚCIĄ",16.10.Z:main
0000063184,204,not_found_or_deregistered,"ZESPÓŁ PRZEDSIĘBIORSTW BUDOWNICTWA ŁĄCZNOŚCI ""K - TEL"" SPÓŁKA Z OGRANICZONĄ ODPOWIEDZIALNOŚCIĄ",16.10.Z:main
0000064019,204,not_found_or_deregistered,"USŁUGOWY ZAKŁAD REMONTOWO-BUDOWLANY ""REM-BUD"" EDWARD ŻMUDZKI I ARKADIUSZ ŻMUDZKI SPÓŁKA JAWNA",16.10.Z:main
0000064416,204,not_found_or_deregistered,"""MARKET - S & T"" SPÓŁKA Z OGRANICZONĄ ODPOWIEDZIALNOŚCIĄ",16.10.Z:main
0000064689,204,not_found_or_deregistered,ZAKŁAD PRODUKCYJNO-HANDLOWY HOL-POL SPÓŁKA Z OGRANICZONĄ ODPOWIEDZIALNOŚCIĄ,16.10.Z:main
0000064708,204,not_found_or_deregistered,"""RWL"" SPÓŁKA Z OGRANICZONĄ ODPOWIEDZIALNOŚCIĄ",16.10.Z:main
0000065255,204,not_found_or_deregistered,"""MEDRE"" SPÓŁKA Z OGRANICZONĄ ODPOWIEDZIALNOŚCIĄ",16.10.Z:main
0000065593,204,not_found_or_deregistered,"GMINNA SPÓŁDZIELNIA ""SAMOPOMOC CHŁOPSKA"" W NOWEJ SUCHEJ",16.10.Z:main
0000065718,204,not_found_or_deregistered,"""AUTO ELEKTRONIK"" SPÓŁKA Z OGRANICZONĄ ODPOWIEDZIALNOŚCIĄ",16.10.Z:main
0000066566,204,not_found_or_deregistered,"PORTOWY ZAKŁAD TRANSPORTU ""TRANS-PORT"" SPÓŁKA Z OGRANICZONĄ ODPOWIEDZIALNOŚCIĄ",16.10.Z:main
0000066711,204,not_found_or_deregistered,"""TARGOR"" RUTKOWSCY SPÓŁKA JAWNA",16.10.Z:main
0000066862,204,not_found_or_deregistered,PRZEDSIĘBIORSTWO ROBÓT DROGOWYCH SPÓŁKA AKCYJNA,16.10.Z:main
0000067807,204,not_found_or_deregistered,"ODLEWNIA ŻELIWA ""FANSULD"" J. POSTUŁA, R. RUDZIŃSKI, R. POSTUŁA SPÓŁKA JAWNA",16.10.Z:main
0000067954,204,not_found_or_deregistered,"PRZEDSIĘBIORSTWO OBSŁUGI ROLNICTWA ""WARPOL - AGRO"" SPÓŁKA Z OGRANICZONĄ ODPOWIEDZIALNOŚCIĄ",16.10.Z:main
0000068006,204,not_found_or_deregistered,"ROLNICZA SPÓŁDZIELNIA PRODUKCYJNA ""ZWYCIĘSTWO"" W JASIENICY",16.10.Z:main
0000068008,204,not_found_or_deregistered,GABINET STOMATOLOGICZNY GRAŻYNA MAJKA I STANISŁAW MAJKA SPÓŁKA JAWNA,16.10.Z:main
0000068359,204,not_found_or_deregistered,"TARTAK ""STEFAN"" P. CIEŚLAK, J. CIEŚLAK SPÓŁKA JAWNA",16.10.Z:main
0000068902,204,not_found_or_deregistered,VOIGT & HAEFFNER POLSKA SPÓŁKA Z OGRANICZONĄ ODPOWIEDZIALNOŚCIĄ,16.10.Z:main
0000069507,204,not_found_or_deregistered,WINDPOWER SPÓŁKA Z OGRANICZONĄ ODPOWIEDZIALNOŚCIĄ,16.10.Z:main
0000071280,204,not_found_or_deregistered,"""G&J ECOLOGY POLSKA"" - SPÓŁKA Z OGRANICZONĄ ODPOWIEDZIALNOŚCIĄ",16.10.Z:main
0000071687,204,not_found_or_deregistered,"PRZEDSIĘBIORSTWO ""VICTOR"" SPÓŁKA Z OGRANICZONĄ ODPOWIEDZIALNOŚCIĄ",16.10.Z:main
0000071853,204,not_found_or_deregistered,PRZEDSIĘBIORSTWO SPECJALISTYCZNE EKO-PORT SPÓŁKA Z OGRANICZONĄ ODPOWIEDZIALNOŚCIĄ,16.10.Z:main
0000072452,204,not_found_or_deregistered,"PRZEDSIĘBIORSTWO PRODUKCYJNO-HANDLOWEGO ""RINGPOL"" MAREK IWANOWSKI, WALDEMAR KUBIAK SPÓŁKA JAWNA",16.10.Z:main
0000073167,204,not_found_or_deregistered,"""EXWOOD"" SPÓŁKA Z OGRANICZONĄ ODPOWIEDZIALNOŚCIĄ",16.10.Z:main
0000073576,204,not_found_or_deregistered,MAJSTER - CHORĄŻAKOWIE SPÓŁKA JAWNA,16.10.Z:main
0000073675,204,not_found_or_deregistered,"""TAXUS"" A. BOGDANOWICZ, P. BOGDANOWICZ SPÓŁKA JAWNA",16.10.Z:main
0000074400,204,not_found_or_deregistered,"""TRANSBET"" MARIUSZ GROCHOWICZ SPÓŁKA JAWNA",16.10.Z:main
0000074694,204,not_found_or_deregistered,"""ENERGOMONTAŻ-PÓŁNOC SERWIS"" SPÓŁKA Z OGRANICZONĄ ODPOWIEDZIALNOŚCIĄ",16.10.Z:main
0000074892,204,not_found_or_deregistered,FERMA KRĄPLEWICE SPÓŁKA Z OGRANICZONĄ ODPOWIEDZIALNOŚCIĄ,16.10.Z:main
0000075006,204,not_found_or_deregistered,"MEBLARSKA SPÓŁDZIELNIA INWALIDÓW ""ZRYW""",16.10.Z:main
0000075338,204,not_found_or_deregistered,"""CERTUS"" SPÓŁKA Z OGRANICZONĄ ODPOWIEDZIALNOŚCIĄ",16.10.Z:main
0000075584,204,not_found_or_deregistered,NAVIGAR DENEKO - GARBIEŃ SPÓŁKA JAWNA,16.10.Z:main
0000075896,204,not_found_or_deregistered,"""GREENFARM"" SPÓŁKA Z OGRANICZONĄ ODPOWIEDZIALNOŚCIĄ",16.10.Z:main
0000075962,204,not_found_or_deregistered,FINNFOREST POLSKA SPÓŁKA Z OGRANICZONĄ ODPOWIEDZIALNOŚCIĄ,16.10.Z:main
0000076304,204,not_found_or_deregistered,"FARBY LAKIERY TROPS ZBIGNIEW CIESIELSKI, PIOTR FIJAŁKOWSKI SPÓŁKA JAWNA",16.10.Z:main
0000076681,204,not_found_or_deregistered,"""DREWMARCO"" SPÓŁKA JAWNA MARCINIAK - BIELIŃSKI - SAKOWICZ",16.10.Z:main
0000076722,204,not_found_or_deregistered,"""KOMANDOR-OPOLE"" SPÓŁKA AKCYJNA",16.10.Z:main
0000076941,204,not_found_or_deregistered,"PHU WARMIAK WŁODZIMERZ KANIA, ŻUKOWSKI LECH SPÓŁKA KOMANDYTOWA",16.10.Z:main
0000077079,204,not_found_or_deregistered,"""MILA * PLUS"" SPÓŁKA Z OGRANICZONĄ ODPOWIEDZIALNOŚCIĄ",16.10.Z:main
0000077258,204,not_found_or_deregistered,"DREWSTOL - A. GRZESIAK, D. MILEWSKI SPÓŁKA JAWNA",16.10.Z:main
0000077751,204,not_found_or_deregistered,"SPECJALISTYCZNE PRZEDSIĘBIORSTWO BUDOWLANE ""SAVEX"" SPÓŁKA Z OGRANICZONĄ ODPOWIEDZIALNOŚCIĄ",16.10.Z:main
0000077864,204,not_found_or_deregistered,"FIRMA ""GRILEX"" STANISŁAW KOZIOŁ, JAN I EWA SZURA SPÓŁKA JAWNA",16.10.Z:main
0000078062,204,not_found_or_deregistered,"""MONT-STAL"" SPÓŁKA Z OGRANICZONĄ ODPOWIEDZIALNOŚCIĄ",16.10.Z:main
0000078333,204,not_found_or_deregistered,"""PRZEDSIĘBIORSTWO BUDOWLANO-HANDLOWE ARKOP KRZYSZTOF PIANOWSKI I S-KA SPÓŁKA JAWNA""",16.10.Z:main
0000078518,204,not_found_or_deregistered,"ZAKŁAD HANDLOWY ""KAMELEON"" ANDRZEJ MOSKAŁA, HELENA MOSKAŁA SPÓŁKA JAWNA",16.10.Z:main
0000078660,204,not_found_or_deregistered,PIOTRKOWSKA FABRYKA MEBLI SPÓŁKA AKCYJNA,16.10.Z:main
0000078966,204,not_found_or_deregistered,"""POOLWOOD"" SPÓŁKA Z OGRANICZONĄ ODPOWIEDZIALNOŚCIĄ",16.10.Z:main
0000079335,204,not_found_or_deregistered,"""PRZEDSIĘBIORSTWO BIAŁA MARIANNA - RAKOWIECKI, PTASZEK - SPÓŁKA JAWNA""",16.10.Z:main
0000079393,204,not_found_or_deregistered,ATHENA MARMOR POLSKA SPÓŁKA Z OGRANICZONĄ ODPOWIEDZIALNOŚCIĄ,16.10.Z:main
0000079608,204,not_found_or_deregistered,DREWSYSTEM PRZEDSIĘBIORSTWO PRODUKCYJNO-USŁUGOWE SKORUPSKI-WÓJCIK SPÓŁKA JAWNA,16.10.Z:main
0000080077,204,not_found_or_deregistered,"ATIP LUDWINIAK TADEUSZ, WÓJCIK IRENEUSZ SPÓŁKA JAWNA",16.10.Z:main
0000080502,204,not_found_or_deregistered,"""S-L"" SPÓŁKA Z OGRANICZONĄ ODPOWIEDZIALNOŚCIĄ PRZEDSIĘBIORSTWO PRODUKCYJNO-HANDLOWE W LIKWIDACJI",16.10.Z:main
0000080512,204,not_found_or_deregistered,"PRZEDSIĘBIORSTWO PRODUKCYJNO-HANDLOWO-USŁUGOWE ""ZAPLECZE"" SPÓŁKA Z OGRANICZONĄ ODPOWIEDZIALNOŚCIĄ",16.10.Z:main
0000080577,204,not_found_or_deregistered,"""GREIS - A"" SPÓŁKA Z OGRANICZONĄ ODPOWIEDZIALNOŚCIĄ",16.10.Z:main
0000080760,204,not_found_or_deregistered,"JASTRZĘBSKA STREFA AKTYWNOŚCI GOSPODARCZEJ
SPÓŁKA Z OGRANICZONĄ ODPOWIEDZIALNOŚCIĄ",16.10.Z:main
0000080793,204,not_found_or_deregistered,"""DEKO POLSKA"" SPÓŁKA Z OGRANICZONĄ ODPOWIEDZIALNOŚCIĄ",16.10.Z:main
0000081063,204,not_found_or_deregistered,"""KACZKAN"" ZAKŁAD PRODUKCJI DRZEWNEJ IMPORT-EXPORT JÓZEF I HENRYK KACZKAN SPÓŁKA JAWNA",16.10.Z:main
0000081127,204,not_found_or_deregistered,"PRZEDSIĘBIORSTWO PRODUKCYJNO-HANDLOWE EKO-DREW M. KONIUSZEK, S. ROZPĘDOWSKI SPÓŁKA JAWNA",16.10.Z:main
0000081303,204,not_found_or_deregistered,SAINT-GOBAIN GLASS POLSKA SPÓŁKA Z OGRANICZONĄ ODPOWIEDZIALNOŚCIĄ,16.10.Z:main
0000081426,204,not_found_or_deregistered,"""ELTRAF"" SPÓŁKA Z OGRANICZONĄ ODPOWIEDZIALNOŚCIĄ",16.10.Z:main
0000082251,204,not_found_or_deregistered,"PRZEDSIĘBIORSTWO REMONTOWO-BUDOWLANE ""GRES"" W. KAMIŃSKI I J. BRZOZOWSKI SPÓŁKA JAWNA",16.10.Z:main
0000082526,204,not_found_or_deregistered,"SPÓŁDZIELNIA  RZEMIEŚLNICZA WIELOBRANŻOWA ""FENIKS""",16.10.Z:main
0000083035,204,not_found_or_deregistered,"""BNA POLSKA"" SPÓŁKA Z OGRANICZONĄ ODPOWIEDZIALNOŚCIĄ",16.10.Z:main
0000083067,204,not_found_or_deregistered,"""KOMANDOR ŁÓDŹ"" SPÓŁKA AKCYJNA",16.10.Z:main
0000083107,204,not_found_or_deregistered,"PRZEDSIĘBIORSTWO ROBÓT INŻYNIERYJNYCH ""TESAN"" TADEUSZ PHILIPP I WSPÓLNICY SPÓŁKA JAWNA",16.10.Z:main
0000083616,204,not_found_or_deregistered,"""SPITI"" - FALIGOWSKI SPÓŁKA JAWNA",16.10.Z:main
0000083765,204,not_found_or_deregistered,"""OROPOL-OLSZTYN"" SPÓŁKA JAWNA ŻYCKI WŁADYSŁAW",16.10.Z:main
0000084030,204,not_found_or_deregistered,"""T.E. UNIVCOME"" SPÓŁKA Z OGRANICZONĄ ODPOWIEDZIALNOŚCIĄ",16.10.Z:main
0000084121,204,not_found_or_deregistered,"PRZEDSIĘBIORSTWO PRODUKCYJNO-HANDLOWO-USŁUGOWE ""POLDREW"" SPÓŁKA Z OGRANICZONĄ ODPOWIEDZIALNOŚCIĄ",16.10.Z:main
0000084648,204,not_found_or_deregistered,"""JAWA"" SPÓŁKA Z OGRANICZONĄ OPOWIEDZIALNOŚCIĄ",16.10.Z:main
0000084916,204,not_found_or_deregistered,KOMANDOR WIELKOPOLSKA SPÓŁKA AKCYJNA,16.10.Z:main
0000085687,204,not_found_or_deregistered,"PRZEDSIĘBIORSTWO BUDOWLANE ""PEBEROL"" SPÓŁKA Z OGRANICZONĄ ODPOWIEDZIALNOŚCIĄ",16.10.Z:main
0000085949,204,not_found_or_deregistered,"""DREWGÓR"" SPÓŁKA Z OGRANICZONĄ ODPOWIEDZIALNOŚCIĄ",16.10.Z:main
0000086386,204,not_found_or_deregistered,MIKOR K. I L. MIKOŁAJCZYK MATERIAŁY BUDOWLANE SPÓŁKA JAWNA,16.10.Z:main
0000086533,204,not_found_or_deregistered,TECHNIKA SPAWALNICZA R.KUCHARSKI SPÓŁKA JAWNA,16.10.Z:main
0000086823,204,not_found_or_deregistered,"""ROKA I"" SPÓŁKA Z OGRANICZONĄ ODPOWIEDZIALNOŚCIĄ",16.10.Z:main
0000087091,204,not_found_or_deregistered,"""BIECZDREW"" SPÓŁKA Z OGRANICZONĄ ODPOWIEDZIALNOŚCIĄ",16.10.Z:main
0000087205,204,not_found_or_deregistered,PRZEDSIĘBIORSTWO WIELOBRANŻOWE PRAKON SPÓŁKA Z OGRANICZONĄ ODPOWIEDZIALNOŚCIĄ,16.10.Z:main
0000087418,204,not_found_or_deregistered,ZAKŁAD NAPRAWY I BUDOWY WAGONÓW SPÓŁKA Z OGRANICZONĄ ODPOWIEDZIALNOŚCIĄ,16.10.Z:main
0000087538,204,not_found_or_deregistered,LDC DRAMERS DYSTRYBUCJA SPÓŁKA Z OGRANICZONĄ ODPOWIEDZIALNOŚCIĄ,16.10.Z:main
0000087679,204,not_found_or_deregistered,"PRZEDSIĘBIORSTWO PRODUKCYJNO-HANDLOWE ""GRAD"" 
BEATA GRAD, PAWEŁ GRAD SPÓŁKA JAWNA",16.10.Z:main
0000087928,204,not_found_or_deregistered,"""TWIGGER CONFERENCES"" SPÓŁKA Z OGRANICZONĄ ODPOWIEDZIALNOŚCIĄ",16.10.Z:main
0000088117,204,not_found_or_deregistered,RZEŹNICTWO - WĘDLINIARSTWO JÓZEF I SYLWESTER MARYNIAK SPÓŁKA JAWNA,16.10.Z:main
0000088804,204,not_found_or_deregistered,"PRZEDSIĘBIORSTWO PRODUKCYJNO-HANDLOWO-USŁUGOWE ""MAT-BUD"" - KAŻAK SPÓŁKA JAWNA",16.10.Z:main
0000089464,204,not_found_or_deregistered,PRZEDSIĘBIORSTWO PRZEWOZOWO-SPEDYCYJNE PKS-1 SPÓŁKA Z OGRANICZONĄ ODPOWIEDZIALNOŚCIĄ,16.10.Z:main
0000090057,204,not_found_or_deregistered,"""SUNBUD"" SKŁADY MATERIAŁÓW BUDOWLANYCH KRZYSZTOF JĘDRASZEK
I WOJCIECH JĘDRASZEK SPÓŁKA JAWNA",16.10.Z:main
0000090472,204,not_found_or_deregistered,TOMAK SPÓŁKA Z OGRANICZONĄ ODPOWIEDZIALNOŚCIĄ,16.10.Z:main
0000090590,204,not_found_or_deregistered,"""TARGOR-BIS"" SPÓŁKA Z OGRANICZONĄ ODPOWIEDZIALNOŚCIĄ",16.10.Z:main
0000090814,204,not_found_or_deregistered,"""AGROEST"" JAROSZEWSKI, JUREWICZ SPÓŁKA JAWNA",16.10.Z:main
0000090920,204,not_found_or_deregistered,"""MULTICO - PRIMA"" SPÓŁKA Z OGRANICZONĄ ODPOWIEDZIALNOŚCIĄ",16.10.Z:main
0000091358,204,not_found_or_deregistered,RE-MI MIŚKIEWICZ I WSPÓLNICY SPÓŁKA JAWNA,16.10.Z:main
0000091460,204,not_found_or_deregistered,"""NOVO-DESIGN"" SPÓŁKA Z OGRANICZONĄ ODPOWIEDZIALNOŚCIĄ",16.10.Z:main
0000091512,204,not_found_or_deregistered,"""KORPORACJA LEXUS"" SPÓŁKA Z OGRANICZONĄ ODPOWIEDZIALNOŚCIĄ",16.10.Z:main
0000091817,204,not_found_or_deregistered,LOKUM BOGUSŁAWA MIEDZIŃSKA I ANDRZEJ MIEDZIŃSKI SPÓŁKA JAWNA,16.10.Z:main
0000092098,204,not_found_or_deregistered,PORTA KMI POLAND SPÓŁKA Z OGRANICZONĄ ODPOWIEDZIALNOŚCIĄ,16.10.Z:main
0000092354,204,not_found_or_deregistered,"PRZEDSIĘBIORSTWO PRODUKCYJNO HANDLOWE ""LIMBA"" SPÓŁKA JAWNA PIOTR CISZEK, RYSZARD STESKAL",16.10.Z:main
0000092629,204,not_found_or_deregistered,"ADAMET A.SANECKI, A.TODORSKI SPÓŁKA JAWNA",16.10.Z:main
0000092666,204,not_found_or_deregistered,"""SCAN FORUM"" SPÓŁKA Z OGRANICZONĄ ODPOWIEDZIALNOŚCIĄ",16.10.Z:main
0000093341,204,not_found_or_deregistered,ZAKŁĄDY MECHANICZNE URZĄDZEŃ WIERTNICZYCH SPÓŁKA Z OGRANICZONĄ ODPOWIEDZIALNOŚCIĄ,16.10.Z:main
0000093791,204,not_found_or_deregistered,"""COLINT"" SPÓŁKA Z OGRANICZONĄ ODPOWIEDZIALNOŚCIĄ",16.10.Z:main
0000094828,204,not_found_or_deregistered,NASYCALNIA PLUDRY SPÓŁKA Z OGRANICZONĄ ODPOWIEDZIALNOŚCIĄ,16.10.Z:main
0000095291,204,not_found_or_deregistered,"""TEMAX"" M.KOPCIŃSKA I J.LIPCZEWSKI SPÓŁKA JAWNA",16.10.Z:main
0000095724,204,not_found_or_deregistered,"PRZEDSIĘBIORSTWO WIELOBRANŻOWE ""MIDA"" SPÓŁKA JAWNA KRZYSZTOF MIZERA, STANISŁAW DAWIDOWICZ",16.10.Z:main
0000096023,204,not_found_or_deregistered,"""BUDREW""-SPÓŁKA Z OGRANICZONĄ ODPOWIEDZIALNOŚCIĄ",16.10.Z:main
0000096228,204,not_found_or_deregistered,"PRZEDSIĘBIORSTWO WIELOBRANŻOWE ""NOBIL"" MAREK PIECHOCKI SPÓŁKA JAWNA",16.10.Z:main
0000096246,204,not_found_or_deregistered,"APTEKA ""POD PODWÓJNYM ZŁOTYM ORŁEM"" SPÓŁKA Z OGRANICZONĄ ODPOWIEDZIALNOŚCIĄ",16.10.Z:main
0000096320,204,not_found_or_deregistered,"""BIURO MARKETINGOWO-HANDLOWE"" SPÓŁKA Z OGRANICZONĄ ODPOWIEDZIALNOŚCIĄ",16.10.Z:main
0000096465,204,not_found_or_deregistered,OGÓLNOPOLSKA IZBA GOSPODARCZA TOWARZYSTW BUDOWNICTWA SPOŁECZNEGO,16.10.Z:main
0000096530,204,not_found_or_deregistered,INTER TRANS EUROPE SPÓŁKA Z OGRANICZONĄ ODPOWIEDZIALNOŚCIĄ,16.10.Z:main
0000096541,204,not_found_or_deregistered,FERROTECH SPÓŁKA Z OGRANICZONĄ ODPOWIEDZIALNOŚCIĄ,16.10.Z:main
0000097299,204,not_found_or_deregistered,PRZEDSIĘBIORSTWO WIELOBRANŻOWE DOMINO SPÓŁKA Z OGRANICZONĄ ODPOWIEDZIALNOSCIĄ,16.10.Z:main
0000097363,204,not_found_or_deregistered,TOP TECH SPÓŁKA Z OGRANICZONĄ ODPOWIEDZIALNOŚCIĄ,16.10.Z:main
0000097820,204,not_found_or_deregistered,JUNKKARI POLSKA SPÓŁKA Z OGRANICZONĄ ODPOWIEDZIALNOŚCIĄ,16.10.Z:main
0000098270,204,not_found_or_deregistered,TERMO-BUD SPÓŁKA Z OGRANICZONĄ ODPOWIEDZIALNOŚCIĄ,16.10.Z:main
0000098556,204,not_found_or_deregistered,"""EXITOS"" SPÓŁKA Z OGRANICZONĄ ODPOWIEDZIALNOŚCIĄ",16.10.Z:main
0000099034,204,not_found_or_deregistered,"""DZIEDZIC"" SPÓŁKA Z OGRANICZONĄ ODPOWIEDZIALNOŚCIĄ",16.10.Z:main
0000099198,204,not_found_or_deregistered,"""BUD - ROL - SUR"" SPÓŁKA Z OGRANICZONĄ ODPOWIEDZIALNOŚCIĄ",16.10.Z:main
0000099299,204,not_found_or_deregistered,MEBELPLAST SPÓŁKA AKCYJNA,16.10.Z:main
0000100130,204,not_found_or_deregistered,"HANDLOWO PRODUKCYJNA SPÓŁDZIELNIA PRACY ""WAWRZYN"" W BARTOSZYCACH",16.10.Z:main
0000100376,204,not_found_or_deregistered,"""REAL MANAGEMENT"" SPÓŁKA Z OGRANICZONĄ ODPOWIEDZIALNOŚCIĄ",16.10.Z:main
0000100789,204,not_found_or_deregistered,PPUH MAT - BUD ZBIGNIEW TYLL & ROBERT MATUSZEWSKI SPÓŁKA JAWNA,16.10.Z:main
0000101651,204,not_found_or_deregistered,"""POLRYZA"" SPÓŁKA Z OGRANICZONĄ ODPOWIEDZIALNOŚCIĄ",16.10.Z:main
0000101669,204,not_found_or_deregistered,"""ALFA"" SPÓŁKA Z OGRANICZONĄ ODPOWIEDZIALNOŚCIĄ",16.10.Z:main
0000101728,204,not_found_or_deregistered,"""MATERIAŁY BUDOWLANE"" SPÓŁKA Z OGRANICZONĄ ODPOWIEDZIALNOŚCIĄ",16.10.Z:main
0000101759,204,not_found_or_deregistered,"FAST SPÓŁKA JAWNA P.KILARSKI , K.MROCZEK , A.SAMBOREK",16.10.Z:main
0000101771,204,not_found_or_deregistered,"""BUDWEST"" SPÓŁKA Z OGRANICZONĄ ODPOWIEDZIALNOŚCIĄ",16.10.Z:main
0000102145,204,not_found_or_deregistered,"SPÓŁDZIELNIA ZAOPATRZENIA I ZBYTU ""SAMOPOMOC CHŁOPSKA"" W OPOLU LUBELSKIM",16.10.Z:main
0000103593,204,not_found_or_deregistered,"""SERWIS-ERG"" SPÓŁKA Z OGRANICZONĄ ODPOWIEDZIALNOŚCIĄ",16.10.Z:main
0000103674,204,not_found_or_deregistered,"PRZEDSIĘBIORSTWO PRODUKCYJNO USŁUGOWO HANDLOWE ""WIR"" TADEUSZ TYBURSKI, SŁAWOMIR OLEJNICZAK SPÓŁKA JAWNA",16.10.Z:main
0000103920,204,not_found_or_deregistered,"PRZEDSIĘBIORSTWO BUDOWLANE ""INTER - SYSTEM"" - SPÓŁKA Z OGRANICZONĄ ODPOWIEDZIALNOŚCIĄ",16.10.Z:main
0000105018,204,not_found_or_deregistered,"PRZEDSIĘBIORSTWO METALI NIEŻELAZNYCH ""BOBREK"" SPÓŁKA JAWNA KRZYSZTOF I MACIEJ KLESZCZ, BRONISŁAW KOŹBIAŁ",16.10.Z:main
0000106159,204,not_found_or_deregistered,"""PRZEDSIĘBIORSTWO USŁUGOWO HANDLOWE LUX JANINA I BOGUSŁAW LEJMAN SPÓŁKA JAWNA""",16.10.Z:main
0000106437,204,not_found_or_deregistered,"""MAZOWIECKA FABRYKA OKIEN I DRZWI"" SPÓŁKA Z OGRANICZONĄ ODPOWIEDZIALNOŚCIĄ",16.10.Z:main
0000106547,204,not_found_or_deregistered,K & P FABRYKA DRZWI SPÓŁKA Z OGRANICZONĄ ODPOWIEDZIALNOŚCIĄ,16.10.Z:main
0000106865,204,not_found_or_deregistered,"""PAMAR"" SPÓŁKA Z OGRANICZONĄ ODPOWIEDZIALNOŚCIĄ",16.10.Z:main
0000107221,204,not_found_or_deregistered,"""URETAPOL"" SPÓŁKA Z OGRANICZONĄ ODPOWIEDZIALNOŚCIĄ",16.10.Z:main
0000107888,204,not_found_or_deregistered,"FIRMA HANDLOWO - USŁUGOWA SOZAŃSKI KAZIMIERZ, GRACZYK STANISŁAW SPÓŁKA JAWNA",16.10.Z:main
0000108301,204,not_found_or_deregistered,ŻNIŃSKA KOLEJ POWIATOWA SPÓŁKA Z OGRANICZONĄ ODPOWIEDZIALNOŚCIĄ,16.10.Z:main
0000108576,204,not_found_or_deregistered,"""DREWNO PLUS M.NOWOCIEŃ I R.SOKOŁOWSKI SPÓŁKA JAWNA""",16.10.Z:main
0000109085,204,not_found_or_deregistered,"PRZEDSIĘBIORSTWO PRODUKCYJNO-HANDLOWE ""HYDRO-TERM"" SPÓŁKA Z OGRANICZONĄ ODPOWIEDZIALNOŚCIĄ",16.10.Z:main
0000109136,204,not_found_or_deregistered,"""GABI MEBLE"" SPÓŁKA Z OGRANICZONĄ ODPOWIEDZIALNOŚCIĄ",16.10.Z:main
0000109362,204,not_found_or_deregistered,"""UNIVERPAL"" SPÓŁKA Z OGRANICZONĄ ODPOWIEDZIALNOŚCIĄ",16.10.Z:main
0000110064,204,not_found_or_deregistered,"ZAKŁAD STOLARKI BUDOWLANEJ ""STOLDOM"" SPÓŁKA Z OGRANICZONĄ ODPOWIEDZIALNOŚCIĄ",16.10.Z:main
0000110155,204,not_found_or_deregistered,"PRZEDSIĘBIORSTWO PRODUKCYJNO HANDLOWO USŁUGOWE ""TARMET"" SPÓŁKA Z OGRANICZONĄ ODPOWIEDZIALNOŚCIĄ",16.10.Z:main
0000110687,204,not_found_or_deregistered,"SKŁADNICA ARTYKUŁÓW MASOWYCH ""WĘGLOPASZ"" SPÓŁKA JAWNA TADEUSZ MENDRYGAŁ, MARCIN MENDRYGAŁ",16.10.Z:main
0000111200,204,not_found_or_deregistered,"PRZEDSIĘBIORSTWO PRODUKCYJNO-USŁUGOWO-HANDLOWO-TRANSPORTOWE STROPNICA
SPÓŁKA JAWNA BARBARA ADAMEK, GRZEGORZ ADAMEK",16.10.Z:main
0000111845,204,not_found_or_deregistered,"""PETRO-WIGOR SPÓŁKA Z OGRANICZONĄ ODPOWIEDZIALNOŚCIĄ""",16.10.Z:main
0000111943,204,not_found_or_deregistered,"PRZEDSIĘBIORSTWO PRODUKCYJNO-HANDLOWE ""TRAK"" JACH, PINKOWICZ SPÓŁKA JAWNA",16.10.Z:main
0000112245,204,not_found_or_deregistered,"""TRAK-DREW"" SPÓŁKA JAWNA ZAKŁAD PRZEMYSŁU DRZEWNEGO ADAM ŁACH I WSPÓLNICY, 26-020 CHMIELNIK",16.10.Z:main
0000112591,204,not_found_or_deregistered,"""FKW LOGISTIC"" SPÓŁKA Z OGRANICZONĄ ODPOWIEDZIALNOŚCIĄ",16.10.Z:main
0000112909,204,not_found_or_deregistered,"TOWARZYSTWO HANDLOWO INWESTYCYJNE ""NAWIGATOR"" SPÓŁKA Z OGRANICZONĄ ODPOWIEDZIALNOŚCIĄ",16.10.Z:main
0000112935,204,not_found_or_deregistered,"PRZEDSIĘBIORSTWO PRODUKCJI SORBENTÓW I REKULTYWACJI ""ELTUR - WAPORE"" SPÓŁKA Z OGRANICZONĄ ODPOWIEDZIALNOŚCIĄ",16.10.Z:main
0000113746,204,not_found_or_deregistered,"""ROL-AND"" SPÓŁKA Z OGRANICZONĄ ODPOWIEDZIALNOŚCIĄ",16.10.Z:main
0000114259,204,not_found_or_deregistered,"""T I J"" SPÓŁKA Z OGRANICZONĄ ODPOWIEDZIALNOŚCIĄ",16.10.Z:main
0000114749,204,not_found_or_deregistered,PARAFINY-RAFINERIA JASŁO SPÓŁKA Z OGRANICZONĄ ODPOWIEDZIALNOŚCIĄ,16.10.Z:main
0000114972,204,not_found_or_deregistered,"""BPL POLSKA"" SPÓŁKA Z OGRANICZONĄ ODPOWIEDZIALNOŚCIĄ",16.10.Z:main
0000115257,204,not_found_or_deregistered,"PRZEDSIĘBIORSTWO PRODUKCYJNO-HANDLOWE ""PEKLOSÓL"" M.SKARŻYŃSKA - A.BURKACKI SPÓŁKA JAWNA",16.10.Z:main
0000115420,204,not_found_or_deregistered,"""PAGED"" ZAKŁAD DRZEWNY W SŁUPSKU SPÓŁKA Z OGRANICZONĄ ODPOWIEDZIALNOŚCIĄ",16.10.Z:main
0000115904,204,not_found_or_deregistered,"ZAKŁAD PRODUKCYJNO-HANDLOWY ""ZŁOMOTEX"" RAJCZYK SPÓŁKA JAWNA",16.10.Z:main
0000116442,204,not_found_or_deregistered,"ZAKŁAD USŁUGOWO HANDLOWY ""TOMBIA"" SPÓŁKA JAWNA K.BIAŁY, J.TOMICA",16.10.Z:main
0000116515,204,not_found_or_deregistered,"""UNIDREW"" SPÓŁKA Z OGRANICZONĄ ODPOWIEDZIALNOŚCIĄ",16.10.Z:main
0000116866,204,not_found_or_deregistered,"""KROJCIG MEBEL JOINT VENTURE"" SPÓŁKA Z OGRANICZONĄ ODPOWIEDZIALNOŚCIĄ",16.10.Z:main
0000117116,204,not_found_or_deregistered,"PRZEDSIĘBIORSTWO PRODUKCJI, HANDLU I USŁUG ""SILVPOL"" SPÓŁKA Z OGRANICZONĄ ODPOWIEDZIALNOŚCIĄ",16.10.Z:main
0000117307,204,not_found_or_deregistered,"""AWG-POLSKA"" SPÓŁKA Z OGRANICZONĄ ODPOWIEDZIALNOŚCIĄ W LIKWIDACJI",16.10.Z:main
0000117937,204,not_found_or_deregistered,"KĘPIŃSKIE PRZEDSIĘBIORSTWO BUDOWNICTWA, HANDLU I USŁUG ""PBK"" SPÓŁKA AKCYJNA",16.10.Z:main
0000118376,204,not_found_or_deregistered,"""LUBO - IMPREGNACJA"" SPÓŁKA Z OGRANICZONĄ ODPOWIEDZIALNOŚCIĄ",16.10.Z:main
0000119079,204,not_found_or_deregistered,"PRZEDSIĘBIORSTWO PRZEROBU METALI ""DOMET"" SPÓŁKA Z OGRANICZONĄ ODPOWIEDZIALNOŚCIĄ",16.10.Z:main
0000119112,204,not_found_or_deregistered,SUPPORT SPÓŁKA Z OGRANICZONĄ ODPOWIEDZIALNOŚCIĄ,16.10.Z:main
0000119203,204,not_found_or_deregistered,"""ZAKŁAD REMONTOWO-NAPRAWCZY HYMAR - SPÓŁKA Z OGRANICZONĄ ODPOWIEDZIALNOŚCIĄ""",16.10.Z:main
0000119411,204,not_found_or_deregistered,ELWIND SPÓŁKA Z OGRANICZONĄ ODPOWIEDZIALNOŚCIĄ,16.10.Z:main
0000119522,204,not_found_or_deregistered,STATOIL LUBRICANTS ŚLĄSK SPÓŁKA Z OGRANICZONĄ ODPOWIEDZIALNOŚCIĄ,16.10.Z:main
0000120299,204,not_found_or_deregistered,BIODIESEL TECHNOLOGY SPÓŁKA Z OGRANICZONĄ ODPOWIEDZIALNOŚCIĄ,16.10.Z:main
0000121109,204,not_found_or_deregistered,"ZAKŁADY MODELARSKO-ODLEWNICZE ""LEGMOD"" K.RZUCHOWSKI SPÓŁKA JAWNA",16.10.Z:main
0000121640,204,not_found_or_deregistered,"""HOLZINDUSTRIE DOBIEGNIEW MANAGEMENT"" SPÓŁKA Z OGRANICZONĄ ODPOWIEDZIALNOŚCIĄ",16.10.Z:main
0000122160,204,not_found_or_deregistered,"""PRYMAS"" SPÓŁKA JAWNA ALICJA, KRZYSZTOF PRYMAS",16.10.Z:main
0000122845,204,not_found_or_deregistered,ROLNICZA SPÓŁDZIELNIA PRODUKCYJNA,16.10.Z:main
0000123000,204,not_found_or_deregistered,"PRZEDSIĘBIORSTWO PRODUKCYJNO HANDLOWO USŁUGOWE ""RENO DACH"" - KOCZARA, PRYNC I INNI, SPÓŁKA JAWNA",16.10.Z:main
0000124292,204,not_found_or_deregistered,"ZAKŁADY SPRZĘTU SPORTOWEGO ""POLSPORT"" SPÓŁKA Z OGRANICZONĄ ODPOWIEDZIALNOŚCIĄ",16.10.Z:main
0000124663,204,not_found_or_deregistered,"ZAKŁAD USŁUGOWO-PRODUKCYJNY ""KOMUNALNIK"" SPÓŁKA Z OGRANICZONĄ ODPOWIEDZIALNOŚCIĄ",16.10.Z:main
0000124763,204,not_found_or_deregistered,"""KLEOPATRA"" SPÓŁKA Z OGRANICZONĄ ODPOWIEDZIALNOŚCIĄ",16.10.Z:main
0000125034,204,not_found_or_deregistered,ZAKŁAD PRODUKCJI WODY SPÓŁKA Z OGRANICZONĄ ODPOWIEDZIALNOŚCIĄ,16.10.Z:main
0000125401,204,not_found_or_deregistered,"""KOST-BET"" ZYGMUNT MATYJA, KRZYSZTOF MATYJA, PAWEŁ MATYJA SPÓŁKA JAWNA",16.10.Z:main
0000125515,204,not_found_or_deregistered,K + K SPÓŁKA Z OGRANICZONĄ ODPOWIEDZIALNOŚCIĄ,16.10.Z:main
0000126469,204,not_found_or_deregistered,"""STYL"" HURTOWNIA TKANIN SPÓŁKA Z OGRANICZONĄ ODPOWIEDZIALNOŚCIĄ",16.10.Z:main
0000126874,204,not_found_or_deregistered,"""EKO-BESTAR"" SPÓŁKA Z OGRANICZONĄ ODPOWIEDZIALNOŚCIĄ",16.10.Z:main
0000126904,204,not_found_or_deregistered,"FIRMA HANDLOWO-USŁUGOWA ""MAGMA"" DARIUSZ DUSZYŃSKI, JÓZEF ŚWIGUT SPÓŁKA JAWNA",16.10.Z:main
0000127233,204,not_found_or_deregistered,BAJ-PROS SPÓŁKA Z OGRANICZONĄ ODPOWIEDZIALNOŚCIĄ,16.10.Z:main
0000127650,204,not_found_or_deregistered,"ZAKŁAD PRZEMYSŁU DRZEWNEGO ""ŚWIERAD"" SPÓŁKA Z OGRANICZONĄ ODPOWIEDZIALNOŚCIĄ W ŚWIERADOWIE ZDROJU",16.10.Z:main
0000127942,204,not_found_or_deregistered,ZAKŁAD MECHANIZACJI W LASKACH SPÓŁKA Z OGRANICZONĄ ODPOWIEDZIALNOŚCIĄ,16.10.Z:main
0000128150,204,not_found_or_deregistered,"""RHEBA"" SPÓŁKA Z OGRANICZONĄ ODPOWIEDZIALNOŚCIĄ",16.10.Z:main
0000128682,204,not_found_or_deregistered,MJPC SPÓŁKA Z OGRANICZONĄ ODPOWIEDZIALNOŚCIĄ,16.10.Z:main
0000128937,204,not_found_or_deregistered,KOLPORTER SYSTEMY MEBLOWE SPÓŁKA Z OGRANICZONĄ ODPOWIEDZIALNOŚCIĄ,16.10.Z:main
0000129033,204,not_found_or_deregistered,"PRZEDSIĘBIORSTWO PRODUKCYJNO-HANDLOWO-USŁUGOWE ""PRO-TECH"" TOMASZ RAKOWIECKI, ZBIGNIEW ZIÓŁKOWSKI SPÓŁKA JAWNA",16.10.Z:main
0000129241,204,not_found_or_deregistered,"""BOGENA"" SPÓŁKA Z OGRANICZONĄ ODPOWIEDZIALNOŚCIĄ",16.10.Z:main
0000129824,204,not_found_or_deregistered,"PRZEDSIĘBIORSTWO WIELOBRANŻOWE ""GERC"" SPÓŁKA JAWNA R. CUKIERSKI E. GRABOWIEC",16.10.Z:main
0000129969,204,not_found_or_deregistered,"ZAGRANICZNE PRZEDSIĘBIORSTWO WIELOBRANŻOWE ""GOBER"" SPÓŁKA Z OGRANICZONĄ ODPOWIEDZIALNOŚCIĄ",16.10.Z:main
0000130708,204,not_found_or_deregistered,"GMINNA SPÓŁDZIELNIA ""SAMOPOMOC CHŁOPSKA"" W TERESPOLU",16.10.Z:main
0000131137,204,not_found_or_deregistered,"PRZEDSIĘBIORSTWO PRODUKCYJNO - HANDLOWE ""BET-ROL"" SPÓŁKA Z OGRANICZONĄ ODPOWIEDZIALNOŚCIĄ",16.10.Z:main
0000131607,204,not_found_or_deregistered,"""FERME DE SOLBECQ"" SPÓŁKA Z OGRANICZONĄ ODPOWIEDZIALNOŚCIĄ",16.10.Z:main
0000131645,204,not_found_or_deregistered,"""DOLZAMET-ERGOLABUS"" SPÓŁKA Z OGRANICZONĄ ODPOWIEDZIALNOŚCIĄ",16.10.Z:main
0000131750,204,not_found_or_deregistered,"""NOR - BIA SPÓŁKA Z OGRANICZONĄ ODPOWIEDZIALNOŚCIĄ""",16.10.Z:main
0000131774,204,not_found_or_deregistered,VAN RIJN-DE BRUYN SZKÓŁKARSTWO SPÓŁKA Z OGRANICZONĄ ODPOWIEDZIALNOŚCIĄ,16.10.Z:main
0000132154,204,not_found_or_deregistered,"""INTEOR"" SPÓŁKA Z OGRANICZONĄ ODPOWIEDZIALNOŚCIĄ",16.10.Z:main
0000132308,204,not_found_or_deregistered,BIPROMASZ BIPRON TRADING SPÓŁKA AKCYJNA,16.10.Z:main
0000133168,204,not_found_or_deregistered,"""PANAVIA"" SPÓŁKA Z OGRANICZONĄ ODPOWIEDZIALNOŚCIĄ",16.10.Z:main
0000133461,204,not_found_or_deregistered,ROLNICZA SPÓŁDZIELNIA PRODUKCYJNA,16.10.Z:main
0000133981,204,not_found_or_deregistered,"""REGA"" HENRYK GAJDEL - WŁODZIMIERZ RELIGA SPÓŁKA JAWNA",16.10.Z:main
0000134726,204,not_found_or_deregistered,"KOSZALIŃSKIE PRZEDSIĘBIORSTWO BUDOWNICTWA PRZEMYSŁOWEGO ""PRZEMYSŁÓWKA"" SPÓŁKA Z OGRANICZONĄ ODPOWIEDZIALNOŚCIĄ",16.10.Z:main
0000135184,204,not_found_or_deregistered,"""SŁAWODRZEW 3"" SPÓŁKA Z OGRANICZONĄ ODPOWIEDZIALNOŚCIĄ",16.10.Z:main
0000135188,204,not_found_or_deregistered,"""WYTWÓRNIA PODKŁADÓW STRUNOBETONOWYCH"" SPÓŁKA AKCYJNA",16.10.Z:main
0000135230,204,not_found_or_deregistered,"""SKARBOWE PRZEDSIĘBIORSTWO ROLNE STARY JAWORÓW"" SPÓŁKA Z OGRANICZONĄ ODPOWIEDZIALNOŚCIĄ",16.10.Z:main
0000135497,204,not_found_or_deregistered,"PRZEDSIĘBIORSTWO PRODUKCYJNO-HANDLOWO-USŁUGOWE ""SKORPII"" SPÓŁKA Z OGRANICZONĄ ODPOWIEDZIALNOŚCIĄ",16.10.Z:main
0000135767,204,not_found_or_deregistered,"""EGG AGENCJA REKLAMOWA"" SPÓŁKA Z OGRANICZONĄ ODPOWIEDZIALNOŚCIĄ",16.10.Z:main
0000135787,204,not_found_or_deregistered,"""KIESEL-POLSKA"" SPÓŁKA Z OGRANICZONĄ ODPOWIEDZIALNOŚCIĄ",16.10.Z:main
0000135987,204,not_found_or_deregistered,"""GUMAR"" ZAKŁAD WYTWARZANIA ARTYKUŁÓW GUMOWYCH SPÓŁKA Z OGRANICZONĄ ODPOWIEDZIALNOŚCIĄ",16.10.Z:main
0000136134,204,not_found_or_deregistered,"FABRYKA WSPORNIKÓW EUR ""NEPA"" SPÓŁKA Z OGRANICZONĄ ODPOWIEDZIALNOŚCIĄ",16.10.Z:main
0000136395,204,not_found_or_deregistered,"PRZEDSIĘBIORSTWO PRODUKCYJNO-HANDLOWO-USŁUGOWE ""PROJNAD"" SPÓŁKA Z OGRANICZONĄ ODPOWIEDZIALNOŚCIĄ",16.10.Z:main
0000136940,204,not_found_or_deregistered,PUH - CENTRUM STOLARSKIE SPÓŁKA Z OGRANICZONĄ ODPOWIEDZIALNOŚCIĄ,16.10.Z:main
0000137057,204,not_found_or_deregistered,"POLSKO ROSYJSKA SPÓŁKA WĘGLOWA SPÓŁKA Z OGRANICZONĄ 
ODPOWIEDZIALNOŚCIĄ",16.10.Z:main
0000137184,204,not_found_or_deregistered,"PRZEDSIĘBIORSTWO ""MKD STAL TECHNIK"" SPÓŁKA Z OGRANICZONĄ ODPOWIEDZIALNOŚCIĄ",16.10.Z:main
0000137294,204,not_found_or_deregistered,"ROLNICZA SPÓŁDZIELNIA PRODUKCYJNA ""PLON"" W SKĄPEM ""W LIKWIDACJI""",16.10.Z:main
0000137300,204,not_found_or_deregistered,"PRZEDSIĘBIORSTWO INNOWACYJNO-WDROŻENIOWE INWESTYCJI TECHNOLOGICZNYCH ""PIWIT-POMET"" SPÓŁKA Z OGRANICZONĄ ODPOWIEDZIALNOŚCIĄ",16.10.Z:main
0000137679,204,not_found_or_deregistered,OSTROSZOWICKA FABRYKA MEBLI SPÓŁKA AKCYJNA,16.10.Z:main
0000138374,204,not_found_or_deregistered,"""SUPRA"" AGROCHEMIA SPÓŁKA Z OGRANICZONĄ ODPOWIEDZIALNOŚCIĄ",16.10.Z:main
0000139006,204,not_found_or_deregistered,"""ALTRAK"" SPÓŁKA Z OGRANICZONĄ ODPOWIEDZIALNOŚCIĄ",16.10.Z:main
0000139190,204,not_found_or_deregistered,"PRZEDSIĘBIORSTWO PRODUKCYJNO-HANDLOWE ""MAGO"" SPÓŁKA Z OGRANICZONĄ ODPOWIEDZIALNOŚCIĄ",16.10.Z:main
0000139320,204,not_found_or_deregistered,"""TOPS"" SPÓŁKA Z OGRANICZONĄ ODPOWIEDZIALNOŚCIĄ",16.10.Z:main
0000139341,204,not_found_or_deregistered,"PRZEDSIĘBIORSTWO PRZEWOZOWE ""BIESY"" SPÓŁKA Z OGRANICZONĄ ODPOWIEDZIALNOŚCIĄ",16.10.Z:main
0000139533,204,not_found_or_deregistered,"""MMM MOSTOSTAL"" SPÓŁKA Z OGRANICZONĄ ODPOWIEDZIALNOŚCIĄ",16.10.Z:main
0000139833,204,not_found_or_deregistered,MADMIR SPÓŁKA Z OGRANICZONĄ ODPOWIEDZIALNOŚCIĄ,16.10.Z:main
0000139961,204,not_found_or_deregistered,"BIURO USŁUGOWE ""CALPOL"" SPÓŁKA Z OGRANICZONĄ ODPOWIEDZIALNOŚCIĄ",16.10.Z:main
0000140930,204,not_found_or_deregistered,"ZAKŁAD WYROBÓW DRZEWNYCH ""PRO-DREWEX"" - SPÓŁKA Z OGRANICZONĄ ODPOWIEDZIALNOŚCIĄ",16.10.Z:main
0000141097,204,not_found_or_deregistered,"PRZEDSIĘBIORSTWO USŁUGOWO PRODUKCYJNE ""PINUS"" SPÓŁKA Z OGRANICZONĄ ODPOWIEDZIALNOŚCIĄ",16.10.Z:main
0000141554,204,not_found_or_deregistered,"PRZEDSIĘBIORSTWO USŁUGOWE ""ADMINISTRATOR"" - SPÓŁKA Z OGRANICZONĄ ODPOWIEDZIALNOŚCIĄ",16.10.Z:main
0000142045,204,not_found_or_deregistered,"ZAKŁAD PRZEMYSŁU DRZEWNEGO ""AGMA-HOLZ"" SPÓŁKA Z OGRANICZONĄ ODPOWIEDZIALNOŚCIĄ",16.10.Z:main
0000142106,204,not_found_or_deregistered,"""INTER FORST POLSKA"" SPÓŁKA Z OGRANICZONĄ ODPOWIEDZIALNOŚCIĄ",16.10.Z:main
0000142175,204,not_found_or_deregistered,"""ELTER"" TERESA LACH, TADEUSZ LACH SPÓŁKA JAWNA",16.10.Z:main
0000142188,204,not_found_or_deregistered,"ZAKŁAD PRODUKCYJNO-USŁUGOWY ""MIKROMEX"" SPÓŁKA Z OGRANICZONĄ ODPOWIEDZIALNOŚCIĄ",16.10.Z:main
0000142658,204,not_found_or_deregistered,"""FOREST STYLE POLSKA"" SPÓŁKA Z OGRANICZONĄ ODPOWIEDZIALNOŚCIĄ",16.10.Z:main
0000143307,204,not_found_or_deregistered,ZAKŁAD DRZEWNY MARIANNA GRZYWACZ EDYTA GRZYWACZ SPÓŁKA JAWNA,16.10.Z:main
0000143728,204,not_found_or_deregistered,"""AGATA & EMILIA"" SPÓŁKA Z OGRANICZONĄ ODPOWIEDZIALNOŚCIĄ",16.10.Z:main
0000144286,204,not_found_or_deregistered,"""ELPOBUD"" SPÓŁKA Z OGRANICZONĄ ODPOWIEDZIALNOŚCIĄ",16.10.Z:main
0000145397,204,not_found_or_deregistered,"ZAKŁAD PRODUKCYJNO-HANDLOWO-USŁUGOWY ""DREWBUD"" KRZYSZTOF PILARZ, TADEUSZ KOZA SPÓŁKA JAWNA",16.10.Z:main
0000146321,204,not_found_or_deregistered,STOWARZYSZENIE NA RZECZ ZRÓWNOWAŻONEGO ROZWOJU,16.10.Z:main
0000146540,204,not_found_or_deregistered,"""BRICOSTORE"" SPÓŁKA Z OGRANICZONĄ ODPOWIEDZIALNOŚCIĄ",16.10.Z:main
0000146558,204,not_found_or_deregistered,"""EURO-BUS M. KŁĄB I SYNOWIE. SPÓŁKA JAWNA""",16.10.Z:main
0000146693,204,not_found_or_deregistered,"""MAXITECH"" SPÓŁKA Z OGRANICZONĄ ODPOWIEDZIALNOŚCIĄ",16.10.Z:main
0000146857,204,not_found_or_deregistered,"GMINNA SPÓŁDZIELNIA ""SAMOPOMOC CHŁOPSKA"" W BARANOWIE",16.10.Z:main
0000146889,204,not_found_or_deregistered,"""IRYS"" J.GABRYŚ, R.GABRYŚ SPÓŁKA JAWNA",16.10.Z:main
0000147151,204,not_found_or_deregistered,"PRZEDSIĘBIORSTWO PRODUKCYJNO-HANDLOWO-USŁUGOWE ""EXTRANS"" R.DYRKACZ I S-KA SPÓŁKA JAWNA",16.10.Z:main
0000147814,204,not_found_or_deregistered,CENTROTECHNIKA SPÓŁKA AKCYJNA,16.10.Z:main
0000147872,204,not_found_or_deregistered,"QUERCUS ADAMUS, KOPYTKO SPÓŁKA JAWNA",16.10.Z:main
0000148035,204,not_found_or_deregistered,"""FORMAPLAN POLSKA"" SPÓŁKA Z OGRANICZONĄ ODPOWIEDZIALNOŚCIĄ",16.10.Z:main
0000148115,204,not_found_or_deregistered,"PRZEDSIĘBIORSTWO PRODUKCYJNO HANDLOWE ""PAPIRUS II"" SPÓŁKA Z OGRANICZONĄ ODPOWIEDZIALNOŚCIĄ W STARGARDZIE SZCZECIŃSKIM",16.10.Z:main
0000148172,204,not_found_or_deregistered,"""WIGRY - PROJEKT"" SPÓŁKA AKCYJNA",16.10.Z:main
0000148201,204,not_found_or_deregistered,PRZEDSIĘBIORSTWO PRODUKCYJNO-HANDLOWO-USŁUGOWE FORMAT J. I K. JERZYŃSCY SPÓŁKA JAWNA,16.10.Z:main
0000148238,204,not_found_or_deregistered,"""ROSERAIE"" SPÓŁKA Z OGRANICZONĄ ODPOWIEDZIALNOŚCIĄ",16.10.Z:main
0000148897,204,not_found_or_deregistered,GRASS-HOPPER POLSKA BIELA SPÓŁKA JAWNA,16.10.Z:main
0000149285,204,not_found_or_deregistered,LS SORDYL - SPÓŁKA JAWNA,16.10.Z:main
0000149608,204,not_found_or_deregistered,"""PEOPLENET"" SPÓŁKA Z OGRANICZONĄ ODPOWIEDZIALNOŚCIĄ",16.10.Z:main
0000149611,204,not_found_or_deregistered,CONSBUD SPÓŁKA Z OGRANICZONĄ ODPOWIEDZIALNOŚCIĄ,16.10.Z:main
0000149930,204,not_found_or_deregistered,"PRZEDSIĘBIORSTWO PRODUKCYJNO-HANDLOWE ""SAGAN"" GABRIELA I SŁAWOMIR WĄSALA SPÓŁKA JAWNA",16.10.Z:main
0000150021,204,not_found_or_deregistered,SEWITOR SPÓŁKA Z OGRANICZONĄ ODPOWIEDZIALNOŚCIĄ,16.10.Z:main
0000150665,204,not_found_or_deregistered,ZAKŁAD ENERGETYKI CIEPLNEJ KOSPEC SPÓŁKA Z OGRANICZONĄ ODPOWIEDZIALNOŚCIĄ,16.10.Z:main
0000150940,204,not_found_or_deregistered,BKS - A. BAKOWICZ & S. KULESZA & Ł. SZCZYPIORSKI SPÓŁKA JAWNA,16.10.Z:main
0000150951,204,not_found_or_deregistered,ZAKŁADOWA STRAŻ POŻARNA SUKURS SPÓŁKA Z OGRANICZONĄ ODPOWIEDZIALNOŚCIĄ,16.10.Z:main
0000150970,204,not_found_or_deregistered,GERDA CETOM SPÓŁKA Z OGRANICZONĄ ODPOWIEDZIALNOŚCIĄ,16.10.Z:main
0000150986,204,not_found_or_deregistered,"""BOGRES"" SPÓŁKA Z OGRANICZONĄ ODPOWIEDZIALNOŚCIĄ",16.10.Z:main
0000151085,204,not_found_or_deregistered,"""FATU"" SPÓŁKA Z OGRANICZONĄ ODPOWIEDZIALNOŚCIĄ",16.10.Z:main
0000151524,204,not_found_or_deregistered,R & R SPÓŁKA Z OGRANICZONĄ ODPOWIEDZIALNOŚCIĄ,16.10.Z:main
0000151542,204,not_found_or_deregistered,"""FARGOLAND"" SPÓŁKA Z OGRANICZONĄ ODPOWIEDZIALNOŚCIĄ",16.10.Z:main
0000151662,204,not_found_or_deregistered,"""JURIMEX"" SPÓŁKA Z OGRANICZONĄ ODPOWIEDZIALNOŚCIĄ",16.10.Z:main
0000151793,204,not_found_or_deregistered,"""EUROMAX"" SPÓŁKA Z OGRANICZONĄ ODPOWIEDZIALNOŚCIĄ",16.10.Z:main
0000151942,204,not_found_or_deregistered,JAKS MROCZEK SPÓŁKA JAWNA,16.10.Z:main
0000152263,204,not_found_or_deregistered,"PRZEDSIĘBIORSTWO WIELOBRANŻOWE ""WIŚNIEWSKI"" SPÓŁKA JAWNA",16.10.Z:main
0000152659,204,not_found_or_deregistered,KONSBUD-BIELSKO SPÓŁKA Z OGRANICZONĄ ODPOWIEDZIALNOŚCIĄ,16.10.Z:main
0000152814,204,not_found_or_deregistered,"""EXPRES"" SPÓŁKA Z OGRANICZONĄ ODPOWIEDZIALNOŚCIĄ",16.10.Z:main
0000152846,204,not_found_or_deregistered,"ZAKŁAD PRODUKCYJNO-USŁUGOWO-HANDLOWY ""BEOMET"" SPÓŁKA Z OGRANICZONĄ ODPOWIEDZIALNOŚCIĄ",16.10.Z:main
0000154361,204,not_found_or_deregistered,"""KOPART"" SPÓŁKA Z OGRANICZONĄ ODPOWIEDZIALNOŚCIĄ",16.10.Z:main
0000154541,204,not_found_or_deregistered,"HURTOWNIA ARTYKUŁÓW SPOŻYWCZYCH ""WIWA-PLUS"" SPÓŁKA Z OGRANICZONĄ ODPOWIEDZIALNOŚCIĄ",16.10.Z:main
0000155452,204,not_found_or_deregistered,COOVAP SPÓŁKA Z OGRANICZONĄ ODPOWIEDZIALNOŚCIĄ,16.10.Z:main
0000155780,204,not_found_or_deregistered,"""INTER GROUP OF SCANDINAVIA"" SPÓŁKA Z OGRANICZONĄ ODPOWIEDZIALNOŚCIĄ",16.10.Z:main
0000155901,204,not_found_or_deregistered,"""JEDYNKA"" ZAKŁAD PRODUKCJI STOLARSKIEJ MICHAŁ SZYMCZAK I PAWEŁ SIANKIEWICZ - SPÓŁKA JAWNA",16.10.Z:main
0000156079,204,not_found_or_deregistered,"PRZEDSIĘBIORSTWO PRODUKCYJNO USŁUGOWO HANDLOWE ""TRAK"" KWAŚNIK TOMASZ PRZERWA ZDZISŁAW SPÓŁKA JAWNA",16.10.Z:main
0000156684,204,not_found_or_deregistered,"""HOLTENZA"" PRZEDSIĘBIORSTWO ZAGRANICZNE BUDOWLANE SPÓŁKA Z OGRANICZONĄ ODPOWIEDZIALNOŚCIĄ",16.10.Z:main
0000156781,204,not_found_or_deregistered,"""PRODUKCYJNO - HANDLOWE PRZEDSIĘBIORSTWO FARMACEUTYKÓW CURTIS - HEALTHCARE"" SPÓŁKA Z OGRANICZONĄ ODPOWIEDZIALNOŚCIĄ",16.10.Z:main
0000156892,204,not_found_or_deregistered,PRZEDSIĘBIORSTWO BUDOWLANE ARTOM SPÓŁKA Z OGRANICZONĄ ODPOWIEDZIALNOŚCIĄ,16.10.Z:main
0000157663,204,not_found_or_deregistered,WAMAG SPÓŁKA Z OGRANICZONĄ ODPOWIEDZIALNOŚCIĄ,16.10.Z:main
0000158004,204,not_found_or_deregistered,"MIĘDZYZAKŁADOWY SAMORZĄDNY NIEZALEŻNY ZWIĄZEK ZAWODOWY PRACOWNIKÓW Z HUTY ""ZAWIERCIE"" S.A. I SPÓŁEK",16.10.Z:main
0000158899,204,not_found_or_deregistered,"""OPTA TIMBER"" SPÓŁKA Z OGRANICZONĄ ODPOWIEDZIALNOŚCIĄ",16.10.Z:main
0000159463,204,not_found_or_deregistered,"""NASZ LAS"" SPÓŁKA Z OGRANICZONĄ ODPOWIEDZIALNOŚCIĄ",16.10.Z:main
0000159790,204,not_found_or_deregistered,SKŁADY DRZEWNE SPÓŁKA Z OGRANICZONĄ ODPOWIEDZIALNOŚCIĄ,16.10.Z:main
0000161324,204,not_found_or_deregistered,"""PUCHALSKI"" SPÓŁKA Z OGRANICZONĄ ODPOWIEDZIALNOŚCIĄ",16.10.Z:main
0000162050,204,not_found_or_deregistered,"""DANPOL"" SPÓŁKA JAWNA DARIUSZ I KAZIMIERZ SIKORSCY",16.10.Z:main
0000162330,204,not_found_or_deregistered,PLETTAC SERWIS SPÓŁKA Z OGRANICZONĄ ODPOWIEDZIALNOŚCIĄ,16.10.Z:main
0000162386,204,not_found_or_deregistered,"""PAPIER ŚWIECIE"" SPÓŁKA Z OGRANICZONĄ ODPOWIEDZIALNOŚCIĄ",16.10.Z:main
0000162677,204,not_found_or_deregistered,"""GRUPA M & W"" SPÓŁKA Z OGRANICZONĄ ODPOWIEDZIALNOŚCIĄ",16.10.Z:main
0000163826,204,not_found_or_deregistered,TRINITY SPÓŁKA Z OGRANICZONĄ ODPOWIEDZIALNOŚCIĄ,16.10.Z:main
0000163828,204,not_found_or_deregistered,"PRZEDSIĘBIORSTWO PRODUKCYJNE, USŁUGOWO-HANDLOWE ""MICORP"" SPÓŁKA Z OGRANICZONĄ ODPOWIEDZIALNOŚCIĄ",16.10.Z:main
0000164001,204,not_found_or_deregistered,"""SPRINT DENEKO - GROSICKI"" SPÓŁKA JAWNA",16.10.Z:main
0000164302,204,not_found_or_deregistered,"ROLNICZA SPÓŁDZIELNIA PRODUKCYJNA ""PRZYSZŁOŚĆ""",16.10.Z:main
0000164384,204,not_found_or_deregistered,"""HER-OW"" SPÓŁKA Z OGRANICZONĄ ODPOWIEDZIALNOŚCIĄ",16.10.Z:main
0000164510,204,not_found_or_deregistered,"""MILFORD"" SPÓŁKA Z OGRANICZONĄ ODPOWIEDZIALNOŚCIĄ",16.10.Z:main
0000164753,204,not_found_or_deregistered,"""FATAMORGANA"" SPÓŁKA Z OGRANICZONĄ ODPOWIEDZIALNOŚCIĄ",16.10.Z:main
0000165183,204,not_found_or_deregistered,AGROPLANT SPÓŁKA Z OGRANICZONĄ ODPOWIEDZIALNOŚCIĄ,16.10.Z:main
0000165242,204,not_found_or_deregistered,"""TROTY"" SPÓŁKA JAWNA GRAŻYNA I EUGENIUSZ LUDWIKOWSCY",16.10.Z:main
0000165262,204,not_found_or_deregistered,NEPTUN SOFTWARE SPÓŁKA Z OGRANICZONĄ ODPOWIEDZIALNOŚCIĄ,16.10.Z:main
0000165330,204,not_found_or_deregistered,TOP PHARMA SPÓŁKA Z OGRANICZONĄ ODPOWIEDZIALNOŚCIĄ,16.10.Z:main
0000165667,204,not_found_or_deregistered,DOBROPLAST SPÓŁKA Z OGRANICZONĄ ODPOWIEDZIALNOŚCIĄ,16.10.Z:main
0000165736,204,not_found_or_deregistered,PRZEDSIĘBIORSTWO BUDOWLANE W.A.W. SPÓŁKA Z OGRANICZONĄ ODPOWIEDZIALNOŚCIĄ,16.10.Z:main
0000166462,204,not_found_or_deregistered,SPÓŁDZIELNIA INWALIDÓW,16.10.Z:main
0000166551,204,not_found_or_deregistered,ZAKŁAD STOLARSKI WOJCIECH GRZEGORZ MAREK PANKAU SPÓŁKA JAWNA,16.10.Z:main
0000166813,204,not_found_or_deregistered,"""SAAP"" SPÓŁKA Z OGRANICZONĄ ODPOWIEDZIALNOŚCIĄ",16.10.Z:main
0000167156,204,not_found_or_deregistered,"""CENTRUM DRZWI PRZESUWANYCH"" SPÓŁKA Z OGRANICZONĄ ODPOWIEDZIALNOŚCIĄ",16.10.Z:main
0000167960,204,not_found_or_deregistered,"""TRAKART"" SPÓŁKA Z OGRANICZONĄ ODPOWIEDZIALNOŚCIĄ",16.10.Z:main
0000168068,204,not_found_or_deregistered,"SZKLARSKIE ZAKŁADY PRZETWÓRCZE ""PRZEŁOM"" SPÓŁDZIELNIA OSÓB FIZYCZNYCH",16.10.Z:main
0000168336,204,not_found_or_deregistered,"""ADAMOWSKI"" SPÓŁKA Z OGRANICZONĄ ODPOWIEDZIALNOŚCIĄ",16.10.Z:main
0000168412,204,not_found_or_deregistered,POLMODA I SPÓŁKA Z OGRANICZONĄ ODPOWIEDZIALNOŚCIĄ,16.10.Z:main
0000168564,204,not_found_or_deregistered,"""TARTAK MŚCICE"" SPÓŁKA Z OGRANICZONĄ ODPOWIEDZIALNOŚCIĄ",16.10.Z:main
0000168631,204,not_found_or_deregistered,PRZEDSIĘBIORSTWO WIELOBRANŻOWE ADPOL SPÓŁKA AKCYJNA,16.10.Z:main
0000168806,204,not_found_or_deregistered,"""ERKURUM"" SPÓŁKA Z OGRANICZONĄ ODPOWIEDZIALNOŚCIĄ",16.10.Z:main
0000168840,204,not_found_or_deregistered,KOLMARK SPÓŁKA Z OGRANICZONĄ ODPOWIEDZIALNOŚCIĄ,16.10.Z:main
0000168901,204,not_found_or_deregistered,PAMO-PLAST SPÓŁKA Z OGRANICZONĄ ODPOWIEDZIALNOŚCIĄ,16.10.Z:main
0000168952,204,not_found_or_deregistered,"PRZEDSIĘBIORSTWO WIELOBRANŻOWE ""ZAMTECH"" SPÓŁKA Z OGRANICZONĄ ODPOWIEDZIALNOŚCIĄ",16.10.Z:main
0000169069,204,not_found_or_deregistered,FUN ART FACTORY SPÓŁKA Z OGRANICZONĄ ODPOWIEDZIALNOŚCIĄ,16.10.Z:main
0000169784,204,not_found_or_deregistered,"""JASTA"" SPÓŁKA Z OGRANICZONĄ ODPOWIEDZIALNOŚCIĄ",16.10.Z:main
0000169946,204,not_found_or_deregistered,"PRZEDSIĘBIORSTWO PRODUKCYJNO-HANDLOWE ""AWIPOL"" SPÓŁKA Z OGRANICZONĄ ODPOWIEDZIALNOŚCIĄ",16.10.Z:main
0000170166,204,not_found_or_deregistered,"PRZEDSIĘBIORSTWO PRODUKCYJNO - USŁUGOWE I HANDLOWE ""METROL"" SPÓŁKA Z OGRANICZONĄ ODPOWIEDZIALNOŚCIĄ",16.10.Z:main
0000170246,204,not_found_or_deregistered,"PRZEDSIĘBIORSTWO WIELOBRANŻOWE ""ORKAN"" SPÓŁKA Z OGRANICZONĄ ODPOWIEDZIALNOŚCIĄ",16.10.Z:main
0000170836,204,not_found_or_deregistered,PLAST-DACH SPÓŁKA Z OGRANICZONĄ ODPOWIEDZIALNOŚCIĄ,16.10.Z:main
0000171606,204,not_found_or_deregistered,ZAKŁAD DRZEWNY ZOFIA MAŚLACH SPÓŁKA JAWNA,16.10.Z:main
0000172184,204,not_found_or_deregistered,"""EKO-TANK"" SPÓŁKA Z OGRANICZONĄ ODPOWIEDZIALNOŚCIĄ",16.10.Z:main
0000172544,204,not_found_or_deregistered,"""LOOK FOR STAFF"" SPÓŁKA Z OGRANICZONĄ ODPOWIEDZIALNOŚCIĄ",16.10.Z:main
0000172850,204,not_found_or_deregistered,"PRZEDSIĘBIORSTWO HANDLOWO - PRODUKCYJNO - USŁUGOWE ""ELEKTRO - CYNK"" SPÓŁKA Z OGRANICZONĄ ODPOWIEDZIALNOŚCIĄ",16.10.Z:main
0000172937,204,not_found_or_deregistered,TARGAL SPÓŁKA Z OGRANICZONĄ ODPOWIEDZIALNOŚCIĄ,16.10.Z:main
0000173492,204,not_found_or_deregistered,"GCB ""CENTORSTAL-TORUŃ"" SPÓŁKA AKCYJNA",16.10.Z:main
0000174244,204,not_found_or_deregistered,"PRZEDSIĘBIORSTWO PRODUKCYJNO-HANDLOWO-USŁUGOWE ""SCORPIO"" SPÓŁKA Z OGRANICZONĄ ODPOWIEDZIALNOŚCIĄ",16.10.Z:main
0000174268,204,not_found_or_deregistered,"""CONRAD"" SPÓŁKA Z OGRANICZONĄ ODPOWIEDZIALNOŚCIĄ",16.10.Z:main
0000174501,204,not_found_or_deregistered,"""WIM"" SPÓŁKA Z OGRANICZONĄ ODPOWIEDZIALNOŚCIĄ",16.10.Z:main
0000174581,204,not_found_or_deregistered,MIĘDZYWOJEWÓDZKA HANDLOWA SPÓŁDZIELNIA INWALIDÓW,16.10.Z:main
0000174928,204,not_found_or_deregistered,"ZAKŁAD BUDOWLANO-USŁUGOWO-HANDLOWY ""MURBET"" SPÓŁKA Z OGRANICZONĄ ODPOWIEDZIALNOŚCIĄ",16.10.Z:main
0000175444,204,not_found_or_deregistered,"""POLPRO"" SPÓŁKA Z OGRANICZONĄ ODPOWIEDZIALNOŚCIĄ",16.10.Z:main
0000175857,204,not_found_or_deregistered,"""TAP"" SPÓŁKA Z OGRANICZONĄ ODPOWIEDZIALNOŚCIĄ",16.10.Z:main
0000176141,204,not_found_or_deregistered,"""M.MEBLAND"" SPÓŁKA Z OGRANICZONĄ ODPOWIEDZIALNOŚCIĄ",16.10.Z:main
0000176544,204,not_found_or_deregistered,OD A DO Z SPÓŁKA Z OGRANICZONĄ ODPOWIEDZIALNOŚCIĄ,16.10.Z:main
0000177053,204,not_found_or_deregistered,"PRZEDSIĘBIORSTWO HANDLOWO-USŁUGOWO-PRODUKCYJNE ""EKO-GLOBAL"" SPÓŁKA Z OGRANICZONĄ ODPOWIEDZIALNOŚCIĄ",16.10.Z:main
0000177158,204,not_found_or_deregistered,"""CEMPOL"" SPÓŁKA Z OGRANICZONĄ ODPOWIEDZIALNOŚCIĄ",16.10.Z:main
0000178585,204,not_found_or_deregistered,SPÓŁDZIELNIA KÓŁEK ROLNICZYCH W NAROLU,16.10.Z:main
0000178861,204,not_found_or_deregistered,"""CONCEPT PRODUIT"" SPÓŁKA Z OGRANICZONĄ ODPOWIEDZIALNOŚCIĄ",16.10.Z:main
0000179295,204,not_found_or_deregistered,"""POWIERNIK"" SPÓŁKA Z OGRANICZONĄ ODPOWIEDZIALNOŚCIĄ",16.10.Z:main
0000181887,204,not_found_or_deregistered,"PRZEDSIĘBIORSTWO PRODUKCYJNO-HANDLOWE ""MARPOL"" SPÓŁKA Z OGRANICZONĄ ODPOWIEDZIALNOŚCIĄ",16.10.Z:main
0000182260,204,not_found_or_deregistered,"""KRAF EWA RACHWAŁ SPÓŁKA JAWNA""",16.10.Z:main
0000182356,204,not_found_or_deregistered,"""IMO"" SPÓŁKA Z OGRANICZONĄ ODPOWIEDZIALNOŚCIĄ",16.10.Z:main
0000182566,204,not_found_or_deregistered,"""DREWNO - JAROCIN"" SPÓŁKA Z OGRANICZONĄ ODPOWIEDZIALNOŚCIĄ",16.10.Z:main
0000182873,204,not_found_or_deregistered,"""SEEGER-DACH"" SPÓŁKA Z OGRANICZONĄ ODPOWIEDZIALNOŚCIĄ",16.10.Z:main
0000183077,204,not_found_or_deregistered,"""ZRĄB"" SPÓŁKA Z OGRANICZONĄ ODPOWIEDZIALNOŚCIĄ",16.10.Z:main
0000183168,204,not_found_or_deregistered,MARWO BIS SPÓŁKA Z OGRANICZONĄ ODPOWIEDZIALNOŚCIĄ,16.10.Z:main
0000183598,204,not_found_or_deregistered,"""BKB SZRENICA"" SPÓŁKA Z OGRANICZONĄ ODPOWIEDZIALNOŚCIĄ",16.10.Z:main
0000184275,204,not_found_or_deregistered,DREWNO I WYROBY Z DREWNA DURAJ F.A.S. SPÓŁKA JAWNA,16.10.Z:main
0000184883,204,not_found_or_deregistered,MECENAS SPÓŁKA Z OGRANICZONĄ ODPOWIEDZIALNOŚCIĄ,16.10.Z:main
0000185265,204,not_found_or_deregistered,"""ROMINES"" SPÓŁKA Z OGRANICZONĄ ODPOWIEDZIALNOŚCIĄ",16.10.Z:main
0000185322,204,not_found_or_deregistered,"""ALKA-MAR"" SPÓŁKA Z OGRANICZONĄ ODPOWIEDZIALNOŚCIĄ",16.10.Z:main
0000186071,204,not_found_or_deregistered,"PRZEDSIĘBIORSTWO WIELOBRANŻOWE ""ECOMOTYL"" SPÓŁKA Z OGRANICZONĄ ODPOWIEDZIALNOŚCIĄ",16.10.Z:main
0000186142,204,not_found_or_deregistered,"""WWO"" SPÓŁKA Z OGRANICZONĄ ODPOWIEDZIALNOŚCIĄ",16.10.Z:main
0000186249,204,not_found_or_deregistered,"""HOLZ-KOMPLEX"" SPÓŁKA Z OGRANICZONĄ ODPOWIEDZIALNOŚCIĄ",16.10.Z:main
0000186517,204,not_found_or_deregistered,"""TAUBE-POL"" SPÓŁKA Z OGRANICZONĄ ODPOWIEDZIALNOŚCIĄ",16.10.Z:main
0000186983,204,not_found_or_deregistered,"""PRIED"" SPÓŁKA Z OGRANICZONĄ ODPOWIEDZIALNOŚCIĄ",16.10.Z:main
0000187050,204,not_found_or_deregistered,SPÓŁDZIELNIA KÓŁEK ROLNICZYCH W LESZNIE,16.10.Z:main
0000187210,204,not_found_or_deregistered,"BYTOMSKIE PRZEDSIĘBIORSTWO ROBÓT I NŻYNIERYJNYCH BUDOWLANYCH I GÓRNICZYCH 
SPÓŁKA Z OGRANICZONĄ ODPOWIEDZIALNOŚCIĄ",16.10.Z:main
0000187895,204,not_found_or_deregistered,GOSPODARSTWO ROLNE A + L FARMY SPÓŁKA Z OGRANICZONĄ ODPOWIEDZIALNOŚCIĄ,16.10.Z:main
0000188256,204,not_found_or_deregistered,RAIPOL SPÓŁKA Z OGRANICZONĄ ODPOWIEDZIALNOŚCIĄ,16.10.Z:main
0000188352,204,not_found_or_deregistered,"""TRANS-LAS"" SPÓŁKA Z OGRANICZONĄ ODPOWIEDZIALNOŚCIĄ",16.10.Z:main
0000188470,204,not_found_or_deregistered,PROINS 2 SPÓŁKA Z OGRANICZONĄ ODPOWIEDZIALNOŚCIĄ,16.10.Z:main
0000188717,204,not_found_or_deregistered,"""PRZEDSIĘBIORSTWO PRODUKCYJNO - USŁUGOWO - HANDLOWE PROFIL"" SPÓŁKA Z OGRANICZONĄ ODPOWIEDZIALNOŚCIĄ",16.10.Z:main
0000188729,204,not_found_or_deregistered,"""KRONO-EŁK"" SPÓŁKA Z OGRANICZONĄ ODPOWIEDZIALNOŚCIĄ",16.10.Z:main
0000188733,204,not_found_or_deregistered,PEC - SKŁADY KUPIECKIE SPÓŁKA Z OGRANICZONĄ ODPOWIEDZIALNOŚCIĄ,16.10.Z:main
0000188740,204,not_found_or_deregistered,RETRANS INTERNATIONAL SPEDITION SPÓŁKA Z OGRANICZONĄ ODPOWIEDZIALNOŚCIĄ,16.10.Z:main
0000188778,204,not_found_or_deregistered,"PRZEDSIĘBIORSTWO PRODUKCYJNO - HANDLOWE ""FAMPOL"" SPÓŁKA Z OGRANICZONĄ ODPOWIEDZIALNOŚCIĄ",16.10.Z:main
0000189404,204,not_found_or_deregistered,ROLNICZA SPÓŁDZIELNIA PRODUKCYJNA,16.10.Z:main
0000189653,204,not_found_or_deregistered,"PRZEDSIĘBIORSTWO USŁUGOWO-PRODUKCYJNE ""GEOBUD"" SPÓŁKA Z OGRANICZONĄ ODPOWIEDZIALNOŚCIĄ",16.10.Z:main
0000189663,204,not_found_or_deregistered,"""MATEXIM"" SPÓŁKA Z OGRANICZONĄ ODPOWIEDZIALNOŚCIĄ",16.10.Z:main
0000190002,204,not_found_or_deregistered,"""DRIED FLOWERS"" EXPORT - IMPORT - PRODUKCJA SPÓŁKA Z OGRANICZONĄ ODPOWIEDZIALNOŚCIĄ",16.10.Z:main
0000190361,204,not_found_or_deregistered,ZAKŁAD PRODUKCYJNO-HANDLOWY DRIADA SPÓŁKA Z OGRANICZONĄ ODPOWIEDZIALNOŚCIĄ,16.10.Z:main
0000190684,204,not_found_or_deregistered,"PRZEDSIĘBIORSTWO USŁUGOWO-PRODUKCYJNE ""TECHMET"" SPÓŁKA Z OGRANICZONĄ ODPOWIEDZIALNOŚCIĄ",16.10.Z:main
0000190954,204,not_found_or_deregistered,DRAGON CHEMIA SPÓŁKA Z OGRANICZONĄ ODPOWIEDZIALNOŚCIĄ,16.10.Z:main
0000191450,204,not_found_or_deregistered,"PRZEDSIĘBIORSTWO PRODUKCYJNO USŁUGOWO HANDLOWE ""KUBIK"" SPÓŁKA Z OGRANICZONĄ ODPOWIEDZIALNOŚCIĄ",16.10.Z:main
0000191961,204,not_found_or_deregistered,SPÓŁDZIELNIA KÓŁEK ROLNICZYCH W SIEDLCU,16.10.Z:main
0000192917,204,not_found_or_deregistered,"GUGAŁA SPÓŁKA JAWNA PIOTR, GRZEGORZ, EDYTA GUGAŁA",16.10.Z:main
0000193145,204,not_found_or_deregistered,"EUROCAR D.MARCOŃ, Ł.FURMAN SPÓŁKA JAWNA",16.10.Z:main
0000193762,204,not_found_or_deregistered,"""AGRIPOL"" SPÓŁKA Z OGRANICZONĄ ODPOWIEDZIALNOŚCIĄ",16.10.Z:main
0000194107,204,not_found_or_deregistered,TOMTEX TADING - SPÓŁKA Z OGRANICZONĄ ODPOWIEDZIALNOŚCIĄ,16.10.Z:main
0000194134,204,not_found_or_deregistered,PRZEDSIĘBIORSTWO INNOWACYJNO-WDROŻENIOWE ECON-BUD SPÓŁKA Z OGRANICZONĄ ODPOWIEDZIALNOŚCIĄ,16.10.Z:main
0000194219,204,not_found_or_deregistered,"""MACHAJ"" SPÓŁKA Z OGRANICZONĄ ODPOWIEDZIALNOŚCIĄ",16.10.Z:main
0000194407,204,not_found_or_deregistered,"""STALBET"" SPÓŁKA Z OGRANICZONĄ ODPOWIEDZIALNOŚCIĄ",16.10.Z:main
0000194419,204,not_found_or_deregistered,FAPEL SPÓŁKA Z OGRANICZONĄ ODPOWIEDZIALNOŚCIĄ,16.10.Z:main
0000194617,204,not_found_or_deregistered,"""DAWIES INTERNATIONAL LTD"" SPÓŁKA Z OGRANICZONĄ ODPOWIEDZIALNOŚCIĄ",16.10.Z:main
0000195000,204,not_found_or_deregistered,POLINOVA SPÓŁKA Z OGRANICZONĄ ODPOWIEDZIALNOŚCIĄ,16.10.Z:main
0000195151,204,not_found_or_deregistered,AUTOCONSULT I SPÓŁKA Z OGRANICZONĄ ODPOWIEDZIALNOŚCIĄ,16.10.Z:main
0000195268,204,not_found_or_deregistered,COMPARPOL II SPÓŁKA Z OGRANICZONĄ ODPOWIEDZIALNOŚCIĄ,16.10.Z:main
0000195554,204,not_found_or_deregistered,"""ROGALSKI REINDL"" SPÓŁKA Z OGRANICZONĄ ODPOWIEDZIALNOŚCIĄ",16.10.Z:main
0000195576,204,not_found_or_deregistered,SKORUPA TRANSPORT SPEDYCJA SPÓŁKA JAWNA,16.10.Z:main
0000195613,204,not_found_or_deregistered,SPÓŁDZIELNIA KÓŁEK ROLNICZYCH,16.10.Z:main
0000195724,204,not_found_or_deregistered,PROJECTS & DESIGN SPÓŁKA Z OGRANICZONĄ ODPOWIEDZIALNOŚCIĄ,16.10.Z:main
0000195798,204,not_found_or_deregistered,"ZPUH ""MULTIDOMEX"" M.CULIC-A.TYBURCZY SPÓŁKA JAWNA",16.10.Z:main
0000195898,204,not_found_or_deregistered,"""SATURN-POLSKA"" SPÓŁKA Z OGRANICZONĄ ODPOWIEDZIALNOŚCIĄ",16.10.Z:main
0000196454,204,not_found_or_deregistered,"""ORTIS"" SPÓŁKA Z OGRANICZONĄ ODPOWIEDZIALNOŚCIĄ",16.10.Z:main
0000196638,204,not_found_or_deregistered,"PRZEDSIĘBIORSTWO PRODUKCYJNO-HANDLOWO-USŁUGOWE ""BLOKBET"" SPÓŁKA Z OGRANICZONĄ ODPOWIEDZIALNOŚCIĄ",16.10.Z:main
0000197068,204,not_found_or_deregistered,"ZAKŁAD PRZEMYSŁU DRZEWNEGO ""LUBDREW"" SPÓŁKA Z OGRANICZONĄ ODPOWIEDZIALNOŚCIĄ",16.10.Z:main
0000197195,204,not_found_or_deregistered,SPÓŁDZIELNIA USŁUG I PRODUKCJI,16.10.Z:main
0000197215,204,not_found_or_deregistered,ŁOMŻYŃSKA FABRYKA MEBLI - SPÓŁKA Z OGRANICZONĄ ODPOWIEDZIALNOŚCIĄ,16.10.Z:main
0000197512,204,not_found_or_deregistered,"PRZEDSIĘBIORSTWO PRODUKCYJNO-USŁUGOWE ""ARGO"" - SPÓŁKA Z OGRANICZONĄ ODPOWIEDZIALNOŚCIĄ",16.10.Z:main
0000197791,204,not_found_or_deregistered,"""POLSKIE MEBLE"" PRODUCENCI MEBLI I PRZEDSIĘBIORSTWA WSPÓŁPRACUJĄCE SPÓŁKA Z OGRANICZONĄ ODPOWIEDZIALNOŚCIĄ",16.10.Z:main
0000198219,204,not_found_or_deregistered,"""EKO-STYL"" SPÓŁKA Z OGRANICZONĄ ODPOWIEDZIALNOŚCIĄ",16.10.Z:main
0000198298,204,not_found_or_deregistered,VARIA ULACHA I WSPÓLNICY SPÓŁKA JAWNA,16.10.Z:main
0000198609,204,not_found_or_deregistered,"""FER AUTOMOTIVE POLSKA"" SPÓŁKA Z OGRANICZONĄ ODPOWIEDZIALNOŚCIĄ",16.10.Z:main
0000198769,204,not_found_or_deregistered,"""POLAK MEBLE"" L. & M. POLAK SPÓŁKA JAWNA",16.10.Z:main
0000199192,204,not_found_or_deregistered,"""EKOTOP"" SPÓŁKA Z OGRANICZONĄ ODPOWIEDZIALNOŚCIĄ",16.10.Z:main
0000199970,204,not_found_or_deregistered,JODO SPÓŁKA Z OGRANICZONĄ ODPOWIEDZIALNOŚCIĄ,16.10.Z:main
0000200269,204,not_found_or_deregistered,NORDIKON SPÓŁKA Z OGRANICZONĄ ODPOWIEDZIALNOŚCIĄ,16.10.Z:main
0000200468,204,not_found_or_deregistered,"""MOR-POL"" SPÓŁKA Z OGRANICZONĄ ODPOWIEDZIALNOŚCIĄ",16.10.Z:main
0000201304,204,not_found_or_deregistered,MAZOWIECKIE PRZEDSIĘBIORSTWO PRZEMYSŁU DRZEWNEGO SPÓŁKA AKCYJNA,16.10.Z:main
0000201428,204,not_found_or_deregistered,"""SOŁOMIJA"" SPÓŁKA Z OGRANICZONĄ ODPOWIEDZIALNOŚCIĄ",16.10.Z:main
0000201429,204,not_found_or_deregistered,"""OMEGA"" SPÓŁKA Z OGRANICZONĄ ODPOWIEDZIALNOŚCIĄ",16.10.Z:main
0000202069,204,not_found_or_deregistered,VCA ENTERTAINMENT SPÓŁKA Z OGRANICZONĄ ODPOWIEDZIALNOŚCIĄ,16.10.Z:main
0000202162,204,not_found_or_deregistered,ODLEWNIA MOTORYZACYJNA SPÓŁKA Z OGRANICZONĄ ODPOWIEDZIALNOŚCIĄ,16.10.Z:main
0000202394,204,not_found_or_deregistered,SPÓŁDZIELNIA KÓŁEK ROLNICZYCH W DOMANIEWICACH,16.10.Z:main
0000202500,204,not_found_or_deregistered,INVEST-MOSTY SPÓŁKA Z OGRANICZONĄ ODPOWIEDZIALNOŚCIĄ,16.10.Z:main
0000202615,204,not_found_or_deregistered,"""RESET"" SPÓŁKA Z OGRANICZONĄ ODPOWIEDZIALNOŚCIĄ",16.10.Z:main
0000202893,204,not_found_or_deregistered,AWLUKS SPÓŁKA Z OGRANICZONĄ ODPOWIEDZIALNOŚCIĄ,16.10.Z:main
0000203003,204,not_found_or_deregistered,"""PARKUR-BIS"" SPÓŁKA Z OGRANICZONĄ ODPOWIEDZIALNOŚCIĄ",16.10.Z:main
0000203107,204,not_found_or_deregistered,"FABRYKA MEBLI ""BODZIO"" BOGDAN SZEWCZYK SPÓŁKA JAWNA",16.10.Z:main
0000203891,204,not_found_or_deregistered,PRZEDSIĘBIORSTWO ENERGETYKI CIEPLNEJ KATOWICE SPÓŁKA AKCYJNA,16.10.Z:main
0000204835,204,not_found_or_deregistered,"""GRAND"" TRANSPORT I SPEDYCJA MIĘDZYNARODOWA AGATA I PAWEŁ ZIELIŃSCY SPÓŁKA JAWNA",16.10.Z:main
0000204987,204,not_found_or_deregistered,"PRZEDSIĘBIORSTWO WIELOBRANŻOWE ""SUPERLAJM"" SPÓŁKA Z OGRANICZONĄ ODPOWIEDZIALNOŚCIĄ",16.10.Z:main
0000205333,204,not_found_or_deregistered,"K.SMOLIŃSKI, T.MAZUREK - STUDIO MW - SPÓŁKA JAWNA",16.11.Z:main
0000205357,204,not_found_or_deregistered,DURMET SPÓŁKA Z OGRANICZONĄ ODPOWIEDZIALNOŚCIĄ,16.10.Z:main
0000205496,204,not_found_or_deregistered,PRZEDSIĘBIORSTWO BARBARA KACZMAREK SPÓŁKA JAWNA,16.10.Z:main
0000205704,204,not_found_or_deregistered,"""FAWID"" SPÓŁKA Z OGRANICZONĄ ODPOWIEDZIALNOŚCIĄ",16.10.Z:main
0000205964,204,not_found_or_deregistered,"""MAGNUS"" SPÓŁKA Z OGRANICZONĄ ODPOWIEDZIALNOŚCIĄ",16.10.Z:main
0000206408,204,not_found_or_deregistered,"PRZEDSIĘBIORSTWO HANDLOWO-USŁUGOWE -  SKŁAD DREWNA, IMPORT-EXPORT SPÓŁKA Z OGRANICZONĄ ODPOWIEDZIALNOŚCIĄ",16.10.Z:main
0000206599,204,not_found_or_deregistered,KATOWICKIE TOWARZYSTWO TURYSTYCZNE SPÓŁKA Z OGRANICZONĄ ODPOWIEDZIALNOŚCIĄ,16.10.Z:main
0000207424,204,not_found_or_deregistered,"PRZEDSIĘBIORSTWO PRODUKCYJNO-HANDLOWE ""MARK-BUD"" SPÓŁKA Z OGRANICZONĄ ODPOWIEDZIALNOŚCIĄ",16.10.Z:main
0000207887,204,not_found_or_deregistered,ADB SERVICE SPÓŁKA Z OGRANICZONĄ ODPOWIEDZIALNOŚCIĄ,16.10.Z:main
0000208067,204,not_found_or_deregistered,"PRZEDSIĘBIORSTWO PRODUKCJI USŁUG I HANDLU ""ROCO INTERNATIONAL"" SPÓŁKA Z OGRANICZONĄ ODPOWIEDZIALNOŚCIĄ",16.10.Z:main
0000208654,204,not_found_or_deregistered,ROLNICZY ZAKŁAD SPÓŁDZIELCZY W GRZEGORZEWIE,16.10.Z:main
0000209358,204,not_found_or_deregistered,"""GREENKETT POLSKA"" SPÓŁKA Z OGRANICZONĄ ODPOWIEDZIALNOŚCIĄ",16.10.Z:main
0000209418,204,not_found_or_deregistered,ITC SPÓŁKA Z OGRANICZONĄ ODPOWIEDZIALNOŚCIĄ,16.10.Z:main
0000209735,204,not_found_or_deregistered,"""EURO-CONTINENTAL"" SPÓŁKA Z OGRANICZONĄ ODPOWIEDZIALNOŚCIĄ",16.10.Z:main
0000209866,204,not_found_or_deregistered,"PRZEDSIĘBIORSTWO PRODUKCYJNO-HANDLOWE ""KASZUB"" SPÓŁKA Z OGRANICZONĄ ODPOWIEDZIALNOŚCIĄ",16.10.Z:main
0000210559,204,not_found_or_deregistered,"""MARCO-POLO"" SPÓŁKA Z OGRANICZONĄ ODPOWIEDZIALNOŚCIĄ",16.10.Z:main
0000210571,204,not_found_or_deregistered,EKOTRANS BIS SPÓŁKA Z OGRANICZONĄ ODPOWIEDZIALNOŚCIĄ,16.10.Z:main
0000210636,204,not_found_or_deregistered,PRZEDSIĘBIORSTWO ROLNICZO HANDLOWO USŁUGOWE SZPEX SPÓŁKA Z OGRANICZONĄ ODPOWIEDZIALNOŚCIĄ,16.10.Z:main
0000210893,204,not_found_or_deregistered,S&V PROGRESS SPÓŁKA Z OGRANICZONĄ ODPOWIEDZIALNOŚCIĄ,16.10.Z:main
0000211118,204,not_found_or_deregistered,UNIHOUSE SPÓŁKA Z OGRANICZONĄ ODPOWIEDZIALNOŚCIĄ,16.10.Z:main
0000211249,204,not_found_or_deregistered,MADERA SPÓŁKA Z OGRANICZONĄ ODPOWIEDZIALNOŚCIĄ,16.10.Z:main
0000211691,204,not_found_or_deregistered,SWEDWOOD POLAND SPÓŁKA Z OGRANICZONĄ ODPOWIEDZIALNOŚCIĄ,16.10.Z:main
0000211906,204,not_found_or_deregistered,JASNO SHUTTERS SPÓŁKA Z OGRANICZONĄ ODPOWIEDZIALNOŚCIĄ,16.10.Z:main
0000212089,204,not_found_or_deregistered,"PRZEDSIĘBIORSTWO PRODUKCYJNO-USŁUGOWO-HANDLOWE ""INTERLEG"" SPÓŁKA Z OGRANICZONĄ ODPOWIEDZIALNOŚCIĄ",16.10.Z:main
0000213021,204,not_found_or_deregistered,"""BIPRODRZEW"" SPÓŁKA AKCYJNA",16.10.Z:main
0000213249,204,not_found_or_deregistered,BLEK-MEBLE SPÓŁKA Z OGRANICZONĄ ODPOWIEDZIALNOŚCIĄ,16.10.Z:main
0000213801,204,not_found_or_deregistered,"PRZEDSIĘBIORSTWO WIELOBRANŻOWE ""DYNAMIC KAS"" SPÓŁKA Z OGRANICZONĄ ODPOWIEDZIALNOŚCIĄ",16.10.Z:main
0000214363,204,not_found_or_deregistered,VALERIA SPÓŁKA Z OGRANICZONĄ ODPOWIEDZIALNOŚCIĄ,16.10.Z:main
0000214520,204,not_found_or_deregistered,"PRZEDSIĘBIORSTWO ""INTRAK"" SPÓŁKA Z OGRANICZONĄ ODPOWIEDZIALNOŚCIĄ",16.10.Z:main
0000214726,204,not_found_or_deregistered,BLUGARD SPÓŁKA Z OGRANICZONĄ ODPOWIEDZIALNOŚCIĄ,16.10.Z:main
0000214897,204,not_found_or_deregistered,"PRZEDSIĘBIORSTWO ""KAREN"" SPÓŁKA Z OGRANICZONĄ ODPOWIEDZIALNOŚCIĄ",16.10.Z:main
0000215172,204,not_found_or_deregistered,"""POP N GO POLAND"" SPÓŁKA Z OGRANICZONĄ ODPOWIEDZIALNOŚCIĄ",16.10.Z:main
0000215653,204,not_found_or_deregistered,WORLD FRUIT SPÓŁKA Z OGRANICZONĄ ODPOWIEDZIALNOSCIĄ,16.10.Z:main
0000216099,204,not_found_or_deregistered,"""FLORENCJA SPÓŁKA Z OGRANICZONĄ ODPOWIEDZIALNOŚCIĄ.""",16.10.Z:main
0000216152,204,not_found_or_deregistered,"""SALPO"" SPÓŁKA Z OGRANICZONĄ ODPOWIEDZIALNOŚCIĄ",16.10.Z:main
0000216408,204,not_found_or_deregistered,WP INVESTMENTS SPÓŁKA Z OGRANICZONĄ ODPOWIEDZIALNOŚCIĄ,16.10.Z:main
0000216452,204,not_found_or_deregistered,PGK SYSTEM - SPÓŁKA Z OGRANICZONĄ ODPOWIEDZIALNOŚCIĄ,16.10.Z:main
0000216903,204,not_found_or_deregistered,"""ROLBIT"" SPÓŁKA Z OGRANICZONĄ ODPOWIEDZIALNOŚCIĄ W ŁAJSACH",16.10.Z:main
0000217119,204,not_found_or_deregistered,IMPRESSA SPÓŁKA Z OGRANICZONĄ ODPOWIEDZIALNOŚCIĄ,16.10.Z:main
0000217491,204,not_found_or_deregistered,HOUSE CORNER SPÓŁKA Z OGRANICZONĄ ODPOWIEDZIALNOŚCIĄ,16.10.Z:main
0000217547,204,not_found_or_deregistered,"""HOMEBUD"" SPÓŁKA Z OGRANICZONĄ ODPOWIEDZIALNOŚCIĄ",16.10.Z:main
0000218011,204,not_found_or_deregistered,MAPOLDAN HOLDING SPÓŁKA Z OGRANICZONĄ ODPOWIEDZIALNOŚCIĄ,16.10.Z:main
0000218611,204,not_found_or_deregistered,"PRZEDSIĘBIORSTWO HANDLOWO-BUDOWLANE ""AM2"" SPÓŁKA Z OGRANICZONĄ ODPOWIEDZIALNOŚCIĄ",16.10.Z:main
0000218859,204,not_found_or_deregistered,FABRYKA POMOCY NAUKOWYCH SPÓŁKA Z OGRANICZONĄ ODPOWIEDZIALNOŚCIĄ,16.10.Z:main
0000219215,204,not_found_or_deregistered,ECO-PELL SPÓŁKA Z OGRANICZONĄ ODPOWIEDZIALNOŚCIĄ,16.10.Z:main
0000219397,204,not_found_or_deregistered,PETRO KOR SPÓŁKA Z OGRANICZONĄ ODPOWIEDZIALNOŚCIĄ,16.10.Z:main
0000219801,204,not_found_or_deregistered,ŻĄDŁO SPÓŁKA Z OGRANICZONĄ ODPOWIEDZIALNOŚCIĄ,16.10.Z:main
0000220125,204,not_found_or_deregistered,EKOLOGICZNE MATERIAŁY GRZEWCZE SPÓŁKA Z OGRANICZONĄ ODPOWIEDZIALNOŚCIĄ,16.10.Z:main
0000220724,204,not_found_or_deregistered,GMINNA SPÓŁDZIELNIA SAMOPOMOC CHŁOPSKA MOGILANY,16.10.Z:main
0000220921,204,not_found_or_deregistered,MMOBI SPÓŁKA Z OGRANICZONĄ ODPOWIEDZIALNOŚCIĄ,16.10.Z:main
0000220942,204,not_found_or_deregistered,IZBA MIĘDZYNARODOWEJ WSPÓŁPRACY GOSPODARCZEJ I NAUKOWEJ SPÓŁKA Z OGRANICZONĄ ODPOWIEDZIALNOŚCIĄ,16.10.Z:main
0000221147,204,not_found_or_deregistered,MAZZIVO SPÓŁKA Z OGRANICZONĄ ODPOWIEDZIALNOŚCIĄ,16.10.Z:main
0000221641,204,not_found_or_deregistered,"""BMD"" SPÓŁKA Z OGRANICZONĄ ODPOWIEDZIALNOŚCIĄ",16.10.Z:main
0000222062,204,not_found_or_deregistered,ISODOMUS SPÓŁKA Z OGRANICZONĄ ODPOWIEDZIALNOŚCIĄ,16.10.Z:main
0000222499,204,not_found_or_deregistered,"""BOSMA ELECTRIC"" SPÓŁKA Z OGRANICZONĄ ODPOWIEDZIALNOŚCIĄ",16.10.Z:main
0000224512,204,not_found_or_deregistered,ZAKŁAD GOSPODARKI KOMUNALNEJ I MIESZKANIOWEJ SPÓŁKA Z OGRANICZONĄ ODPOWIEDZIALNOŚCIĄ W LIKWIDACJI,16.10.Z:main
0000225054,204,not_found_or_deregistered,TECHPLAST SPÓŁKA Z OGRANICZONĄ ODPOWIEDZIALNOŚCIĄ,16.10.Z:main
0000225329,204,not_found_or_deregistered,"PRZEDSIĘBIORSTWO WIELOBRANŻOWE ""MEDUZA"" SPÓŁKA Z OGRANICZONĄ ODPOWIEDZIALNOŚCIĄ",16.10.Z:main
0000226251,204,not_found_or_deregistered,VIGOSS SPÓŁKA Z OGRANICZONĄ ODPOWIEDZIALNOŚCIĄ,16.10.Z:main
0000226531,204,not_found_or_deregistered,"""GRABOWSKI EXPORT IMPORT HANDEL HURTOWY I WSPÓLNICY"" SPÓŁKA JAWNA",16.10.Z:main
0000226892,204,not_found_or_deregistered,"PRZEDSIĘBIORSTWO USŁUG KOLEJOWYCH ""TRAIN"" SPÓŁKA Z OGRANICZONĄ ODPOWIEDZIALNOŚCIĄ",16.10.Z:main
0000226925,204,not_found_or_deregistered,"""EKOPARTNER-BĘDZIN NIZIŃSKI, KOŚCIŃSKI, JUSTYNIARSKI"" SPÓŁKA JAWNA",16.10.Z:main
0000227587,204,not_found_or_deregistered,INTER-MET SPÓŁKA Z OGRANICZONĄ ODPOWIEDZIALNOŚCIĄ,16.10.Z:main
0000227969,204,not_found_or_deregistered,"""EXCELLENT-USŁUGI"" SPÓŁKA Z OGRANICZONĄ ODPOWIEDZIALNOŚCIĄ",16.10.Z:main
0000228247,204,not_found_or_deregistered,"""UNITRANS"" SPÓŁKA Z OGRANICZONĄ ODPOWIEDZIALNOŚCIĄ",16.10.Z:main
0000228376,204,not_found_or_deregistered,SZERWAL SPÓŁKA Z OGRANICZONĄ ODPOWIEDZIALNOŚCIĄ,16.10.Z:main
0000228611,204,not_found_or_deregistered,"""ZŁOTY INDYK"" SPÓŁKA AKCYJNA",16.10.Z:main
0000229337,204,not_found_or_deregistered,"""HIRONDI"" SPÓŁKA Z OGRANICZONĄ ODPOWIEDZIALNOŚCIĄ",16.10.Z:main
0000229918,204,not_found_or_deregistered,"PRZEDSIĘBIORSTWO WIELOBRANŻOWE ""FAWAL"" FILIP WALCZAK SPÓŁKA Z OGRANICZONĄ ODPOWIEDZIALNOŚCIĄ",16.10.Z:main
0000229937,204,not_found_or_deregistered,KURVERS PACKAGING POLAND SPÓŁKA Z OGRANICZONĄ ODPOWIEDZIALNOŚCIĄ,16.10.Z:main
0000230016,204,not_found_or_deregistered,WEKTOR SPÓŁKA Z OGRANICZONĄ ODPOWIEDZIALNOŚCIĄ,16.10.Z:main
0000230151,204,not_found_or_deregistered,"""VIVARA"" SPÓŁKA Z OGRANICZONĄ ODPOWIEDZIALNOŚCIĄ",16.10.Z:main
0000230314,204,not_found_or_deregistered,"MATERIAŁOWE CENTRUM BUDOWNICTWA I WYPOSAŻENIA ""KOMPLEKS"" SPÓŁKA Z OGRANICZONĄ ODPOWIEDZIALNOŚCIĄ",16.10.Z:main
0000230547,204,not_found_or_deregistered,"""SERGIO"" SPÓŁKA Z OGRANICZONĄ ODPOWIEDZIALNOŚCIĄ",16.10.Z:main
0000230622,204,not_found_or_deregistered,"PRZEDSIĘBIORSTWO ""ANDRZEJ KACZMAREK"" SPÓŁKA KOMANDYTOWA",16.10.Z:main
0000231335,204,not_found_or_deregistered,"""CSB LUTOMIA"" SPÓŁKA Z OGRANICZONĄ ODPOWIEDZIALNOŚCIĄ",16.10.Z:main
0000231605,204,not_found_or_deregistered,"""MK-MEBEL"" M.PIESTRZENIEWICZ, K.BARYŁA SPÓŁKA JAWNA",16.10.Z:main
0000231883,204,not_found_or_deregistered,"""DANBUD"" SPÓŁKA Z OGRANICZONĄ ODPOWIEDZIALNOŚCIĄ",16.10.Z:main
0000232030,204,not_found_or_deregistered,RODONIT SPÓŁKA Z OGRANICZONĄ ODPOWIEDZIALNOŚCIĄ,16.10.Z:main
0000232457,204,not_found_or_deregistered,"""KANTO SPÓŁKA Z OGRANICZONĄ ODPOWIEDZIALNOŚCIĄ""",16.10.Z:main
0000232618,204,not_found_or_deregistered,"""FRONSBUD"" SPÓŁKA Z OGRANICZONĄ ODPOWIEDZIALNOŚCIĄ",16.10.Z:main
0000233570,204,not_found_or_deregistered,"""PROMONTA"" SPÓŁKA Z OGRANICZONĄ ODPOWIEDZIALNOŚCIĄ",16.10.Z:main
0000233778,204,not_found_or_deregistered,MARIJANA SPÓŁKA Z OGRANICZONĄ ODPOWIEDZIALNOŚCIĄ,16.10.Z:main
0000234120,204,not_found_or_deregistered,"SPÓŁDZIELNIA PRODUKCYJNO-HANDLOWA ""SAMOPOMOC""",16.10.Z:main
0000234192,204,not_found_or_deregistered,"PRZEDSIĘBIORSTWO USŁUGOWO-PRODUKCYJNE ""ARO"" PIOTR FABICH, PAWEŁ FABICH, RENATA FABICH, EWA FABICH SPÓŁKA JAWNA",16.10.Z:main
0000234326,204,not_found_or_deregistered,"""AL-MED"" SPÓŁKA Z OGRANICZONĄ ODPOWIEDZIALNOŚCIĄ",16.10.Z:main
0000234349,204,not_found_or_deregistered,INWESTOR OGRÓD SPÓŁKA Z OGRANICZONĄ ODPOWIEDZIALNOŚCIĄ,16.10.Z:main
0000234363,204,not_found_or_deregistered,MAWI SPÓŁKA Z OGRANICZONĄ ODPOWIEDZIALNOŚCIĄ,16.10.Z:main
0000234534,204,not_found_or_deregistered,PRZEDSIĘBIORSTWO WIELOBRANŻOWE BETULA SPÓŁKA Z OGRANICZONĄ ODPOWIEDZIALNOŚCIĄ,16.10.Z:main
0000234930,204,not_found_or_deregistered,TIMBERMIL SPÓŁKA Z OGRANICZONĄ ODPOWIEDZIALNOŚCIĄ,16.10.Z:main
0000235398,204,not_found_or_deregistered,"""WLAD. A.M."" SPÓŁKA Z OGRANICZONĄ ODPOWIEDZIALNOŚCIĄ",16.10.Z:main
0000235544,204,not_found_or_deregistered,"GRUPA PRODUCENTÓW ROLNYCH ""KA-ROL"" SPÓŁKA Z OGRANICZONĄ ODPOWIEDZIALNOŚCIĄ",16.10.Z:main
0000235617,204,not_found_or_deregistered,"""EUROHOUSE"" SPÓŁKA Z OGRANICZONĄ ODPOWIEDZIALNOŚCIĄ",16.10.Z:main
0000235675,204,not_found_or_deregistered,"""MAYGRUP"" SPÓŁKA Z OGRANICZONĄ ODPOWIEDZIALNOŚCIĄ",16.10.Z:main
0000236047,204,not_found_or_deregistered,STRATOS SPÓŁKA Z OGRANICZONĄ ODPOWIEDZIALNOŚCIĄ,16.10.Z:main
0000236423,204,not_found_or_deregistered,WOLF KLESZCZÓWEK SPÓŁKA Z OGRANICZONĄ ODPOWIEDZIALNOŚCIĄ,16.10.Z:main
0000236938,204,not_found_or_deregistered,"""DRAGMAR"" JAKUBSKI, MICHALKIEWICZ SPÓŁKA KOMANDYTOWA",16.10.Z:main
0000237078,204,not_found_or_deregistered,"""NORTEX TRANSPORT"" SPÓŁKA Z OGRANICZONĄ ODPOWIEDZIALNOŚCIĄ",16.10.Z:main
0000237441,204,not_found_or_deregistered,"""INSTAL CZUDEC ZAKŁAD SYSTEMÓW WENTYLACYJNYCH, KONSTRUKCYJNYCH I ODPYLAJĄCYCH"" SPÓŁKA Z OGRANICZONĄ ODPOWIEDZIALNOŚCIĄ",16.10.Z:main
0000237653,204,not_found_or_deregistered,"""NKN - ECO"" SPÓŁKA Z OGRANICZONĄ ODPOWIEDZIALNOŚCIĄ",16.10.Z:main
0000237775,204,not_found_or_deregistered,DECO - TARAS SPÓŁKA Z OGRANICZONĄ ODPOWIEDZIALNOŚCIĄ,16.10.Z:main
0000237985,204,not_found_or_deregistered,"""ARTCEM"" SPÓŁKA Z OGRANICZONĄ ODPOWIEDZIALNOŚCIĄ",16.10.Z:main
0000238073,204,not_found_or_deregistered,"""PB TRADE"" SPÓŁKA Z OGRANICZONĄ ODPOWIEDZIALNOŚCIĄ",16.10.Z:main
0000238152,204,not_found_or_deregistered,"""EURO-CENTER"" SPÓŁKA Z OGRANICZONĄ ODPOWIEDZIALNOŚCIĄ",16.10.Z:main
0000238192,204,not_found_or_deregistered,"""UMI-DREX.G.UMIŃSKA, M.UMIŃSKI"" SPÓŁKA JAWNA",16.10.Z:main
0000238882,204,not_found_or_deregistered,"PRZEDSIĘBIORSTWO CONSULTINGOWO-USŁUGOWE ""MAT-SERWIS"" SPÓŁKA Z OGRANICZONĄ ODPOWIEDZIALNOŚCIĄ",16.10.Z:main
0000238904,204,not_found_or_deregistered,"""TOPAZ-GROUP"" SPÓŁKA Z OGRANICZONĄ ODPOWIEDZIALNOŚCIĄ",16.10.Z:main
0000239199,204,not_found_or_deregistered,"PRZEDSIĘBIORSTWO INŻYNIERYJNO-BUDOWLANE ""KAŁAMAJKA KAZIMIERZ"" SPÓŁKA JAWNA",16.10.Z:main
0000239219,204,not_found_or_deregistered,"PRZEDSIĘBIORSTWO PROJEKTOWANIA I REALIZACJI BUDOWNICTWA ""STALPROJEKT"" SPÓŁKA Z OGRANICZONĄ ODPOWIEDZIALNOŚCIĄ",16.10.Z:main
0000239616,204,not_found_or_deregistered,SANDREW SPÓŁKA Z OGRANICZONĄ ODPOWIEDZIALNOŚCIĄ,16.10.Z:main
0000239671,204,not_found_or_deregistered,ARC DESIGN DANEL KRAWCZYK MOROSZCZUK SPÓŁKA JAWNA,16.10.Z:main
0000240615,204,not_found_or_deregistered,AK-PARTNER ANDRZEJ KLEWIŃSKI SPÓŁKA JAWNA,16.10.Z:main
0000240642,204,not_found_or_deregistered,"""BIOTRADE"" SPÓŁKA Z OGRANICZONĄ ODPOWIEDZIALNOŚCIĄ",16.10.Z:main
0000240931,204,not_found_or_deregistered,"PRZEDSIĘBIORSTWO TECHNICZNO-USŁUGOWE ""AKTIMAX"" SPÓŁKA Z OGRANICZONĄ ODPOWIEDZIALNOŚCIĄ",16.10.Z:main
0000242436,204,not_found_or_deregistered,"ZAKŁAD PRZEMYSŁU DRZEWNEGO ""DREWNOBUD"" SPÓŁKA Z OGRANICZONĄ ODPOWIEDZIALNOŚCIĄ",16.10.Z:main
0000242548,204,not_found_or_deregistered,"""BONKOWSKI"" - SPÓŁKA Z OGRANICZONĄ ODPOWIEDZIALNOŚCIĄ",16.10.Z:main
0000242792,204,not_found_or_deregistered,"""DOM-INO"" GLUC SPÓŁKA JAWNA",16.10.Z:main
0000243508,204,not_found_or_deregistered,ENS SPÓŁKA Z OGRANICZONĄ ODPOWIEDZIALNOŚCIĄ,16.10.Z:main
0000243601,204,not_found_or_deregistered,KALITS SPÓŁKA Z OGRANICZONĄ ODPOWIEDZIALNOŚCIĄ,16.10.Z:main
0000244055,204,not_found_or_deregistered,"PRZEDSIĘBIORSTWO HANDLOWO USŁUGOWE ""ADAGMA"" SPÓŁKA Z OGRANICZONĄ ODPOWIEDZIALNOŚCIĄ",16.10.Z:main
0000244663,204,not_found_or_deregistered,KANCELARIA DORADCZO-INWESTYCYJNA SPÓŁKA Z OGRANICZONĄ ODPOWIEDZIALNOŚCIĄ,16.10.Z:main
0000245332,204,not_found_or_deregistered,ELASTIC LINE SPÓŁKA Z OGRANICZONĄ ODPOWIEDZIALNOŚCIĄ,16.10.Z:main
0000246037,204,not_found_or_deregistered,M-7 GRUPA SPÓŁKA Z OGRANICZONĄ ODPOWIEDZIALNOŚCIĄ,16.10.Z:main
0000246093,204,not_found_or_deregistered,"PRZEDSIĘBIORSTWO WIELOBRANŻOWE ""STAGRA"" MIESZAŁA SPÓŁKA JAWNA",16.10.Z:main
0000246180,204,not_found_or_deregistered,"""DIAM-POL"" TOMASZ PAŚKIEWICZ SPÓŁKA JAWNA",16.10.Z:main
0000247395,204,not_found_or_deregistered,"""BEPEX"" SPÓŁKA Z OGRANICZONĄ ODPOWIEDZIALNOŚCIĄ",16.10.Z:main
0000247407,204,not_found_or_deregistered,MIMAR P.H.U. SZCZERBA I WSPÓLNICY SPÓŁKA JAWNA,16.10.Z:main
0000247696,204,not_found_or_deregistered,TOSSI DRAJKOPEL SPÓŁKA JAWNA,16.10.Z:main
0000248021,204,not_found_or_deregistered,WINDYKACJA SPÓŁKA Z OGRANICZONĄ ODPOWIEDZIALNOŚCIĄ,16.10.Z:main
0000248239,204,not_found_or_deregistered,A.T.K. SPÓŁKA Z OGRANICZONĄ ODPOWIEDZIALNOŚCIĄ,16.10.Z:main
0000248717,204,not_found_or_deregistered,OLIMAX SPÓŁKA Z OGRANICZONĄ ODPOWIEDZIALNOŚCIĄ,16.10.Z:main
0000249016,204,not_found_or_deregistered,X-LINE SPÓŁKA Z OGRANICZONĄ ODPOWIEDZIALNOŚCIĄ,16.10.Z:main
0000249237,204,not_found_or_deregistered,"""HBT"" MAGDALENA NĘDZA, BARTŁOMIEJ NĘDZA, ZBIGNIEW NĘDZA SPÓŁKA JAWNA",16.10.Z:main
0000249262,204,not_found_or_deregistered,KOMPLET PLUS SPÓŁKA Z OGRANICZONĄ ODPOWIEDZIALNOŚCIĄ,16.10.Z:main
0000249361,204,not_found_or_deregistered,AG METALL SPÓŁKA Z OGRANICZONĄ ODPOWIEDZIALNOŚCIĄ,16.10.Z:main
0000249733,204,not_found_or_deregistered,HUTA SZKŁA EDYTA SPÓŁKA Z OGRANICZONĄ ODPOWIEDZIALNOŚCIĄ,16.10.Z:main
0000249874,204,not_found_or_deregistered,"SPEDYCJA TRANSPORT ""WALPOL"" SPÓŁKA Z OGRANICZONĄ ODPOWIEDZIALNOŚCIĄ",16.10.Z:main
0000249932,204,not_found_or_deregistered,RAFEX WRONKI SPÓŁKA JAWNA RAFAŁ KWAŚNY,16.10.Z:main
0000250023,204,not_found_or_deregistered,"""KWADRAT - KLEMENT SPÓŁKA JAWNA""",16.10.Z:main
0000250681,204,not_found_or_deregistered,"""CARBON"" SPÓŁKA Z OGRANICZONĄ ODPOWIEDZIALNOŚCIĄ",16.10.Z:main
0000250886,204,not_found_or_deregistered,PRZEDSIĘBIORSTWO HANDLOWO-USŁUGOWE C & C SPÓŁKA Z OGRANICZONĄ ODPOWIEDZIALNOŚCIĄ,16.10.Z:main
0000251282,204,not_found_or_deregistered,IBERDROLA ENGINEERING AND CONSTRUCTION POLAND SPÓŁKA Z OGRANICZONĄ ODPOWIEDZIALNOŚCIĄ,16.10.Z:main
0000251458,204,not_found_or_deregistered,"""DREWBUD"" SPÓŁKA Z OGRANICZONĄ ODPOWIEDZIALNOŚCIĄ",16.10.Z:main
0000251674,204,not_found_or_deregistered,"PRZEDSIĘBIORSTWO PRODUKCYJNO-USŁUGOWE ""STALEWSCY"" K. STALEWSKI, J. STALEWSKI SPÓŁKA JAWNA",16.10.Z:main
0000251822,204,not_found_or_deregistered,"""BTT"" JAROSŁAW DENICKI, PRZEMYSŁAW TRÓLKA SPÓŁKA JAWNA",16.10.Z:main
0000252142,204,not_found_or_deregistered,"PRZEDSIĘBIORSTWO USŁUGOWO-HANDLOWE ""SORLEX"" SPÓŁKA Z OGRANICZONĄ ODPOWIEDZIALNOŚCIĄ",16.10.Z:main
0000252852,204,not_found_or_deregistered,PRO-LOGIS SPÓŁKA Z OGRANICZONĄ ODPOWIEDZIALNOŚCIĄ,16.10.Z:main
0000253154,204,not_found_or_deregistered,"""SKAPLANT"" SPÓŁKA Z OGRANICZONĄ ODPOWIEDZIALNOŚCIĄ",16.10.Z:main
0000253173,204,not_found_or_deregistered,"""MORSKA DĘBINA"" BUDZISZEWSKI SPÓŁKA JAWNA",16.10.Z:main
0000253237,204,not_found_or_deregistered,"""STADREW"" WOJCIECH STASIEŁUK SPÓŁKA JAWNA",16.10.Z:main
0000253345,204,not_found_or_deregistered,"""STOLBUD-PLAST"" SPÓŁKA Z OGRANICZONĄ ODPOWIEDZIALNOŚCIĄ",16.10.Z:main
0000253385,204,not_found_or_deregistered,KRAKOWSKA GRUPA INWESTYCYJNA SPÓŁKA Z OGRANICZONĄ ODPOWIEDZIALNOŚCIĄ,16.10.Z:main
0000253613,204,not_found_or_deregistered,"PRZEDSIĘBIORSTWO INŻYNIERYJNE ""SOCAR"" STANEK SPÓŁKA JAWNA",16.10.Z:main
0000254350,204,not_found_or_deregistered,BUDIZOL SPÓŁKA AKCYJNA,16.10.Z:main
0000254493,204,not_found_or_deregistered,"""GALUX"" SPÓŁKA Z OGRANICZONĄ ODPOWIEDZIALNOŚCIĄ",16.10.Z:main
0000254708,204,not_found_or_deregistered,"PRZEDSIĘBIORSTWO WIELOBRANŻOWE ""INTERTECHBUD"" SPÓŁKA Z OGRANICZONĄ ODPWIEDZIALNOŚCIĄ",16.10.Z:main
0000254784,204,not_found_or_deregistered,ARMA TRADE SPÓŁKA Z OGRANICZONĄ ODPOWIEDZIALNOŚCIĄ,16.10.Z:main
0000255659,204,not_found_or_deregistered,"""AGRARTEST"" SPÓŁKA Z OGRANICZONĄ ODPOWIEDZIALNOŚCIĄ",16.10.Z:main
0000256420,204,not_found_or_deregistered,"""DOM SNOOKERA"" SPÓŁKA Z OGRANICZONĄ ODPOWIEDZIALNOŚCIĄ",16.10.Z:main
0000256962,204,not_found_or_deregistered,RADIATOR SPÓŁKA Z OGRANICZONĄ ODPOWIEDZIALNOŚCIĄ,16.10.Z:main
0000257394,204,not_found_or_deregistered,"FIRMA HANDLOWA ""ANNA"" SPÓŁKA Z OGRANICZONĄ ODPOWIEDZIALNOŚCIĄ",16.10.Z:main
0000257560,204,not_found_or_deregistered,SOVEREIGN INWESTYCJE II SPÓŁKA Z OGRANICZONĄ ODPOWIEDZIALNOŚCIĄ,16.10.Z:main
0000257597,204,not_found_or_deregistered,FIBRE - DECOR.PL SPÓŁKA Z OGRANICZONĄ ODPOWIEDZIALNOŚCIĄ,16.10.Z:main
0000257824,204,not_found_or_deregistered,"PRZEDSIĘBIORSTWO PRODUKCYJNO-HANDLOWO-USŁUGOWE ""DREWDOM"" SPÓŁKA JAWNA JAN RYBIŃSKI, MARCIN WILOCH",16.10.Z:main
0000258272,204,not_found_or_deregistered,"GLADUS SYSTEM OCHRONY BLOCH, STERNE SPÓŁKA JAWNA",16.10.Z:main
0000258291,204,not_found_or_deregistered,TROJAN SPÓŁKA Z OGRANICZONĄ ODPOWIEDZIALNOŚCIĄ,16.10.Z:main
0000258487,204,not_found_or_deregistered,POLSKA ORGANIZACJA OBRONY BEZROBOTNYCH I UBOGICH,16.10.Z:main
0000258881,204,not_found_or_deregistered,"PACK-MAKER JACEK BOJANEK, ANNA BOJANEK SPÓŁKA JAWNA",16.10.Z:main
0000258884,204,not_found_or_deregistered,NOVECO SPÓŁKA Z OGRANICZONĄ ODPOWIEDZIALNOŚCIĄ,16.10.Z:main
0000258907,204,not_found_or_deregistered,"""BUDOWNICTWO"" WIELOBRANŻOWA SPÓŁDZIELNIA SOCJALNA",16.10.Z:main
0000259493,204,not_found_or_deregistered,KREDYTY DLA LUDNOŚCI SPÓŁKA Z OGRANICZONĄ ODPOWIEDZIALNOŚCIĄ,16.10.Z:main
0000259539,204,not_found_or_deregistered,"""TIAN YI"" SPÓŁKA Z OGRANICZONĄ ODPOWIEDZIALNOŚCIĄ",16.10.Z:main
0000259611,204,not_found_or_deregistered,STELMET SPÓŁKA AKCYJNA,16.10.Z:main
0000259934,204,not_found_or_deregistered,"""HOBAMET"" SPÓŁKA Z OGRANICZONĄ ODPOWIEDZIALNOŚCIĄ",16.10.Z:main
0000260273,204,not_found_or_deregistered,BRACIA WILAND SPÓŁKA JAWNA,16.10.Z:main
0000260579,204,not_found_or_deregistered,"PRZEDSIĘBIORSTWO BUDOWLANE ""TOMBUD"" SPÓŁKA Z OGRANICZONĄ ODPOWIEDZIALNOŚCIĄ",16.10.Z:main
0000260583,204,not_found_or_deregistered,"""ROLPOL"" SPÓŁKA Z OGRANICZONĄ ODPOWIEDZIALNOŚCIĄ",16.10.Z:main
0000260984,204,not_found_or_deregistered,EWMAR SPÓŁKA Z OGRANICZONĄ ODPOWIEDZIALNOŚCIĄ,16.10.Z:main
0000261011,204,not_found_or_deregistered,MAGDALENKA SPÓŁKA Z OGRANICZONĄ ODPOWIEDZIALNOŚCIĄ,16.10.Z:main
0000261270,204,not_found_or_deregistered,"""KOMITYWA"" SPÓŁKA Z OGRANICZONĄ ODPOWIEDZIALNOŚCIĄ",16.10.Z:main
0000261315,204,not_found_or_deregistered,FABRYKA DREWNA SPÓŁKA Z OGRANICZONĄ ODPOWIEDZIALNOŚCIĄ,16.10.Z:main
0000261617,204,not_found_or_deregistered,EURO-CONSULTING PARTNERS SPÓŁKA Z OGRANICZONĄ ODPOWIEDZIALNOŚCIĄ,16.10.Z:main
0000261819,204,not_found_or_deregistered,"""MABUDO"" SPÓŁKA Z OGRANICZONĄ ODPOWIEDZIALNOŚCIĄ",16.10.Z:main
0000261916,204,not_found_or_deregistered,BUDNEST SPÓŁKA Z OGRANICZONĄ ODPOWIEDZIALNOŚCIĄ,16.10.Z:main
0000262184,204,not_found_or_deregistered,PCZ POLSKI DEWELOPER SPÓŁKA Z OGRANICZONĄ ODPOWIEDZIALNOŚCIĄ,16.10.Z:main
0000263218,204,not_found_or_deregistered,DKF SPÓŁKA Z OGRANICZONĄ ODPOWIEDZIALNOŚCIĄ,16.10.Z:main
0000263902,204,not_found_or_deregistered,"""BALTIC - BUD"" SPÓŁKA Z OGRANICZONĄ ODPOWIEDZIALNOŚCIĄ",16.10.Z:main
0000264163,204,not_found_or_deregistered,GRUPA PRODUCENTÓW ŻYWCA SZYMANOWO,16.10.Z:main
0000264348,204,not_found_or_deregistered,"""A & M PARTNERS"" SPÓŁKA Z OGRANICZONĄ ODPOWIEDZIALNOŚCIĄ",16.10.Z:main
0000264464,204,not_found_or_deregistered,"""KEWES FLORISTIK POLSKA"" SPÓŁKA Z OGRANICZONĄ ODPOWIEDZIALNOŚCIĄ SPÓŁKA KOMANDYTOWA",16.10.Z:main
0000264542,204,not_found_or_deregistered,"PRZEDSIĘBIORSTWO PRODUKCYJNO-USŁUGOWE ""DREMET"" SPÓŁKA Z OGRANICZONĄ ODPOWIEDZIALNOŚCIĄ",16.10.Z:main
0000264707,204,not_found_or_deregistered,TROJA SPÓŁKA Z OGRANICZONĄ ODPOWIEDZIALNOŚCIĄ,16.10.Z:main
0000265316,204,not_found_or_deregistered,X.X.R. SPÓŁKA Z OGRANICZONĄ ODPOWIEDZIALNOŚCIĄ,16.10.Z:main
0000265618,204,not_found_or_deregistered,ALBIGAL SPÓŁKA Z OGRANICZONĄ ODPOWIEDZIALNOŚCIĄ,16.10.Z:main
0000265806,204,not_found_or_deregistered,"""RMR - URSZULA OLMA - SPÓŁKA JAWNA""",16.10.Z:main
0000266917,204,not_found_or_deregistered,DESART SYSTEM SPÓŁKA Z OGRANICZONĄ ODPOWIEDZIALNOŚCIĄ,16.10.Z:main
0000266966,204,not_found_or_deregistered,ECO-PELLETS SPÓŁKA Z OGRANICZONĄ ODPOWIEDZIALNOŚCIĄ,16.10.Z:main
0000267228,204,not_found_or_deregistered,"""DK SPÓŁKA Z OGRANICZONĄ ODPOWIEDZIALNOŚCIĄ""",16.10.Z:main
0000267516,204,not_found_or_deregistered,"GOSPODARSTWO ROLNE  - 3 MDJ M. WĄSOWSKI, M. KUĆ, M. ROMAŃCZUK, J. STANISZEWSKI, D. STANICKI ""SPÓŁKA JAWNA""",16.10.Z:main
0000267840,204,not_found_or_deregistered,SIMEXPOL SPÓŁKA Z OGRANICZONĄ ODPOWIEDZIALNOŚCIĄ,16.10.Z:main
0000267982,204,not_found_or_deregistered,"""IGNIS"" SPÓŁKA Z OGRANICZONĄ ODPOWIEDZIALNOŚCIĄ",16.10.Z:main
0000268489,204,not_found_or_deregistered,ROBTO BIS SPÓŁKA Z OGRANICZONĄ ODPOWIEDZIALNOŚCIĄ,16.10.Z:main
0000268985,204,not_found_or_deregistered,PORTDARGIN SPÓŁKA Z OGRANICZONĄ ODPOWIEDZIALNOŚCIĄ,16.10.Z:main
0000269285,204,not_found_or_deregistered,MARGO SPÓŁKA Z OGRANICZONĄ ODPOWIEDZIALNOŚCIĄ,16.10.Z:main
0000269441,204,not_found_or_deregistered,CENTROSTAL-BĘDZIN SPÓŁKA AKCYJNA,16.10.Z:main
0000269676,204,not_found_or_deregistered,PRZEDSIĘBIORSTWO ELBYD SPÓŁKA Z OGRANICZONĄ ODPOWIEDZIALNOŚCIĄ,16.10.Z:main
0000270164,204,not_found_or_deregistered,"PRZEDSIĘBIORSTWO BUDOWLANO-PROJEKTOWE ""EUROBUDOWA"" SPÓŁKA Z OGRANICZONĄ ODPOWIEDZIALNOŚCIĄ",16.10.Z:main
0000270327,204,not_found_or_deregistered,ZAKŁAD ODLEWNICZY TERESA PIOTROWSKA SPÓŁKA JAWNA,16.10.Z:main
0000270678,204,not_found_or_deregistered,EUROSYSTEM POLSKA SPÓŁKA Z OGRANICZONĄ ODPOWIEDZIALNOŚCIĄ,16.10.Z:main
0000270789,204,not_found_or_deregistered,GRUPO CARRERA SPÓŁKA Z OGRANICZONĄ ODPOWIEDZIALNOŚCIĄ,16.10.Z:main
0000270886,204,not_found_or_deregistered,KLOPFER POLSKA SPÓŁKA Z OGRANICZONĄ ODPOWIEDZIALNOŚCIĄ,16.10.Z:main
0000271074,204,not_found_or_deregistered,BIZNESPRO SPÓŁKA Z OGRANICZONĄ ODPOWIEDZIALNOŚCIĄ,16.10.Z:main
0000271581,204,not_found_or_deregistered,BUDOSTOL SPÓŁKA Z OGRANICZONĄ ODPOWIEDZIALNOŚCIĄ,16.10.Z:main
0000271675,204,not_found_or_deregistered,"""NOWARA & PIŃSKI NIERUCHOMOŚCI"" SPÓŁKA JAWNA",16.10.Z:main
0000271688,204,not_found_or_deregistered,WIDREX-TRANS SPÓŁKA Z OGRANICZONĄ ODPOWIEDZIALNOŚCIĄ,16.10.Z:main
0000271779,204,not_found_or_deregistered,RAD-INWEST SPÓŁKA Z OGRANICZONĄ ODPOWIEDZIALNOŚCIĄ,16.10.Z:main
0000271938,204,not_found_or_deregistered,"""FOREST STYLE POLSKA"" SPÓŁKA Z OGRANICZONĄ ODPOWIEDZIALNOŚCIĄ",16.10.Z:main
0000272019,204,not_found_or_deregistered,WĘGLO-PAK SPÓŁKA Z OGRANICZONĄ ODPOWIEDZIALNOŚCIĄ,16.10.Z:main
0000272085,204,not_found_or_deregistered,MILTON TRUSTEE SPÓŁKA Z OGRANICZONĄ ODPOWIEDZIALNOŚCIĄ,16.10.Z:main
0000272217,204,not_found_or_deregistered,"""PIAST - JK"" SPÓŁKA Z OGRANICZONĄ ODPOWIEDZIALNOŚCIĄ",16.10.Z:main
0000273228,204,not_found_or_deregistered,"""ELEKTROPROJEKT WROCŁAW"" SPÓŁKA Z OGRANICZONĄ ODPOWIEDZIALNOŚCIĄ",16.10.Z:main
0000273583,204,not_found_or_deregistered,"""WIĄZARY BURKIETOWICZ"" SPÓŁKA JAWNA",16.10.Z:main
0000273610,204,not_found_or_deregistered,"""KOLEJ GONDOLOWA ŚWIERADÓW ZDRÓJ"" SPÓŁKA Z OGRANICZONĄ ODPOWIEDZIALNOŚCIĄ",16.10.Z:main
0000273661,204,not_found_or_deregistered,ROSMOSIS-WAWRZYNIAK SPÓŁKA Z OGRANICZONĄ ODPOWIEDZIALNOŚCIĄ,16.10.Z:main
0000273752,204,not_found_or_deregistered,CENTRUM WELLNESS POLSKA SPÓŁKA Z OGRANICZONĄ ODPOWIEDZIALNOŚCIA,16.10.Z:main
0000273822,204,not_found_or_deregistered,SH MEDIA SPÓŁKA Z OGRANICZONĄ ODPOWIEDZIALNOŚCIĄ,16.10.Z:main
0000274006,204,not_found_or_deregistered,GRUPA KAPITAŁOWA NICO SPÓŁKA Z OGRANICZONĄ ODPOWIEDZIALNOŚCIĄ,16.10.Z:main
0000274087,204,not_found_or_deregistered,EKOTECHNIKA 1988 SPÓŁKA Z OGRANICZONĄ ODPOWIEDZIALNOŚCIĄ,16.10.Z:main
0000274167,204,not_found_or_deregistered,ITAL DOM SPÓŁKA Z OGRANICZONĄ ODPOWIEDZIALNOŚCIĄ,16.10.Z:main
0000274503,204,not_found_or_deregistered,"""MMD PROJECT"" SPÓŁKA Z OGRANICZONĄ ODPOWIEDZIALNOŚCIĄ",16.10.Z:main
0000274628,204,not_found_or_deregistered,"""PRZEDSIĘBORSTWO BUDOWLANE STRYKOWSKI SPÓŁKA JAWNA""",16.10.Z:main
0000274919,204,not_found_or_deregistered,JAWOR SPÓŁKA Z OGRANICZONĄ ODPOWIEDZIALNOŚCIĄ,16.10.Z:main
0000275207,204,not_found_or_deregistered,"CENTRALA PRODUKCYJNO-USŁUGOWA ""PRODMEX"" SPÓŁKA Z OGRANICZONĄ ODPOWIEDZIALNOŚCIĄ",16.10.Z:main
0000275394,204,not_found_or_deregistered,AQR TRAIDING SPÓŁKA Z OGRANICZONĄ ODPOWIEDZIALNOŚCIĄ,16.10.Z:main
0000275469,204,not_found_or_deregistered,GRUPA PRODUCENTÓW ZBÓŻ I NASION ROSLIN OLEISTYCH ŁAN SPÓŁKA Z OGRANICZONĄ ODPOWIEDZIALNOŚCIĄ,16.10.Z:main
0000275554,204,not_found_or_deregistered,KOWALSKI I WSPÓLNICY SPÓŁKA KOMANDYTOWA,16.10.Z:main
0000275567,204,not_found_or_deregistered,ORA EXPO INTERNATIONAL SPÓŁKA Z OGRANICZONĄ ODPOWIEDZIALNOŚCIĄ,16.10.Z:main
0000275586,204,not_found_or_deregistered,"PALETA SPÓŁKA JAWNA BEATA KRAMER, AGNIESZKA SOBOL-GULBINOWICZ",16.10.Z:main
0000275908,204,not_found_or_deregistered,KONSENS SPÓŁKA Z OGRANICZONĄ ODPOWIEDZIALNOŚCIĄ,16.10.Z:main
0000276471,204,not_found_or_deregistered,"""POLMAX"" SPÓŁKA Z OGRANICZONĄ ODPOWIEDZIALNOŚCIĄ",16.10.Z:main
0000276644,204,not_found_or_deregistered,"MAZOWIECKIE PRZEDSIĘBIORSTWO ROBÓT DROGOWYCH ""DROGBUD"" SPÓŁKA Z OGRANICZONĄ ODPOWIEDZIALNOŚCIĄ",16.10.Z:main
0000276667,204,not_found_or_deregistered,"""PRZEDSIĘBIORSTWO HANDLU, USŁUG I PRODUKCJI RÓŻNEJ ""LAPIS II"" SPÓŁKA Z OGRANICZONĄ ODPOWIEDZIALNOŚCIĄ""",16.10.Z:main
0000277383,204,not_found_or_deregistered,AGENCJA DORADZTWA INWESTYCYJNEGO SPÓŁKA Z OGRANICZONĄ ODPOWIEDZIALNOŚCIĄ,16.10.Z:main
0000277552,204,not_found_or_deregistered,"""REFREN"" SPÓŁKA Z OGRANICZONĄ ODPOWIEDZIALNOŚCIĄ",16.10.Z:main
0000277709,204,not_found_or_deregistered,"""ORAJ"" - SPÓŁKA Z OGRANICZONĄ ODPOWIEDZIALNOŚCIĄ",16.10.Z:main
0000277828,204,not_found_or_deregistered,"""POLSKA SOSNA"" SPÓŁKA Z OGRANICZONĄ ODPOWIEDZIALNOŚCIĄ W LIKWIDACJI",16.10.Z:main
0000277900,204,not_found_or_deregistered,PAGED MEBLE SPÓŁKA AKCYJNA,16.10.Z:main
0000277924,204,not_found_or_deregistered,DĄBEX JÓZEF NOWAK I WSPÓLNICY SPÓŁKA JAWNA,16.10.Z:main
0000278583,204,not_found_or_deregistered,FALLKLANDY STANISŁAW I EDWARD FAL SPÓŁKA JAWNA,16.10.Z:main
0000279078,204,not_found_or_deregistered,"RDS STAL SYNOWICZ, DYMITROW SPÓŁKA JAWNA",16.10.Z:main
0000279127,204,not_found_or_deregistered,"""MMAD ŁUPIŃSKI TREPCZYŃSKI"" SPÓŁKA KOMANDYTOWA",16.10.Z:main
0000279141,204,not_found_or_deregistered,REST SPÓŁKA Z OGRANICZONĄ ODPOWIEDZIALNOŚCIĄ,16.10.Z:main
0000279155,204,not_found_or_deregistered,N-WOOD SPÓŁKA Z OGRANICZONĄ ODPOWIEDZIALNOŚCIĄ,16.10.Z:main
0000279535,204,not_found_or_deregistered,"STUDIO KLIK MARCIN DĄBKOWSKI, ARTUR JARMULSKI, ROBERT GRZENIEWSKI SPÓŁKA JAWNA",16.10.Z:main
0000279621,204,not_found_or_deregistered,DOM STYL SPÓŁKA Z OGRANICZONĄ ODPOWIEDZIALNOŚCIĄ SPÓŁKA KOMANDYTOWA,16.10.Z:main
0000280274,204,not_found_or_deregistered,"""LB"" GMBH SPÓŁKA Z OGRANICZONĄ ODPOWIEDZIALNOŚCIĄ",16.10.Z:main
0000280432,204,not_found_or_deregistered,HUMAN PROMOTION SPÓŁKA Z OGRANICZONĄ ODPOWIEDZIALNOŚCIĄ,16.10.Z:main
0000280918,204,not_found_or_deregistered,"PRODUCENT STOLARKI DRZEWNEJ ""MARKOP"" SPÓŁKA JAWNA IGNACY BARAŃSKI I ZBIGNIEW BARAŃSKI",16.10.Z:main
0000281044,204,not_found_or_deregistered,FORMACJA SPÓŁKA Z OGRANICZONĄ ODPOWIEDZIALNOŚCIĄ,16.10.Z:main
0000281066,204,not_found_or_deregistered,KONTURART DĘBICKI T. KONONOWICZ S. TABERSKI R. SPÓŁKA JAWNA,16.10.Z:main
0000281179,204,not_found_or_deregistered,SUPER DOM SPÓŁKA Z OGRANICZONĄ ODPOWIEDZIALNOŚCIĄ,16.10.Z:main
0000281278,204,not_found_or_deregistered,JACKOB NEUMANN SPÓŁKA Z OGRANICZONĄ ODPOWIEDZIALNOŚCIĄ,16.10.Z:main
0000281629,204,not_found_or_deregistered,"ZAKŁAD PRZEROBU DREWNA ""BOBER"" SPÓŁKA Z OGRANICZONĄ ODPOWIEDZIALNOŚCIĄ",16.10.Z:main
0000281870,204,not_found_or_deregistered,"""JP TRÓLKA"" SPÓŁKA JAWNA",16.10.Z:main
0000282827,204,not_found_or_deregistered,"""SAMSON ROBERT PRYMAS"" SPÓŁKA KOMANDYTOWA",16.10.Z:main
0000283262,204,not_found_or_deregistered,B & B FINANCE BARTŁOMIEJ MATUSZKIEWICZ SPÓŁKA KOMANDYTOWA,16.10.Z:main
0000283355,204,not_found_or_deregistered,MB INTERIOR SPÓŁKA Z OGRANICZONĄ ODPOWIEDZIALNOŚCIĄ,16.10.Z:main
0000283600,204,not_found_or_deregistered,"""RYNEK NIERUCHOMOŚCI"" IWONA GRANAT, DARIUSZ BIELICKI SPÓŁKA JAWNA",16.10.Z:main
0000283627,204,not_found_or_deregistered,"PPH ""DREW-MONT"" RAFAŁ I BARBARA SULKOWSCY SPÓŁKA JAWNA",16.10.Z:main
0000283639,204,not_found_or_deregistered,"PRZEDSIĘBIORSTWO PRODUKCYJNO-USŁUGOWE ""DOBOSZ SPÓŁKA Z OGRANICZONĄ ODPOWIEDZIALNOŚCIĄ"" SPÓŁKA KOMANDYTOWA",16.10.Z:main
0000283733,204,not_found_or_deregistered,M.O.L. ROMGUM ŁAWICKI I SPÓŁKA SPÓŁKA JAWNA,16.10.Z:main
0000283760,204,not_found_or_deregistered,SKALPOL SPÓŁKA Z OGRANICZONĄ ODPOWIEDZIALNOŚCIĄ,16.10.Z:main
0000284276,204,not_found_or_deregistered,LABORATORIA LA MEDICA SPÓŁKA Z OGRANICZONĄ ODPOWIEDZIALNOŚCIĄ,16.10.Z:main
0000284570,204,not_found_or_deregistered,"""FASHION"" SPÓŁKA Z OGRANICZONĄ ODPOWIEDZIALNOŚCIĄ",16.10.Z:main
0000284836,204,not_found_or_deregistered,"PACK SYSTEM J.KAŁUSKI, K.ZAKRZEWSKI, M.PIWOWAR. SPÓŁKA JAWNA",16.10.Z:main
0000285965,204,not_found_or_deregistered,"""KW WOODEN FLOORS"" SPÓŁKA Z OGRANICZONĄ ODPOWIEDZIALNOŚCIĄ",16.10.Z:main
0000286005,204,not_found_or_deregistered,MINERAL GROUP SPÓŁKA Z OGRANICZONĄ ODPOWIEDZIALNOŚCIĄ,16.10.Z:main
0000286108,204,not_found_or_deregistered,"GRUPA PRODUCENTÓW OWOCÓW I WARZYW ""EKO-PRODUKT"" SPÓŁKA Z OGRANICZONĄ ODPOWIEDZIALNOŚCIĄ",16.10.Z:main
0000286275,204,not_found_or_deregistered,"""DOM WROCŁAWSKI"" SPÓŁKA Z OGRANICZONĄ ODPOWIEDZIALNOŚCIĄ",16.10.Z:main
0000286471,204,not_found_or_deregistered,MMAQ-COOP SPÓŁKA Z OGRANICZONĄ ODPOWIEDZIALNOŚCIĄ,16.10.Z:main
0000286788,204,not_found_or_deregistered,"""MIESZKO-BIOMASA"" SPÓŁKA Z OGRANICZONĄ ODPOWIEDZIALNOŚCIĄ",16.10.Z:main
0000286889,204,not_found_or_deregistered,MCZ INVESTMENT SPÓŁKA Z OGRANICZONĄ ODPOWIEDZIALNOŚCIĄ,16.10.Z:main
0000287482,204,not_found_or_deregistered,"""MAXIM"" SPÓŁKA Z OGRANICZONĄ ODPOWIEDZIALNOŚCIĄ",16.10.Z:main
0000287509,204,not_found_or_deregistered,"""FRIZZANTE POLSKA"" SPÓŁKA Z OGRANICZONĄ ODPOWIEDZIALNOŚCIĄ",16.10.Z:main
0000287862,204,not_found_or_deregistered,INTERIM DUMAS SPÓŁKA Z OGRANICZONĄ ODPOWIEDZIALNOŚCIĄ,16.10.Z:main
0000287882,204,not_found_or_deregistered,KAMI KLUKA MALIŃSKA SPÓŁKA JAWNA,16.10.Z:main
0000288266,204,not_found_or_deregistered,"""TRAKO ADAM WIELOMEK & ZDZISŁAW BACHOWSKI"" SPÓŁKA JAWNA",16.10.Z:main
0000288361,204,not_found_or_deregistered,PRZYJAZNA ENERGIA SPÓŁKA Z OGRANICZONĄ ODPOWIEDZIALNOŚCIĄ,16.10.Z:main
0000288399,204,not_found_or_deregistered,"PRZEDSIĘBIORSTWO PRODUKCYJNO HANDLOWO USŁUGOWE ""WIX DEVELOPER"" MARIUSZ MIKULSKI, SPÓŁKA JAWNA",16.10.Z:main
0000288739,204,not_found_or_deregistered,"KOMDREW ARTUR MAZUR, MICHAŁ KUBAS SPÓŁKA JAWNA",16.10.Z:main
0000289073,204,not_found_or_deregistered,KARISMA 1 ROBERT WILKOWSKI SPÓŁKA JAWNA,16.10.Z:main
0000289468,204,not_found_or_deregistered,"""ŻARY CONSTRUCTION"" SPÓŁKA Z OGRANICZONĄ ODPOWIEDZIALNOŚCIĄ",16.10.Z:main
0000289470,204,not_found_or_deregistered,"ZAKŁAD PRZETWÓRSTWA I SKUPU ROŚLIN ENERGETYCZNYCH ""EKO-SEB"" SPÓŁKA Z OGRANICZONĄ ODPOWIEDZIALNOŚCIĄ",16.10.Z:main
0000290272,204,not_found_or_deregistered,TYL-OIL SPÓŁKA Z OGRANICZONĄ ODPOWIEDZIALNOŚCIĄ,16.10.Z:main
0000290331,204,not_found_or_deregistered,WITMAR SPÓŁKA Z OGRANICZONĄ ODPOWIEDZIALNOŚCIĄ,16.10.Z:main
0000290511,204,not_found_or_deregistered,"PRZEDSIĘBIORSTWO BUDOWLANO USŁUGOWE ""WIXBUD"" SŁAWOMIR MIKULSKI, SPÓŁKA JAWNA",16.10.Z:main
0000290621,204,not_found_or_deregistered,MARTEN SPÓŁKA Z OGRANICZONĄ ODPOWIEDZIALNOŚCIĄ,16.10.Z:main
0000291213,204,not_found_or_deregistered,PROSPER-TECH SPÓŁKA Z OGRANICZONĄ ODPOWIEDZIALNOŚCIĄ,16.10.Z:main
0000291260,204,not_found_or_deregistered,POMERANIAN MUSHROOMS - ECO GROUP SPÓŁKA Z OGRANICZONĄ ODPOWIEDZIALNOŚCIĄ,16.10.Z:main
0000291939,204,not_found_or_deregistered,POLFORMAT SPÓŁKA Z OGRANICZONĄ ODPOWIEDZIALNOŚCIĄ,16.10.Z:main
0000292068,204,not_found_or_deregistered,KARCZ SPÓŁKA Z OGRANICZONĄ ODPOWIEDZIALNOŚCIĄ,16.10.Z:main
0000292275,204,not_found_or_deregistered,GRUPA STOLEM TADEUSZ BIGUS & ANDRZEJ BIGUS SPÓŁKA JAWNA,16.10.Z:main
0000292346,204,not_found_or_deregistered,GLOBAL ENTERPRISES SPÓŁKA Z OGRANICZONĄ ODPOWIEDZIALNOŚCIĄ,16.10.Z:main
0000292783,204,not_found_or_deregistered,CAVI GRUOP SPÓŁKA Z OGRANICZONĄ ODPOWIEDZIALNOŚCIĄ,16.10.Z:main
0000293060,204,not_found_or_deregistered,STELLA 2007 SPÓŁKA Z OGRANICZONĄ ODPOWIEDZIALNOŚCIĄ,16.10.Z:main
0000294225,204,not_found_or_deregistered,"""ARECA PLANT"" SPÓŁKA Z OGRANICZONĄ ODPOWIEDZIALNOŚCIĄ",16.10.Z:main
0000294795,204,not_found_or_deregistered,KODRAJ SPÓŁKA Z OGRANICZONĄ ODPOWIEDZIALNOŚCIĄ,16.10.Z:main
0000294975,204,not_found_or_deregistered,INVICTUS MD SPÓŁKA Z OGRANICZONĄ ODPOWIEDZIALNOŚCIĄ,16.10.Z:main
0000295075,204,not_found_or_deregistered,FAST KRAKÓW SPÓŁKA Z OGRANICZONĄ ODPOWIEDZIALNOŚCIĄ SPÓŁKA KOMANDYTOWA,16.10.Z:main
0000295272,204,not_found_or_deregistered,JUNIOR ESTATE SPÓŁKA Z OGRANICZONĄ ODPOWIEDZIALNOŚCIĄ,16.10.Z:main
0000295741,204,not_found_or_deregistered,FABRYKA MEBLI BENIX KACZOROWSCY SPÓŁKA JAWNA,16.10.Z:main
0000295762,204,not_found_or_deregistered,FABRYKA MEBLI WER-SAL KACZOROWSCY SPÓŁKA JAWNA,16.10.Z:main
0000295766,204,not_found_or_deregistered,HITGARDEN SPÓŁKA Z OGRANICZONĄ ODPOWIEDZIALNOŚCIĄ,16.10.Z:main
0000296001,204,not_found_or_deregistered,"""STONES"" J.R.M. SKUCIK SPÓŁKA JAWNA",16.10.Z:main
0000296366,204,not_found_or_deregistered,"""P M PILARSKI MIŚKIEWICZ"" SPÓŁKA Z OGRANICZONĄ ODPOWIEDZIALNOŚCIĄ",16.10.Z:main
0000296506,204,not_found_or_deregistered,"""WESTERN POLAND WOOD PRODUCTS, WESTERN POLAND COMMERCIAL INVESTMENTS SPÓŁKA Z OGRANICZONĄ ODPOWIEDZIALNOŚCIĄ"" SPÓŁKA KOMANDYTOWA",16.10.Z:main
0000296852,204,not_found_or_deregistered,FUNDACJA IM.G.AGRICOLA,16.10.Z:main
0000296933,204,not_found_or_deregistered,TECHNOINWEST SPÓŁKA Z OGRANICZONĄ ODPOWIEDZIALNOŚCIĄ,16.10.Z:main
0000296971,204,not_found_or_deregistered,SHIRA INVESTMENTS SPÓŁKA Z OGRANICZONĄ ODPOWIEDZIALNOŚCIĄ,16.10.Z:main
0000297647,204,not_found_or_deregistered,POLUS SPÓŁKA Z OGRANICZONĄ ODPOWIEDZIALNOŚCIĄ,16.10.Z:main
0000297758,204,not_found_or_deregistered,"DZIECIĘCA KRAINA ""BRYKAJĄCE TYGRYSY"" BYLICA KOŁODZIEJ SPÓŁKA JAWNA",16.10.Z:main
0000297999,204,not_found_or_deregistered,"""KOPEX-EKO SPÓŁKA Z OGRANICZONĄ ODPOWIEDZIALNOIŚCIĄ""",16.10.Z:main
0000298279,204,not_found_or_deregistered,"BUDOWNICTWO OGÓLNE ""SIMACO"" M.SIKORA I R.SIKORA SPÓŁKA JAWNA",16.10.Z:main
0000299029,204,not_found_or_deregistered,"BIURO KREACJI SYSTEMOWEJ ""DWÓJKA"" SPÓŁKA Z OGRANICZONĄ ODPOWIEDZIALNOŚCIĄ",16.10.Z:main
0000299159,204,not_found_or_deregistered,"""DIG-NET"" LENART SPÓŁKA JAWNA",16.10.Z:main
0000299542,204,not_found_or_deregistered,"""DOM I OGRÓD MARTA"" SPÓŁKA Z OGRANICZONĄ ODPOWIEDZIALNOŚCIĄ",16.10.Z:main
0000299546,204,not_found_or_deregistered,OMNIWOOD SPÓŁKA Z OGRANICZONĄ ODPOWIEDZIALNOŚCIĄ,16.10.Z:main
0000299612,204,not_found_or_deregistered,LAGAN POLAND SPÓŁKA Z OGRANICZONĄ ODPOWIEDZIALNOŚCIĄ,16.10.Z:main
0000299739,204,not_found_or_deregistered,MARDOM CONCEPT SPÓŁKA Z OGRANICZONĄ ODPOWIEDZIALNOŚCIĄ,16.10.Z:main
0000299957,204,not_found_or_deregistered,"""MURAPOL PRO SPÓŁKA Z OGRANICZONĄ ODPOWIEDZIALNOŚCIĄ""",16.10.Z:main
0000299971,204,not_found_or_deregistered,H.DESIGN ZBIGNIEW WOJDAT LONGINA KOSIOR SPÓŁKA JAWNA,16.10.Z:main
0000300008,204,not_found_or_deregistered,"""MURAPOL IN SPÓŁKA Z OGRANICZONĄ ODPOWIEDZIALNOŚCIĄ""",16.10.Z:main
0000300557,204,not_found_or_deregistered,ALLCASS DIRECT SPÓŁKA Z OGRANICZONĄ ODPOWIEDZIALNOŚCIĄ,16.10.Z:main
0000300806,204,not_found_or_deregistered,BIOAL SPÓŁKA Z OGRANICZONĄ ODPOWIEDZIALNOŚCIĄ,16.10.Z:main
0000300921,204,not_found_or_deregistered,"SERWIS HANDLOWO-USŁUGOWY ""HORUS"" SPÓŁKA Z OGRANICZONĄ ODPOWIEDZIALNOŚCIĄ",16.10.Z:main
0000300936,204,not_found_or_deregistered,EUROEXPORT SPÓŁKA Z OGRANICZONĄ ODPOWIEDZIALNOŚCIĄ,16.10.Z:main
0000300938,204,not_found_or_deregistered,DAKOM SPÓŁKA Z OGRANICZONĄ ODPOWIEDZIALNOŚCIĄ,16.10.Z:main
0000300986,204,not_found_or_deregistered,POWERS SERVICE SPÓŁKA Z OGRANICZONĄ ODPOWIEDZIALNOŚCIĄ,16.10.Z:main
0000300995,204,not_found_or_deregistered,BEELAUD SPÓŁKA Z OGRANICZONĄ ODPOWIEDZIALNOŚCIĄ,16.10.Z:main
0000301172,204,not_found_or_deregistered,SPRINT TRANSPORT DENEKO - GROSICKI SPÓŁKA Z OGRANICZONĄ ODPOWIEDZIALNOŚCIĄ,16.10.Z:main
0000301456,204,not_found_or_deregistered,"""MM PROJEKT"" SPÓŁKA Z OGRANICZONĄ ODPOWIEDZIALNOŚCIĄ",16.10.Z:main
0000301775,204,not_found_or_deregistered,JEEVES POLSKA SPÓŁKA Z OGRANICZONĄ ODPOWIEDZIALNOŚCIĄ,16.10.Z:main
0000302027,204,not_found_or_deregistered,"""EMMA PACK"" SPÓŁKA Z OGRANICZONĄ ODPOWIEDZIALNOŚCIĄ",16.10.Z:main
0000302247,204,not_found_or_deregistered,FIRST - REC SPÓŁKA Z OGRANICZONĄ ODPOWIEDZIALNOŚCIĄ,16.10.Z:main
0000302266,204,not_found_or_deregistered,ALFAWENT GOSZKOWSKI MARKOWSKI SPÓŁKA JAWNA,16.10.Z:main
0000302277,204,not_found_or_deregistered,PRZEDSIĘBIORSTWO GOSPODARKI ODPADAMI MB RECYCLING SPÓŁKA Z OGRANICZONĄ ODPOWIEDZIALNOŚCIĄ,16.10.Z:main
0000302466,204,not_found_or_deregistered,"""WOODSERVICE"" SPÓŁKA Z OGRANICZONĄ ODPOWIEDZIALNOŚCIĄ",16.10.Z:main
0000302532,204,not_found_or_deregistered,C.M.C. SPÓŁKA Z OGRANICZONĄ ODPOWIEDZIALNOŚCIĄ SPÓŁKA KOMANDYTOWA,16.10.Z:main
0000302852,204,not_found_or_deregistered,HOFFMANN POLAND SPÓŁKA Z OGRANICZONĄ ODPOWIEDZIALNOŚCIĄ,16.10.Z:main
0000302879,204,not_found_or_deregistered,"PRZEDSIĘBIORSTWO PRODUKCJI DRZEWNEJ ""HOLZMANN-2"" SPÓŁKA Z OGRANICZONĄ ODPOWIEDZIALNOŚCIĄ W LIKWIDACJI",16.10.Z:main
0000303204,204,not_found_or_deregistered,HONESTA SPÓŁKA Z OGRANICZONĄ ODPOWIEDZIALNOŚCIĄ,16.10.Z:main
0000303219,204,not_found_or_deregistered,"ZAKŁAD USŁUGOWO-HANDLOWY ""TRAK-POL"" HELENA I ADAM GAŁKA SPÓŁKA JAWNA",16.10.Z:main
0000303250,204,not_found_or_deregistered,ASTER7 SPÓŁKA Z OGRANICZONĄ ODPOWIEDZIALNOŚCIĄ,16.10.Z:main
0000303511,204,not_found_or_deregistered,EUROMIX SPÓŁKA Z OGRANICZONĄ ODPOWIEDZIALNOŚCIĄ,16.10.Z:main
0000303575,204,not_found_or_deregistered,PERFECTA GROUP SPÓŁKA Z OGRANICZONĄ ODPOWIEDZIALNOŚCIĄ,16.10.Z:main
0000303758,204,not_found_or_deregistered,"""NORD - ECO BOROWIAK &  PARTNERS"" SPÓŁKA JAWNA",16.10.Z:main
0000303764,204,not_found_or_deregistered,SRS WASTE TECHNOLOGY SPÓŁKA Z OGRANICZONĄ ODPOWIEDZIALNOŚCIĄ,16.10.Z:main
0000303904,204,not_found_or_deregistered,INTER-TEM SPÓŁKA Z OGRANICZONĄ ODPOWIEDZIALNOŚCIĄ,16.10.Z:main
0000303943,204,not_found_or_deregistered,PASZEK SPÓŁKA Z OGRANICZONĄ ODPOWIEDZIALNOŚCIĄ,16.10.Z:main
0000304073,204,not_found_or_deregistered,KRAFT IZABELA BUCKA-SZCZEPAŃSKA I WSPÓLNICY SPÓŁKA JAWNA,16.10.Z:main
0000304353,204,not_found_or_deregistered,GLAZEXPORT SPÓŁKA Z OGRANICZONĄ ODPOWIEDZIALNOŚCIĄ,16.10.Z:main
0000304466,204,not_found_or_deregistered,MG CREATIVE SPÓŁKA Z OGRANICZONĄ ODPOWIEDZIALNOŚCIĄ,16.10.Z:main
0000304660,204,not_found_or_deregistered,"""CLEANERGY"" SPÓŁKA Z OGRANICZONĄ ODPOWIEDZIALNOŚCIĄ",16.10.Z:main
0000304700,204,not_found_or_deregistered,ZDROWIE I ŻYCIE SPÓŁKA Z OGRANICZONĄ ODPOWIEDZIALNOŚCIĄ,16.10.Z:main
0000304869,204,not_found_or_deregistered,BIO-DOM SPÓŁKA Z OGRANICZONĄ ODPOWIEDZIALNOŚCIĄ,16.10.Z:main
0000304975,204,not_found_or_deregistered,MARBRIX SPÓŁKA Z OGRANICZONĄ ODPOWIEDZIALNOŚCIĄ,16.10.Z:main
0000305204,204,not_found_or_deregistered,"""FFI PIOTR BOROWIAK"" SPÓŁKA KOMANDYTOWO-AKCYJNA",16.10.Z:main
0000305260,204,not_found_or_deregistered,SARA ILONA I ZBIGNIEW SYGUT SPÓŁKA JAWNA,16.10.Z:main
0000305295,204,not_found_or_deregistered,FMS PODLASKIE SPÓŁKA Z OGRANICZONĄ ODPOWIEDZIALNOŚCIĄ,16.10.Z:main
0000305303,204,not_found_or_deregistered,ABM BASTA SPÓŁKA KOMANDYTOWA,16.10.Z:main
0000305457,204,not_found_or_deregistered,"PRZEDSIĘBIORSTWO BUDOWLANE ""FAMBUD"" SPÓŁKA Z OGRANICZONĄ ODPOWIEDZIALNOŚCIĄ",16.10.Z:main
0000305477,204,not_found_or_deregistered,RAMAFLEX POLSKA SPÓŁKA Z OGRANICZONĄ ODPOWIEDZIALNOŚCIĄ,16.10.Z:main
0000305522,204,not_found_or_deregistered,FMS LUBELSKIE SPÓŁKA Z OGRANICZONĄ ODPOWIEDZIALNOŚCIĄ,16.10.Z:main
0000305709,204,not_found_or_deregistered,"""TECHBET"" SPÓŁKA Z OGRANICZONĄ ODPOWIEDZIALNOŚCIĄ",16.10.Z:main
0000305948,204,not_found_or_deregistered,"PRZEDSIĘBIORSTWO PRODUKCUJNO-HANDLOWE ""MEBLOMAX"" MAGDALENA I WALDEMAR BUCZKOWSCY SPÓŁKA JAWNA",16.10.Z:main
0000306006,204,not_found_or_deregistered,"DENDRA KLUCZYK, URBAŃSKI SPÓŁKA JAWNA.",16.10.Z:main
0000306053,204,not_found_or_deregistered,"""PRZEMYSŁAW KOWALCZYK SPÓŁKA JAWNA""",16.10.Z:main
0000306110,204,not_found_or_deregistered,HOSTEL GROUP WAWRO SPÓŁKA JAWNA,16.10.Z:main
0000306115,204,not_found_or_deregistered,EBG ECOBIOEL-GAZ SPÓŁKA Z OGRANICZONĄ ODPOWIEDZIALNOŚCIĄ,16.10.Z:main
0000306179,204,not_found_or_deregistered,STRUNOBET - BIS SPÓŁKA Z OGRANICZONĄ ODPOWIEDZIALNOŚCIĄ,16.10.Z:main
0000306325,204,not_found_or_deregistered,COMPLEX-DOM R. MORACZYŃSKI SPÓŁKA KOMANDYTOWA,16.10.Z:main
0000306366,204,not_found_or_deregistered,"""FOREST"" SPÓŁKA Z OGRANICZONĄ ODPOWIEDZIALNOŚCIĄ",16.10.Z:main
0000306530,204,not_found_or_deregistered,GALMEB SPÓŁKA Z OGRANICZONĄ ODPOWIEDZIALNOŚCIĄ,16.10.Z:main
0000306718,204,not_found_or_deregistered,ESTEN SPÓŁKA Z OGRANICZONĄ ODPOWIEDZIALNOŚCIĄ,16.10.Z:main
0000306750,204,not_found_or_deregistered,MMI SLEEPING SPÓŁKA Z OGRANICZONĄ ODPOWIEDZIALNOŚCIĄ,16.10.Z:main
0000306872,204,not_found_or_deregistered,"""WG POLAND SPÓŁKA Z OGRANICZONĄ ODPOWIEDZIALNOŚCIĄ"" SPÓŁKA KOMANDYTOWA",16.10.Z:main
0000306896,204,not_found_or_deregistered,"""FAMILIA"" J.JURKIEWICZ, G.JURKIEWICZ I WSPÓLNICY SPÓŁKA JAWNA",16.10.Z:main
0000307171,204,not_found_or_deregistered,GIGARTIS SPÓLKA Z OGRANICZONĄ ODPOWIEDZIALNOŚCIĄ & CO. SPÓKA KOMANDYTOWA,16.10.Z:main
0000307375,204,not_found_or_deregistered,LOGOMAXI SPÓŁKA Z OGRANICZONĄ ODPOWIEDZIALNOŚCIĄ,16.10.Z:main
0000307402,204,not_found_or_deregistered,"""ALFA"" DARIA KAMPKA TOMASZ SWOBODA SPÓŁKA JAWNA",16.10.Z:main
0000307411,204,not_found_or_deregistered,PERFEKT-IT SPÓŁKA Z OGRANICZONĄ ODPOWIEDZIALNOŚCIĄ,16.10.Z:main
0000307666,204,not_found_or_deregistered,STAL TRADING SPÓŁKA Z OGRANICZONĄ ODPOWIEDZIALNOŚCIĄ,16.10.Z:main
0000307783,204,not_found_or_deregistered,"PRZEDSIĘBIORSTWO HANDLOWO-USŁUGOWE ""LJ"" SPÓŁKA Z OGRANICZONĄ ODPOWIEDZIALNOŚCIĄ",16.10.Z:main
0000307897,204,not_found_or_deregistered,PRZEDSIĘBIORSTWO TECHNICZNO HANDLOWE PROTHAN II SPÓŁKA AKCYJNA W LIKWIDACJI,16.10.Z:main
0000307905,204,not_found_or_deregistered,"""NOUGAT"" SPÓŁKA Z OGRANICZONĄ ODPOWIEDZIALNOŚCIĄ",16.10.Z:main
0000307980,204,not_found_or_deregistered,"E.NADOLSKA, P.RUDNIK SPÓŁKA JAWNA",16.10.Z:main
0000308025,204,not_found_or_deregistered,BUD-INSTAL-PROJEKT SPÓŁKA Z OGRANICZONĄ ODPOWIEDZIALNOŚCIĄ,16.10.Z:main
0000308240,204,not_found_or_deregistered,"""INSTYTUT NOWOCZESNYCH TECHNOLOGII"" SPÓŁKA Z OGRANICZONĄ ODPOWIEDZIALNOŚCIĄ",16.10.Z:main
0000308393,204,not_found_or_deregistered,"WITAL KAMIŃSKI, ROMANOWSKI, TICHANOW SPÓŁKA JAWNA",16.10.Z:main
0000308398,204,not_found_or_deregistered,DALIAN SPÓŁKA Z OGRANICZONĄ ODPOWIEDZIALNOŚCIĄ,16.10.Z:main
0000308405,204,not_found_or_deregistered,"""MAJEWSKI I WSPÓLNICY"" SPÓŁKA KOMANDYTOWA",16.10.Z:main
0000308408,204,not_found_or_deregistered,PRZEDSIĘBIORSTWO PRODUKCYJNE 13-KA SPÓŁKA Z OGRANICZONĄ ODPOWIEDZIALNOŚCIĄ,16.10.Z:main
0000308524,204,not_found_or_deregistered,"""WAYNE-DALTON CE"" SPÓŁKA Z OGRANICZONĄ ODPOWIEDZIALNOŚCIĄ",16.10.Z:main
0000308534,204,not_found_or_deregistered,ATA-EL SPÓŁKA Z OGRANICZONĄ ODPOWIEDZIALNOŚCIĄ,16.10.Z:main
0000308668,204,not_found_or_deregistered,VBCH MEBLE SPÓŁKA Z OGRANICZONĄ ODPOWIEDZIALNOŚCIĄ,16.10.Z:main
0000308699,204,not_found_or_deregistered,VNP SPÓŁKA Z OGRANICZONĄ ODPOWIEDZIALNOŚCIĄ,16.10.Z:main
0000308957,204,not_found_or_deregistered,"""ABLUX"" SPÓŁKA Z OGRANICZONĄ ODPOWIEDZIALNOŚCIĄ",16.10.Z:main
0000309001,204,not_found_or_deregistered,INTER-PAL SPÓŁKA Z OGRANICZONĄ ODPOWIEDZIALNOŚCIĄ,16.10.Z:main
0000309075,204,not_found_or_deregistered,"""FUNDACJA HEBRON""",16.10.Z:main
0000309341,204,not_found_or_deregistered,KOMBINAT BUDOWLANY W KOŁOBRZEGU SPÓŁKA Z OGRANICZONĄ ODPOWIEDZIALNOŚCIĄ,16.10.Z:main
0000309421,204,not_found_or_deregistered,OŚRODEK SPORTOWO-REKREACYJNY ZAPALENICA SPÓŁKA Z OGRANICZONĄ ODPOWIEDZIALNOŚCIĄ,16.10.Z:main
0000309622,204,not_found_or_deregistered,"""PRZEMYSŁ DRZEWNY DOBRZYNIEWO"" J. SZORC, Z. DZIWNIEL, M. GNIAZDOWSKA SPÓŁKA JAWNA",16.10.Z:main
0000309637,204,not_found_or_deregistered,ALLTOP SPÓŁKA Z OGRANICZONĄ ODPOWIEDZIALNOŚCIĄ,16.10.Z:main
0000309724,204,not_found_or_deregistered,CMD CENTRUM MATERIAŁÓW DRZEWNYCH NOSKIEWICZ - WTORKOWSKI SPÓŁKA JAWNA,16.10.Z:main
0000309980,204,not_found_or_deregistered,"""BALTIM-YACHTS- ŁUKASZ WOŁCZEK, ELWIRA KRZYŻANOWSKA SPÓŁKA JAWNA""",16.10.Z:main
0000310149,204,not_found_or_deregistered,SOBET SPÓŁKA AKCYJNA,16.10.Z:main
0000310162,204,not_found_or_deregistered,"""SHEN"" SPÓŁKA Z OGRANICZONĄ ODPOWIEDZIALNOŚCIĄ",16.10.Z:main
0000310315,204,not_found_or_deregistered,"""MARKOWSKI"" SPÓŁKA Z OGRANICZONĄ ODPOWIEDZIALNOŚCIĄ",16.10.Z:main
0000310422,204,not_found_or_deregistered,"""US PRODUKT"" SPÓŁKA Z OGRANICZONĄ ODPOWIEDZIALNOŚCIĄ Z SIEDZIBĄ W BIAŁYM DUNAJCU",16.10.Z:main
0000310450,204,not_found_or_deregistered,VMB VIGOR SPÓŁKA Z OGRANICZONĄ ODPOWIEDZIALNOŚCIĄ,16.10.Z:main
0000310503,204,not_found_or_deregistered,WRKM INWEST SPÓŁKA Z OGRANICZONĄ ODPOWIEDZIALNOŚCIĄ,16.10.Z:main
0000310669,204,not_found_or_deregistered,ALTCO SPÓŁKA Z OGRANICZONĄ ODPOWIEDZIALNOŚCIĄ,16.10.Z:main
0000310739,204,not_found_or_deregistered,"""AGROENERGY"" SPÓŁKA Z OGRANICZONĄ ODPOWIEDZIALNOŚCIĄ",16.10.Z:main
0000310891,204,not_found_or_deregistered,FUNDACJA PRZEDSIĘBIORCZOŚCI AKADEMICKIEJ,16.10.Z:main
0000311164,204,not_found_or_deregistered,"""INVEST NIERUCHOMOŚCI SPÓŁKA Z OGRANICZONĄ ODPOWIEDZIALNOŚCIĄ"" SPÓŁKA KOMANDYTOWA",16.10.Z:main
0000311230,204,not_found_or_deregistered,INTUR KFS SPÓŁKA Z OGRANICZONĄ ODPOWIEDZIALNOŚCIĄ,16.10.Z:main
0000311267,204,not_found_or_deregistered,"""SKOTI"" SPÓŁKA Z OGRANICZONĄ ODPOWIEDZIALNOŚCIĄ",16.10.Z:main
0000311381,204,not_found_or_deregistered,"PRZEDSIĘBIORSTWO WIELOBRANŻOWE ""DEFI"" SPÓŁKA Z OGRANICZONĄ ODPOWIEDZIALNOŚCIĄ",16.10.Z:main
0000311396,204,not_found_or_deregistered,SAFEGUARD SPÓŁKA Z OGRANICZONĄ ODPOWIEDZIALNOŚCIĄ,16.10.Z:main
0000311763,204,not_found_or_deregistered,ONESTEP SPÓŁKA Z OGRANICZONĄ ODPOWIEDZIALNOŚCIĄ,16.10.Z:main
0000311768,204,not_found_or_deregistered,ORIGAMI SPÓŁKA Z OGRANICZONĄ ODPOWIEDZIALNOŚCIĄ SPÓŁKA KOMANDYTOWA,16.10.Z:main
0000311776,204,not_found_or_deregistered,"""MAVOBIN-M.ORLIK I W.BINEROWSKI"" SPÓŁKA JAWNA",16.10.Z:main
0000311912,204,not_found_or_deregistered,"""MARGO POLSKA"" SPÓŁKA Z OGRANICZONĄ ODPOWIEDZIALNOŚCIĄ",16.10.Z:main
0000311942,204,not_found_or_deregistered,"PRZEDSIĘBIORSTWO HANDLOWO-USŁUGOWO-WYTWÓRCZE ""BATON-FRACHT"" SPÓŁKA Z OGRANICZONĄ ODPOWIEDZIALNOŚCIĄ",16.10.Z:main
0000311991,204,not_found_or_deregistered,MALEC GROUP SPÓŁKA Z OGRANICZONĄ ODPOWIEDZIALNOŚCIĄ W SZCZECINIE,16.10.Z:main
0000312025,204,not_found_or_deregistered,KOPALNIA SIARKI JANTUR SPÓŁKA Z OGRANICZONĄ ODPOWIEDZIALNOŚCIĄ,16.10.Z:main
0000312047,204,not_found_or_deregistered,INTUR SPÓŁKA Z OGRANICZONA ODPOWIEDZIALNOŚCIĄ,16.10.Z:main
0000312199,204,not_found_or_deregistered,BIOMASY PRO SPÓŁKA Z OGRANICZONĄ ODPOWIEDZIALNOŚCIĄ,16.10.Z:main
0000312202,204,not_found_or_deregistered,"""BUDA"" SPÓŁKA Z OGRANICZONĄ ODPOWIEDZIALNOŚCIĄ",16.10.Z:main
0000312303,204,not_found_or_deregistered,"""INVEST-TOM"" T. SĘDŁAK SPÓŁKA JAWNA",16.10.Z:main
0000312414,204,not_found_or_deregistered,"""EKO-ROL"" SPÓŁKA Z OGRANICZONĄ ODPOWIEDZIALNOŚCIĄ",16.10.Z:main
0000312444,204,not_found_or_deregistered,MARWOOD-AU SPÓŁKA Z OGRANICZONĄ ODPOWIEDZIALNOŚCIĄ,16.10.Z:main
0000312573,204,not_found_or_deregistered,"""EKO HARPOON INWESTYCJE"" SPÓŁKA Z OGRANICZONĄ ODPOWIEDZIALNOŚCIĄ",16.10.Z:main
0000312608,204,not_found_or_deregistered,KOM-STAL SPÓŁKA Z OGRANICZONĄ ODPOWIEDZIALNOŚCIĄ,16.10.Z:main
0000312673,204,not_found_or_deregistered,BEGAR BUDOWNICTWO SPÓŁKA Z OGRANICZONĄ ODPOWIEDZIALNOŚCIĄ,16.10.Z:main
0000312723,204,not_found_or_deregistered,WOOD EXPORT GROUP SPÓŁKA Z OGRANICZONĄ ODPOWIEDZIALNOŚCIĄ,16.10.Z:main
0000312910,204,not_found_or_deregistered,"""ANESTI"" SPÓŁKA Z OGRANICZONA ODPOWIEDZIALNOŚCIĄ",16.10.Z:main
0000313073,204,not_found_or_deregistered,"""POLISH BUILDING CONTRACTORS"" SPÓŁKA Z OGRANICZONĄ ODPOWIEDZIALNOŚCIĄ",16.10.Z:main
0000313156,204,not_found_or_deregistered,CONNECTPOL.EU SPÓŁKA Z OGRANICZONĄ ODPOWIEDZIALNOŚCIĄ,16.10.Z:main
0000313331,204,not_found_or_deregistered,A.M.M. SPÓŁKA Z OGRANICZONĄ ODPOWIEDZIALNOŚCIĄ,16.10.Z:main
0000313423,204,not_found_or_deregistered,"""CENTRUM REAL ESTATE LILIANA HOMMERSSOM I SPÓŁKA SPÓŁKA JAWNA""",16.10.Z:main
0000313676,204,not_found_or_deregistered,FORMAPLAN KOMPONENTY SPÓŁKA Z OGRANICZONĄ ODPOWIEDZIALNOŚCIĄ,16.10.Z:main
0000313692,204,not_found_or_deregistered,NOVUMGROM SPÓŁKA Z OGRANICZONĄ ODPOWIEDZIALNOŚCIĄ SPÓŁKA KOMANDYTOWA,16.10.Z:main
0000313928,204,not_found_or_deregistered,P. PARKER SPÓŁKA Z OGRANICZONĄ ODPOWIEDZIALNOŚCIĄ,16.10.Z:main
0000314059,204,not_found_or_deregistered,QVESARUM POLAND SPÓŁKA Z OGRANICZONĄ ODPOWIEDZIALNOŚCIĄ,16.10.Z:main
0000314149,204,not_found_or_deregistered,J.J. WAGNER SPÓŁKA Z OGRANICZONĄ ODPOWIEDZIALNOŚCIĄ,16.10.Z:main
0000314162,204,not_found_or_deregistered,"""INTERPELET"" SPÓŁKA Z OGRANICZONĄ ODPOWIEDZIALNOŚCIĄ",16.10.Z:main
0000314318,204,not_found_or_deregistered,BT&T SPÓŁKA Z OGRANICZONĄ ODPOWIEDZIALNOŚCIĄ,16.10.Z:main
0000314474,204,not_found_or_deregistered,HYDRO ACTIV CAR SPÓŁKA Z OGRANICZONĄ ODPOWIEDZIALNOŚCIĄ,16.10.Z:main
0000314516,204,not_found_or_deregistered,INWEST - DOM DEVELOPMENT SPÓŁKA Z OGRANICZONĄ ODPOWIEDZIALNOŚCIĄ SPÓŁKA KOMANDYTOWO - AKCYJNA,16.10.Z:main
0000314555,204,not_found_or_deregistered,MALORZHOME SPÓŁKA Z OGRANICZONĄ ODPOWIEDZILANOŚCIĄ Z SIEDZIBĄ W TRZYCIĄŻU,16.10.Z:main
0000314731,204,not_found_or_deregistered,PRO CLIMA SPÓŁKA POLSKA SPÓŁKA Z OGRANICZONĄ ODPOWIEDZIALNOŚCIĄ,16.10.Z:main
0000314858,204,not_found_or_deregistered,"""ROGMAR"" SPÓŁKA Z OGRANICZONĄ ODPOWIEDZIALNOŚCIĄ",16.10.Z:main
0000315200,204,not_found_or_deregistered,PRO CLIMA POLSKA SPÓŁKA Z OGRANICZONĄ ODPOWIEDZIALNOŚCIĄ SPÓŁKA KOMANDYTOWA,16.10.Z:main
0000315205,204,not_found_or_deregistered,MKLINE SPÓŁKA Z OGRANICZONĄ ODPOWIEDZIALNOŚCIĄ,16.10.Z:main
0000315276,204,not_found_or_deregistered,BIO-ENERGIA SPÓŁKA Z OGRANICZONĄ ODPOWIEDZIALNOŚCIĄ,16.10.Z:main
0000315293,204,not_found_or_deregistered,"""STRATA PRODUCTS POLAND"" SPÓŁKA Z OGRANICZONĄ ODPOWIEDZIALNOŚCIĄ",16.10.Z:main
0000315471,204,not_found_or_deregistered,NOVA TECHNOLOGY SPÓŁKA Z OGRANICZONĄ ODPOWIEDZIALNOŚCIĄ,16.10.Z:main
0000315483,204,not_found_or_deregistered,INVEST-MOT BIOENERGIA SPÓŁKA Z OGRANICZONĄ ODPOWIEDZIALNOŚCIĄ,16.10.Z:main
0000315576,204,not_found_or_deregistered,ECO FIBER INVESTMENT SPÓŁKA Z OGRANICZONĄ ODPOWIEDZIALNOŚCIĄ,16.10.Z:main
0000315616,204,not_found_or_deregistered,"""MARCELIN MANAGEMENT""  SPÓŁKA Z OGRANICZONĄ ODPOWIEDZIALNOŚCIĄ",16.10.Z:main
0000315712,204,not_found_or_deregistered,"PRZEDSIĘBIORSTWO PRODUKCYJNO-HANDLOWO-USŁUGOWE ""AGRO-KARMA"" SPÓŁKA Z OGRANICZONĄ ODPOWIEDZIALNOŚCIĄ",16.10.Z:main
0000315916,204,not_found_or_deregistered,PETROINVESTBUD SPÓŁKA Z OGRANICZONĄ ODPOWIEDZIALNOŚCIĄ SPÓŁKA KOMANDYTOWA,16.10.Z:main
0000315975,204,not_found_or_deregistered,P&N SPÓŁKA Z OGRANICZONĄ ODPOWIEDZIALNOŚCIĄ,16.10.Z:main
0000316025,204,not_found_or_deregistered,HANDELTEX BM SPÓŁKA Z OGRANICZONĄ ODPOWIEDZIALNOŚCIĄ,16.10.Z:main
0000316043,204,not_found_or_deregistered,"""HYDRO-MOST PROJEKT"" SPÓŁKA Z OGRANICZONĄ ODPOWIEDZIALNOŚCIĄ",16.10.Z:main
0000316090,204,not_found_or_deregistered,AJS SPÓŁKA Z OGRANICZONĄ ODPOWIEDZIALNOŚCIĄ,16.10.Z:main
0000316153,204,not_found_or_deregistered,OBYCO INFRASTRUKTURY POLSKA SPÓŁKA AKCYJNA,16.10.Z:main
0000316223,204,not_found_or_deregistered,UK - POL SPÓŁKA Z OGRANICZONĄ ODPOWIEDZIALNOŚCIĄ,16.10.Z:main
0000316237,204,not_found_or_deregistered,"""IFK"" INTER-TRANS SPÓŁKA Z OGRANICZONĄ ODPOWIEDZIALNOŚCIĄ",16.10.Z:main
0000316356,204,not_found_or_deregistered,PPGC SPÓŁKA Z OGRANICZONĄ ODPOWIEDZIALNOŚCIĄ,16.10.Z:main
0000316411,204,not_found_or_deregistered,"""HAUSER"" SPÓŁKA Z OGRANICZONĄ ODPOWIEDZIALNOŚCIĄ",16.10.Z:main
0000316778,204,not_found_or_deregistered,HARMEX SPÓŁKA Z OGRANICZONĄ ODPOWIEDZIALNOŚCIĄ,16.10.Z:main
0000316961,204,not_found_or_deregistered,ENERCONTACT SPÓŁKA Z OGRANICZONĄ ODPOWIEDZIALNOŚCIĄ,16.10.Z:main
0000317188,204,not_found_or_deregistered,ARMANIA SPÓŁKA Z OGRANICZONĄ ODPOWIEDZIALNOŚCIĄ,16.10.Z:main
0000317336,204,not_found_or_deregistered,IMG PERFORM-BAU SPÓŁKA Z OGRANICZONĄ ODPOWIEDZIALNOŚCIĄ,16.10.Z:main
0000317410,204,not_found_or_deregistered,JSP INVESTMENT SPÓŁKA Z OGRANICZONĄ ODPOWIEDZIALNOŚCIĄ,16.10.Z:main
0000317788,204,not_found_or_deregistered,"USŁUGOWO - HANDLOWA SPÓŁDZIELNIA SOCJALNA ""GRATEX""",16.10.Z:main
0000317816,204,not_found_or_deregistered,RUDZIEWICZ SPÓŁKA JAWNA,16.10.Z:main
0000317945,204,not_found_or_deregistered,GARDEN GAMES POLSKA MADEJ SPÓŁKA JAWNA,16.10.Z:main
0000318008,204,not_found_or_deregistered,SPRINT TRANSPORT DENEKO GROSICKI SPÓŁKA Z OGRANICZONĄ ODPOWIEDZIALNOŚCIĄ SPÓŁKA KOMANDYTOWA,16.10.Z:main
0000318056,204,not_found_or_deregistered,PRZEDSIĘBIORSTWO AS SPÓŁKA JAWNA ADAMEK I SELIWONIUK,16.10.Z:main
0000318472,204,not_found_or_deregistered,FB1 SPÓŁKA Z OGRANICZONĄ ODPOWIEDZIALNOŚCIĄ,16.10.Z:main
0000318507,204,not_found_or_deregistered,DREAM RESIDENCE SPÓŁKA Z OGRANICZONĄ ODPOWIEDZIALNOŚCIĄ,16.10.Z:main
0000318512,204,not_found_or_deregistered,BUDBOX SPÓŁKA Z OGRANICZONĄ ODPOWIEDZIALNOŚCIĄ,16.10.Z:main
0000318664,204,not_found_or_deregistered,"GRILL - IMPEX ""EKO - HIT"" SPÓŁKA Z OGRANICZONĄ ODPOWIEDZIALNOŚCIĄ SPÓŁKA KOMANDYTOWA",16.10.Z:main
0000318726,204,not_found_or_deregistered,EXPERT FINANSOWY POLSKA SPÓŁKA Z OGRANICZONĄ ODPOWIEDZIALNOŚCIĄ,16.10.Z:main
0000318862,204,not_found_or_deregistered,"PRZEDSIĘBIORSTWO WIELOBRANŻOWE ""METALEX G.Z."" GRUDZIŃSKI I WSPÓLNICY SPÓŁKA JAWNA",16.10.Z:main
0000319014,204,not_found_or_deregistered,ŚLĄSKO-CIESZYŃSKIE CENTRUM OBROTU TOWAROWEGO SPÓŁKA Z OGRANICZONĄ ODPOWIEDZIALNOŚCIĄ,16.10.Z:main
0000319320,204,not_found_or_deregistered,BUCHACHER SPÓŁKA Z OGRANICZONĄ ODPOWIEDZIALNOŚCIĄ,16.10.Z:main
0000319556,204,not_found_or_deregistered,TEHNI SPÓŁKA Z OGRANICZONĄ ODPOWIEDZIALNOŚCIĄ,16.10.Z:main
0000319611,204,not_found_or_deregistered,MARAND A. PÓŁKOŚNIK I WSPÓLNICY SPÓŁKA JAWNA,16.10.Z:main
0000319735,204,not_found_or_deregistered,"""BF VARIA"" SPÓŁKA Z OGRANICZONĄ ODPOWIEDZIALNOŚCIĄ",16.10.Z:main
0000319802,204,not_found_or_deregistered,JUST WOOD SPÓŁKA Z OGRANICZONĄ ODPOWIEDZIALNOŚCIĄ,16.10.Z:main
0000319904,204,not_found_or_deregistered,KONSTRUKCJE STALOWE HYŻYK SPÓŁKA Z OGRANICZONĄ ODPOWIEDZIALNOŚCIĄ SPÓŁKA KOMANDYTOWA,16.10.Z:main
0000319961,204,not_found_or_deregistered,FIREPROOF PARTITIONS ENGINEERING SPÓŁKA Z OGRANICZONĄ ODPOWIEDZIALNOŚCIĄ,16.10.Z:main
0000320067,204,not_found_or_deregistered,INES SPÓŁKA Z OGRANICZONĄ ODPOWIEDZIALNOŚCIĄ,16.10.Z:main
0000320262,204,not_found_or_deregistered,PLENERIA SPÓŁKA Z OGRANICZONA ODPOWIEDZIALNOŚCIĄ SPÓŁKA KOMANDYTOWA,16.10.Z:main
0000320357,204,not_found_or_deregistered,VITREX SPÓŁKA Z OGRANICZONĄ ODPOWIEDZIALNOŚCIĄ,16.10.Z:main
0000320724,204,not_found_or_deregistered,WECHTA STEEL TRADING SPÓŁKA Z OGRANICZONĄ ODPOWIEDZIALNOŚCIĄ SPÓŁKA KOMANDYTOWO-AKCYJNA,16.10.Z:main
0000320735,204,not_found_or_deregistered,"""SILVER-COOPER"" TOMASZEWSKI I KOPERSKI SPÓŁKA JAWNA",16.10.Z:main
0000320761,204,not_found_or_deregistered,ROL-DREW SPÓŁKA Z OGRANICZONĄ ODPOWIEDZIALNOŚCIĄ,16.10.Z:main
0000320815,204,not_found_or_deregistered,MARIAS INVESTMENT SPÓŁKA Z OGRANICZONĄ ODPOWIEDZIALNOŚCIĄ,16.10.Z:main
0000320816,204,not_found_or_deregistered,"""KJS-M.SZURGOT"" SPÓŁKA Z OGRANICZONĄ ODPOWIEDZIALNOŚCIĄ",16.10.Z:main
0000320897,204,not_found_or_deregistered,"""GRUPA MARTYNA"" SPÓŁKA Z OGRANICZONĄ ODPOWIEDZIALNOŚCIĄ",16.10.Z:main
0000320930,204,not_found_or_deregistered,"""BELNETTE"" SPÓŁKA Z OGRANICZONĄ ODPOWIEDZIALNOŚCIĄ",16.10.Z:main
0000321222,204,not_found_or_deregistered,1011 SPÓŁKA Z OGRANICZONĄ ODPOWIEDZIALNOŚCIĄ,16.10.Z:main
0000321255,204,not_found_or_deregistered,"""POINT CONSTRUCTION"" SPÓŁKA Z OGRANICZONĄ ODPOWIEDZIALNOŚCIĄ",16.10.Z:main
0000321379,204,not_found_or_deregistered,SISTEMA SPÓŁKA Z OGRANICZONĄ ODPOWIEDZIALNOŚCIĄ,16.10.Z:main
0000321632,204,not_found_or_deregistered,"ALTERCASH SPÓŁKA JAWNA ARKADIUSZ WALIWANDER, PIOTR KWIATKOWSKI",16.10.Z:main
0000321722,204,not_found_or_deregistered,GRUPA ENERGIA (POLSKA) SPÓŁKA Z OGRANICZONĄ ODPOWIEDZIALNOŚCIĄ,16.10.Z:main
0000321812,204,not_found_or_deregistered,"""STOLARNIA"" KRZYSZTOF WOJTYCZKA SPÓŁKA JAWNA",16.10.Z:main
0000321905,204,not_found_or_deregistered,JATROX SPÓŁKA Z OGRANICZONĄ ODPOWIEDZIALNOŚCIĄ,16.10.Z:main
0000322050,204,not_found_or_deregistered,"""PRZEDSIĘBIORSTWO ŻEREBECKI"" SPÓŁKA Z OGRANICZONĄ ODPOWIEDZIALNOŚCIĄ",16.10.Z:main
0000322138,204,not_found_or_deregistered,CAPITAL ARTS - DORADZTWO BIZNESOWE ARKADIUSZ GULCZYŃSKI & ANDRZEJ KOZŁOWSKI SPÓŁKA JAWNA,16.10.Z:main
0000322343,204,not_found_or_deregistered,OMEGA BIS INVESTMENTS SPÓŁKA Z OGRANICZONĄ ODPOWIEDZIALNOŚCIĄ,16.10.Z:main
0000322512,204,not_found_or_deregistered,AKISO SPÓŁKA Z OGRANICZONĄ ODPOWIEDZIALNOŚCIĄ,16.10.Z:main
0000322517,204,not_found_or_deregistered,WEBLIFY SPÓŁKA Z OGRANICZONĄ ODPOWIEDZIALNOŚCIĄ,16.10.Z:main
0000322594,204,not_found_or_deregistered,"""GRUPA MARTYNA"" SPÓŁKA Z OGRANICZONĄ ODPOWIEDZIALNOŚCIĄ SPÓŁKA KOMANDYTOWA",16.10.Z:main
0000322985,204,not_found_or_deregistered,GLM - METAL TECH SPÓŁKA Z OGRANICZONĄ ODPOWIEDZIALNOŚCIĄ,16.10.Z:main
0000323021,204,not_found_or_deregistered,"PRZEDSIĘBIORSTWO EKOLOGICZNO-ROLNO-PRZEMYSŁOWE ""EKOBART"" SPÓŁKA Z OGRANICZONĄ ODPOWIEDZIALNOŚCIĄ",16.10.Z:main
0000323452,204,not_found_or_deregistered,"PRZEDSIĘBIORSTWO WIELOBRANŻOWE ""S & S"" - SPÓŁKA Z OGRANICZONĄ ODPOWIEDZIALNOŚCIĄ",16.10.Z:main
0000323473,204,not_found_or_deregistered,VOSTAL SPÓŁKA Z OGRANICZONĄ ODPOWIEDZIALNOŚCIĄ,16.10.Z:main
0000323518,204,not_found_or_deregistered,ZAKŁAD PRODUKCYJNO-USŁUGOWY NARPOL SPÓŁKA Z OGRANICZONĄ ODPOWIEDZIALNOŚCIĄ,16.10.Z:main
0000323583,204,not_found_or_deregistered,QUADRUM SPÓŁKA AKCYJNA,16.10.Z:main
0000323639,204,not_found_or_deregistered,"""UNIKRUSZ"" SPÓŁKA Z OGRANICZONĄ ODPOWIEDZIALNOŚCIĄ",16.10.Z:main
0000323658,204,not_found_or_deregistered,GMS - ZARZĄDZANIE SPÓŁKA Z OGRANICZONĄ ODPOWIEDZIALNOŚCIĄ,16.10.Z:main
0000324128,204,not_found_or_deregistered,"""EURO-METAL"" SPÓŁKA Z OGRANICZONĄ ODPOWIEDZIALNOŚCIĄ",16.10.Z:main
0000324248,204,not_found_or_deregistered,SIGMA & CO SPÓŁKA Z OGRANICZONĄ ODPOWIEDZIALNOŚCIĄ,16.10.Z:main
0000324266,204,not_found_or_deregistered,ARBORITEC POLSKA SPÓŁKA Z OGRANICZONĄ ODPOWIEDZIALNOŚCIĄ,16.10.Z:main
0000324269,204,not_found_or_deregistered,AMG INWESTYCJE SPÓŁKA Z OGRANICZONĄ ODPOWIEDZIALNOŚCIĄ,16.10.Z:main
0000324406,204,not_found_or_deregistered,"""BOMAR"" SPÓŁKA Z OGRANICZONĄ ODPOWIEDZIALNOŚCIĄ",16.10.Z:main
0000324515,204,not_found_or_deregistered,"""VILANDA"" SPÓŁKA Z OGRANICZONĄ ODPOWIEDZIALNOŚCIĄ",16.10.Z:main
0000324529,204,not_found_or_deregistered,POLEKOBUD DEVELOPMENT SPÓŁKA Z OGRANICZONĄ ODPOWIEDZIALNOŚCIĄ,16.10.Z:main
0000324553,204,not_found_or_deregistered,EKO POWER CCS SPÓŁKA Z OGRANICZONĄ ODPOWIEDZIALNOŚCIĄ,16.10.Z:main
0000324602,204,not_found_or_deregistered,"""DIN CHEMICALS"" SPÓŁKA JAWNA SŁAWOMIR STAJERSKI, MAREK BUCZAK",16.10.Z:main
0000324612,204,not_found_or_deregistered,"ZAKŁAD PRODUKCJI SPOŻYWCZEJ ""SOVIT"" SPÓŁKA Z OGRANICZONĄ ODPOWIEDZIALNOŚCIĄ W LIKWIDACJI",16.10.Z:main
0000325029,204,not_found_or_deregistered,VECTOR SPÓŁKA Z OGRANICZONĄ ODPOWIEDZIALNOŚCIĄ,16.10.Z:main
0000325372,204,not_found_or_deregistered,1012 SPÓŁKA Z OGRANICZONĄ ODPOWIEDZIALNOŚCIĄ,16.10.Z:main
0000325604,204,not_found_or_deregistered,RENO - EKO SPÓŁKA Z OGRANICZONĄ ODPOWIEDZIALNOŚCIĄ SPÓŁKA KOMANDYTOWA,16.10.Z:main
0000325724,204,not_found_or_deregistered,"PRZEDSIĘBIORSTWO HANDLOWO-USŁUGOWO-PRODUKCYJNE ""PSZEN-TOR"" SPÓŁKA Z OGRANICZONĄ ODPOWIEDZIALNOŚCIĄ",16.10.Z:main
0000325794,204,not_found_or_deregistered,CITRUSNOBILIS SPÓŁKA Z OGRANICZONĄ ODPOWIEDZIALNOŚCIĄ,16.10.Z:main
0000325930,204,not_found_or_deregistered,FRANCELOG SPÓŁKA Z OGRANICZONĄ ODPOWIEDZIALNOŚCIĄ,16.10.Z:main
0000326136,204,not_found_or_deregistered,ZAKŁADY STOLARKI BUDOWLANEJ W BYDGOSZCZY,16.10.Z:main
0000326197,204,not_found_or_deregistered,NOVY DOM SPÓŁKA Z OGRANICZONĄ ODPOWIEDZIALNOŚCIĄ,16.10.Z:main
0000326285,204,not_found_or_deregistered,EUROHOME SPÓŁKA Z OGRANICZONĄ ODPOWIEDZIALNOŚCIĄ,16.10.Z:main
0000326319,204,not_found_or_deregistered,GOWORLD SPÓŁKA Z OGRANICZONĄ ODPOWIEDZIALNOŚCIĄ,16.10.Z:main
0000326431,204,not_found_or_deregistered,"""NARWI"" SPÓŁKA Z OGRANICZONĄ ODPOWIEDZIALNOŚCIĄ",16.10.Z:main
0000326450,204,not_found_or_deregistered,ED-PRO SPÓŁKA Z OGRANICZONĄ ODPOWIEDZIALNOŚCIĄ,16.10.Z:main
0000326493,204,not_found_or_deregistered,RE PROJEKT XXI SPÓŁKA Z OGRANICZONĄ ODPOWIEDZIALNOŚCIĄ SPÓŁKA KOMANDYTOWA,16.10.Z:main
0000326518,204,not_found_or_deregistered,DAUNA 110 SPÓŁKA Z OGRANICZONĄ ODPOWIEDZIALNOŚCIĄ,16.10.Z:main
0000326612,204,not_found_or_deregistered,KAPA SPÓŁKA Z OGRANICZONĄ ODPOWIEDZIALNOŚCIĄ,16.10.Z:main
0000326649,204,not_found_or_deregistered,MASAYA INVESTMENTS SPÓŁKA Z OGRANICZONĄ ODPOWIEDZIALNOŚCIĄ SPÓŁKA KOMANDYTOWA,16.10.Z:main
0000326661,204,not_found_or_deregistered,"""PACYFICA"" SPÓŁKA Z OGRANICZONĄ ODPOWIEDZIALNOŚCIĄ",16.10.Z:main
0000326681,204,not_found_or_deregistered,WIND PROJEKT ENERGIA (POLSKA) SPÓŁKA Z OGRANICZONĄ ODPOWIEDZIALNOŚCIĄ,16.10.Z:main
0000326712,204,not_found_or_deregistered,PRO WIND (POLSKA) SPÓŁKA Z OGRANICZONĄ ODPOWIEDZIALNOŚCIĄ,16.10.Z:main
0000326760,204,not_found_or_deregistered,CONVERT PAPER SPÓŁKA Z OGRANICZONĄ ODPOWIEDZIALNOŚCIĄ SPÓŁKA KOMANDYTOWO-AKCYJNA,16.10.Z:main
0000326811,204,not_found_or_deregistered,G&K ENERGIA - ECO - SYSTEM SPÓŁKA Z OGRANICZONĄ ODPOWIEDZIALNOŚCIĄ,16.10.Z:main
0000326949,204,not_found_or_deregistered,"""ŻELBET"" SPÓŁKA Z OGRANICZONĄ ODPOWIEDZIALNOŚCIĄ SPÓŁKA KOMANDYTOWA",16.10.Z:main
0000327028,204,not_found_or_deregistered,100GROSZY.PL SPÓŁKA Z OGRANICZONĄ ODPOWIEDZIALNOŚCIĄ,16.10.Z:main
0000327169,204,not_found_or_deregistered,"PRZEDSIĘBIORSTWO PRODUKCYJNO-HANDLOWO-USŁUGOWE ""ELBUD"" SPÓŁKA Z OGRANICZONĄ ODPOWIEDZIALNOŚCIĄ W LIKWIDACJI",16.10.Z:main
0000327322,204,not_found_or_deregistered,"PRZEDSIĘBIORSTWO PRODUKCYJNO HANDLOWO USŁUGOWE ""MEKAP"" SPÓŁKA Z OGRANICZONĄ ODPOWIEDZIALNOŚCIĄ",16.10.Z:main
0000327523,204,not_found_or_deregistered,BUTY & BUTY SPÓŁKA Z OGRANICZONĄ ODPOWIEDZIALNOŚCIĄ,16.10.Z:main
0000327585,204,not_found_or_deregistered,"MWS-PRACA, SZKOLENIA SPÓŁKA Z OGRANICZONĄ ODPOWIEDZIALNOŚCIĄ",16.10.Z:main
0000327625,204,not_found_or_deregistered,"""TRIPTON"" SPÓŁKA Z OGRANICZONĄ ODPOWIEDZIALNOŚCIĄ",16.10.Z:main
0000327668,204,not_found_or_deregistered,FILO SPÓŁKA Z OGRANICZONĄ ODPOWIEDZIALNOŚCIĄ,16.10.Z:main
0000327878,204,not_found_or_deregistered,BYDGOSKIE ZAKŁADY MIĘSNE SPÓŁKA Z OGRANICZONĄ ODPOWIEDZIALNOŚCIĄ,16.10.Z:main
0000327891,204,not_found_or_deregistered,"STOWARZYSZENIE ""LUBIĘ WROCŁAW""",16.10.Z:main
0000327945,204,not_found_or_deregistered,"""J.D.PROGRESS"" SPÓŁKA Z OGRANICZONĄ ODPOWIEDZIALNOŚCIĄ",16.10.Z:main
0000327964,204,not_found_or_deregistered,MEGA 1000 WROCŁAW SPÓŁKA Z OGRANICZONĄ ODPOWIEDZIALNOŚCIĄ,16.10.Z:main
0000327974,204,not_found_or_deregistered,PETPOL GRUPA KAPITAŁOWA BLER SPÓŁKA Z OGRANICZONĄ ODPOWIEDZIALNOŚCIĄ,16.10.Z:main
0000328048,204,not_found_or_deregistered,FORREX COMPANY SPÓŁKA Z OGRANICZONĄ ODPOWIEDZIALNOŚCIĄ,16.10.Z:main
0000328115,204,not_found_or_deregistered,FUNDACJA MIĘDZYNARODOWY INSTYTUT DYPLOMACJI,16.10.Z:main
0000328299,204,not_found_or_deregistered,AURERA PORTA SPÓŁKA Z OGRANICZONĄ ODPOWIEDZIALNOŚCIĄ,16.10.Z:main
0000328348,204,not_found_or_deregistered,POLSKIE SKŁADY WĘGLOWE SPÓŁKA Z OGRANICZONĄ ODPOWIEDZIALNOŚCIĄ,16.10.Z:main
0000328380,204,not_found_or_deregistered,BRUKPOL SPÓŁKA Z OGRANICZONĄ ODPOWIEDZIALNOŚCIĄ,16.10.Z:main
0000328419,204,not_found_or_deregistered,TOTAL MANAGEMENT SPÓŁKA Z OGRANICZONĄ ODPOWIEDZIALNOŚCIĄ,16.10.Z:main
0000328450,204,not_found_or_deregistered,"""PANORAMA PIASTOWSKA"" SPÓŁKA Z OGRANICZONĄ ODPOWIEDZIALNOŚCIĄ",16.10.Z:main
0000328510,204,not_found_or_deregistered,ENERGIA GROUP SPÓŁKA Z OGRANICZONĄ ODPOWIEDZIALNOŚCIĄ,16.10.Z:main
0000328545,204,not_found_or_deregistered,BETAPASZ SPÓŁKA Z OGRANICZONĄ ODPOWIEDZIALNOŚCIĄ,16.10.Z:main
0000328576,204,not_found_or_deregistered,ALFA DISPLAY SPÓŁKA Z OGRANICZONĄ ODPOWIEDZIALNOŚCIĄ,16.10.Z:main
0000328615,204,not_found_or_deregistered,CARBON PLUS SPÓŁKA Z OGRANICZONĄ ODPOWIEDZIALNOŚCIĄ,16.10.Z:main
0000328931,204,not_found_or_deregistered,BOR SPÓŁKA Z OGRANICZONĄ ODPOWIEDZIALNOŚCIĄ,16.10.Z:main
0000329127,204,not_found_or_deregistered,"""ROB-MAR R.POPOWSKI, M.POWĘZKA"" SPÓŁKA JAWNA",16.10.Z:main
0000329128,204,not_found_or_deregistered,"""THP"" SPÓŁKA Z OGRANICZONĄ ODPOWIEDZIALNOŚCIĄ",16.10.Z:main
0000329144,204,not_found_or_deregistered,GOLD MONEY SPÓŁKA Z OGRANICZONĄ ODPOWIEDZIALNOŚCIĄ,16.10.Z:main
0000329178,204,not_found_or_deregistered,IR SPÓŁKA Z OGRANICZONĄ ODPOWIEDZIALNOŚCIĄ,16.10.Z:main
0000329297,204,not_found_or_deregistered,MTJ LUX SPÓŁKA Z OGRANICZONĄ ODPOWIEDZIALNOŚCIĄ,16.10.Z:main
0000329455,204,not_found_or_deregistered,"GRUPA KAPITAŁOWA ""MATKOWSKI"" SPÓŁKA AKCYJNA",16.10.Z:main
0000329513,204,not_found_or_deregistered,"""MEBLOMARKET RK"" SPÓŁKA Z OGRANICZONĄ ODPOWIEDZIALNOŚCIĄ",16.10.Z:main
0000329523,204,not_found_or_deregistered,"""KOMANDOR GDAŃSK"" SPÓŁKA AKCYJNA",16.10.Z:main
0000329628,204,not_found_or_deregistered,"""RE MARKET SPÓŁKA Z OGRANICZONĄ ODPOWIEDZIALNOŚCIĄ""",16.10.Z:main
0000329709,204,not_found_or_deregistered,"""AKUSTA"" SPÓŁKA Z OGRANICZONĄ ODPOWIEDZIALNOŚCIĄ",16.10.Z:main
0000329880,204,not_found_or_deregistered,ESON SPÓŁKA Z OGRANICZONĄ ODPOWIEDZIALNOŚCIĄ,16.10.Z:main
0000329920,204,not_found_or_deregistered,"""INFINIO"" SPÓŁKA Z OGRANICZONĄ ODPOWIEDZIALNOŚCIĄ",16.10.Z:main
0000330046,204,not_found_or_deregistered,SUBERITE DOM SPÓŁKA Z OGRANICZONĄ ODPOWIEDZIALNOŚCIĄ,16.10.Z:main
0000330058,204,not_found_or_deregistered,LEXBUD LCA SPÓŁKA Z OGRANICZONĄ ODPOWIEDZIALNOŚCIĄ,16.10.Z:main
0000330062,204,not_found_or_deregistered,"""DIO"" LANDSCAPING & DECORATIONS POLAND SPÓŁKA Z OGRANICZONĄ ODPOWIEDZIALNOŚCIĄ",16.10.Z:main
0000330126,204,not_found_or_deregistered,MGR MYSŁOWICKI RECYKLING SPÓŁKA Z OGRANICZONĄ ODPOWIEDZIALNOŚCIĄ,16.10.Z:main
0000330329,204,not_found_or_deregistered,FRONECH POLSKA SPÓŁKA Z OGRANICZONĄ ODPOWIEDZIALNOŚCIĄ,16.10.Z:main
0000330350,204,not_found_or_deregistered,DOORHAN POLSKA SPÓŁKA Z OGRANICZONĄ ODPOWIEDZIALNOŚCIĄ,16.10.Z:main
0000330480,204,not_found_or_deregistered,CHRISTIANA DĄBROWSCY SPÓŁKA JAWNA,16.10.Z:main
0000330757,204,not_found_or_deregistered,PRZEDSIĘBIORSTWO USŁUG SZKÓŁKARSKICH I LEŚNYCH WRÓBLEWO SPÓŁKA Z OGRANICZONĄ ODPOWIEDZIALNOŚCIĄ,16.10.Z:main
0000330930,204,not_found_or_deregistered,FERTIPAK SPÓŁKA Z OGRANICZONĄ ODPOWIEDZIALNOŚCIĄ SPÓŁKA KOMANDYTOWA,16.10.Z:main
0000331016,204,not_found_or_deregistered,INVEST HOLDING SPÓŁKA Z OGRANICZONĄ ODPOWIEDZIALNOŚCIĄ,16.10.Z:main
0000331401,204,not_found_or_deregistered,KCMB NOWA SPÓŁKA Z OGRANICZONĄ ODPOWIEDZIALNOŚCIĄ,16.10.Z:main
0000331454,204,not_found_or_deregistered,EMS SPÓŁKA Z OGRANICZONĄ ODPOWIEDZIALNOŚCIĄ,16.10.Z:main
0000331478,204,not_found_or_deregistered,STNT GROUP SPÓŁKA Z OGRANICZONĄ ODPOWIEDZIALNOŚCIĄ,16.10.Z:main
0000331896,204,not_found_or_deregistered,NAWOZY SPÓŁKA Z OGRANICZONĄ ODPOWIEDZIALNOŚCIĄ,16.10.Z:main
0000332349,204,not_found_or_deregistered,"""POMORSKA GRUPA HANDLOWA"" SPÓŁKA Z OGRANICZONĄ ODPOWIEDZIALNOŚCIĄ",16.10.Z:main
0000332440,204,not_found_or_deregistered,MARVE SPÓŁKA Z OGRANICZONĄ ODPOWIEDZIALNOŚCIĄ,16.10.Z:main
0000332542,204,not_found_or_deregistered,"PRZEDSIĘBIORSTWO WIELOBRANŻOWE ""WISŁA"" SPÓŁKA Z OGRANICZONĄ ODPOWIEDZIALNOŚCIĄ",16.10.Z:main
0000332676,204,not_found_or_deregistered,"""STANDREW"" STANISŁAW PIOCH SPÓŁKA JAWNA",16.10.Z:main
0000332688,204,not_found_or_deregistered,"MT SILESIA M.SPYRA, T.N0RAS SPÓŁKA JAWNA",16.10.Z:main
0000332821,204,not_found_or_deregistered,"""RHYNE ROCK POLAND"" SPÓŁKA Z OGRANICZONĄ ODPOWIEDZIALNOŚCIĄ",16.10.Z:main
0000333596,204,not_found_or_deregistered,"""KUDOWA ROCK"" SPÓŁKA Z OGRANICZONĄ ODPOWIEDZIALNOŚCIĄ",16.10.Z:main
0000333697,204,not_found_or_deregistered,HABE POLSKA SPÓŁKA Z OGRANICZONĄ ODPOWIEDZIALNOŚCIĄ SPÓŁKA KOMANDYTOWA,16.10.Z:main
0000333725,204,not_found_or_deregistered,DIM SPÓŁKA Z OGRANICZONĄ ODPOWIEDZIALNOŚCIĄ,16.10.Z:main
0000333753,204,not_found_or_deregistered,EDBUD LUBLIN SPÓŁKA Z OGRANICZONĄ ODPOWIEDZIALNOŚCIĄ,16.10.Z:main
0000333962,204,not_found_or_deregistered,"""CHRONOS PROJEKT"" SPÓŁKA Z OGRANICZONĄ ODPOWIEDZIALNOŚCIĄ",16.10.Z:main
0000334055,204,not_found_or_deregistered,ARAMIS INVESTMENT GROUP POLSKA SPÓŁKA Z OGRANICZONĄ ODPOWIEDZIALNOŚCIĄ,16.10.Z:main
0000334123,204,not_found_or_deregistered,"""FARMAROSA"" SPÓŁKA Z OGRANICZONĄ ODPOWIEDZIALNOŚCIĄ",16.10.Z:main
0000334261,204,not_found_or_deregistered,"""BSN"" SPÓŁKA Z OGRANICZONĄ ODPOWIEDZIALNOŚCIĄ",16.10.Z:main
0000334283,204,not_found_or_deregistered,FALKEN TRADE POLSKA SPÓŁKA Z OGRANICZONĄ ODPOWIEDZIALNOŚCIĄ SPÓŁKA KOMANDYTOWA,16.10.Z:main
0000334328,204,not_found_or_deregistered,"""EURO-MATRIX"" SPÓŁKA Z OGRANICZONĄ ODPOWIEDZIALNOŚCIĄ",16.10.Z:main
0000334385,204,not_found_or_deregistered,ASSECO A. I M. SŁAWIŃSCY SPÓŁKA JAWNA,16.10.Z:main
0000334394,204,not_found_or_deregistered,"TIFFANYS KARCZEWSKI, KWIATKOWSKI, MOGIELNICKI SPÓŁKA JAWNA",16.10.Z:main
0000334447,204,not_found_or_deregistered,CAPITAL PROJECT SPÓŁKA Z OGRANICZONĄ ODPOWIEDZIALNOŚCIĄ,16.10.Z:main
0000334462,204,not_found_or_deregistered,CUSTODIA GROUP SPÓŁKA Z OGRANICZONĄ ODPOWIEDZIALNOŚCIĄ,16.10.Z:main
0000334572,204,not_found_or_deregistered,MAX-POL SPÓŁKA Z OGRANICZONĄ ODPOWIEDZIALNOŚCIĄ,16.10.Z:main
0000334753,204,not_found_or_deregistered,"FUNDACJA ""Z ASTMĄ DA SIĘ ŻYĆ""",16.10.Z:main
0000334868,204,not_found_or_deregistered,MONT-STAL LOGISTYKA SPÓŁKA Z OGRANICZONĄ ODPOWIEDZIALNOŚCIĄ SPÓŁKA KOMANDYTOWA,16.10.Z:main
0000334934,204,not_found_or_deregistered,A.BARAN - SPÓŁKA Z OGRANICZONĄ ODPOWIEDZIALNOŚCIĄ,16.10.Z:main
0000334941,204,not_found_or_deregistered,RADEX POLAND SPÓŁKA Z OGRANICZONĄ ODPOWIEDZIALNOŚCIĄ SPÓŁKA KOMANDYTOWA,16.10.Z:main
0000335065,204,not_found_or_deregistered,"""K.J. BETON-STAL-KONSTRUKCJE"" SPÓŁKA Z OGRANICZONĄ ODPOWIEDZIALNOŚCIĄ",16.10.Z:main
0000335091,204,not_found_or_deregistered,"""LAURA TOSCANI POLSKA"" SPÓŁKA Z OGRANICZONĄ ODPOWIEDZIALNOŚCIĄ",16.10.Z:main
0000335346,204,not_found_or_deregistered,WPRINŻ ASFALTY SPÓŁKA AKCYJNA,16.10.Z:main
0000335482,204,not_found_or_deregistered,RUPERTH SPÓŁKA Z OGRANICZONĄ ODPOWIEDZIALNOŚCIĄ,16.10.Z:main
0000335487,204,not_found_or_deregistered,"""BĘDZIŃSCY"" SPÓŁKA Z OGRANICZONĄ ODPOWIEDZIALNOŚCIĄ",16.10.Z:main
0000335535,204,not_found_or_deregistered,LIDREX SPÓŁKA Z OGRANICZONĄ ODPOWIEDZIALNOŚCIĄ,16.10.Z:main
0000335683,204,not_found_or_deregistered,NOVA A. KUZIOROWICZ SPÓŁKA KOMANDYTOWA,16.10.Z:main
0000335688,204,not_found_or_deregistered,HERZOG SPÓŁKA Z OGRANICZONĄ ODPOWIEDZIALNOŚCIĄ,16.10.Z:main
0000335937,204,not_found_or_deregistered,"STOLARKA BUDOWLANA ""REINERT"" PATRYK REINERT SPÓŁKA JAWNA",16.10.Z:main
0000336265,204,not_found_or_deregistered,"""ENDIS"" SPÓŁKA Z OGRANICZONĄ ODPOWIEDZIALNOŚCIĄ",16.10.Z:main
0000336728,204,not_found_or_deregistered,"""CARMEN"" SPÓŁKA Z OGRANICZONĄ ODPOWIEDZIALNOŚCIĄ",16.10.Z:main
0000336950,204,not_found_or_deregistered,KING COOK SPÓŁKA Z OGRANICZONĄ ODPOWIEDZIALNOŚCIĄ,16.10.Z:main
0000336963,204,not_found_or_deregistered,GLOBAL GROUP SPÓŁKA Z OGRANICZONĄ ODPOWIEDZIALNOŚCIĄ,16.10.Z:main
0000337110,204,not_found_or_deregistered,GWIEZDNE WROTA SPÓŁKA Z OGRANICZONĄ ODPOWIEDZIALNOŚCIĄ,16.10.Z:main
0000337294,204,not_found_or_deregistered,SAN-VIVA SPÓŁKA Z OGRANICZONĄ ODPOWIEDZIALNOŚCIĄ,16.10.Z:main
0000337376,204,not_found_or_deregistered,EKO INVEST PARTNER SPÓŁKA Z OGRANICZONĄ ODPOWIEDZIALNOŚCIĄ,16.10.Z:main
0000337382,204,not_found_or_deregistered,INTER PROFIT SPÓŁKA Z OGRANICZONĄ ODPOWIEDZIALNOŚCIĄ,16.10.Z:main
0000337429,204,not_found_or_deregistered,PELLETTON SPÓŁKA Z OGRANICZONĄ ODPOWIEDZIALNOŚCIĄ,16.10.Z:main
0000337946,204,not_found_or_deregistered,"ZAKŁAD PRZETWÓRCZY ""EKOWIB"" SPÓŁKA Z OGRANICZONĄ ODPOWIEDZIALNOŚCIĄ",16.10.Z:main
0000338260,204,not_found_or_deregistered,"""PRO-INWEST"" SP. Z. O.O. SPÓŁKA KOMANDYTOWA",16.10.Z:main
0000338816,204,not_found_or_deregistered,"""MIKOMAX SPÓŁKA Z OGRANICZONĄ ODPOWIEDZIALNOŚCIĄ"" SPÓŁKA KOMANDYTOWA",16.10.Z:main
0000338853,204,not_found_or_deregistered,H.M. RYJEWO SPÓŁKA Z OGRANICZONĄ ODPOWIEDZIALNOŚCIĄ,16.10.Z:main
0000338868,204,not_found_or_deregistered,CENTROPOL SPÓŁKA Z OGRANICZONĄ ODPOWIEDZIALNOŚCIĄ,16.10.Z:main
0000338892,204,not_found_or_deregistered,SPRINT SPEDYCJA SPÓŁKA Z OGRANICZONĄ ODPOWIEDZIALNOŚCIĄ,16.10.Z:main
0000338897,204,not_found_or_deregistered,KOPLON SPÓŁKA Z OGRANICZONĄ ODPOWIEDZIALNOŚCIĄ,16.10.Z:main
0000338935,204,not_found_or_deregistered,IMEX TRADE SPÓŁKA Z OGRANICZONĄ ODPOWIEDZIALNOŚCIĄ,16.10.Z:main
0000339036,204,not_found_or_deregistered,KG EKOAGROENERGIA SPÓŁKA Z OGRANICZONĄ ODPOWIEDZIALNOŚCIĄ,16.10.Z:main
0000339634,204,not_found_or_deregistered,STOWARZYSZENIE CENTRUM BADAŃ INTERDYSCYPLINARNYCH I PROMOCJI NAUKI IM. PROF. JERZEGO STACHURY W KRAKOWIE,16.10.Z:main
0000339721,204,not_found_or_deregistered,"""WIATRON"" SPÓŁKA Z OGRANICZONĄ ODPOWIEDZIALNOŚCIĄ",16.10.Z:main
0000339723,204,not_found_or_deregistered,DAST CONSULTING SPÓŁKA Z OGRANICZONĄ ODPOWIEDZIALNOŚCIĄ,16.10.Z:main
0000339766,204,not_found_or_deregistered,POLSKIE STOWARZYSZENIE NA RZECZ OSÓB Z UPOŚLEDZENIEM UMYSŁOWYM KOŁO W BISKUPCU,16.10.Z:main
0000339964,204,not_found_or_deregistered,NIWA SPÓŁKA Z OGRANICZONĄ ODPOWIEDZIALNOŚCIĄ,16.10.Z:main
0000340201,204,not_found_or_deregistered,STANPOL INTERNATIONAL SPÓŁKA Z OGRANICZONĄ ODPOWIEDZIALNOŚCIĄ,16.10.Z:main
0000340239,204,not_found_or_deregistered,"""GOSHKA"" K. MIKOŁAJSKA I M. MIKOŁAJSKA SPÓŁKA JAWNA",16.10.Z:main
0000340318,204,not_found_or_deregistered,"""KS15"" SPÓŁKA Z OGRANICZONĄ ODPOWIEDZIALNOŚCIĄ",16.10.Z:main
0000340379,204,not_found_or_deregistered,"""BJP TECHNOLOGIES"" SPÓŁKA Z OGRANICZONĄ ODPOWIEDZIALNOŚCIĄ",16.10.Z:main
0000340404,204,not_found_or_deregistered,"""DOM - DMB"" SPÓŁKA Z OGRANICZONĄ ODPOWIEDZIALNOŚCIĄ",16.10.Z:main
0000340465,204,not_found_or_deregistered,D & J SPÓŁKA Z OGRANICZONĄ ODPOWIEDZIALNOŚCIĄ,16.10.Z:main
0000340492,204,not_found_or_deregistered,BIURO KONSULTINGOWO HANDLOWE HB OFFICE BARTŁOMIEJ HAJDUK SPÓŁKA JAWNA,16.10.Z:main
0000340832,204,not_found_or_deregistered,BTC INWESTYCJE SPÓŁKA Z OGRANICZONĄ ODPOWIEDZIALNOŚCIĄ,16.10.Z:main
0000340885,204,not_found_or_deregistered,CBSMS SPÓŁKA Z OGRANICZONĄ ODPOWIEDZIALNOŚCIĄ,16.10.Z:main
0000341028,204,not_found_or_deregistered,GRANITIX SPÓŁKA Z OGRANICZONĄ ODPOWIEDZIALNOŚCIĄ,16.10.Z:main
0000341216,204,not_found_or_deregistered,"""ABAS INWESTYCJE SPÓŁKA Z OGRANICZONĄ ODPOWIEDZIALNOŚCIĄ SPÓŁKA KOMANDYTOWA""",16.10.Z:main
0000341240,204,not_found_or_deregistered,"""PIOMAG"" SPÓŁKA Z OGRANICZONĄ ODPOWIEDZIALNOŚCIĄ",16.10.Z:main
0000341304,204,not_found_or_deregistered,"WIELOBRANŻOWA SPÓŁDZIELNIA SOCJALNA ""ECO""",16.10.Z:main
0000341643,204,not_found_or_deregistered,PRZEDSIĘBIORSTWO PRZEMYSŁU DRZEWNEGO W LUBSKU SPÓŁKA Z OGRANICZONĄ ODPOWIEDZIALNOŚCIĄ,16.10.Z:main
0000341652,204,not_found_or_deregistered,WOODWORLD MIROSŁAW SIEKANIEC SPÓŁKA KOMANDYTOWA,16.10.Z:main
0000341720,204,not_found_or_deregistered,MM COLLECTION SPÓŁKA Z OGRANICZONĄ ODPOWIEDZIALNOŚCIĄ,16.10.Z:main
0000341997,204,not_found_or_deregistered,"""KRENDUS METAL"" SPÓŁKA Z OGRANICZONĄ ODPOWIEDZIALNOŚCIĄ",16.10.Z:main
0000342099,204,not_found_or_deregistered,LUCRUM SPÓŁKA Z OGRANICZONĄ ODPOWIEDZIALNOŚCIĄ,16.10.Z:main
0000342168,204,not_found_or_deregistered,ZANEX SPÓŁKA Z OGRANICZONĄ ODPOWIEDZIALNOŚCIĄ,16.10.Z:main
0000342417,204,not_found_or_deregistered,BESTSPED SPÓŁKA Z OGRANICZONĄ ODPOWIEDZIALNOŚCIĄ,16.10.Z:main
0000342443,204,not_found_or_deregistered,ZPD KRZESZOWICE SPÓŁKA Z OGRANICZONĄ ODPOWIEDZIALNOŚCIĄ,16.10.Z:main
0000342682,204,not_found_or_deregistered,ELEKTROCIEPŁOWNIA ŻOŁYNIA - KOPANIE SPÓŁKA Z OGRANICZONĄ ODPOWIEDZIALNOŚCIĄ,16.10.Z:main
0000342806,204,not_found_or_deregistered,"""AGRO-EKSPERT"" SPÓŁKA Z OGRANICZONĄ ODPOWIEDZIALNOŚCIĄ",16.10.Z:main
0000342914,204,not_found_or_deregistered,BURBO INVEST SPÓŁKA Z OGRANICZONĄ ODPOWIEDZIALNOŚCIĄ,16.10.Z:main
0000342995,204,not_found_or_deregistered,ABC BUDOWLANE WĘGLARZ RAFAŁ I WSPÓLNICY SPÓŁKA JAWNA,16.10.Z:main
0000343108,204,not_found_or_deregistered,AMAR SPÓŁKA Z OGRANICZONĄ ODPOWIEDZIALNOŚCIĄ,16.10.Z:main
0000343121,204,not_found_or_deregistered,NORD INVEST SPÓŁKA Z OGRANICZONĄ ODPOWIEDZIALNOŚCIĄ,16.10.Z:main
0000343262,204,not_found_or_deregistered,PKP CARGO TABOR - OSTRÓW WIELKOPOLSKI SPÓŁKA Z OGRANICZONĄ ODPOWIEDZIALNOŚCIĄ,16.10.Z:main
0000343290,204,not_found_or_deregistered,LUCRUM PŁYTY SPÓŁKA Z OGRANICZONĄ ODPOWIEDZIALNOŚCIĄ,16.10.Z:main
0000343409,204,not_found_or_deregistered,RINGPOL SPÓŁKA Z OGRANICZONĄ ODPOWIEDZIALNOŚCIĄ - SPÓŁKA KOMANDYTOWA,16.10.Z:main
0000343446,204,not_found_or_deregistered,CHARTMAN SPÓŁKA Z OGRANICZONĄ ODPOWIEDZIALNOŚCIĄ,16.10.Z:main
0000343613,204,not_found_or_deregistered,MD SPÓŁKA Z OGRANICZONĄ ODPOWIEDZIALNOŚCIĄ,16.10.Z:main
0000343622,204,not_found_or_deregistered,"""HANAA"" SPÓŁKA Z OGRANICZONĄ ODPOWIEDZIALNOŚCIĄ",16.10.Z:main
0000343893,204,not_found_or_deregistered,SYRENIUS SPÓŁKA Z OGRANICZONĄ ODPOWIEDZIALNOŚCIĄ,16.10.Z:main
0000343921,204,not_found_or_deregistered,PRZEDSIĘBIORSTWO PRODUKCYJNO-HANDLOWO-USŁUGOWE POSTER SPÓŁKA Z OGRANICZONĄ ODPOWIEDZIALNOŚCIĄ,16.10.Z:main
0000344292,204,not_found_or_deregistered,OBRÓT MATERIAŁAMI I SUROWCAMI GLOB-IDEA SPÓŁKA Z OGRANICZONĄ ODPOWIEDZIALNOŚCIĄ,16.10.Z:main
0000344319,204,not_found_or_deregistered,ROMLEN-METAL SPÓŁKA Z OGRANICZONĄ ODPOWIEDZIALNOŚCIĄ,16.10.Z:main
0000344357,204,not_found_or_deregistered,"""ARDECCO"" SPÓŁKA Z OGRANICZONĄ ODPOWIEDZIALNOŚCIĄ",16.10.Z:main
0000344870,204,not_found_or_deregistered,PROJEKT DĘBNO SPÓŁKA Z OGRANICZONĄ ODPOWIEDZIALNOŚCIĄ,16.10.Z:main
0000345072,204,not_found_or_deregistered,MW51 SPÓŁKA Z OGRANICZONĄ ODPOWIEDZIALNOŚCIĄ,16.10.Z:main
0000345295,204,not_found_or_deregistered,WOODWORLD SPÓŁKA Z OGRANICZONĄ ODPOWIEDZIALNOŚCIĄ,16.10.Z:main
0000345360,204,not_found_or_deregistered,ABARI SPÓŁKA Z OGRANICZONĄ ODPOWIEDZIALNOŚCIĄ,16.10.Z:main
0000345404,204,not_found_or_deregistered,PCZ BRZESKI PROJEKT INWESTYCYJNY SPÓŁKA Z OGRANICZONĄ ODPOWIEDZIALNOŚCIĄ,16.10.Z:main
0000345569,204,not_found_or_deregistered,"PRZEDSIĘBIORSTWO TECHNICZNO-USŁUGOWE ""PETRO-INVESTMENT"" SPÓŁKA Z OGRANICZONĄ ODPOWIEDZIALNOŚCIĄ",16.10.Z:main
0000345839,204,not_found_or_deregistered,"""QUANTUM"" SZYMANSKA,DYJECIŃSKI SPÓŁKA JAWNA",16.10.Z:main
0000345914,204,not_found_or_deregistered,ABC MASZYNY BUDOWLANE SZKOLENIA SPÓŁKA Z OGRANICZONĄ ODPOWIEDZIALNOŚCIĄ,16.10.Z:main
0000346159,204,not_found_or_deregistered,"""MONIUSZKO"" SPÓŁKA Z OGRANICZONĄ ODPOWIEDZIALNOŚCIĄ",16.10.Z:main
0000346480,204,not_found_or_deregistered,BRICK & BRICK SPÓŁKA Z OGRANICZONĄ ODPOWIEDZIALNOŚCIĄ,16.10.Z:main
0000346535,204,not_found_or_deregistered,OLD CHAPEL POLSKA SPÓŁKA Z OGRANICZONĄ ODPOWIEDZIALNOŚCIĄ,16.10.Z:main
0000346639,204,not_found_or_deregistered,PCZ NYSKI PROJEKT INWESTYCYJNY SPÓŁKA Z OGRANICZONĄ ODPOWIEDZIALNOŚCIĄ,16.10.Z:main
0000346912,204,not_found_or_deregistered,ML-SYSTEM SPÓŁKA Z OGRANICZONĄ ODPOWIEDZIALNOŚCIĄ,16.10.Z:main
0000346955,204,not_found_or_deregistered,C. HARTWIG LOGISTIC SPÓŁKA Z OGRANICZONĄ ODPOWIEDZIALNOŚCIĄ,16.10.Z:main
0000347174,204,not_found_or_deregistered,"GOSPED GOSTYŃSKI, ROZWADOWSKI I GOSTYŃSKA SPÓŁKA JAWNA",16.10.Z:main
0000347242,204,not_found_or_deregistered,HOBAX SPÓŁKA Z OGRANICZONĄ ODPOWIEDZIALNOŚCIĄ SPÓŁKA KOMANDYTOWA,16.10.Z:main
0000347250,204,not_found_or_deregistered,"SPÓŁDZIELNIA SOCJALNA ""EMAUS""",16.10.Z:main
0000347275,204,not_found_or_deregistered,JTM SPÓŁKA Z OGRANICZONĄ ODPOWIEDZIALNOŚCIĄ,16.10.Z:main
0000347279,204,not_found_or_deregistered,MARVEL SPÓŁKA Z OGRANICZONĄ ODPOWIEDZIALNOŚCIĄ,16.10.Z:main
0000347349,204,not_found_or_deregistered,SPETEC SPÓŁKA Z OGRANICZONĄ ODPOWIEDZIALNOŚCIĄ,16.10.Z:main
0000347389,204,not_found_or_deregistered,STOWARZYSZENIE INICJATYW BUDOWNICTWA ALTERNATYWNEGO SIBA,16.10.Z:main
0000347556,204,not_found_or_deregistered,ZHB SPÓŁKA Z OGRANICZONĄ ODPOWIEDZIALNOŚCIĄ,16.10.Z:main
0000347601,204,not_found_or_deregistered,BIURO HANDLOWO-USŁUGOWE TECHNIX SPÓŁKA Z OGRANICZONĄ ODPOWIEDZIALNOŚCIĄ,16.10.Z:main
0000347830,204,not_found_or_deregistered,ROOMAX SPÓŁKA Z OGRANICZONĄ ODPOWIEDZIALNOŚCIĄ,16.10.Z:main
0000348097,204,not_found_or_deregistered,AGROENERGY SPÓŁKA Z OGRANICZONĄ ODPOWIEDZIALNOŚCIĄ,16.10.Z:main
0000348115,204,not_found_or_deregistered,"SPÓŁDZIELNIA USŁUGOWA ""MIKRON""",16.10.Z:main
0000348158,204,not_found_or_deregistered,SILOSY ZBOŻOWE WARLUBIE SPÓŁKA Z OGRANICZONĄ ODPOWIEDZIALNOŚCIĄ,16.10.Z:main
0000348162,204,not_found_or_deregistered,"""WYGODNYGARAŻ"" SPÓŁKA Z OGRANICZONĄ ODPOWIEDZIALNOŚCIĄ",16.10.Z:main
0000348434,204,not_found_or_deregistered,VERDAD SPÓŁKA Z OGRANICZONĄ ODPOWIEDZIALNOŚCIĄ,16.10.Z:main
0000348652,204,not_found_or_deregistered,PBO HYDRO SPÓŁKA AKCYJNA,16.10.Z:main
0000348787,204,not_found_or_deregistered,"""BIO-PAK SPÓŁKA Z OGRANICZONĄ ODPOWIEDZIALNOŚCIĄ""",16.10.Z:main
0000348789,204,not_found_or_deregistered,"SPÓŁDZIELNIA SOCJALNA ""WSPÓLNYMI SIŁAMI""",16.10.Z:main
0000348851,204,not_found_or_deregistered,"""TAAL"" SPÓŁKA Z OGRANICZONĄ ODPOWIEDZIALNOŚCIĄ",16.10.Z:main
0000348875,204,not_found_or_deregistered,NETBOX POLSKA SPÓŁKA Z OGRANICZONĄ ODPOWIEDZIALNOŚCIĄ SPÓŁKA KOMANDYTOWO-AKCYJNA (DAWNIEJ NETBOX SPÓŁKA Z OGRANICZONĄ ODPOWIEDZIALNOŚCIĄ),16.10.Z:main
0000348934,204,not_found_or_deregistered,SPEC-ZANEX SPÓŁKA Z OGRANICZONĄ ODPOWIEDZIALNOŚCIĄ SPÓŁKA KOMANDYTOWA,16.10.Z:main
0000349005,204,not_found_or_deregistered,SPIL-TRANS ANDRZEJ SPILISZEWSKI I AGNIESZKA KNIOŁA SPÓŁKA JAWNA,16.10.Z:main
0000349054,204,not_found_or_deregistered,KMS SERWIS SPÓŁKA Z OGRANICZONĄ ODPOWIEDZIALNOŚCIĄ,16.10.Z:main
0000349094,204,not_found_or_deregistered,ASERO SPÓŁKA Z OGRANICZONĄ ODPOWIEDZIALNOŚCIĄ,16.10.Z:main
0000349134,204,not_found_or_deregistered,PKP CARGO TABOR - KARSZNICE SPÓŁKA Z OGRANICZONĄ ODPOWIEDZIALNOŚCIĄ,16.10.Z:main
0000349365,204,not_found_or_deregistered,D&J PROGRESS SPÓŁKA AKCYJNA,16.10.Z:main
0000349372,204,not_found_or_deregistered,PPS SPÓŁKA AKCYJNA,16.10.Z:main
0000349376,204,not_found_or_deregistered,DAUKUS SPÓŁKA Z OGRANICZONĄ ODPOWIEDZIALNOŚCIĄ,16.10.Z:main
0000349380,204,not_found_or_deregistered,"""PEPESCH"" SPÓŁKA Z OGRANICZONĄ ODPOWIEDZIALNOŚCIĄ",16.10.Z:main
0000349393,204,not_found_or_deregistered,"""PACK CONSULTING SPÓŁKA Z OGRANICZONĄ ODPOWIEDZIALNOŚCIĄ""",16.10.Z:main
0000349431,204,not_found_or_deregistered,CENTRUM DORADZTWA DLA BIZNESU SPÓŁKA Z OGRANICZONĄ ODPOWIEDZIALNOŚCIĄ,16.10.Z:main
0000349462,204,not_found_or_deregistered,INVEST-DOM SPÓŁKA Z OGRANICZONĄ ODPOWIEDZIALNOŚCIĄ,16.10.Z:main
0000349504,204,not_found_or_deregistered,ASS-CARO SPÓŁKA Z OGRANICZONĄ ODPOWIEDZIALNOŚCIĄ,16.10.Z:main
0000349658,204,not_found_or_deregistered,AUDIOTV - SPÓŁKA Z OGRANICZONĄ ODPOWIEDZIALNOŚCIĄ,16.10.Z:main
0000349663,204,not_found_or_deregistered,"""A. KARBOWNIK LOGISTICS"" SPÓŁKA JAWNA",16.10.Z:main
0000349738,204,not_found_or_deregistered,DONIMAKS SPÓŁKA Z OGRANICZONĄ ODPOWIEDZIALNOŚCIĄ,16.10.Z:main
0000349825,204,not_found_or_deregistered,REDMIND SPÓŁKA Z OGRANICZONĄ ODPOWIEDZIALNOŚCIĄ,16.10.Z:main
0000349881,204,not_found_or_deregistered,EKO-PYŁ BEATA SMUGARZEWSKA URSZULA SOLECKI SPÓŁKA JAWNA,16.10.Z:main
0000350509,204,not_found_or_deregistered,FUNDACJA PRZEDSIĘBIORCZOŚCI ZIEMI ŁÓDZKIEJ,16.10.Z:main
0000350631,204,not_found_or_deregistered,"""HOCO HOLZ-COMPANY"" SPÓŁKA Z OGRANICZONĄ ODPOWIEDZIALNOŚCIĄ",16.10.Z:main
0000350955,204,not_found_or_deregistered,"""PMS INNOWACJE"" SPÓŁKA Z OGRANICZONĄ ODPOWIEDZIALNOŚCIĄ",16.10.Z:main
0000350998,204,not_found_or_deregistered,ALFA HYDRO BALERS SPÓŁKA Z OGRANICZONĄ ODPOWIEDZIALNOŚCIĄ,16.10.Z:main
0000351009,204,not_found_or_deregistered,GEOTREND SPÓŁKA Z OGRANICZONĄ ODPOWIEDZIALNOŚCIĄ,16.10.Z:main
0000351016,204,not_found_or_deregistered,KAPER SPÓŁKA Z OGRANICZONĄ ODPOWIEDZIALNOŚCIĄ,16.10.Z:main
0000351087,204,not_found_or_deregistered,EUREKOS-SPED SPÓŁKA Z OGRANICZONĄ ODPOWIEDZIALNOŚCIĄ,16.10.Z:main
0000351311,204,not_found_or_deregistered,LAMBERTA KOSTRAKIEWICZ I WSPÓLNICY SPÓŁKA JAWNA,16.10.Z:main
0000351452,204,not_found_or_deregistered,"""ROSAR"" SPOŁKA Z OGRANICZONĄ ODPOWIEDZIALNOŚCIĄ",16.10.Z:main
0000351652,204,not_found_or_deregistered,"""AD"" LASKOWSKI, MATELA SPÓŁKA JAWNA",16.10.Z:main
0000351886,204,not_found_or_deregistered,LS INTERNATIONAL SPÓŁKA Z OGRANICZONĄ ODPOWIEDZIALNOŚCIĄ,16.10.Z:main
0000352020,204,not_found_or_deregistered,SPÓŁKA INŻYNIERYJNO BUDOWLANA SPÓŁKA Z OGRANICZONĄ ODPOWIEDZIALNOŚCIĄ,16.10.Z:main
0000352057,204,not_found_or_deregistered,GLOBE CORPORATION SPÓŁKA Z OGRANICZONĄ ODPOWIEDZIALNOŚCIĄ,16.10.Z:main
0000352129,204,not_found_or_deregistered,DREWNO DESIGN SPÓŁKA Z OGRANICZONĄ ODPOWIEDZIALNOŚCIĄ,16.10.Z:main
0000352288,204,not_found_or_deregistered,PIANOHOTEL SPÓŁKA Z OGRANICZONĄ ODPOWIEDZIALNOŚCIĄ,16.10.Z:main
0000352336,204,not_found_or_deregistered,"""STAJNIA SMOLIS"" SPÓŁKA Z OGRANICZONĄ ODPOWIEDZIALNOŚCIĄ",16.10.Z:main
0000352555,204,not_found_or_deregistered,NMG77 SPÓŁKA Z OGRANICZONĄ ODPOWIEDZIALNOŚCIĄ,16.10.Z:main
0000352633,204,not_found_or_deregistered,"""MINERAL-POWER SPÓŁKA Z OGRANICZONĄ ODPOWIEDZIALNOŚCIĄ""",16.10.Z:main
0000352765,204,not_found_or_deregistered,WNU SPÓŁKA Z OGRANICZONĄ ODPOWIEDZIALNOŚCIĄ,16.10.Z:main
0000352841,204,not_found_or_deregistered,KLIMPOL SPÓŁKA AKCYJNA,16.10.Z:main
0000352911,204,not_found_or_deregistered,"SPÓŁDZIELNIA SOCJALNA ""SOL-WIM""",16.10.Z:main
0000353014,204,not_found_or_deregistered,ADAMET BUDOWNICTWO PRZEMYSŁOWE SPÓŁKA Z OGRANICZONĄ ODPOWIEDZIALNOŚCIĄ,16.10.Z:main
0000353021,204,not_found_or_deregistered,CRYS-TECH SPÓŁKA Z OGRANICZONĄ ODPOWIEDZIALNOŚCIĄ,16.10.Z:main
0000353083,204,not_found_or_deregistered,"""DARKAN"" SPÓŁKA Z OGRANICZONĄ ODPOWIEDZIALNOŚCIĄ",16.10.Z:main
0000353532,204,not_found_or_deregistered,NORD-STAR RECYCLING SPÓŁKA Z OGRANICZONĄ ODPOWIEDZIALNOŚCIĄ,16.10.Z:main
0000353574,204,not_found_or_deregistered,PRZEDSIĘBIORSTWO PRODUKCYJNO-HANDLOWE STOLWAX SPÓŁKA Z OGRANICZONĄ ODPOWIEDZIALNOŚCIĄ,16.10.Z:main
0000353695,204,not_found_or_deregistered,PROFIDESK G. WASYLKO SPÓŁKA JAWNA,16.10.Z:main
0000353796,204,not_found_or_deregistered,FENIX SPÓŁKA Z OGRANICZONĄ ODPOWIEDZIALNOŚCIĄ,16.10.Z:main
0000353852,204,not_found_or_deregistered,"PRZEDSIĘBIORSTWO BUDOWLANE ""EKOR"" SPÓŁKA Z OGRANICZONĄ ODPOWIEDZIALNOŚCIĄ",16.10.Z:main
0000354057,204,not_found_or_deregistered,ORLIMEX PL SPÓŁKA Z OGRANICZONĄ ODPOWIEDZIALNOŚCIĄ,16.10.Z:main
0000354243,204,not_found_or_deregistered,HOSTING CONSULTING COMPANY SPÓŁKA Z OGRANICZONĄ ODPOWIEDZIALNOŚCIĄ,16.10.Z:main
0000354445,204,not_found_or_deregistered,TM GROUP SPÓŁKA Z OGRANICZONĄ ODPOWIEDZIALNOŚCIĄ,16.10.Z:main
0000354599,204,not_found_or_deregistered,MEDIUMLED SPÓŁKA Z OGRANICZONĄ ODPOWIEDZIALNOŚCIĄ,16.10.Z:main
0000354633,204,not_found_or_deregistered,M-INWEST ŁODŹ SPÓŁKA Z OGRANICZONĄ ODPOWIEDZIALNOŚCIĄ,16.10.Z:main
0000354636,204,not_found_or_deregistered,LS INTERNATIONAL SPÓŁKA Z OGRANICZONĄ ODPOWIEDZIALNOŚCIĄ SPÓŁKA KOMANDYTOWA,16.10.Z:main
0000354719,204,not_found_or_deregistered,KAWON SPÓŁKA Z OGRANICZONĄ ODPOWIEDZIALNOŚCIĄ,16.10.Z:main
0000354726,204,not_found_or_deregistered,"COECO MAREK MAŚLANKA, KATARZYNA SĘK SPÓŁKA JAWNA",16.10.Z:main
0000354858,204,not_found_or_deregistered,TRYBUN LUDU SPÓŁKA Z OGRANICZONĄ ODPOWIEDZIALNOŚCIĄ,16.10.Z:main
0000354947,204,not_found_or_deregistered,CORMAR RECYCLING SPÓŁKA Z OGRANICZONĄ ODPOWIEDZIALNOŚCIĄ,16.10.Z:main
0000355522,204,not_found_or_deregistered,ABC 4 SPÓŁKA Z OGRANICZONĄ ODPOWIEDZIALNOŚCIĄ,16.10.Z:main
0000355531,204,not_found_or_deregistered,ABC 5 SPÓŁKA Z OGRANICZONĄ ODPOWIEDZIALNOŚCIĄ,16.10.Z:main
0000355534,204,not_found_or_deregistered,"SPÓŁDZIELNIA SOCJALNA ""ZDROJOWIANKA""",16.10.Z:main
0000355577,204,not_found_or_deregistered,RENOVATIO SPÓŁKA Z OGRANICZONĄ ODPOWIEDZIALNOŚCIĄ,16.10.Z:main
0000355662,204,not_found_or_deregistered,SCANWOOD SPÓŁKA Z OGRANICZONĄ ODPOWIEDZIALNOŚCIĄ,16.10.Z:main
0000355672,204,not_found_or_deregistered,MERA SCHODY SPÓŁKA Z OGRANICZONĄ ODPOWIEDZIALNOŚCIĄ,16.10.Z:main
0000355715,204,not_found_or_deregistered,ROXI 2010 SPÓŁKA Z OGRANICZONĄ ODPOWIEDZIALNOŚCIĄ,16.10.Z:main
0000355731,204,not_found_or_deregistered,HABITANIA FLOORS DESIGN SPÓŁKA Z OGRANICZONĄ ODPOWIEDZIALNOŚCIĄ,16.10.Z:main
0000355896,204,not_found_or_deregistered,NORTH MANAGEMENT INTERNATIONAL SPÓŁKA Z OGRANICZONĄ ODPOWIEDZIALNOŚCIĄ,16.10.Z:main
0000355915,204,not_found_or_deregistered,2B EFFICIENT SPÓŁKA Z OGRANICZONĄ ODPOWIEDZIALNOŚCIĄ,16.10.Z:main
0000355958,204,not_found_or_deregistered,JAHTARI SPÓŁKA Z OGRANICZONĄ ODPOWIEDZIALNOŚCIĄ,16.10.Z:main
0000355973,204,not_found_or_deregistered,BIOENERGO SPÓŁKA Z OGRANICZONĄ ODPOWIEDZIALNOŚCIĄ,16.10.Z:main
0000356003,204,not_found_or_deregistered,MÓWISZ I MASZ SPÓŁKA Z OGRANICZONĄ ODPOWIEDZIALNOŚCIĄ,16.10.Z:main
0000356171,204,not_found_or_deregistered,R2 INVESTMENT SPÓŁKA Z OGRANICZONĄ ODPOWIEDZIALNOŚCIĄ W ORGANIZACJI SPÓŁKA KOMANDYTOWA,16.10.Z:main
0000356231,204,not_found_or_deregistered,"""FORSA"" SPÓŁKA Z OGRANICZONĄ ODPOWIEDZIALNOŚCIĄ",16.10.Z:main
0000356249,204,not_found_or_deregistered,IMPEKS POLSKA SPÓŁKA Z OGRANICZONĄ ODPOWIEDZIALNOŚCIĄ,16.10.Z:main
0000356259,204,not_found_or_deregistered,F.K.R. ELEKTROENERGETYKA SPÓŁKA Z OGRANICZONĄ ODPOWIEDZIALNOŚCIĄ,16.10.Z:main
0000356419,204,not_found_or_deregistered,ALLDECOR SPÓŁKA Z OGRANICZONĄ ODPOWIEDZIALNOŚCIĄ,16.10.Z:main
0000356655,204,not_found_or_deregistered,ROBERTO-METAL SPÓŁKA Z OGRANICZONĄ ODPOWIEDZIALNOŚCIĄ,16.10.Z:main
0000356742,204,not_found_or_deregistered,ROS-TRADING SPÓŁKA Z OGRANICZONĄ ODPOWIEDZIALNOŚCIĄ,16.10.Z:main
0000356821,204,not_found_or_deregistered,"""IDEA COMFORT ZBIGNIEW KUZYK I WSPÓLNICY"" SPÓŁKA JAWNA",16.10.Z:main
0000356854,204,not_found_or_deregistered,KOL-MAR SPÓŁKA Z OGRANICZONĄ ODPOWIEDZIALNOŚCIĄ,16.10.Z:main
0000356866,204,not_found_or_deregistered,BALIMEX SPÓŁKA Z OGRANICZONĄ ODPOWIEDZIALNOŚCIĄ,16.10.Z:main
0000357015,204,not_found_or_deregistered,2P AGENCY POLSKA SPÓŁKA Z OGRANICZONĄ ODPOWIEDZIALNOŚCIĄ,16.10.Z:main
0000357133,204,not_found_or_deregistered,"""AGRO-POL"" SPÓŁKA Z OGRANICZONĄ ODPOWIEDZIALNOŚCIĄ",16.10.Z:main
0000357318,204,not_found_or_deregistered,MITHRA SPÓŁKA Z OGRANICZONĄ ODPOWIEDZIALNOŚCIĄ,16.10.Z:main
0000357503,204,not_found_or_deregistered,PBO FINANSE SPÓŁKA AKCYJNA,16.10.Z:main
0000357577,204,not_found_or_deregistered,OSTIA SPÓŁKA Z OGRANICZONĄ ODPOWIEDZIALNOŚCIĄ SPÓŁKA KOMANDYTOWO-AKCYJNA,16.10.Z:main
0000357591,204,not_found_or_deregistered,VEBEX FRASUNKIEWICZ & JAKUBOWSKI SPÓŁKA JAWNA,16.10.Z:main
0000357664,204,not_found_or_deregistered,OSTIA SPÓŁKA Z OGRANICZONĄ ODPOWIEDZIALNOŚCIĄ,16.10.Z:main
0000357752,204,not_found_or_deregistered,NETEXPERTS SPÓŁKA Z OGRANICZONĄ ODPOWIEDZIALNOŚCIĄ,16.10.Z:main
0000357918,204,not_found_or_deregistered,FRAKTAL SPÓŁKA Z OGRANICZONĄ ODPOWIEDZIALNOŚCIĄ,16.10.Z:main
0000358076,204,not_found_or_deregistered,INTERNATIONAL TRADING GROUP POLSKA SPÓŁKA Z OGRANICZONĄ ODPOWIEDZIALNOŚCIĄ,16.10.Z:main
0000358167,204,not_found_or_deregistered,BAWARIA SPÓŁKA Z OGRANICZONĄ ODPOWIEDZIALNOŚCIĄ,16.10.Z:main
0000358170,204,not_found_or_deregistered,EKO-RAM SPÓŁKA Z OGRANICZONĄ ODPOWIEDZIALNOŚCIĄ,16.10.Z:main
0000358228,204,not_found_or_deregistered,ROMOT SPÓŁKA ZOGRANICZONĄ ODPOWIEDZIALNOSCIĄ,16.10.Z:main
0000358930,204,not_found_or_deregistered,"SPÓŁDZIELNA SOCJALNA ""NOVA""",16.10.Z:main
0000359278,204,not_found_or_deregistered,ZOMETAL SPÓŁKA Z OGRANICZONĄ ODPOWIEDZIALNOŚCIĄ,16.10.Z:main
0000359353,204,not_found_or_deregistered,ERBAST SPÓŁKA Z OGRANICZONĄ ODPOWIEDZIALNOŚCIĄ,16.10.Z:main
0000359372,204,not_found_or_deregistered,INTEZO SPÓŁKA Z OGRANICZONĄ ODPOWIEDZIALNOŚCIĄ,16.10.Z:main
0000359563,204,not_found_or_deregistered,ARTIKA SPÓŁKA Z OGRANICZONĄ ODPOWIEDZIALNOŚCIĄ,16.10.Z:main
0000359591,204,not_found_or_deregistered,ITSPREE SPÓŁKA Z OGRANICZONĄ ODPOWIEDZIALNOŚCIĄ,16.10.Z:main
0000359604,204,not_found_or_deregistered,BÓR TUCHOLA SPÓŁKA Z OGRANICZONĄ ODPOWIEDZIALNOŚCIĄ,16.10.Z:main
0000359638,204,not_found_or_deregistered,ZAMRAŻALNIA TUCHOLA SPÓŁKA Z OGRANICZONĄ ODPOWIEDZIALNOŚCIĄ,16.10.Z:main
0000359652,204,not_found_or_deregistered,HIT - Ł. GIELAS SPÓŁKA JAWNA,16.10.Z:main
0000359746,204,not_found_or_deregistered,BUDOMEX SPÓŁKA Z OGRANICZONĄ ODPOWIEDZIALNOŚCIĄ SPÓŁKA KOMANDYTOWA,16.10.Z:main
0000359771,204,not_found_or_deregistered,"PRZEDSIĘBIORSTWO USŁUGOWO-BUDOWLANE ""EKRANY POLSKA"" SPÓŁKA Z OGRANICZONĄ ODPOWIEDZIALNOŚCIĄ",16.10.Z:main
0000359902,204,not_found_or_deregistered,TYSTERIX SPÓŁKA Z OGRANICZONĄ ODPOWIEDZIALNOŚCIĄ,16.10.Z:main
0000360001,204,not_found_or_deregistered,DEL PORTONE SPÓŁKA Z OGRANICZONĄ ODPOWIEDZIALNOŚCIĄ,16.10.Z:main
0000360040,204,not_found_or_deregistered,INTER GENERAL AGENCY SPÓŁKA Z OGRANICZONĄ ODPOWIEDZIALNOŚCIĄ,16.10.Z:main
0000360252,204,not_found_or_deregistered,CENTRUM ZDROWIA SERCA SPÓŁKA Z OGRANICZONĄ ODPOWIEDZIALNOŚCIĄ,16.10.Z:main
0000360315,204,not_found_or_deregistered,"""MAD-DREW"" SPÓŁKA Z OGRANICZONĄ ODPOWIEDZIALNOŚCIĄ",16.10.Z:main
0000360445,204,not_found_or_deregistered,AGRO - IMPEX SPÓŁKA Z OGRANICZONĄ ODPOWIEDZIALNOŚCIĄ,16.10.Z:main
0000360804,204,not_found_or_deregistered,"""NORD-WEST-POL-S&S"" SPÓŁKA Z OGRANICZONĄ ODPOWIEDZIALNOŚCIĄ",16.10.Z:main
0000361043,204,not_found_or_deregistered,FART SPÓŁKA Z OGRANICZONĄ ODPOWIEDZIALNOŚCIĄ,16.10.Z:main
0000361109,204,not_found_or_deregistered,BLACK-METAL SPÓŁKA Z OGRANICZONĄ ODPOWIEDZIALNOŚCIĄ,16.10.Z:main
0000361154,204,not_found_or_deregistered,GP-METAL SPÓŁKA Z OGRANICZONĄ ODPOWIEDZIALNOŚCIĄ,16.10.Z:main
0000361197,204,not_found_or_deregistered,"""BLUE RIVER"" SPÓŁKA Z OGRANICZONĄ ODPOWIEDZIALNOŚCIĄ",16.10.Z:main
0000361411,204,not_found_or_deregistered,ASTALBET INŻYNIERIA SPÓŁKA Z OGRANICZONĄ ODPOWIEDZIALNOŚCIĄ,16.10.Z:main
0000361426,204,not_found_or_deregistered,ROLNICZA SPÓŁDZIELNIA PRODUKCYJNA ODNOWA W KRAKOWIE-TYŃCU,16.10.Z:main
0000361469,204,not_found_or_deregistered,"""BIOPOL"" SPÓŁKA Z OGRANICZONĄ ODPOWIEDZIALNOŚCIĄ",16.10.Z:main
0000361693,204,not_found_or_deregistered,BOB BUDOWNICZY ADAM OŻYŁO SPÓŁKA JAWNA,16.10.Z:main
0000361705,204,not_found_or_deregistered,MEBLE VOX SPÓŁKA Z OGRANICZONĄ ODPOWIEDZIALNOŚCIĄ SPÓŁKA KOMANDYTOWO-AKCYJNA,16.10.Z:main
0000361720,204,not_found_or_deregistered,VARUS SPÓŁKA Z OGRANICZONĄ ODPOWIEDZIALNOŚCIĄ,16.10.Z:main
0000361741,204,not_found_or_deregistered,"""SEKUTERSCY"" SPÓŁKA Z OGRANICZONĄ ODPOWIEDZIALNOŚCIĄ",16.10.Z:main
0000361765,204,not_found_or_deregistered,LS LEMAR SPÓŁKA Z OGRANICZONĄ ODPOWIEDZIALNOŚCIĄ,16.10.Z:main
0000361788,204,not_found_or_deregistered,"""PROTEK"" SPÓŁKA Z OGRANICZONĄ ODPOWIEDZIALNOŚCIĄ",16.10.Z:main
0000361865,204,not_found_or_deregistered,HOME GROUP SPÓŁKA Z OGRANICZONĄ ODPOWIEDZIALNOŚCIĄ,16.10.Z:main
0000362060,204,not_found_or_deregistered,"""WARMAX"" SPÓŁDZIELNIA SOCJALNA W OLSZTYNIE",16.10.Z:main
0000362174,204,not_found_or_deregistered,AGRAMAX JAROSŁAW MRÓZ TOMASZ GADECKI SPÓŁKA JAWNA,16.10.Z:main
0000362495,204,not_found_or_deregistered,"""BRYKPOL"" SZUBA SPÓŁKA JAWNA",16.10.Z:main
0000362551,204,not_found_or_deregistered,EKO WOODIMEX SPÓŁKA Z OGRANICZONĄ ODPOWIEDZIALNOŚCIĄ,16.10.Z:main
0000362805,204,not_found_or_deregistered,LVG LESZEK FOSS I TOMASZ JĘDRZEJEWSKI SPÓŁKA JAWNA,16.10.Z:main
0000363036,204,not_found_or_deregistered,"""C. HARTWIG FINANSE"" SPÓŁKA Z OGRANICZONĄ ODPOWIEDZIALNOŚCIĄ",16.10.Z:main
0000363090,204,not_found_or_deregistered,DBB SPÓŁKA Z OGRANICZONĄ ODPOWIEDZIALNOŚCIĄ,16.10.Z:main
0000363130,204,not_found_or_deregistered,"""GRENOVO"" SPÓŁKA Z OGRANICZONĄ ODPOWIEDZIALNOŚCIĄ",16.10.Z:main
0000363828,204,not_found_or_deregistered,G-A METAL SPÓŁKA Z OGRANICZONĄ ODPOWIEDZIALNOŚCIĄ,16.10.Z:main
0000363852,204,not_found_or_deregistered,"""JARKI EURO-TECH"" SPÓŁKA Z OGRANICZONĄ ODPOWIEDZIALNOŚCIĄ",16.10.Z:main
0000363918,204,not_found_or_deregistered,HS PRODUCT SPÓŁKA Z OGRANICZONĄ ODPOWIEDZIALNOŚCIĄ,16.10.Z:main
0000364123,204,not_found_or_deregistered,SOUTH DEVELOPMENT SPÓŁKA Z OGRANICZONĄ ODPOWIEDZIALNOŚCIĄ,16.10.Z:main
0000364159,204,not_found_or_deregistered,KAMIDA WOOD GROUP SPÓŁKA Z OGRANICZONĄ ODPOWIEDZIALNOŚCIĄ,16.10.Z:main
0000364254,204,not_found_or_deregistered,POLSKA MIĘDZYNARODOWA SZKOŁA JĘZYKOWA SPÓŁKA Z OGRANICZONĄ ODPOWIEDZIALNOŚCIĄ,16.10.Z:main
0000364299,204,not_found_or_deregistered,"""SPÓŁKA PARKOWA"" SPÓŁKA Z OGRANICZONĄ ODPOWIEDZIALNOŚCIĄ",16.10.Z:main
0000364697,204,not_found_or_deregistered,DIMART SPÓŁKA Z OGRANICZONĄ ODPOWIEDZIALNOŚCIĄ,16.10.Z:main
0000364779,204,not_found_or_deregistered,ANEKS-STUDIO SPÓŁKA Z OGRANICZONĄ ODPOWIEDZIALNOŚCIĄ SPÓŁKA KOMANDYTOWA,16.10.Z:main
0000364851,204,not_found_or_deregistered,LTI POLSKA SPÓŁKA Z OGRANICZONĄ ODPOWIEDZIALNOŚCIĄ,16.10.Z:main
0000364891,204,not_found_or_deregistered,POLBUD SPÓŁKA AKCYJNA,16.10.Z:main
0000365027,204,not_found_or_deregistered,GM GROUP SPÓŁKA Z OGRANICZONĄ ODPOWIEDZIALNOŚCIĄ,16.10.Z:main
0000365139,204,not_found_or_deregistered,"""S.V. POLSKA"" SPÓŁKA Z OGRANICZONĄ ODPOWIEDZIALNOŚCIĄ",16.10.Z:main
0000365195,204,not_found_or_deregistered,ZAKŁAD ELEKTRYCZNY I TELETECHNICZNY SPÓŁKA Z OGRANICZONĄ ODPOWIEDZIALNOŚCIĄ,16.10.Z:main
0000365391,204,not_found_or_deregistered,PATAS SPÓŁKA Z OGRANICZONĄ ODPOWIEDZIALNOŚCIĄ,16.10.Z:main
0000365512,204,not_found_or_deregistered,TESSA PLUS SPÓŁKA Z OGRANICZONĄ ODPOWIEDZIALNOŚCIĄ,16.10.Z:main
0000365675,204,not_found_or_deregistered,DREWIN HPD SPÓŁKA Z OGRANICZONĄ ODPOWIEDZIALNOŚCIĄ,16.10.Z:main
0000365797,204,not_found_or_deregistered,POMOST SPÓŁKA Z OGRANICZONĄ ODPOWIEDZIALNOŚCIĄ,16.10.Z:main
0000366057,204,not_found_or_deregistered,DBB SPÓŁKA Z OGRANICZONĄ ODPOWIEDZIALNOŚCIĄ SPÓŁKA KOMANDYTOWA,16.10.Z:main
0000366310,204,not_found_or_deregistered,"""ASPOLBUD"" SPÓŁKA Z OGRANICZONĄ ODPOWIEDZIALNOŚCIĄ",16.10.Z:main
0000366321,204,not_found_or_deregistered,"""MIHEN-BUD"" SPÓŁKA Z OGRANICZONĄ ODPOWIEDZIALNOŚCIĄ",16.10.Z:main
0000366323,204,not_found_or_deregistered,AGRO POMORZE SPÓŁKA Z OGRANICZONĄ ODPOWIEDZIALNOŚCIĄ,16.10.Z:main
0000366362,204,not_found_or_deregistered,"""PROPEX"" SPÓŁKA Z OGRANICZONĄ ODPOWIEDZIALNOŚCIĄ",16.10.Z:main
0000366383,204,not_found_or_deregistered,ESCO POLAND SPÓŁKA Z OGRANICZONĄ ODPOWIEDZIALNOŚCIĄ,16.10.Z:main
0000366445,204,not_found_or_deregistered,NATURLINE SPÓŁKA Z OGRANICZONĄ ODPOWIEDZIALNOŚCIĄ,16.10.Z:main
0000366646,204,not_found_or_deregistered,GAJEWSKI-DYSTRYBUCJA SPÓŁKA Z OGRANICZONĄ ODPOWIEDZIALNOŚCIĄ,16.10.Z:main
0000366655,204,not_found_or_deregistered,"GRUPA PRODUCENTÓW ROLNYCH ""PAŁUKI"" SPÓŁKA Z OGRANICZONĄ ODPOWIEDZIALNOŚCIĄ",16.10.Z:main
0000366717,204,not_found_or_deregistered,"PRZEDSIĘBIORSWO PRODUKCYJNO HANDLOWO USŁUGOWE ""EKO-MET"" SPÓŁKA Z OGRANICZONĄ ODPOWIEDZIALNOŚCIĄ",16.10.Z:main
0000366962,204,not_found_or_deregistered,"""STARTER"" SPÓŁKA Z OGRANICZONĄ ODPOWIEDZIALNOŚCIĄ W LIKWIDACJI",16.10.Z:main
0000367111,204,not_found_or_deregistered,ESCO DEVELOPMENT SPÓŁKA Z OGRANICZONĄ ODPOWIEDZIALNOŚCIĄ SPÓŁKA KOMANDYTOWA,16.10.Z:main
0000367237,204,not_found_or_deregistered,B.H. LIGHT SYSTEM SPÓŁKA Z OGRANICZONĄ ODPOWIEDZIALNOŚCIĄ,16.10.Z:main
0000367289,204,not_found_or_deregistered,JA-METAL SPÓŁKA Z OGRNICZONĄ ODPOWIEDZIALNOŚCIĄ,16.10.Z:main
0000367334,204,not_found_or_deregistered,LEADER SERVICE EUROPE SPÓŁKA Z OGRANICZONĄ ODPOWIEDZIALNOŚCIĄ,16.10.Z:main
0000367471,204,not_found_or_deregistered,"EUROTEAM SPÓŁKA JAWNA JANUSZ FRYCHEL, IZABELA ORSZULAK Z SIEDZIBĄ",16.10.Z:main
0000367741,204,not_found_or_deregistered,TEPE AKFEN PRIM SPÓŁKA Z OGRANICZONĄ ODPOWIEDZIALNOŚCIĄ,16.10.Z:main
0000367797,204,not_found_or_deregistered,LIGHT SYSTEM SPÓŁKA Z OGRANICZONĄ ODPOWIEDZIALNOŚCIĄ,16.10.Z:main
0000367809,204,not_found_or_deregistered,"""EKOTRANSIT"" SPÓŁKA Z OGRANICZONĄ ODPOWIEDZIALNOŚCIĄ",16.10.Z:main
0000367810,204,not_found_or_deregistered,"""PKP CARGO TABOR-POMORSKI"" SPÓŁKA Z OGRANICZONĄ ODPOWIEDZIALNOŚCIĄ",16.10.Z:main
0000367814,204,not_found_or_deregistered,ILMAX SPÓŁKA Z OGRANICZONĄ ODPOWIEDZIALNOŚCIĄ,16.10.Z:main
0000367831,204,not_found_or_deregistered,"PRZEDSIĘBIORSTWO USŁUGOWO HANDLOWO TRANSPORTOWE ""TARTAK"" SPÓŁKA Z OGRANICZONĄ ODPOWIEDZIALNOŚCIĄ",16.10.Z:main
0000367836,204,not_found_or_deregistered,CSA-METAL SPÓŁKA Z OGRANICZONĄ ODPOWIEDZIALNOŚCIĄ,16.10.Z:main
0000368083,204,not_found_or_deregistered,"""FLEXMAN"" SPÓŁKA Z OGRANICZONĄ ODPOWIEDZIALNOŚCIĄ",16.10.Z:main
0000368313,204,not_found_or_deregistered,KLEMAR INVESTMENTS SPÓŁKA Z OGRANICZONĄ ODPOWIEDZIALNOŚCIĄ,16.10.Z:main
0000368413,204,not_found_or_deregistered,"SPÓŁDZIELNIA SOCJALNA ""ATUT"" W ŻABNICY",16.10.Z:main
0000368575,204,not_found_or_deregistered,CS SISTEMA SPÓŁKA Z OGRANICZONĄ ODPOWIEDZIALNOŚCIĄ,16.10.Z:main
0000368646,204,not_found_or_deregistered,GLP SPÓŁKA Z OGRANICZONĄ ODPOWIEDZIALNOŚCIĄ,16.10.Z:main
0000368895,204,not_found_or_deregistered,STORKWOOD SPÓŁKA Z OGRANICZONĄ ODPOWIEDZIALNOŚCIĄ,16.10.Z:main
0000369307,204,not_found_or_deregistered,BISWOOD SPÓŁKA Z OGRANICZONĄ ODPOWIEDZIALNOŚCIĄ,16.10.Z:main
0000369319,204,not_found_or_deregistered,GLOBAL PELLET SPÓLKA Z OGRANICZONĄ ODPOWIEDZIALNOŚCIĄ,16.10.Z:main
0000369389,204,not_found_or_deregistered,"""WADWICZ SPÓŁKA Z OGRANICZONĄ ODPOWIEDZIALNOŚCIĄ"" SPÓŁKA KOMANDYTOWO-AKCYJNA",16.10.Z:main
0000369401,204,not_found_or_deregistered,"""SANSTRA"" SPÓŁKA Z OGRANICZONĄ ODPOWIEDZIALNOŚCIĄ",16.10.Z:main
0000369457,204,not_found_or_deregistered,CONDITE 1 SPÓŁKA Z OGRANICZONĄ ODPOWIEDZIALNOŚCIĄ SPÓŁKA KOMANDYTOWO-AKCYJNA,16.10.Z:main
0000369480,204,not_found_or_deregistered,"STOWARZYSZENIE ""NOWE HORYZONTY""",16.10.Z:main
0000369492,204,not_found_or_deregistered,DOMINOWOOD SPÓŁKA Z OGRANICZONĄ ODPOWIEDZIALNOŚCIĄ,16.10.Z:main
0000369563,204,not_found_or_deregistered,EKO-HABA BEDNARCZYK I HYCZKO SPÓŁKA JAWNA,16.10.Z:main
0000369625,204,not_found_or_deregistered,"""CASTELI GROUP"" SPÓŁKA Z OGRANICZONĄ ODPOWIEDZIALNOŚCIĄ",16.10.Z:main
0000369667,204,not_found_or_deregistered,"""FITOGRAN"" SPÓŁKA Z OGRANICZONĄ ODPOWIEDZIALNOŚCIĄ",16.10.Z:main
0000369741,204,not_found_or_deregistered,"PRZEDSIĘBIORSTWO INNOWACYJNO - WDROŻENIOWE ""VIGOR"" - SPÓŁKA Z OGRANICZONĄ ODPOWIEDZIALNOŚCIĄ",16.10.Z:main
0000369791,204,not_found_or_deregistered,"""INTRAS"" SPÓŁKA Z OGRANICZONĄ ODPOWIEDZIALNOŚCIĄ",16.10.Z:main
0000369833,204,not_found_or_deregistered,"""MÓJ BEZPIECZNY DOM"" SPÓŁKA Z OGRANICZONĄ ODPOWIEDZIALNOŚCIĄ",16.10.Z:main
0000370113,204,not_found_or_deregistered,THERMOLYTIX SPÓŁKA Z OGRANICZONĄ ODPOWIEDZIALNOŚCIĄ,16.10.Z:main
0000370152,204,not_found_or_deregistered,PROJEKT 2010 SPÓŁKA Z OGRANICZONĄ ODPOWIEDZIALNOŚCIĄ,16.10.Z:main
0000370163,204,not_found_or_deregistered,WOOD FACTORY SPÓŁKA Z OGRANICZONĄ ODPOWIEDZIALNOŚCIĄ,16.10.Z:main
0000370167,204,not_found_or_deregistered,JIM SPÓŁKA Z OGRANICZONĄ ODPOWIEDZIALNOŚCIĄ,16.10.Z:main
0000370201,204,not_found_or_deregistered,VMB SPÓŁKA Z OGRANICZONĄ ODPOWIEDZIALNOŚCIĄ,16.10.Z:main
0000370394,204,not_found_or_deregistered,"""TRANS - DREW 2"" ZBIGNIEW ŚWIERCZ, MARCIN STRZELEC SPÓŁKA JAWNA",16.10.Z:main
0000370524,204,not_found_or_deregistered,OFFON SPÓŁKA Z OGRANICZONĄ ODPOWIEDZIALNOŚCIĄ,16.10.Z:main
0000370750,204,not_found_or_deregistered,SEMI-PLUS SPÓŁKA Z OGRANICZONĄ ODPOWIEDZIALNOŚCIĄ,16.10.Z:main
0000370782,204,not_found_or_deregistered,"""NIEMCZ ARKADIA 2 SPÓŁKA Z OGRANICZONĄ ODPOWIEDZIALNOŚCIĄ"" SPÓŁKA KOMANDYTOWA",16.10.Z:main
0000370930,204,not_found_or_deregistered,"""KOMPLEKSOWA OBSŁUGA BUDOWNICTWA EKOBUD"" SPÓŁKA Z OGRANICZONĄ ODPOWIEDZIALNOŚCIĄ",16.10.Z:main
0000370961,204,not_found_or_deregistered,STG SPÓŁKA Z OGRANICZONĄ ODPOWIEDZIALNOŚCIĄ,16.10.Z:main
0000371440,204,not_found_or_deregistered,RAGOS-2 SPÓŁKA Z OGRANICZONĄ ODPOWIEDZIALNOŚCIĄ,16.10.Z:main
0000371939,204,not_found_or_deregistered,BONI FRATRES CALVARIENSIS SPÓŁKA Z OGRANICZONĄ ODPOWIEDZIALNOŚCIĄ,16.10.Z:main
0000371964,204,not_found_or_deregistered,"""BYGG-PRO POLAND"" SPÓŁKA Z OGRANICZONĄ ODPOWIEDZIALNOŚCIĄ",16.10.Z:main
0000372205,204,not_found_or_deregistered,URZĘDOWSKI WINDOOR SPÓŁKA Z OGRANICZONĄ ODPOWIEDZIALNOŚCIĄ,16.10.Z:main
0000372292,204,not_found_or_deregistered,"""DREWTUR"" L.T.M. GREBER SPÓŁKA JAWNA",16.10.Z:main
0000372531,204,not_found_or_deregistered,GRUPA AMB SPÓŁKA Z OGRANICZONĄ ODPOWIEDZIALNOŚCIĄ,16.10.Z:main
0000372576,204,not_found_or_deregistered,"""RAJA AYAM"" SPÓŁKA Z OGRANICZONĄ ODPOWIEDZIALNOŚCIĄ",16.10.Z:main
0000372595,204,not_found_or_deregistered,"FIRMA HANDLOWA ""EKKOM"" SPÓŁKA Z OGRANICZONĄ ODPOWIEDZIALNOŚCIĄ, SPÓŁKA KOMANDYTOWA",16.10.Z:main
0000372690,204,not_found_or_deregistered,WISA - PRINT SPÓŁKA Z OGRANICZONĄ ODPOWIEDZIALNOŚCIĄ,16.10.Z:main
0000372727,204,not_found_or_deregistered,NORD-TRADE SPÓŁKA Z OGRANICZONĄ ODPOWIEDZIALNOŚCIĄ,16.10.Z:main
0000372885,204,not_found_or_deregistered,UNITED INVEST SPÓŁKA Z OGRANICZONĄ ODPOWIEDZIALNOŚCIĄ,16.10.Z:main
0000372913,204,not_found_or_deregistered,"""PLAY BEV POLAND"" SPÓŁKA Z OGRANICZONĄ ODPOWIEDZIALNOŚCIĄ",16.10.Z:main
0000373012,204,not_found_or_deregistered,ECO ALTERNATIVE TECHNOLOGIES SPÓŁKA Z OGRANICZONĄ ODPOWIEDZIALNOŚCIĄ,16.10.Z:main
0000373076,204,not_found_or_deregistered,BS BOHEMIA SEKT POLSKA SPÓŁKA Z OGRANICZONĄ ODPOWIEDZIALNOŚCIĄ,16.10.Z:main
0000373111,204,not_found_or_deregistered,BAMUG TRADE & SERVICES SPÓŁKA Z OGRANICZONĄ ODPOWIEDZIALNOŚCIĄ,16.10.Z:main
0000373199,204,not_found_or_deregistered,IRONWAY SPÓŁKA Z OGRANICZONĄ ODPOWIEDZIALNOŚCIĄ,16.10.Z:main
0000373291,204,not_found_or_deregistered,BHE DYCHÓW SPÓŁKA Z OGRANICZONĄ ODPOWIEDZIALNOŚCIĄ,16.10.Z:main
0000373301,204,not_found_or_deregistered,SILES TOMASZ BEREZA SPÓŁKA KOMANDYTOWA,16.10.Z:main
0000373353,204,not_found_or_deregistered,GRUNT BUD SPÓŁKA Z OGRANICZONĄ ODPOWIEDZIALNOŚCIĄ,16.10.Z:main
0000373461,204,not_found_or_deregistered,"""DWUDZIESTKA SIÓDEMKA"" SPÓŁKA Z OGRANICZONĄ ODPOWIEDZIALNOŚCIĄ",16.10.Z:main
0000373772,204,not_found_or_deregistered,EKOTEXBUD SPÓŁKA Z OGRANICZONĄ ODPOWIEDZIALNOŚCIĄ SPÓŁKA KOMANDYTOWA,16.10.Z:main
0000373813,204,not_found_or_deregistered,ECO-WOOD-STEEL SPÓŁKA Z OGRANICZONĄ ODPOWIEDZIALNOŚCIĄ,16.10.Z:main
0000373946,204,not_found_or_deregistered,"""PK INWEST"" SPÓŁKA Z OGRANICZONĄ ODPOWIEDZIALNOŚCIĄ",16.10.Z:main
0000373985,204,not_found_or_deregistered,PPH KAMA SPÓŁKA Z OGRANICZONĄ ODPOWIEDZIALNOŚCIĄ,16.10.Z:main
0000374032,204,not_found_or_deregistered,PRZEDSIĘBIORSTWO INWESTYCYJNO BUDOWLANE GREEN-TECH SPÓŁKA Z OGRANICZONĄ ODPOWIEDZIALNOŚCIĄ,16.10.Z:main
0000374285,204,not_found_or_deregistered,INVEST REFORM SPÓŁKA Z OGRANICZONĄ ODPOWIEDZIALNOŚCIĄ,16.10.Z:main
0000374335,204,not_found_or_deregistered,MITODA SPÓŁKA AKCYJNA,16.10.Z:main
0000374494,204,not_found_or_deregistered,AGERUS SPÓŁKA Z OGRANICZONĄ ODPOWIEDZIALNOŚCIĄ,16.10.Z:main
0000374562,204,not_found_or_deregistered,MARSUS SPÓŁKA Z OGRANICZONĄ ODPOWIEDZIALNOŚCIĄ,16.10.Z:main
0000374591,204,not_found_or_deregistered,"""ELIA INVESTMENTS SPÓŁKA Z OGRANICZONĄ ODPOWIEDZIALNOŚCIĄ - ADVISORS"" SPÓŁKA KOMANDYTOWO-AKCYJNA",16.10.Z:main
0000374631,204,not_found_or_deregistered,"ROMA-DREW M. MURZYN, R. MURZYN SPÓŁKA JAWNA",16.10.Z:main
0000375007,204,not_found_or_deregistered,ROLNICZA SPÓŁDZIELNIA PRODUKCYJNA MAŁOGOSZCZ W LIKWIDACJI,16.10.Z:main
0000375267,204,not_found_or_deregistered,ENERGOMIX-SILESIA SPÓŁKA Z OGRANICZONĄ ODPOWIEDZIALNOŚCIĄ,16.10.Z:main
0000375302,204,not_found_or_deregistered,"A&S SERVICE A.CAPUTO, S.GŁODOWSKI SPÓŁKA JAWNA",16.10.Z:main
0000375640,204,not_found_or_deregistered,"""GREEN ENERGY PROJEKT RZGÓW"" SPÓŁKA AKCYJNA",16.10.Z:main
0000375845,204,not_found_or_deregistered,BIOEN DISTRIBUTION SPÓŁKA Z OGRANICZONĄ ODPOWIEDZIALNOŚCIĄ,16.10.Z:main
0000376040,204,not_found_or_deregistered,GRANDE-PICCOLO SPÓŁKA Z OGRANICZONĄ ODPOWIEDZIALNOŚCIĄ SPÓŁKA KOMANDYTOWA,16.10.Z:main
0000376228,204,not_found_or_deregistered,KOMPLEX BIS SPÓŁKA Z OGRANICZONĄ ODPOWIEDZIALNOŚCIĄ,16.10.Z:main
0000376447,204,not_found_or_deregistered,WENETIS SPÓŁKA Z OGRANICZONĄ ODPOWIEDZIALNOŚCIĄ,16.10.Z:main
0000376742,204,not_found_or_deregistered,SATURNUS SPÓŁKA Z OGRANICZONĄ ODPOWIEDZIALNOŚCIĄ,16.10.Z:main
0000376802,204,not_found_or_deregistered,"""EUROGROUP"" SPÓŁKA Z OGRANICZONĄ ODPOWIEDZIALNOŚCIĄ",16.10.Z:main
0000377324,204,not_found_or_deregistered,DREWMECH SPÓŁKA Z OGRANICZONĄ ODPOWIEDZIALNOŚCIĄ,16.10.Z:main
0000377712,204,not_found_or_deregistered,"""TOMAR MARIANA SZMIGIELSKA I TOMASZ KANIA"" SPÓŁKA JAWNA",16.10.Z:main
0000377979,204,not_found_or_deregistered,PROLOGUS SPÓŁKA Z OGRANICZONĄ ODPOWIEDZIALNOŚCIĄ,16.10.Z:main
0000378181,204,not_found_or_deregistered,"""ARP"" PRZEDSIĘBIORSTWO PRODUKCYJNO-USŁUGOWO-HANDLOWE SPÓŁKA Z OGRANICZONĄ ODPOWIEDZIALNOŚCIĄ JOINTVENTURE",16.10.Z:main
0000378263,204,not_found_or_deregistered,WOOD EXPORT GROUP SPÓŁKA Z OGRANICZONĄ ODPOWIEDZIALNOŚCIĄ SPÓŁKA KOMANDYTOWA,16.10.Z:main
0000378323,204,not_found_or_deregistered,O RETY PARAPETY BĄCALSKI I JAWOROWICZ SPÓŁKA JAWNA,16.10.Z:main
0000378708,204,not_found_or_deregistered,"""URWIS"" SPÓŁKA Z OGRANICZONĄ ODPOWIEDZIALNOŚCIĄ",16.10.Z:main
0000378721,204,not_found_or_deregistered,"ZUL ""ML"" SPÓŁKA Z OGRANICZONĄ ODPOWIEDZILANOŚCIĄ",16.10.Z:main
0000378902,204,not_found_or_deregistered,MASBUD INVEST SPÓŁKA Z OGRANICZONĄ ODPOWIEDZIALNOŚCIĄ,16.10.Z:main
0000378977,204,not_found_or_deregistered,"""GRUPA FENIKS"" SPÓŁKA Z OGRANICZONĄ ODPOWIEDZIALNOŚCIĄ",16.10.Z:main
0000379006,204,not_found_or_deregistered,SGK PROJEKT SPÓŁKA Z OGRANICZONĄ ODPOWIEDZIALNOŚCIĄ SPÓŁKA KOMANDYTOWA,16.10.Z:main
0000379082,204,not_found_or_deregistered,MISIAREK SPÓŁKA KOMANDYTOWA,16.10.Z:main
0000379490,204,not_found_or_deregistered,EURO CARGO SPÓŁKA Z OGRANICZONĄ ODPOWIEDZIALNOŚCIĄ,16.10.Z:main
0000379589,204,not_found_or_deregistered,"""TPS TIMBER PRODUCTS SULĘCIN"" SPÓŁKA Z OGRANICZONĄ ODPOWIEDZIALNOŚCIĄ",16.10.Z:main
0000379660,204,not_found_or_deregistered,"""SIGNART"" SPÓŁKA Z OGRANICZONĄ ODPOWIEDZIALNOŚCIĄ",16.10.Z:main
0000379670,204,not_found_or_deregistered,TOKA POLSKA SPÓŁKA Z OGRANICZONĄ ODPOWIEDZIALNOŚCIĄ,16.10.Z:main
0000379687,204,not_found_or_deregistered,EURO TRANS BIAŁORUŚ SPÓŁKA Z OGRANICZONĄ ODPOWIEDZIALNOŚCIĄ,16.10.Z:main
0000379959,204,not_found_or_deregistered,"""MAKER-BIS"" SPÓŁKA Z OGRANICZONĄ ODPOWIEDZIALNOŚCIĄ",16.10.Z:main
0000380024,204,not_found_or_deregistered,"ROKA - MED SPÓŁKA JAWNA, A.KANTORSKI I WSPÓLNICY",16.10.Z:main
0000380056,204,not_found_or_deregistered,DIEZ SPÓŁKA Z OGRANICZONĄ ODPOWIEDZIALNOŚCIĄ,16.10.Z:main
0000380134,204,not_found_or_deregistered,WI & WI SPÓŁKA Z OGRANICZONĄ ODPOWIEDZIALNOŚCIĄ,16.10.Z:main
0000380281,204,not_found_or_deregistered,HAUMETUS SPÓŁKA Z OGRANICZONĄ ODPOWIEDZIALNOŚCIĄ,16.10.Z:main
0000380299,204,not_found_or_deregistered,FUNDACJA PAMIĘCI KSIĘDZA PRAŁATA PAWŁA KRAFCZYKA W BYTOMIU,16.10.Z:main
0000380319,204,not_found_or_deregistered,GRUPA PRODUCENTÓW OWOCÓW I WARZYW TRUS-MAL SPÓŁKA Z OGRANICZONĄ ODPOWIEDZIALNOŚCIĄ,16.10.Z:main
0000380325,204,not_found_or_deregistered,"""GORLAND SERWIS"" SPÓŁKA Z OGRANICZONĄ ODPOWIEDZIALNOŚCIĄ",16.10.Z:main
0000380479,204,not_found_or_deregistered,"""Z&M WOOD POLAND SPÓŁKA Z OGRANICZONĄ ODPOWIEDZIALNOŚCIĄ""",16.10.Z:main
0000380853,204,not_found_or_deregistered,ZODREW NOGALA SPÓŁKA JAWNA,16.10.Z:main
0000380924,204,not_found_or_deregistered,GRUPA A.M.A. SPÓŁKA Z OGRANICZONĄ ODPOWIEDZIALNOŚCIĄ,16.10.Z:main
0000381181,204,not_found_or_deregistered,"""OKNOPROFIT NZ"" SPÓŁKA Z OGRANICZONĄ ODPOWIEDZIALNOŚCIĄ",16.10.Z:main
0000381635,204,not_found_or_deregistered,MANDARE SPÓŁKA Z OGRANICZONĄ ODPOWIEDZIALNOŚCIĄ,16.10.Z:main
0000381694,204,not_found_or_deregistered,BIOGAZOWNIA PAKOSŁAW SPÓŁKA Z OGRANICZONĄ ODPOWIEDZIALNOŚCIĄ,16.10.Z:main
0000381989,204,not_found_or_deregistered,CUTLASER SPÓŁKA Z OGRANICZONĄ ODPOWIEDZIALNOŚCIĄ,16.10.Z:main
0000382116,204,not_found_or_deregistered,GEURTS SPÓŁKA Z OGRANICZONĄ ODPOWIEDZIALNOŚCIĄ,16.10.Z:main
0000382232,204,not_found_or_deregistered,ENEH SPÓŁKA Z OGRANICZONĄ ODPOWIEDZIALNOŚCIĄ,16.10.Z:main
0000382589,204,not_found_or_deregistered,SERGEY POPKOV SPÓŁKA Z OGRANICZONĄ ODPOWIEDZIALNOŚCIĄ,16.10.Z:main
0000382847,204,not_found_or_deregistered,ECORESIDENCE SPÓŁKA Z OGRANICZONĄ ODPOWIEDZIALNOŚCIĄ,16.10.Z:main
0000383029,204,not_found_or_deregistered,SANBUD SPÓŁKA Z OGRANICZONĄ ODPOWIEDZIALNOŚCIĄ,16.10.Z:main
0000383273,204,not_found_or_deregistered,EKO-INWEST. J. MAJER SPÓŁKA JAWNA,16.10.Z:main
0000383343,204,not_found_or_deregistered,"BIO - AGRO PRODUKT URBAŃSKA, KWIASOWSKA SPÓŁKA JAWNA",16.10.Z:main
0000383375,204,not_found_or_deregistered,PREKOS SPÓŁKA Z OGRANICZONĄ ODPOWIEDZIALNOŚCIĄ,16.10.Z:main
0000383436,204,not_found_or_deregistered,FARMOK SPÓŁKA Z OGRANICZONĄ ODPOWIEDZIALNOŚCIĄ,16.10.Z:main
0000383437,204,not_found_or_deregistered,BROWAR ZAMKOWY DYSTRYBUCJA SPÓŁKA Z OGRANICZONĄ ODPOWIEDZIALNOŚCIĄ,16.10.Z:main
0000383450,204,not_found_or_deregistered,"AL-MED-BIS SPÓŁKA Z OGRANICZONĄ ODPOWIEDZIALNOŚCIĄ, SPÓŁKA KOMANDYTOWA",16.10.Z:main
0000383549,204,not_found_or_deregistered,INFRASWISS POLSKA SPÓŁKA Z OGRANICZONĄ ODPOWIEDZIALNOŚCIĄ,16.10.Z:main
0000383823,204,not_found_or_deregistered,"""VIKTI"" B.ZIELIŃSKA ŚWIDERSKA, E.DĄBROWA, M.SYPOSZ SPÓŁKA JAWNA",16.10.Z:main
0000383940,204,not_found_or_deregistered,MAXPOL SPÓŁKA Z OGRANICZONĄ ODPOWIEDZIALNOŚCIĄ SPÓŁKA KOMANDYTOWA,16.10.Z:main
0000383987,204,not_found_or_deregistered,"""KARMA"" SPÓŁKA Z OGRANICZONĄ ODPOWIEDZIALNOŚCIĄ",16.10.Z:main
0000384016,204,not_found_or_deregistered,GRUPA MKDS SPÓŁKA Z OGRANICZONĄ ODPOWIEDZIALNOŚCIĄ,16.10.Z:main
0000384024,204,not_found_or_deregistered,SOBOLON SPÓŁKA Z OGRANICZONĄ ODPOWIEDZIALNOŚCIĄ,16.10.Z:main
0000384026,204,not_found_or_deregistered,POLSKA GRUPA PRODUKCJI BIOMASY SPÓŁKA Z OGRANICZONĄ ODPOWIEDZIALNOŚCIĄ,16.10.Z:main
0000384096,204,not_found_or_deregistered,SOLANICUS SPÓŁKA Z OGRANICZONĄ ODPOWIEDZIALNOŚCIĄ,16.10.Z:main
0000384111,204,not_found_or_deregistered,"PRZEDSIĘBIORSTWO PRODUKCYJNO-USŁUGOWO-HANDLOWE ""EMIMARK-TRADE"" SPÓŁKA Z OGRANICZONĄ ODPOWIEDZIALNOŚCIĄ",16.10.Z:main
0000384144,204,not_found_or_deregistered,"DREWPOL STANISŁAW SUWAJ, PIOTR SUWAJ SPÓŁKA JAWNA",16.10.Z:main
0000384254,204,not_found_or_deregistered,Q&D SPÓŁKA Z OGRANICZONĄ ODPOWIEDZIALNOŚCIĄ - SPÓŁKA KOMANDYTOWA,16.10.Z:main
0000384284,204,not_found_or_deregistered,FOREST ONE SPÓŁKA Z OGRANICZONĄ ODPOWIEDZIALNOŚCIĄ,16.10.Z:main
0000384371,204,not_found_or_deregistered,HELENUS SPÓŁKA Z OGRANICZONĄ ODPOWIEDZIALNOŚCIĄ,16.10.Z:main
0000384429,204,not_found_or_deregistered,RED LINE SPÓŁKA Z OGRANICZONĄ ODPOWIEDZIALNOŚCIĄ,16.10.Z:main
0000384528,204,not_found_or_deregistered,CEREZUS SPÓŁKA Z OGRANICZONĄ ODPOWIEDZIALNOŚCIĄ,16.10.Z:main
0000384536,204,not_found_or_deregistered,WATRONUS SPÓŁKA Z OGRANICZONĄ ODPOWIEDZIALNOŚCIĄ,16.10.Z:main
0000384715,204,not_found_or_deregistered,EUROEKO SPÓŁKA Z OGRANICZONĄ ODPOWIEDZIALNOŚCIĄ,16.10.Z:main
0000384743,204,not_found_or_deregistered,EUROPUS SPÓŁKA Z OGRANICZONĄ ODPOWIEDZIALNOŚCIĄ,16.10.Z:main
0000384816,204,not_found_or_deregistered,QUATRUS POLSKA SPÓŁKA Z OGRANICZONĄ ODPOWIEDZIALNOŚCIĄ,16.10.Z:main
0000384887,204,not_found_or_deregistered,MYSCREEN SPÓŁKA Z OGRANICZONĄ ODPOWIEDZIALNOŚCIĄ,16.10.Z:main
0000384915,204,not_found_or_deregistered,KRAGMAR SPÓŁKA Z OGRANICZONĄ ODPOWIEDZIALNOŚCIĄ SPV,16.10.Z:main
0000384996,204,not_found_or_deregistered,ORIANA SPÓŁKA Z OGRANICZONĄ ODPOWIEDZIALNOŚCIĄ,16.10.Z:main
0000385050,204,not_found_or_deregistered,ALBATORUS SPÓŁKA Z OGRANICZONĄ ODPOWIEDZIALNOŚCIĄ,16.10.Z:main
0000385051,204,not_found_or_deregistered,QUATROMODUS SPÓŁKA Z OGRANICZONĄ ODPOWIEDZIALNOŚCIĄ,16.10.Z:main
0000385052,204,not_found_or_deregistered,SILVERTUS SPÓŁKA Z OGRANICZONĄ ODPOWIEDZIALNOŚCIĄ,16.10.Z:main
0000385060,204,not_found_or_deregistered,PLATYNOTA SPÓŁKA Z OGRANICZONĄ ODPOWIEDZIALNOŚCIĄ,16.10.Z:main
0000385114,204,not_found_or_deregistered,GRIFFIN SPÓŁKA Z OGRANICZONĄ ODPOWIEDZIALNOŚCIĄ SPÓŁKA KOMANDYTOWA,16.10.Z:main
0000385136,204,not_found_or_deregistered,A. G. GRODZIŃSCY SPÓŁKA JAWNA,16.10.Z:main
0000385172,204,not_found_or_deregistered,ZPUE POLES SPÓŁKA Z OGRANICZONĄ ODPOWIEDZIALNOŚCIĄ,16.10.Z:main
0000385285,204,not_found_or_deregistered,CORMAG SPÓŁKA Z OGRANICZONĄ ODPOWIEDZIALNOŚCIĄ,16.10.Z:main
0000385353,204,not_found_or_deregistered,"""EVER HOME"" ROSSA SPÓŁKA JAWNA",16.10.Z:main
0000385510,204,not_found_or_deregistered,DREWNO VOX SPÓŁKA Z OGRANICZONĄ ODPOWIEDZIALNOŚCIĄ SPÓŁKA KOMANDYTOWO-AKCYJNA,16.10.Z:main
0000385556,204,not_found_or_deregistered,ZIEMIAŃSKIE EKOLOGICZNE TOWARZYSTWO INWESTYCYJNE SPÓŁKA Z OGRANICZONĄ ODPOWIEDZIALNOŚCIĄ,16.10.Z:main
0000385843,204,not_found_or_deregistered,EURO-HURT SPÓŁKA Z OGRANICZONĄ ODPOWIEDZIALNOŚCIĄ,16.10.Z:main
0000385924,204,not_found_or_deregistered,SILVERTONS SPÓŁKA Z OGRANICZONĄ ODPOWIEDZIALNOŚCIĄ,16.10.Z:main
0000385927,204,not_found_or_deregistered,BASTECOR SPÓŁKA Z OGRANICZONĄ ODPOWIEDZIALNOŚCIĄ,16.10.Z:main
0000385982,204,not_found_or_deregistered,MEBLO-TECH SPÓŁKA Z OGRANICZONĄ ODPOWIEDZIALNOŚCIĄ,16.10.Z:main
0000386171,204,not_found_or_deregistered,TURPOWER SPÓŁKA Z OGRANICZONĄ ODPOWIEDZIALNOŚCIĄ,16.10.Z:main
0000386227,204,not_found_or_deregistered,QUATROTUR SPÓŁKA Z OGRANICZONĄ ODPOWIEDZIALNOŚCIĄ,16.10.Z:main
0000386242,204,not_found_or_deregistered,ADMINISTRATOR CMG SPÓŁKA Z OGRANICZONĄ ODPOWIEDZIALNOŚCIĄ,16.10.Z:main
0000386273,204,not_found_or_deregistered,SERWIS BUDOWLANY SPÓŁKA Z OGRANICZONĄ ODPOWIEDZIALNOŚCIĄ,16.10.Z:main
0000386380,204,not_found_or_deregistered,MONASTAR SPÓŁKA Z OGRANICZONĄ ODPOWIEDZIALNOŚCIĄ,16.10.Z:main
0000386635,204,not_found_or_deregistered,HERZOG - DHK SPÓŁKA Z OGRANICZONĄ ODPOWIEDZIALNOŚCIĄ,16.10.Z:main
0000386693,204,not_found_or_deregistered,"""MURAPOL & M INVESTMENT SPÓŁKA Z OGRANICZONĄ ODPOWIEDZIALNOŚCIĄ""",16.10.Z:main
0000386730,204,not_found_or_deregistered,E-SOLUTIONS SPÓŁKA Z OGRANICZONĄ ODPOWIEDZIALNOŚCIĄ,16.10.Z:main
0000387241,204,not_found_or_deregistered,RALF LOGISTIC SPÓŁKA Z OGRANICZONĄ ODPOWIEDZIALNOŚCIĄ,16.10.Z:main
0000387264,204,not_found_or_deregistered,"""BEWED"" ZAKŁAD STOLARSKI SPÓŁKA Z OGRANICZONĄ ODPOWIEDZIALNOŚCIĄ",16.10.Z:main
0000387321,204,not_found_or_deregistered,UNIBACH SPÓŁKA Z OGRANICZONĄ ODPOWIEDZIALNOŚCIĄ,16.10.Z:main
0000387529,204,not_found_or_deregistered,PRZEDSIĘBIORSTWO HANDLOWO-PRODUKCYJNO-BUDOWLANE BUDART SPÓŁKA Z OGRANICZONĄ ODPOWIEDZIALNOŚCIĄ,16.10.Z:main
0000387792,204,not_found_or_deregistered,WISA - PRINT BIS SPÓŁKA Z OGRANICZONĄ ODPOWIEDZIALNOŚCIĄ,16.10.Z:main
0000388074,204,not_found_or_deregistered,"""EDG"" SPÓŁKA Z OGRANICZONĄ ODPOWIEDZIALNOŚCIĄ SPÓŁKA KOMANDYTOWA",16.10.Z:main
0000388153,204,not_found_or_deregistered,LARGO EUROPUS SPÓŁKA Z OGRANICZONĄ ODPOWIEDZIALNOŚCIĄ,16.10.Z:main
0000388154,204,not_found_or_deregistered,MAXIPEXUS SPÓŁKA Z OGRANICZONĄ ODPOWIEDZIALNOŚCIĄ,16.10.Z:main
0000388158,204,not_found_or_deregistered,EUROMAXUS SPÓŁKA Z OGRANICZONĄ ODPOWIEDZIALNOŚCIĄ,16.10.Z:main
0000388235,204,not_found_or_deregistered,"""CENTRUM BUDOWLANE PIÓRO SPÓŁKA Z OGRANICZONĄ ODPOWIEDZIALNOŚCIĄ""",16.10.Z:main
0000388297,204,not_found_or_deregistered,UNIXUX SPÓŁKA Z OGRANICZONĄ ODPOWIEDZIALNOŚCIĄ,16.10.Z:main
0000388315,204,not_found_or_deregistered,NADIUX SPÓŁKA Z OGRANICZONĄ ODPOWIEDZIALNOŚCIĄ,16.10.Z:main
0000388569,204,not_found_or_deregistered,"FIRMA PRODUKCYJNO USŁUGOWO HANDLOWA ""BIPOMA"" SPÓŁKA Z OGRANICZONĄ ODPOWIEDZIALNOŚCIĄ",16.10.Z:main
0000388701,204,not_found_or_deregistered,ARTEMIDA 13 SPÓŁKA Z OGRANICZONĄ ODPOWIEDZIALNOŚCIĄ,16.10.Z:main
0000388790,204,not_found_or_deregistered,"""PROELCTRA M. SULEJ SPÓŁKA JAWNA""",16.10.Z:main
0000388791,204,not_found_or_deregistered,"""PREFAM"" SPÓŁKA Z OGRANICZONĄ ODPOWIEDZIALNOŚCIĄ",16.10.Z:main
0000388897,204,not_found_or_deregistered,UNIVERSALUS SPÓŁKA Z OGRANICZONĄ ODPOWIEDZIALNOŚCIĄ,16.10.Z:main
0000388915,204,not_found_or_deregistered,REVELACJA SPÓŁKA Z OGRANICZONĄ ODPOWIEDZIALNOŚCIĄ,16.10.Z:main
0000389204,204,not_found_or_deregistered,BIOTEC LAB SPÓŁKA Z OGRANICZONĄ ODPOWIEDZIALNOŚCIĄ,16.10.Z:main
0000389230,204,not_found_or_deregistered,SAINT TROPEZ WOLSKI SPÓŁKA KOMANDYTOWA,16.10.Z:main
0000389305,204,not_found_or_deregistered,J&K CONSTRACTOR SPÓŁKA Z OGRANICZONĄ ODPOWIEDZIALNOŚCIĄ,16.10.Z:main
0000389307,204,not_found_or_deregistered,EKOPALIWA SPÓŁKA Z OGRANICZONĄ ODPOWIEDZIALNOŚCIĄ,16.10.Z:main
0000389408,204,not_found_or_deregistered,GREEN DOOR SPÓŁKA Z OGRANICZONĄ ODPOWIEDZIALNOŚCIĄ,16.10.Z:main
0000389723,204,not_found_or_deregistered,ENRG SPÓŁKA Z OGRANICZONĄ ODPOWIEDZIALNOŚCIĄ,16.11.Z:main
0000389807,204,not_found_or_deregistered,BIOTECHNOLOGY PARK SPÓŁKA Z OGRANICZONĄ ODPOWIEDZIALNOŚCIĄ,16.10.Z:main
0000389894,204,not_found_or_deregistered,"SPÓŁDZIELNIA SOCJALNA ""PIĄTKA""",16.10.Z:main
0000389975,204,not_found_or_deregistered,SLO SPÓŁKA Z OGRANICZONĄ ODPOWIEDZIALNOŚCIĄ SPÓŁKA KOMANDYTOWA,16.10.Z:main
0000390123,204,not_found_or_deregistered,BRATCAR SPÓŁKA Z OGRANICZONĄ ODPOWIEDZIALNOŚCIĄ,16.10.Z:main
0000390585,204,not_found_or_deregistered,GRUPA BELMEB SPÓŁKA Z OGRANICZONĄ ODPOWIEDZIALNOŚCIĄ,16.10.Z:main
0000390594,204,not_found_or_deregistered,BMG SPÓŁKA Z OGRANICZONĄ ODPOWIEDZIALNOŚCIĄ,16.10.Z:main
0000390670,204,not_found_or_deregistered,NORDHUS SPÓŁKA AKCYJNA,16.10.Z:main
0000390797,204,not_found_or_deregistered,JACKBUD SPÓŁKA Z OGRANICZONĄ ODPOWIEDZIALNOŚCIĄ,16.10.Z:main
0000390842,204,not_found_or_deregistered,"""MODELS4U"" SPÓŁKA Z OGRANICZONĄ ODPOWIEDZIALNOŚCIĄ",16.10.Z:main
0000390858,204,not_found_or_deregistered,KABARTO SPÓŁKA Z OGRANICZONĄ ODPOWIEDZIALNOŚCIĄ,16.10.Z:main
0000391118,204,not_found_or_deregistered,AGART M. MIKOŁAJSKA I A. MIKOŁAJSKI SPÓŁKA JAWNA,16.10.Z:main
0000391216,204,not_found_or_deregistered,IEM GROUP POLSKA SPÓŁKA Z OGRANICZONĄ ODPOWIEDZIALNOŚCIĄ,16.10.Z:main
0000391288,204,not_found_or_deregistered,STP & DIN CHEMICALS SŁAWOMIR PYSZ SPÓŁKA KOMANDYTOWA,16.10.Z:main
0000391530,204,not_found_or_deregistered,"""24/7"" SPÓŁKA Z OGRANICZONĄ ODPOWIEDZIALNOŚCIĄ",16.10.Z:main
0000391654,204,not_found_or_deregistered,"WIELOBRANŻOWA SPÓŁDZIELNIA SOCJALNA ""OMNIBUS"" W ŁODZI",16.10.Z:main
0000391716,204,not_found_or_deregistered,CUBE PET SPÓŁKA AKCYJNA,16.10.Z:main
0000391857,204,not_found_or_deregistered,MW POLSKA SPÓŁKA Z OGRANICZONĄ ODPOWIEDZIALNOŚCIĄ,16.10.Z:main
0000392443,204,not_found_or_deregistered,"""EV.POL"" SPÓŁKA Z OGRANICZONĄ ODPOWIEDZIALNOŚCIĄ",16.10.Z:main
0000392565,204,not_found_or_deregistered,PIK SPÓŁKA Z OGRANICZONĄ ODPOWIEDZIALNOŚCIĄ 1 SPÓŁKA KOMANDYTOWO-AKCYJNA,16.10.Z:main
0000392576,204,not_found_or_deregistered,SEZAM BYDGOSZCZ SPÓŁKA Z OGRANICZONĄ ODPOWIEDZIALNOŚCIĄ,16.10.Z:main
0000392899,204,not_found_or_deregistered,LEGANT SPÓŁKA Z OGRANICZONĄ ODPOWIEDZIALNOŚCIĄ,16.10.Z:main
0000393078,204,not_found_or_deregistered,"""MAX - FRANCISZEK MAZUREK"" SPÓŁKA KOMANDYTOWA",16.10.Z:main
0000393332,204,not_found_or_deregistered,"WOODEN VILLA SPÓŁKA JAWNA DANKOWSKI, KOWALSKA, JĘSIEK",16.10.Z:main
0000393605,204,not_found_or_deregistered,ZUZI SPÓŁKA Z OGRANICZONĄ ODPOWIEDZIALNOŚCIĄ,16.10.Z:main
0000393718,204,not_found_or_deregistered,T.M.W. MILA SPÓŁKA Z OGRANICZONĄ ODPOWIEDZIALNOŚCIĄ,16.10.Z:main
0000394016,204,not_found_or_deregistered,"""NPJ"" SPÓŁKA Z OGRANICZONĄ ODPOWIEDZIALNOŚCIĄ",16.10.Z:main
0000394102,204,not_found_or_deregistered,EUROPOL TGV SPÓŁKA Z OGRANICZONĄ ODPOWIEDZIALNOŚCIĄ,16.10.Z:main
0000394258,204,not_found_or_deregistered,"""KOPART"" SPÓŁKA Z OGRANICZONĄ ODPOWIEDZIALNOŚCIĄ SPÓŁKA KOMANDYTOWA",16.10.Z:main
0000394321,204,not_found_or_deregistered,VI1 SPÓŁKA Z OGRANICZONĄ ODPOWIEDZIALNOŚCIĄ,16.10.Z:main
0000394647,204,not_found_or_deregistered,LH 11 SPÓŁKA Z OGRANICZONĄ ODPOWIEDZIALNOŚCIĄ,16.10.Z:main
0000394724,204,not_found_or_deregistered,"""MONEST"" SPÓŁKA Z OGRANICZONĄ ODPOWIEDZIALNOŚCIĄ",16.10.Z:main
0000394944,204,not_found_or_deregistered,PRZEDSIĘBIORSTWO ROBÓT HYDROTECHNICZNYCH I DROGOWYCH SPÓŁKA Z OGRANICZONĄ ODPOWIEDZIALNOŚCIĄ SPÓŁKA KOMANDYTOWA,16.10.Z:main
0000395186,204,not_found_or_deregistered,USŁUGI I TRANSPORT LESZEK KULIKOWSKI I WSPÓŁNICY SPÓŁKA JAWNA,16.10.Z:main
0000395389,204,not_found_or_deregistered,F.C.INSTAL-BUD SPÓŁKA Z OGRANICZONĄ ODPOWIEDZIALNOŚCIĄ,16.10.Z:main
0000395445,204,not_found_or_deregistered,"""STELMET II"" SPÓŁKA Z OGRANICZONĄ ODPOWIEDZIALNOŚCIĄ",16.10.Z:main
0000395537,204,not_found_or_deregistered,BALTIC SOLUTION K.MROZIK SPÓŁKA JAWNA,16.10.Z:main
0000395593,204,not_found_or_deregistered,ECO CENTRUM SPÓŁKA Z OGRANICZONĄ ODPOWIEDZIALNOŚCIĄ,16.10.Z:main
0000395630,204,not_found_or_deregistered,INTERNATIONAL POS SERVICES SPÓŁKA Z OGRANICZONĄ ODPOWIEDZIALNOŚCIĄ,16.10.Z:main
0000395857,204,not_found_or_deregistered,WIERZBA I LAS SPÓŁKA Z OGRANICZONĄ ODPOWIEDZIALNOŚCIĄ,16.10.Z:main
0000395957,204,not_found_or_deregistered,DWG - SPÓŁKA Z OGRANICZONĄ ODPOWIEDZIALNOŚCIĄ,16.10.Z:main
0000396044,204,not_found_or_deregistered,TREND SPÓŁKA Z OGRANICZONĄ ODPOWIEDZIALNOŚCIĄ,16.10.Z:main
0000396101,204,not_found_or_deregistered,"""GRENOVI"" SPÓŁKA Z OGRANICZONĄ ODPOWIEDZIALNOŚCIĄ SPÓŁKA KOMANDYTOWA",16.10.Z:main
0000396239,204,not_found_or_deregistered,TAURUS ENERGY SPÓŁKA Z OGRANICZONĄ ODPOWIEDZIALNOŚCIĄ,16.10.Z:main
0000396271,204,not_found_or_deregistered,BETHA SPÓŁKA Z OGRANICZONĄ ODPOWIEDZIALNOŚCIĄ,16.10.Z:main
0000396432,204,not_found_or_deregistered,WARTENBAUM SPÓŁKA Z OGRANICZONĄ ODPOWIEDZIALNOŚCIĄ,16.10.Z:main
0000396555,204,not_found_or_deregistered,TAKATAM SPÓŁKA Z OGRANICZONĄ ODPOWIEDZIALNOŚCIĄ,16.10.Z:main
0000396656,204,not_found_or_deregistered,UNITA SPÓŁKA Z OGRANICZONĄ ODPOWIEDZIALNOŚCIĄ,16.10.Z:main
0000397067,204,not_found_or_deregistered,EST-FERMETURES SPÓŁKA Z OGRANICZONĄ ODPOWIEDZIALNOŚCIĄ,16.10.Z:main
0000397145,204,not_found_or_deregistered,PARK PRZEMYSŁOWO-USŁUGOWY INKUBATOR PRZEDSIĘBIORCZOŚCI SPÓŁKA Z OGRANICZONĄ ODPOWIEDZIALNOŚCIĄ,16.10.Z:main
0000397262,204,not_found_or_deregistered,"""COPAC LOGISTICS"" SPÓŁKA Z OGRANICZONĄ ODPOWIEDZIALNOŚCIĄ",16.10.Z:main
0000397559,204,not_found_or_deregistered,AGRO-ENERGY SPÓŁKA Z OGRANICZONĄ ODPOWIEDZIALNOŚCIĄ,16.10.Z:main
0000397721,204,not_found_or_deregistered,ALIKANTE BIS SPÓŁKA Z OGRANICZONĄ ODPOWIEDZIALNOŚCIĄ,16.10.Z:main
0000398015,204,not_found_or_deregistered,WYJŚCIE AWARYJNE SPÓŁKA Z OGRANICZONĄ ODPOWIEDZIALNOŚCIĄ,16.10.Z:main
0000398254,204,not_found_or_deregistered,EKEN SPÓŁKA Z OGRANICZONĄ ODPOWIEDZIALNOŚCIĄ,16.10.Z:main
0000398317,204,not_found_or_deregistered,GREGOR TRANS-INTERNATIONAL SPÓŁKA Z OGRANICZONĄ ODPOWIEDZIALNOŚCIĄ,16.10.Z:main
0000398495,204,not_found_or_deregistered,"STALPOLDREW DŁUGOSZ, PIEKARSKI SPÓŁKA JAWNA",16.10.Z:main
0000399144,204,not_found_or_deregistered,PMCONSTRUCT SPÓŁKA Z OGRANICZONĄ ODPOWIEDZIALNOŚCIĄ,16.10.Z:main
0000399179,204,not_found_or_deregistered,R4BC SPÓŁKA Z OGRANICZONĄ ODPOWIEDZIALNOŚCIĄ,16.10.Z:main
0000399326,204,not_found_or_deregistered,CO CONSULTING & OUTSOURCING SPÓŁKA Z OGRANICZONĄ ODPOWIEDZIALNOŚCIĄ,16.10.Z:main
0000399394,204,not_found_or_deregistered,"""SUBERITE POLSKA"" SPÓŁKA Z OGRANICZONĄ ODPOWIEDZIALNOŚCIĄ",16.10.Z:main
0000399606,204,not_found_or_deregistered,"""STEL-INVESTMENT"" SPÓŁKA Z OGRANICZONĄ ODPOWIEDZIALNOŚCIĄ SPÓŁKA KOMANDYTOWO-AKCYJNA",16.10.Z:main
0000399661,204,not_found_or_deregistered,FUMO SPÓŁKA Z OGRANICZONĄ ODPOWIEDZIALNOŚCIĄ,16.10.Z:main
0000399720,204,not_found_or_deregistered,M-BUD JEDLICZE SPÓŁKA Z OGRANICZONĄ ODPOWIEDZIALNOŚCIĄ,16.10.Z:main
0000400044,204,not_found_or_deregistered,"""KRZYWE POLE"" SPÓŁKA Z OGRANICZONĄ ODPOWIEDZIALNOŚCIĄ",16.10.Z:main
0000400059,204,not_found_or_deregistered,NANO MAKER SPÓŁKA Z OGRANICZONĄ ODPOWIEDZIALNOŚCIĄ,16.10.Z:main
0000400071,204,not_found_or_deregistered,4FINE SPÓŁKA Z OGRANICZONĄ ODPOWIEDZIALNOŚCIĄ,16.10.Z:main
0000400139,204,not_found_or_deregistered,MAG-POL SPÓŁKA Z OGRANICZONĄ ODPOWIEDZIALNOŚCIĄ,16.10.Z:main
0000400156,204,not_found_or_deregistered,"""PETROL PLUS"" SPÓŁKA Z OGRANICZONĄ ODPOWIEDZIALNOŚCIĄ",16.10.Z:main
0000400417,204,not_found_or_deregistered,"""WOODSTOCK"" SPÓŁKA Z OGRANICZONĄ ODPOWIEDZIALNOŚCIĄ",16.10.Z:main
0000400503,204,not_found_or_deregistered,POLSERVICE MAZURY SPÓŁKA Z OGRANICZONĄ ODPOWIEDZIALNOŚCIĄ,16.10.Z:main
0000400531,204,not_found_or_deregistered,"""LEKARZ RODZINNY"" SPÓŁKA Z OGRANICZONĄ ODPOWIEDZIALNOŚCIĄ",16.10.Z:main
0000400734,204,not_found_or_deregistered,CONSULTING JADE SPÓŁKA Z OGRANICZONĄ ODPOWIEDZIALNOŚCIĄ SPÓŁKA KOMANDYTOWA,16.10.Z:main
0000400759,204,not_found_or_deregistered,CITY INVEST SPÓŁKA Z OGRANICZONĄ ODPOWIEDZIALNOŚCIĄ,16.10.Z:main
0000400760,204,not_found_or_deregistered,IT CU SPÓŁKA Z OGRANICZONĄ ODPOWIEDZIALNOŚCIĄ,16.10.Z:main
0000400826,204,not_found_or_deregistered,OLIMEX SPÓŁKA Z OGRANICZONĄ ODPOWIEDZIALNOŚCIĄ,16.10.Z:main
0000401065,204,not_found_or_deregistered,MEDIALUX SPÓŁKA Z OGRANICZONĄ ODPOWIEDZIALNOŚCIĄ,16.10.Z:main
0000401113,204,not_found_or_deregistered,PEWEXUS SPÓŁKA Z OGRANICZONĄ ODPOWIEDZIALNOŚCIĄ,16.10.Z:main
0000401162,204,not_found_or_deregistered,AQUANEX SPÓŁKA Z OGRANICZONĄ ODPOWIEDZIALNOŚCIĄ,16.10.Z:main
0000401283,204,not_found_or_deregistered,TMS TRANS SPÓŁKA Z OGRANICZONĄ ODPOWIEDZIALNOŚCIĄ,16.10.Z:main
0000401641,204,not_found_or_deregistered,BLOOX SPÓŁKA Z OGRANICZONĄ ODPOWIEDZIALNOŚCIĄ,16.10.Z:main
0000401665,204,not_found_or_deregistered,ADRIAX SPÓŁKA Z OGRANICZONĄ ODPOWIEDZIALNOŚCIĄ,16.10.Z:main
0000401831,204,not_found_or_deregistered,EXPO-ART SPÓŁKA Z OGRANICZONĄ ODPOWIEDZIALNOŚCIĄ,16.10.Z:main
0000401872,204,not_found_or_deregistered,TRANS-SIENIAWA SPÓŁKA Z OGRANICZONĄ ODPOWIEDZIALNOŚCIĄ,16.10.Z:main
0000401879,204,not_found_or_deregistered,"FABRYKA MEBLI MIRJAN SPÓŁKA Z OGRANICZONĄ ODPOWIEDZIALNOŚCIĄ, SPÓŁKA KOMANDYTOWO-AKCYJNA",16.10.Z:main
0000401985,204,not_found_or_deregistered,"""BH MEBLE"" SPÓŁKA Z OGRANICZONĄ ODPOWIEDZIALNOŚCIĄ",16.10.Z:main
0000402455,204,not_found_or_deregistered,"""ZŁOTE PIASKI"" SPÓŁKA Z OGRANICZONĄ ODPOWIEDZIALNOŚCIĄ",16.10.Z:main
0000402563,204,not_found_or_deregistered,"""SI MARKET"" SPÓŁKA Z OGRANICZONĄ ODPOWIEDZIALNOŚCIĄ",16.10.Z:main
0000402763,204,not_found_or_deregistered,KD SYSTEM POLSKA SPÓŁKA Z OGRANICZONĄ ODPOWIEDZIALNOŚCIĄ,16.10.Z:main
0000403263,204,not_found_or_deregistered,STH CARGO SPÓŁKA Z OGRANICZONĄ ODPOWIEDZIALNOŚCIĄ,16.10.Z:main
0000403293,204,not_found_or_deregistered,JF NIERUCHOMOŚCI SPÓŁKA Z OGRANICZONĄ ODPOWIEDZIALNOŚCIĄ SPÓŁKA KOMANDYTOWA,16.10.Z:main
0000403314,204,not_found_or_deregistered,SCANSPIL ŁUKASZ I WIESŁAWA SPILISZEWSCY SPÓŁKA JAWNA,16.10.Z:main
0000403839,204,not_found_or_deregistered,HALKO SPÓŁKA Z OGRANICZONĄ ODPOWIEDZIALNOŚCIĄ,16.10.Z:main
0000404341,204,not_found_or_deregistered,BGIA-2 SPÓŁKA Z OGRANICZONĄ ODPOWIEDZIALNOŚCIĄ,16.10.Z:main
0000404432,204,not_found_or_deregistered,QBIK SPÓŁKA Z OGRANICZONĄ ODPOWIEDZIALNOŚCIĄ,16.10.Z:main
0000404437,204,not_found_or_deregistered,RW GROUP SPÓŁKA Z OGRANICZONĄ ODPOWIEDZIALNOŚCIĄ,16.10.Z:main
0000404536,204,not_found_or_deregistered,TTJ.BUDREM. SPÓŁKA Z OGRANICZONĄ ODPOWIEDZIALNOŚCIĄ,16.10.Z:main
0000404833,204,not_found_or_deregistered,UNIREX SPÓŁKA Z OGRANICZONĄ ODPOWIEDZIALNOŚCIĄ,16.10.Z:main
0000404836,204,not_found_or_deregistered,DAZLER SPÓŁKA Z OGRANICZONĄ ODPOWIEDZIALNOŚCIĄ,16.10.Z:main
0000404838,204,not_found_or_deregistered,KOLUX SPÓŁKA Z OGRANICZONĄ ODPOWIEDZIALNOŚCIĄ,16.10.Z:main
0000404856,204,not_found_or_deregistered,FALCON LOGISTYKA PALET SPÓŁKA Z OGRANICZONĄ ODPOWIEDZIALNOŚCIĄ,16.10.Z:main
0000404964,204,not_found_or_deregistered,FIMPEX SPÓŁKA Z OGRANICZONĄ ODPOWIEDZIALNOŚCIĄ,16.10.Z:main
0000405121,204,not_found_or_deregistered,UNIFELD SPÓŁKA Z OGRANICZONĄ ODPOWIEDZIALNOŚCIĄ,16.10.Z:main
0000405156,204,not_found_or_deregistered,"AVELLINO COLLEZIONE A. SIERADZKI, I. SIERADZKA SPÓŁKA JAWNA",16.10.Z:main
0000405188,204,not_found_or_deregistered,"""SUN TECHNOLOGIES POLSKA"" SPÓŁKA Z OGRANICZONĄ ODPOWIEDZIALNOŚCIĄ",16.10.Z:main
0000405216,204,not_found_or_deregistered,UNI-LINE SPÓŁKA Z OGRANICZONĄ ODPOWIEDZIALNOŚCIĄ,16.10.Z:main
0000405298,204,not_found_or_deregistered,SPRINT LOGISTYKA SPÓŁKA AKCYJNA,16.10.Z:main
0000405332,204,not_found_or_deregistered,DARO BARBARA ROMANOWSKA I DARIUSZ ROMANOWSKI SPÓŁKA JAWNA,16.10.Z:main
0000405371,204,not_found_or_deregistered,FIRMA WIELOBRANŻOWA JUPA SPÓŁKA Z OGRANICZONĄ ODPOWIEDZIALNOŚCIĄ,16.10.Z:main
0000405374,204,not_found_or_deregistered,MARVEST SPÓŁKA Z OGRANICZONĄ ODPOWIEDZIALNOŚCIĄ,16.10.Z:main
0000405378,204,not_found_or_deregistered,"""4 KOLORY IDEA SPÓŁKA Z OGRANICZONĄ ODPOWIEDZIALNOŚCIĄ"" SPÓŁKA KOMANDYTOWO-AKCYJNA",16.10.Z:main
0000405382,204,not_found_or_deregistered,LORIX SPÓŁKA Z OGRANICZONĄ ODPOWIEDZIALNOŚCIĄ,16.10.Z:main
0000405434,204,not_found_or_deregistered,CALL CENTER SERVICES SPÓŁKA Z OGRANICZONĄ ODPOWIEDZIALNOŚCIĄ,16.10.Z:main
0000405746,204,not_found_or_deregistered,EP SERWIS SPÓŁKA AKCYJNA,16.10.Z:main
0000405862,204,not_found_or_deregistered,CHIEKKARAK MAŁGORZATA MARSZAŁEK JACEK MARSZAŁEK SPÓŁKA JAWNA,16.10.Z:main
0000405883,204,not_found_or_deregistered,ANIMALS MEDIA GROUP SPÓŁKA Z OGRANICZONĄ ODPOWIEDZIALNOŚCIĄ,16.10.Z:main
0000405919,204,not_found_or_deregistered,ŚWIAT DREWNA SPÓŁKA Z OGRANICZONĄ ODPOWIEDZIALNOŚCIĄ,16.10.Z:main
0000406020,204,not_found_or_deregistered,NOWAK PARTNERS SPÓŁKA JAWNA,16.10.Z:main
0000406080,204,not_found_or_deregistered,MOOLINE SPÓŁKA Z OGRANICZONĄ ODPOWIEDZIALNOŚCIĄ,16.10.Z:main
0000406111,204,not_found_or_deregistered,TRADE GROUP SPÓŁKA Z OGRANICZONĄ ODPOWIEDZIALNOŚCIĄ,16.10.Z:main
0000406296,204,not_found_or_deregistered,TOORA SPÓŁKA Z OGRANICZONĄ ODPOWIEDZIALNOŚCIĄ,16.10.Z:main
0000406517,204,not_found_or_deregistered,GRAND CRU SPÓŁKA AKCYJNA,16.10.Z:main
0000406557,204,not_found_or_deregistered,FOLPOLTER II SPÓŁKA Z OGRANICZONĄ ODPOWIEDZIALNOŚCIĄ SPÓŁKA KOMANDYTOWA,16.10.Z:main
0000406755,204,not_found_or_deregistered,CORPORATE SERVICES SPÓŁKA Z OGRANICZONĄ ODPOWIEDZIALNOŚCIĄ,16.10.Z:main
0000407103,204,not_found_or_deregistered,AVATEA SPÓŁKA Z OGRANICZONĄ ODPOWIEDZIALNOŚCIĄ,16.10.Z:main
0000407163,204,not_found_or_deregistered,TUR-BUD SPÓŁKA Z OGRANICZONĄ ODPOWIEDZIALNOŚCIĄ,16.10.Z:main
0000407218,204,not_found_or_deregistered,PDEM.PL SPÓŁKA Z OGRANICZONĄ ODPOWIEDZIALNOŚCIĄ,16.10.Z:main
0000407225,204,not_found_or_deregistered,BALT COAL SPÓŁKA Z OGRANICZONĄ ODPOWIEDZIALNOŚCIĄ,16.10.Z:main
0000407260,204,not_found_or_deregistered,SEDRUM SPÓŁKA Z OGRANICZONĄ ODPOWIEDZIALNOŚCIĄ,16.10.Z:main
0000407263,204,not_found_or_deregistered,TERIAL SPÓŁKA Z OGRANICZONĄ ODPOWIEDZIALNOŚCIĄ,16.10.Z:main
0000407345,204,not_found_or_deregistered,"PRZEDSIĘBIORSTWO HANDLOWE MB RECYCLING M. CHRABĄSZCZ, B. HAJDUK SPÓŁKA JAWNA",16.10.Z:main
0000407750,204,not_found_or_deregistered,TIMBER FACTORY SPÓŁKA Z OGRANICZONĄ ODPOWIEDZIALNOŚCIĄ,16.10.Z:main
0000407876,204,not_found_or_deregistered,GREEN ENERGY SPÓŁKA Z OGRANICZONĄ ODPOWIEDZIALNOŚCIĄ,16.10.Z:main
0000409005,204,not_found_or_deregistered,"GRUPA KAPITAŁOWA ""EUROSYSTEM"" SPÓŁKA Z OGRANICZONĄ ODPOWIEDZIALNOŚCIĄ",16.10.Z:main
0000409126,204,not_found_or_deregistered,DROMEXMET-INVESTMENT SPÓŁKA Z OGRANICZONĄ ODPOWIEDZIALNOŚCIĄ,16.10.Z:main
0000409439,204,not_found_or_deregistered,TAMPA REX SPÓŁKA Z OGRANICZONĄ ODPOWIEDZIALNOŚCIĄ SPÓŁKA KOMANDYTOWA,16.10.Z:main
0000409466,204,not_found_or_deregistered,PETRO-GAS PROJECT SPÓŁKA Z OGRANICZONĄ ODPOWIEDZIALNOŚCIĄ,16.10.Z:main
0000409553,204,not_found_or_deregistered,CERTEZZA SPÓŁKA Z OGRANICZONĄ ODPOWIEDZIALNOŚCIĄ,16.10.Z:main
0000409660,204,not_found_or_deregistered,"""ROMAX"" SPÓŁKA Z OGRANICZONĄ ODPOWIEDZIALNOŚCIĄ",16.10.Z:main
0000409976,204,not_found_or_deregistered,LEADER SERVICE INTERNATIONAL SPÓŁKA AKCYJNA,16.10.Z:main
0000409997,204,not_found_or_deregistered,EXTREMIZER PROMOTION SPÓŁKA Z OGRANICZONĄ ODPOWIEDZIALNOŚCIĄ,16.10.Z:main
0000410149,204,not_found_or_deregistered,FORENDA SPÓŁKA Z OGRANICZONĄ ODPOWIEDZIALNOŚCIĄ,16.10.Z:main
0000410274,204,not_found_or_deregistered,BH MEBLE SPÓŁKA Z OGRANICZONĄ ODPOWIEDZIALNOŚCIĄ SPÓŁKA KOMANDYTOWA,16.10.Z:main
0000410366,204,not_found_or_deregistered,URP SPÓŁKA Z OGRANICZONĄ ODPOWIEDZIALNOŚCIĄ,16.10.Z:main
0000410383,204,not_found_or_deregistered,BTG SPÓŁKA Z OGRANICZONĄ ODPOWIEDZIALNOŚCIĄ - SPÓŁKA KOMANDYTOWA,16.10.Z:main
0000410653,204,not_found_or_deregistered,VOX TRADING EUROPE SPÓŁKA Z OGRANICZONĄ ODPOWIEDZIALNOŚCIĄ,16.10.Z:main
0000410676,204,not_found_or_deregistered,GRINEXPERT SPÓŁKA Z OGRANICZONĄ ODPOWIEDZIALNOŚCIĄ,16.10.Z:main
0000410728,204,not_found_or_deregistered,"""ALAUCTUS"" SPÓŁKA Z OGRANICZONĄ ODPOWIEDZIALNOŚCIĄ",16.10.Z:main
0000410743,204,not_found_or_deregistered,"""HOMECARD POLSKA"" SPÓŁKA Z OGRANICZONĄ ODPOWIEDZIALNOŚCIĄ",16.10.Z:main
0000411468,204,not_found_or_deregistered,ORLIK SPÓŁKA Z OGRANICZONĄ ODPOWIEDZIALNOŚCIĄ,16.10.Z:main
0000411477,204,not_found_or_deregistered,ZAKŁAD BADAWCZO PRODUKCYJNY MOSTOSTAL WARSZAWA GROUP SPÓŁKA Z OGRANICZONĄ ODPOWIEDZIALNOŚCIĄ,16.10.Z:main
0000411716,204,not_found_or_deregistered,BÓR TUCHOLA SPÓŁKA Z OGRANICZONĄ ODPOWIEDZIALNOŚCIĄ SPÓŁKA KOMANDYTOWO-AKCYJNA,16.10.Z:main
0000411781,204,not_found_or_deregistered,RD INVEST SPÓŁKA Z OGRANICZONĄ ODPOWIEDZIALNOŚCIĄ,16.10.Z:main
0000411784,204,not_found_or_deregistered,INMAR POLSKA SPÓŁKA Z OGRANICZONĄ ODPOWIEDZIALNOŚCIĄ,16.10.Z:main
0000411824,204,not_found_or_deregistered,K.J. BETON - STAL - KONSTRUKCJE SPÓŁKA AKCYJNA,16.10.Z:main
0000412057,204,not_found_or_deregistered,"""PROMESA"" SPÓŁKA Z OGRANICZONĄ ODPOWIEDZIALNOŚCIĄ",16.10.Z:main
0000412243,204,not_found_or_deregistered,MAXMADERA SPÓŁKA Z OGRANICZONĄ ODPOWIEDZIALNOŚCIĄ,16.10.Z:main
0000412338,204,not_found_or_deregistered,GLOBAL - HER SPÓŁKA Z OGRANICZONĄ ODPOWIEDZIALNOŚCIĄ,16.10.Z:main
0000412712,204,not_found_or_deregistered,INTER - EKO SPÓŁKA Z OGRANICZONĄ ODPOWIEDZIALNOŚCIĄ,16.10.Z:main
0000412980,204,not_found_or_deregistered,POLSPORT SPÓŁKA AKCYJNA,16.10.Z:main
0000412991,204,not_found_or_deregistered,AT EKOLOGY SPÓŁKA Z OGRANICZONĄ ODPOWIEDZIALNOŚCIĄ,16.10.Z:main
0000413498,204,not_found_or_deregistered,"""PRODBUD"" SPÓŁKA Z OGRANICZONĄ ODPOWIEDZIALNOŚCIĄ",16.10.Z:main
0000413499,204,not_found_or_deregistered,EKOCENTRAL SPÓŁKA Z OGRANICZONĄ ODPOWIEDZIALNOŚCIĄ,16.10.Z:main
0000413732,204,not_found_or_deregistered,DOMY Z BALI SPÓŁKA Z OGRANICZONĄ ODPOWIEDZIALNOŚCIĄ SPÓŁKA KOMANDYTOWA,16.10.Z:main
0000413788,204,not_found_or_deregistered,"ECO-PEL Ł. GUŚPIEL, J. KEMPKA ""SPÓŁKA JAWNA""",16.10.Z:main
0000413795,204,not_found_or_deregistered,MONDUS SPÓŁKA Z OGRANICZONĄ ODPOWIEDZIALNOŚCIĄ,16.10.Z:main
0000413978,204,not_found_or_deregistered,"SPÓŁDZIELNIA SOCJALNA ""ART""",16.10.Z:main
0000414053,204,not_found_or_deregistered,MEGOPOL WOJTYŚ SPÓŁKA KOMANDYTOWO-AKCYJNA,16.10.Z:main
0000414343,204,not_found_or_deregistered,RESTO DESIGN PRODUCTION SPÓŁKA Z OGRANICZONĄ ODPOWIEDZIALNOŚCIĄ,16.10.Z:main
0000414503,204,not_found_or_deregistered,BIURO HANDLOWE ELIPSA SPÓŁKA Z OGRANICZONĄ ODPOWIEDZIALNOŚCIĄ SPÓŁKA KOMANDYTOWA,16.10.Z:main
0000414606,204,not_found_or_deregistered,AIG SYSTEM RAMP SPÓŁKA Z OGRANICZONĄ ODPOWIEDZIALNOŚCIĄ,16.10.Z:main
0000414616,204,not_found_or_deregistered,PORTA KMI POLAND SPÓŁKA Z OGRANICZONĄ ODPOWIEDZIALNOŚCIĄ,16.10.Z:main
0000414671,204,not_found_or_deregistered,AXON A.G SPÓŁKA Z OGRANICZONĄ ODPOWIEDZIALNOŚCIĄ,16.10.Z:main
0000414800,204,not_found_or_deregistered,MURAPOL NOWE WINOGRADY SPÓŁKA Z OGRANICZONĄ ODPOWIEDZIALNOŚCIĄ,16.10.Z:main
0000415817,204,not_found_or_deregistered,RE-BOX SPÓŁKA Z OGRANICZONĄ ODPOWIEDZIALNOŚCIĄ,16.10.Z:main
0000415831,204,not_found_or_deregistered,AVALON INVESTMENT SPÓŁKA Z OGRANICZONĄ ODPOWIEDZIALNOŚCIĄ,16.10.Z:main
0000415839,204,not_found_or_deregistered,ROKSTER SPÓŁKA Z OGRANICZONĄ ODPOWIEDZIALNOŚCIĄ,16.10.Z:main
0000416094,204,not_found_or_deregistered,PL-WORK SPÓŁKA Z OGRANICZONĄ ODPOWIEDZIALNOŚCIĄ,16.10.Z:main
0000416315,204,not_found_or_deregistered,"""ETHOS-DREWNO SPÓŁKA Z OGRANICZONĄ ODPOWIEDZIALNOŚCIĄ""",16.10.Z:main
0000416335,204,not_found_or_deregistered,"""ACTIO PLUS"" SPÓŁKA Z OGRANICZONĄ ODPOWIEDZIALNOŚCIĄ",16.10.Z:main
0000416458,204,not_found_or_deregistered,BEST TATRA SPÓŁKA Z OGRANICZONĄ ODPOWIEDZIALNOŚCIĄ,16.10.Z:main
0000416551,204,not_found_or_deregistered,ADAM OFFICE SPÓŁKA Z OGRANICZONĄ ODPOWIEDZIALNOŚCIĄ,16.10.Z:main
0000416862,204,not_found_or_deregistered,M&S MARCZAK I SIEMIŃSKI SPÓŁKA JAWNA,16.10.Z:main
0000416888,204,not_found_or_deregistered,WK - AGRORANCZO SPÓŁKA Z OGRANICZONĄ ODPOWIEDZIALNOŚCIĄ,16.10.Z:main
0000417285,204,not_found_or_deregistered,PETRO-GAS PROJECT SPÓŁKA Z OGRANICZONĄ ODPOWIEDZIALNOŚCIĄ SPÓŁKA KOMANDYTOWO-AKCYJNA,16.10.Z:main
0000417499,204,not_found_or_deregistered,FROM - PL SPÓŁKA Z OGRANICZONĄ ODPOWIEDZIALNOŚCIĄ,16.10.Z:main
0000417638,204,not_found_or_deregistered,"""MM WORK SERVICE"" SPÓŁKA Z OGRANICZONĄ ODPOWIEDZIALNOŚCIĄ",16.10.Z:main
0000417665,204,not_found_or_deregistered,ECO CLEAN SPÓŁKA Z OGRANICZONĄ ODPOWIEDZIALNOŚCIĄ,16.10.Z:main
0000417729,204,not_found_or_deregistered,MASAKASY SPÓŁKA Z OGRANICZONĄ ODPOWIEDZIALNOŚCIĄ,16.10.Z:main
0000418065,204,not_found_or_deregistered,MM LOGISTIC SPÓŁKA Z OGRANICZONĄ ODPOWIEDZIALNOŚCIĄ,16.10.Z:main
0000418100,204,not_found_or_deregistered,MURAPOL NOWE WINOGRADY SPÓŁKA Z OGRANICZONĄ ODPOWIEDZIALNOŚCIĄ SPÓŁKA KOMANDYTOWO-AKCYJNA,16.10.Z:main
0000418128,204,not_found_or_deregistered,TRADING UNIMOT SPÓŁKA Z OGRANICZONĄ ODPOWIEDZIALNOŚCIĄ W ORGANIZACJI SPÓŁKA KOMANDYTOWO-AKCYJNA,16.10.Z:main
0000418149,204,not_found_or_deregistered,AVALON INVESTMENT SPÓŁKA Z OGRANICZONĄ ODPOWIEDZIALNOŚCIĄ SPÓŁKA KOMANDYTOWO-AKCYJNA,16.10.Z:main
0000418295,204,not_found_or_deregistered,ROMA SYSTEM SPÓŁKA Z OGRANICZONĄ ODPOWIEDZIALNOŚCIĄ,16.10.Z:main
0000418322,204,not_found_or_deregistered,CONTROL SZAŁYGA WOJCIECH SPÓŁKA JAWNA,16.10.Z:main
0000418350,204,not_found_or_deregistered,STP&DIN CHEMICALS T.PYSZ DĘBICA SPÓŁKA KOMANDYTOWA,16.10.Z:main
0000418377,204,not_found_or_deregistered,"""AOD POLAND. LED LIGHT SYSTEM"" SPÓŁKA Z OGRANICZONĄ ODPOWIEDZIALNOŚCIĄ",16.10.Z:main
0000418613,204,not_found_or_deregistered,POL-PACK SERVICE SPÓŁKA AKCYJNA,16.10.Z:main
0000418697,204,not_found_or_deregistered,NORTON SPÓŁKA Z OGRANICZONĄ ODPOWIEDZIALNOŚCIĄ,16.10.Z:main
0000418818,204,not_found_or_deregistered,TRINPO SPÓŁKA Z OGRANICZONĄ ODPOWIEDZIALNOŚCIĄ,16.10.Z:main
0000418978,204,not_found_or_deregistered,TSM RESTITUTIO IN INTEGRUM SPÓŁKI Z OGRANICZONĄ ODPOWIEDZIALNOŚCIĄ,16.10.Z:main
0000419132,204,not_found_or_deregistered,ENTERIX SPÓŁKA Z OGRANICZONĄ ODPOWIEDZIALNOŚCIĄ,16.10.Z:main
0000419352,204,not_found_or_deregistered,BÓR TUCHOLA SPÓŁKA Z OGRANICZONĄ ODPOWIEDZIALNOŚCIĄ,16.10.Z:main
0000419495,204,not_found_or_deregistered,"""BILIFT ŁÓDŹ"" SPÓŁKA Z OGRANICZONĄ ODPOWIEDZIALNOŚCIĄ",16.10.Z:main
0000419498,204,not_found_or_deregistered,ADS POLAND SPÓŁKA Z OGRANICZONĄ ODPOWIEDZIALNOŚCIĄ,16.10.Z:main
0000419513,204,not_found_or_deregistered,EVER HOME SPÓŁKA AKCYJNA,16.10.Z:main
0000419621,204,not_found_or_deregistered,ASTYK PL SPÓŁKA Z OGRANICZONĄ ODPOWIEDZIALNOŚCIĄ,16.10.Z:main
0000419891,204,not_found_or_deregistered,SYL - MIR ULENBERG SPÓŁKA JAWNA,16.10.Z:main
0000420091,204,not_found_or_deregistered,MURAPOL CZERWIEŃSKIEGO SPÓŁKA Z OGRANICZONĄ ODPOWIEDZIALNOŚCIĄ,16.10.Z:main
0000420182,204,not_found_or_deregistered,JB ELEKTRO SPÓŁKA Z OGRANICZONĄ ODPOWIEDZIALNOŚCIĄ,16.10.Z:main
0000420375,204,not_found_or_deregistered,CIEPŁOWNIK EKOINWESTYCJE SPÓŁKA Z OGRANICZONĄ ODPOWIEDZIALNOŚCIĄ,16.10.Z:main
0000420412,204,not_found_or_deregistered,"""2L"" SPÓŁKA Z OGRANICZONĄ ODPOWIEDZIALNOŚCIĄ",16.10.Z:main
0000420473,204,not_found_or_deregistered,PALIWA UNIMOT SPÓŁKA Z OGRANICZONĄ ODPOWIEDZIALNOŚCIĄ W ORGANIZACJI SPÓŁKA KOMANDYTOWO-AKCYJNA,16.10.Z:main
0000420641,204,not_found_or_deregistered,"""P.G.M. MARCIN MAKÓWKA"" SPÓŁKA KOMANDYTOWA",16.10.Z:main
0000421215,204,not_found_or_deregistered,"""FOKUS"" SPÓŁKA Z OGRANICZONĄ ODPOWIEDZIALNOŚCIĄ",16.10.Z:main
0000421218,204,not_found_or_deregistered,RWK SPÓŁKA Z OGRANICZONĄ ODPOWIEDZIALNOŚCIĄ,16.10.Z:main
0000421292,204,not_found_or_deregistered,FOTON SPÓŁKA Z OGRANICZONĄ ODPOWIEDZIALNOŚCIĄ SPÓŁKA KOMANDYTOWA,16.10.Z:main
0000421508,204,not_found_or_deregistered,PETROINWEST-BUD SPÓŁKA Z OGRANICZONĄ ODPOWIEDZIALNOŚCIĄ,16.10.Z:main
0000421561,204,not_found_or_deregistered,EKOPRODUKT SPÓŁKA Z OGRANICZONĄ ODPOWIEDZIALNOŚCIĄ,16.10.Z:main
0000421611,204,not_found_or_deregistered,DEKKE SPÓŁKA Z OGRANICZONĄ ODPOWIEDZIALNOŚCIĄ SPÓŁKA KOMANDYTOWO-AKCYJNA,16.10.Z:main
0000421612,204,not_found_or_deregistered,ECOREZ SPÓŁKA Z OGRANICZONĄ ODPOWIEDZIALNOŚCIĄ,16.10.Z:main
0000421654,204,not_found_or_deregistered,SKA-WIN SPÓŁKA Z OGRANICZONĄ ODPOWIEDZIALNOŚCIĄ,16.10.Z:main
0000421688,204,not_found_or_deregistered,RABAREZ SPÓŁKA Z OGRANICZONĄ ODPOWIEDZIALNOŚCIĄ,16.10.Z:main
0000421777,204,not_found_or_deregistered,RAILWAY CONSTRUCTION SPÓŁKA Z OGRANICZONĄ ODPOWIEDZIALNOŚCIĄ,16.10.Z:main
0000421798,204,not_found_or_deregistered,MADE SPÓŁKA Z OGRANICZONĄ ODPOWIEDZIALNOŚCIĄ SPÓŁKA KOMANDYTOWA,16.10.Z:main
0000421873,204,not_found_or_deregistered,ROBA TRADE SPÓŁKA Z OGRANICZONĄ ODPOWIEDZIALNOŚCIĄ,16.10.Z:main
0000421894,204,not_found_or_deregistered,OJB RECRUITMENT POLSKA SPÓŁKA Z OGRANICZONĄ ODPOWIEDZIALNOŚCIĄ,16.10.Z:main
0000421927,204,not_found_or_deregistered,BIOENERGY INVESTMENTS SPÓŁKA Z OGRANICZONĄ ODPOWIEDZIALNOŚCIĄ,16.10.Z:main
0000422062,204,not_found_or_deregistered,EXPERT SYSTEM SPÓŁKA Z OGRANICZONĄ ODPOWIEDZIALNOŚCIĄ,16.10.Z:main
0000422184,204,not_found_or_deregistered,ROCK 69 WITKOWSKI SPÓŁKA KOMANDYTOWA,16.10.Z:main
0000422199,204,not_found_or_deregistered,MULINAR SPÓŁKA Z OGRANICZONĄ ODPOWIEDZIALNOŚCIĄ,16.10.Z:main
0000422261,204,not_found_or_deregistered,ASPEL-NTIME SPÓŁKA Z OGRANICZONĄ ODPOWIEDZIALNOŚCIĄ,16.10.Z:main
0000422555,204,not_found_or_deregistered,3B MARKETING ZOFIA KOWALOWSKA SPÓŁKA KOMANDYTOWA,16.10.Z:main
0000422774,204,not_found_or_deregistered,THE SOLARCOMPANY SPÓŁKA Z OGRANICZONĄ ODPOWIEDZIALNOŚCIĄ,16.10.Z:main
0000422945,204,not_found_or_deregistered,"""3D BTL SPÓŁKA Z OGRANICZONĄ ODPOWIEDZIALNOŚCIĄ""",16.10.Z:main
0000422948,204,not_found_or_deregistered,ZOLDAFA SPÓŁKA Z OGRANICZONĄ ODPOWIEDZIALNOŚCIĄ,16.10.Z:main
0000423122,204,not_found_or_deregistered,OGÓLNOPOLSKA SIEĆ HURTOWNI BUDOWLANYCH SPÓŁKA Z OGRANICZONĄ ODPOWIEDZIALNOŚCIĄ,16.10.Z:main
0000423296,204,not_found_or_deregistered,FHU EURO-DACH SPÓŁKA Z OGRANICZONĄ ODPOWIEDZIALNOŚCIĄ,16.10.Z:main
0000423317,204,not_found_or_deregistered,"FUNDACJA ""INKUBATOR LUDZI BIZNESU""",16.10.Z:main
0000423371,204,not_found_or_deregistered,POLSKIE PRZEDSIĘBIORSTWO ENERGII ODNAWIALNEJ SPÓŁKA Z OGRANICZONĄ ODPOWIEDZIALNOŚCIĄ,16.10.Z:main
0000423480,204,not_found_or_deregistered,MURAPOL PROJEKT SPÓŁKA Z OGRANICZONĄ ODPOWIEDZIALNOŚCIĄ SLK SPÓŁKA KOMANDYTOWO-AKCYJNA,16.10.Z:main
0000423516,204,not_found_or_deregistered,STARLING SPÓŁKA Z OGRANICZONĄ ODPOWIEDZIALNOŚCIĄ,16.10.Z:main
0000423531,204,not_found_or_deregistered,MURAPOL PROJEKT SPÓŁKA Z OGRANICZONĄ ODPOWIEDZIALNOŚCIĄ KRK SPÓŁKA KOMANDYTOWO-AKCYJNA,16.10.Z:main
0000423577,204,not_found_or_deregistered,MURAPOL PROJEKT SPÓŁKA Z OGRANICZONĄ ODPOWIEDZIALNOŚCIĄ BBA SPÓŁKA KOMANDYTOWO-AKCYJNA,16.10.Z:main
0000423614,204,not_found_or_deregistered,ZOLDBEKA SPÓŁKA Z OGRANICZONĄ ODPOWIEDZIALNOŚCIĄ,16.10.Z:main
0000423679,204,not_found_or_deregistered,DECCO JANIK SPÓŁKA JAWNA,16.10.Z:main
0000423685,204,not_found_or_deregistered,F2 SERVICE CENTRUM SPÓŁKA Z OGRANICZONĄ ODPOWIEDZIALNOŚCIĄ,16.10.Z:main
0000423700,204,not_found_or_deregistered,MKL - BUD SPÓŁKA Z OGRANICZONĄ ODPOWIEDZIALNOŚCIĄ,16.10.Z:main
0000423753,204,not_found_or_deregistered,LGH TRADING SPÓŁKA Z OGRANICZONĄ ODPOWIEDZIALNOŚCIĄ,16.10.Z:main
0000423779,204,not_found_or_deregistered,EUPOL SPÓŁKA Z OGRANICZONĄ ODPOWIEDZIALNOSŚCIĄ,16.10.Z:main
0000423789,204,not_found_or_deregistered,TSSPOL SPÓŁKA Z OGRANICZONĄ ODPOWIEDZIALNOŚCIĄ,16.10.Z:main
0000423821,204,not_found_or_deregistered,MURAPOL PROJEKT SPÓŁKA Z OGRANICZONĄ ODPOWIEDZIALNOŚCIĄ WRO SPÓŁKA KOMANDYTOWO-AKCYJNA,16.10.Z:main
0000423841,204,not_found_or_deregistered,MURAPOL PROJEKT SPÓŁKA Z OGRANICZONĄ ODPOWIEDZIALNOŚCIĄ CTR SPÓŁKA KOMANDYTOWO-AKCYJNA,16.10.Z:main
0000423858,204,not_found_or_deregistered,FITZ TOUCH DESIGNS SPÓŁKA Z OGRANICZONĄ ODPOWIEDZIALNOŚCIĄ,16.10.Z:main
0000423980,204,not_found_or_deregistered,RAGN - SELLS NATURA SPÓŁKA Z OGRANICZONĄ ODPOWIEDZIALNOŚCIĄ,16.10.Z:main
0000424083,204,not_found_or_deregistered,SILVAN - PRACA SPÓŁKA Z OGRANICZONĄ ODPOWIEDZIALNOŚCIĄ,16.10.Z:main
0000424104,204,not_found_or_deregistered,RAFPOL SPÓŁKA Z OGRANICZONĄ ODPOWIEDZIALNOŚCIĄ,16.10.Z:main
0000424134,204,not_found_or_deregistered,"WIELOBRANŻOWA SPÓŁDZIELNIA SOCJALNA ""PROGRESS""",16.10.Z:main
0000424189,204,not_found_or_deregistered,DONUT SPÓŁKA Z OGRANICZONĄ ODPOWIEDZIALNOŚCIĄ,16.10.Z:main
0000424230,204,not_found_or_deregistered,"BIOGAZ PRZEDSIĘBIORSTWO ROLNE ""GRENFLOR"" SP. Z O.O. SPÓŁKA KOMANDYTOWA",16.10.Z:main
0000424324,204,not_found_or_deregistered,BUDIZOL SPÓŁKA Z OGRANICZONĄ ODPOWIEDZIALNOŚCIĄ PROGRESS 1 SPÓŁKA KOMANDYTOWO-AKCYJNA,16.10.Z:main
0000424341,204,not_found_or_deregistered,BUDIZOL SPÓŁKA Z OGRANICZONĄ ODPOWIEDZIALNOŚCIĄ PROGRESS 2 SPÓŁKA KOMANDYTOWO-AKCYJNA,16.10.Z:main
0000424613,204,not_found_or_deregistered,K.U.K.-E.F.I. INTERNATIONALE LOGISTIK + HANDELS + BETEILIGUNGS + VERWALTUNGS POLSKA SPÓŁKA Z OGRANICZONĄ ODPOWIEDZIALNOŚCIĄ,16.10.Z:main
0000424750,204,not_found_or_deregistered,SOLID SYSTEM SPÓŁKA Z OGRANICZONĄ ODPOWIEDZIALNOŚCIĄ,16.10.Z:main
0000424851,204,not_found_or_deregistered,GREEN TEAM SPÓŁKA Z OGRANICZONĄ ODPOWIEDZIALNOŚCIĄ,16.10.Z:main
0000424858,204,not_found_or_deregistered,BIOMASA PARTNER SPÓŁKA Z OGRANICZONĄ ODPOWIEDZIALNOŚCIĄ,16.10.Z:main
0000425215,204,not_found_or_deregistered,PELMID SPÓŁKA Z OGRANICZONĄ ODPOWIEDZIALNOŚCIĄ,16.10.Z:main
0000425294,204,not_found_or_deregistered,SAMKIR SPÓŁKA Z OGRANICZONĄ ODPOWIEDZIALNOŚCIĄ,16.10.Z:main
0000425479,204,not_found_or_deregistered,BUDIZOL SPÓŁKA Z OGRANICZONĄ ODPOWIEDZIALNOŚCIĄ PROGRESS 5 SPÓŁKA KOMANDYTOWO-AKCYJNA,16.10.Z:main
0000425530,204,not_found_or_deregistered,WIELKOPOLSKI FUNDUSZ HIPOTECZNY SPÓŁKA Z OGRANICZONĄ ODPOWIEDZIALNOŚCIĄ SPÓŁKA KOMANDYTOWO-AKCYJNA,16.10.Z:main
0000425615,204,not_found_or_deregistered,PRZEDSIĘBIORSTWO BUDOWNICTWA TECHNICZNEGO APEX SPÓŁKA Z OGRANICZONĄ ODPOWIEDZIALNOŚCIĄ,16.10.Z:main
0000425672,204,not_found_or_deregistered,INTERBUD INVEST SPÓŁKA Z OGRANICZONĄ ODPOWIEDZIALNOŚCIĄ,16.10.Z:main
0000425681,204,not_found_or_deregistered,BUDIZOL SPÓŁKA Z OGRANICZONĄ ODPOWIEDZIALNOŚCIĄ PROGRESS 3 SPÓŁKA KOMANDYTOWO-AKCYJNA,16.10.Z:main
0000425777,204,not_found_or_deregistered,KA-CZMAREK SPÓŁKA Z OGRANICZONĄ ODPOWIEDZIALNOŚCIĄ SPÓŁKA KOMANDYTOWO-AKCYJNA,16.10.Z:main
0000425851,204,not_found_or_deregistered,ENERE AGRO SPÓŁKA Z OGRANICZONĄ ODPOWIEDZIALNOŚCIĄ,16.10.Z:main
0000426039,204,not_found_or_deregistered,GOOD WAY BUSINESS CONSULTING SPÓŁKA Z OGRANICZONĄ ODPOWIEDZIALNOŚCIĄ,16.10.Z:main
0000426225,204,not_found_or_deregistered,"ADAM I JÓZEF PIEKARCZYK, PAWEŁ KOZAK SPÓŁKA JAWNA",16.10.Z:main
0000426598,204,not_found_or_deregistered,"""ŻWIGIEL"" SPÓŁKA Z OGRANICZONĄ ODPOWIEDZIALNOŚCIĄ",16.10.Z:main
0000426748,204,not_found_or_deregistered,ENERE BIO SPÓŁKA Z OGRANICZONĄ ODPOWIEDZIALNOŚCIĄ,16.10.Z:main
0000426756,204,not_found_or_deregistered,ZALAVES SPÓŁKA Z OGRANICZONĄ ODPOWIEDZIALNOŚCIĄ,16.10.Z:main
0000426787,204,not_found_or_deregistered,OGÓLNOPOLSKA SIEĆ HURTOWANI BUDOWLANYCH SPÓŁKA Z OGRANICZONĄ ODPOWIEDZIALNOŚCIĄ SPÓŁKA KOMANDYTOWA,16.10.Z:main
0000426789,204,not_found_or_deregistered,FIS SPÓŁKA Z OGRANICZONĄ ODPOWIEDZIALNOŚCIĄ,16.10.Z:main
0000427046,204,not_found_or_deregistered,"""JOANNA"" JAN I JOANNA GRYKO SPÓŁKA JAWNA",16.10.Z:main
0000427336,204,not_found_or_deregistered,GERDA POLSKA SPÓŁKA Z OGRANICZONĄ ODPOWIEDZIALNOŚCIĄ,16.10.Z:main
0000427414,204,not_found_or_deregistered,MAZURY EC0-ENERGY SPÓŁKA Z OGRANICZONĄ ODPOWIEDZIALNOŚCIĄ,16.10.Z:main
0000427445,204,not_found_or_deregistered,DMW GROUP SPÓŁKA Z OGRANICZONĄ ODPOWIEDZIALNOŚCIĄ,16.10.Z:main
0000427462,204,not_found_or_deregistered,EB SPÓŁKA Z OGRANICZONĄ ODPOWIEDZIALNOŚCIĄ,16.10.Z:main
0000427468,204,not_found_or_deregistered,"""FALCON LOGISTYKA PALET SPÓŁKA Z OGRANICZONĄ ODPOWIEDZIALNOŚCIĄ SPÓŁKA KOMANDYTOWA""",16.10.Z:main
0000427602,204,not_found_or_deregistered,ALFA SPÓŁKA Z OGRANICZONĄ ODPOWIEDZIALNOŚCIĄ,16.10.Z:main
0000427662,204,not_found_or_deregistered,"GRUPA PRODUCENTÓW ""ZIOŁOFARM"" DOBRZYCA SPÓŁKA Z OGRANICZONĄ ODPOWIEDZIALNOŚCIĄ",16.10.Z:main
0000427905,204,not_found_or_deregistered,OMEGA PLUS SPÓŁKA Z OGRANICZONĄ ODPOWIEDZIALNOŚCIĄ,16.10.Z:main
0000427912,204,not_found_or_deregistered,SAFEWORK SPÓŁKA Z OGRANICZONĄ ODPOWIEDZIALNOŚCIĄ SPÓŁKA KOMANDYTOWO-AKCYJNA,16.10.Z:main
0000428115,204,not_found_or_deregistered,JOBALATON SPÓŁKA Z OGRANICZONĄ ODPOWIEDZIALNOŚCIĄ,16.10.Z:main
0000428611,204,not_found_or_deregistered,"""OMNIBOX"" SPÓŁKA Z OGRANICZONĄ ODPOWIEDZIALNOŚCIĄ",16.10.Z:main
0000428825,204,not_found_or_deregistered,BIOBUD SPÓŁKA Z OGRANICZONĄ ODPOWIEDZIALNOŚCIĄ,16.10.Z:main
0000429025,204,not_found_or_deregistered,VENI VIDI VICI SPÓŁKA Z OGRANICZONĄ ODPOWIEDZIALNOŚCIĄ,16.10.Z:main
0000429277,204,not_found_or_deregistered,STM ETYL SPÓŁKA Z OGRANICZONĄ ODPOWIEDZIALNOŚCIĄ,16.10.Z:main
0000429446,204,not_found_or_deregistered,CENTRUM EKOLOGICZNEGO BUDOWNICTWA MIESZKANIOWEGO SPÓŁKA Z OGRANICZONĄ ODPOWIEDZIALNOŚCIĄ SPÓŁKA KOMANDYTOWA,16.10.Z:main
0000429464,204,not_found_or_deregistered,GAS SPÓŁKA Z OGRANICZONĄ ODPOWIEDZIALNOŚCIĄ,16.10.Z:main
0000429473,204,not_found_or_deregistered,"OGÓLNOPOLSKA SPÓŁDZIELNIA SOCJALNA ""EURO-POL""",16.10.Z:main
0000429583,204,not_found_or_deregistered,STP&DIN CHEMICALS S. STAJERSKI WEST SPÓŁKA KOMANDYTOWA,16.10.Z:main
0000429586,204,not_found_or_deregistered,"ISMAEL JAN SZENKLER, OTYLIA PARCZEWSKA SPÓŁKA JAWNA",16.10.Z:main
0000429854,204,not_found_or_deregistered,ART POLONIA SPÓŁKA Z OGRANICZONĄ ODPOWIEDZIALNOŚCIĄ,16.10.Z:main
0000429972,204,not_found_or_deregistered,FAMBUD SPÓŁKA Z OGRANICZONĄ ODPOWIEDZIALNOŚCIĄ,16.10.Z:main
0000430064,204,not_found_or_deregistered,"""EKO-KARBON"" SPÓŁKA Z OGRANICZONĄ ODPOWIEDZIALNOŚCIĄ",16.10.Z:main
0000430142,204,not_found_or_deregistered,MCM SPÓŁKA Z OGRANICZONĄ ODPOWIEDZIALNOŚCIĄ,16.10.Z:main
0000430247,204,not_found_or_deregistered,FAMBUD BIS SPÓŁKA Z OGRANICZONĄ ODPOWIEDZIALNOŚCIĄ,16.10.Z:main
0000430264,204,not_found_or_deregistered,BLUE NET SPÓŁKA Z OGRANICZONĄ ODPOWIEDZIALNOŚCIĄ,16.10.Z:main
0000430720,204,not_found_or_deregistered,OKTAL SPÓŁKA Z OGRANICZONĄ ODPOWIEDZIALNOŚCIĄ,16.10.Z:main
0000430940,204,not_found_or_deregistered,AMT EKOL SPÓŁKA Z OGRANICZONĄ ODPOWIEDZIALNOŚCIĄ,16.10.Z:main
0000431024,204,not_found_or_deregistered,PROFIDO SPÓŁKA Z OGRANICZONĄ ODPOWIEDZIALNOŚCIĄ,16.10.Z:main
0000431037,204,not_found_or_deregistered,KINYAGI SPÓŁKA Z OGRANICZONĄ ODPOWIEDZIALNOŚCIĄ,16.10.Z:main
0000431266,204,not_found_or_deregistered,ECO-WATT SPÓŁKA Z OGRANICZONĄ ODPOWIEDZIALNOŚCIĄ,16.10.Z:main
0000431589,204,not_found_or_deregistered,CZARNY KORMORAN SPÓŁKA Z OGRANICZONĄ ODPOWIEDZIALNOŚCIĄ,16.10.Z:main
0000431642,204,not_found_or_deregistered,"""HANDLO-DREW"" SPÓŁKA Z OGRANICZONĄ ODPOWIEDZIALNOŚCIĄ",16.10.Z:main
0000431868,204,not_found_or_deregistered,FIRMA PRODUKCYJNO HANDLOWA AGRO-MASA SPÓŁKA Z OGRANICZONĄ ODPOWIEDZIALNOŚCIĄ,16.10.Z:main
0000432140,204,not_found_or_deregistered,FRAMA SPÓŁKA Z OGRANICZONĄ ODPOWIEDZIALNOŚCIĄ,16.10.Z:main
0000432152,204,not_found_or_deregistered,SKI & SUN SPÓŁKA Z OGRANICZONĄ ODPOWIEDZIALNOŚCIĄ SPÓŁKA KOMANDYTOWA,16.10.Z:main
0000432244,204,not_found_or_deregistered,"""MARAM SPÓŁKA Z OGRANICZONĄ ODPOWIEDZIALNOŚCIĄ SPÓŁKA KOMANDYTOWA""",16.10.Z:main
0000432288,204,not_found_or_deregistered,OKTALEN SPÓŁKA Z OGRANICZONĄ ODPOWIEDZIALNOŚCIĄ,16.10.Z:main
0000432309,204,not_found_or_deregistered,RYBITWA SPÓŁKA Z OGRANICZONĄ ODPOWIEDZIALNOŚCIĄ,16.10.Z:main
0000432318,204,not_found_or_deregistered,EXIMBIO SPÓŁKA Z OGRANICZONĄ ODPOWIEDZIALNOŚCIĄ,16.10.Z:main
0000432381,204,not_found_or_deregistered,GLOBAL-HER SPÓŁKA Z OGRANICZONĄ ODPOWIEDZIALNOŚCIĄ SPÓŁKA KOMANDYTOWA,16.10.Z:main
0000432805,204,not_found_or_deregistered,W.E.L. GARANT SPÓŁKA Z OGRANICZONĄ ODPOWIEDZIALNOŚCIĄ,16.10.Z:main
0000432893,204,not_found_or_deregistered,TRYTON SPÓŁKA Z OGRANICZONĄ ODPOWIEDZIALNOŚCIĄ,16.10.Z:main
0000433196,204,not_found_or_deregistered,FREESTONE SPÓŁKA Z OGRANICZONĄ ODPOWIEDZIALNOŚCIĄ,16.10.Z:main
0000433327,204,not_found_or_deregistered,JANNBUD SPÓŁKA Z OGRANICZONĄ ODPOWIEDZIALNOŚCIĄ,16.10.Z:main
0000433451,204,not_found_or_deregistered,"""LIGNAPOL"" SPÓŁKA Z OGRANICZONĄ ODPOWIEDZIALNOŚCIĄ",16.10.Z:main
0000433703,204,not_found_or_deregistered,MARECKI SPÓŁKA Z OGRANICZONĄ ODPOWIEDZIALNOŚCIĄ W ORGANIZACJI SPÓŁKA KOMANDYTOWO-AKCYJNA,16.10.Z:main
0000434074,204,not_found_or_deregistered,ACOUSTICITY SPÓŁKA Z OGRANICZONĄ ODPOWIEDZIALNOŚCIĄ SPÓŁKA KOMANDYTOWA,16.10.Z:main
0000434252,204,not_found_or_deregistered,CJ SPÓŁKA Z OGRANICZONĄ ODPOWIEDZIALNOŚCIĄ,16.10.Z:main
0000434616,204,not_found_or_deregistered,FAMBUD SPÓŁKA Z OGRANICZONĄ ODPOWIEDZIALNOŚCIĄ SPÓŁKA KOMANDYTOWO-AKCYJNA,16.10.Z:main
0000434647,204,not_found_or_deregistered,BETA - MEBLE SPÓŁKA Z OGRANICZONĄ ODPOWIEDZIALNOŚCIĄ SPÓŁKA KOMANDYTOWA,16.10.Z:main
0000434703,204,not_found_or_deregistered,IKH SPÓŁKA Z OGRANICZONĄ ODPOWIEDZIALNOŚCIĄ,16.10.Z:main
0000434921,204,not_found_or_deregistered,ORLEAN PL SPÓŁKA Z OGRANICZONĄ ODPOWIEDZIALNOŚCIĄ,16.10.Z:main
0000434981,204,not_found_or_deregistered,MK CONNECT SPÓŁKA Z OGRANICZONĄ ODPOWIEDZIALNOŚCIĄ,16.10.Z:main
0000435006,204,not_found_or_deregistered,PORTA KMI POLAND SPÓŁKA Z OGRANICZONĄ ODPOWIEDZIALNOŚCIĄ SPÓŁKA KOMANDYTOWO - AKCYJNA,16.10.Z:main
0000435048,204,not_found_or_deregistered,"""HYDROBUDOWA BAŁTYK"" SPÓŁKA Z OGRANICZONĄ ODPOWIEDZIALNOŚCIĄ",16.10.Z:main
0000435124,204,not_found_or_deregistered,UNICOMOBILE SPÓŁKA Z OGRANICZONĄ ODPOWIEDZIALNOŚCIĄ,16.10.Z:main
0000435271,204,not_found_or_deregistered,MBN-INBUD SPÓŁKA Z OGRANICZONĄ ODPOWIEDZIALNOŚCIĄ,16.10.Z:main
0000435313,204,not_found_or_deregistered,TDW SPÓŁKA Z OGRANICZONĄ ODPOWIEDZIALNOŚCIĄ SPÓŁKA KOMANDYTOWO-AKCYJNA,16.10.Z:main
0000435504,204,not_found_or_deregistered,GAYAN SPÓŁKA Z OGRANICZONĄ ODPOWIEDZIALNOŚCIĄ,16.10.Z:main
0000435582,204,not_found_or_deregistered,"""NSPA"" SPÓŁKA Z OGRANICZONĄ ODPOWIEDZIALNOŚCIĄ",16.10.Z:main
0000435834,204,not_found_or_deregistered,NOWITEX SPÓŁKA Z OGRANICZONĄ ODPOWIEDZIALNOŚCIĄ,16.10.Z:main
0000435846,204,not_found_or_deregistered,"ZAKŁAD DRZEWNY ""FOREST PRIM"" SPÓŁKA Z OGRANICZONĄ ODPOWIEDZIALNOŚCIĄ",16.10.Z:main
0000435864,204,not_found_or_deregistered,SAPFIR SPÓŁKA Z OGRANICZONĄ ODPOWIEDZIALNOŚCIĄ,16.10.Z:main
0000435929,204,not_found_or_deregistered,ANDRZEJ PASZENDA ZUPIL SPÓŁKA JAWNA,16.10.Z:main
0000435981,204,not_found_or_deregistered,MBCM SPÓŁKA AKCYJNA,16.10.Z:main
0000436019,204,not_found_or_deregistered,EX CORDE SPÓŁKA Z OGRANICZONĄ ODPOWIEDZIALNOŚCIĄ,16.10.Z:main
0000436330,204,not_found_or_deregistered,BIOHEAT TECHNOLOGY SPÓŁKA Z OGRANICZONĄ ODPOWIEDZIALNOŚCIĄ,16.10.Z:main
0000436358,204,not_found_or_deregistered,JAZBUD MM SPÓŁKA Z OGRANICZONĄ ODPOWIEDZIALNOŚCIĄ,16.10.Z:main
0000436377,204,not_found_or_deregistered,MONOLIT SYSTEMY SPÓŁKA Z OGRANICZONĄ ODPOWIEDZIALNOŚCIĄ,16.10.Z:main
0000436562,204,not_found_or_deregistered,LTD SPÓŁKA Z OGRANICZONĄ ODPOWIEDZIALNOŚCIĄ SPÓŁKA KOMANDYTOWA,16.10.Z:main
0000436606,204,not_found_or_deregistered,MURAPOL GARBARNIA SPÓŁKA Z OGRANICZONĄ ODPOWIEDZIALNOŚCIĄ,16.10.Z:main
0000437021,204,not_found_or_deregistered,INVEST-BIURO SPÓŁKA Z OGRANICZONĄ ODPOWIEDZIALNOŚCIĄ,16.10.Z:main
0000437052,204,not_found_or_deregistered,BIONOVA SPÓŁKA Z OGRANICZONĄ ODPOWIEDZIALNOŚCIĄ,16.10.Z:main
0000437115,204,not_found_or_deregistered,AZIS ETRADE SPÓŁKA Z OGRANICZONĄ ODPOWIEDZIALNOŚCIĄ,16.10.Z:main
0000437201,204,not_found_or_deregistered,FAMBUD TOMASZ ŁAJKO SPÓŁKA KOMANDYTOWA,16.10.Z:main
0000437228,204,not_found_or_deregistered,PURE ENERGY SPÓŁKA Z OGRANICZONĄ ODPOWIEDZIALNOŚCIĄ,16.10.Z:main
0000437237,204,not_found_or_deregistered,BM DEVELOPMENT PARTNERS SPÓŁKA Z OGRANICZONĄ ODPOWIEDZIALNOŚCIĄ,16.10.Z:main
0000437331,204,not_found_or_deregistered,SUPER TRAVEL GROUP SPÓŁKA Z OGRANICZONĄ ODPOWIEDZIALNOŚCIĄ,16.10.Z:main
0000437546,204,not_found_or_deregistered,PLATINE COSMETICS SPÓŁKA Z OGRANICZONĄ ODPOWIEDZIALNOŚCIĄ,16.10.Z:main
0000438201,204,not_found_or_deregistered,SPÓŁDZIELNIA SOCJALNA LEPSZA PRZYSZŁOŚĆ,16.10.Z:main
0000438207,204,not_found_or_deregistered,AGENER SPÓŁKA Z OGRANICZONĄ ODPOWIEDZIALNOŚCIĄ,16.10.Z:main
0000438241,204,not_found_or_deregistered,VOLTAIKA SPÓŁKA Z OGRANICZONĄ ODPOWIEDZIALNOŚCIĄ,16.10.Z:main
0000438329,204,not_found_or_deregistered,PRIME CONSULTING GROUP SPÓŁKA Z OGRANICZONĄ ODPOWIEDZIALNOŚCIĄ,16.10.Z:main
0000438526,204,not_found_or_deregistered,PLATINE COSMETICS SPÓŁKA Z OGRANICZONĄ ODPOWIEDZIALNOŚCIĄ SPÓŁKA KOMANDYTOWA,16.10.Z:main
0000438681,204,not_found_or_deregistered,MAJESTIC NORTH FLOORS INC. SPÓŁKA Z OGRANICZONĄ ODPOWIEDZIALNOŚCIĄ,16.10.Z:main
0000438930,204,not_found_or_deregistered,INVESTPOL 700 SPÓŁKA Z OGRANICZONĄ ODPOWIEDZIALNOŚCIĄ,16.10.Z:main
0000439051,204,not_found_or_deregistered,FRISE SPÓŁKA Z OGRANICZONĄ ODPOWIEDZIALNOŚCIĄ,16.10.Z:main
0000439651,204,not_found_or_deregistered,ADEPT 1 SPÓŁKA Z OGRANICZONĄ ODPOWIEDZIALNOŚCIĄ,16.10.Z:main
0000439990,204,not_found_or_deregistered,KM IMPRESSIO SPÓŁKA Z OGRANICZONĄ ODPOWIEDZIALNOŚCIĄ,16.10.Z:main
0000440010,204,not_found_or_deregistered,WIETECHA SPÓŁKA Z OGRANICZONĄ ODPOWIEDZIALNOŚCIĄ,16.10.Z:main
0000440035,204,not_found_or_deregistered,NAVIGAR SPÓŁKA Z OGRANICZONĄ ODPOWIEDZIALNOŚCIĄ SPÓŁKA KOMANDYTOWA,16.10.Z:main
0000440233,204,not_found_or_deregistered,POLAND GROUP SPÓŁKA Z OGRANICZONĄ ODPOWIEDZIALNOŚCIĄ,16.10.Z:main
0000440254,204,not_found_or_deregistered,AURA POLSKA SPÓŁKA Z OGRANICZONĄ ODPOWIEDZIALNOŚCIĄ,16.10.Z:main
0000440345,204,not_found_or_deregistered,AMS INVEST SPÓŁKA Z OGRANICZONĄ ODPOWIEDZIALNOŚCIĄ,16.10.Z:main
0000440680,204,not_found_or_deregistered,PLIT GENERAL TRADE SPÓŁKA Z OGRANICZONĄ ODPOWIEDZIALNOŚCIĄ,16.10.Z:main
0000440855,204,not_found_or_deregistered,"FABRYKA MEBLI ""DREWMIX"" SPÓŁKA Z OGRANICZONĄ ODPOWIEDZIALNOŚCIĄ",16.10.Z:main
0000441097,204,not_found_or_deregistered,FABRYKA OSI NAPĘDOWYCH - SKB SPÓŁKA Z OGRANICZONĄ ODPOWIEDZIALNOŚCIĄ SPÓŁKA KOMANDYTOWO-AKCYJNA,16.10.Z:main
0000441146,204,not_found_or_deregistered,"""DPK SOLAR ROBERT DŁUGOZIMA"" SPÓŁKA KOMANDYTOWA",16.10.Z:main
0000441297,204,not_found_or_deregistered,CTK ENERGIA SPÓŁKA Z OGRANICZONĄ ODPOWIEDZIALNOŚCIĄ,16.10.Z:main
0000441489,204,not_found_or_deregistered,TEIJO - TALO POLSKA SPÓŁKA Z OGRANICZONĄ ODPOWIEDZIALNOŚCIĄ,16.10.Z:main
0000441755,204,not_found_or_deregistered,HANTAR SPÓŁKA Z OGRANICZONĄ ODPOWIEDZIALNOŚCIĄ,16.10.Z:main
0000441955,204,not_found_or_deregistered,MARKET - DETAL SPÓŁKA Z OGRANICZONĄ ODPOWIEDZIALNOŚCIĄ SPÓŁKA KOMANDYTOWO - AKCYJNA (DAWNIEJ POLOMARKET - DETAL SP. Z O.O.),16.10.Z:main
0000442000,204,not_found_or_deregistered,GRI-GLES SPÓŁKA Z OGRANICZONĄ ODPOWIEDZIALNOŚCIĄ SPÓŁKA KOMANDYTOWA,16.10.Z:main
0000442006,204,not_found_or_deregistered,KASPER WOJCIECH KASPROWICZ SPÓŁKA JAWNA,16.10.Z:main
0000442057,204,not_found_or_deregistered,MEBLE GABI SPÓŁKA Z OGRANICZONĄ ODPOWIEDZIALNOŚCIĄ SPÓŁKA KOMANDYTOWO - AKCYJNA,16.10.Z:main
0000442163,204,not_found_or_deregistered,"WIELOBRANŻOWA SPÓŁDZIELNIA SOCJALNA ""ALTERNATYWA""",16.10.Z:main
0000442285,204,not_found_or_deregistered,INDEXMETROPOLIS INWESTYCJE SPÓŁKA Z OGRANICZONĄ ODPOWIEDZIALNOŚCIĄ SPÓŁKA KOMANDYTOWO-AKCYJNA,16.10.Z:main
0000442392,204,not_found_or_deregistered,DUO SYSTEMS SPÓŁKA Z OGRANICZONĄ ODPOWIEDZIALNOŚCIĄ,16.10.Z:main
0000442416,204,not_found_or_deregistered,M3M GROUP SPÓŁKA Z OGRANICZONĄ ODPOWIEDZIALNOŚCIĄ,16.10.Z:main
0000442461,204,not_found_or_deregistered,UKPOL SPÓŁKA Z OGRANICZONĄ ODPOWIEDZIALNOŚCIĄ,16.10.Z:main
0000442502,204,not_found_or_deregistered,FREE-PRO SPÓŁKA Z OGRANICZONĄ ODPOWIEDZIALNOŚCIĄ,16.10.Z:main
0000442761,204,not_found_or_deregistered,INTER-CORPORATION SPÓŁKA Z OGRANICZONĄ ODPOWIEDZIALNOŚCIĄ,16.10.Z:main
0000442794,204,not_found_or_deregistered,"ZAKŁAD PRZETWÓRSTWA DREWNA ""ZUZIAK"" SPÓŁKA Z OGRANICZONĄ ODPOWIEDZIALNOŚCIĄ",16.10.Z:main
0000442818,204,not_found_or_deregistered,"""WLM PROMAX"" SPÓŁKA JAWNA G.LUTYŃSKI, J.MALINOWSKI",16.10.Z:main
0000443123,204,not_found_or_deregistered,STAPOKRAFT SPÓŁKA Z OGRANICZONĄ ODPOWIEDZIALNOŚCIĄ,16.10.Z:main
0000443382,204,not_found_or_deregistered,"""TEMAX"" SPÓŁKA Z OGRANICZONĄ ODPOWIEDZIALNOŚCIĄ",16.10.Z:main
0000443526,204,not_found_or_deregistered,MM GRAND SPÓŁKA Z OGRANICZONĄ ODPOWIEDZIALNOŚCIĄ,16.10.Z:main
0000443531,204,not_found_or_deregistered,"SPÓŁDZIELNIA SOCJALNA ""TIP TOP""",16.10.Z:main
0000443738,204,not_found_or_deregistered,"FUNDACJA ""LATARNIA""",16.10.Z:main
0000443809,204,not_found_or_deregistered,"""KB2"" SPÓŁKA Z OGRANICZONĄ ODPOWIEDZIALNOŚCIĄ",16.10.Z:main
0000443994,204,not_found_or_deregistered,"KRUSZMAT-BETON A. PELC, L. PELC, Z. MURIAS SPÓŁKA JAWNA",16.10.Z:main
0000444239,204,not_found_or_deregistered,MASTIC SPÓŁKA Z OGRANICZONĄ ODPOWIEDZIALNOŚCIĄ,16.10.Z:main
0000444326,204,not_found_or_deregistered,LONGINUS SPÓŁKA Z OGRANICZONĄ ODPOWIEDZIALNOŚCIĄ SPÓŁKA KOMANDYTOWA,16.10.Z:main
0000444485,204,not_found_or_deregistered,"""J&P PROPINUS"" SPÓŁKA Z OGRANICZONĄ ODPOWIEDZIALNOŚCIĄ",16.10.Z:main
0000444714,204,not_found_or_deregistered,BILM2012 SPÓŁKA Z OGRANICZONĄ ODPOWIEDZIALNOŚCIĄ,16.10.Z:main
0000444876,204,not_found_or_deregistered,INTERSUNBUD SPÓŁKA Z OGRANICZONĄ ODPOWIEDZIALNOŚCIĄ,16.10.Z:main
0000444971,204,not_found_or_deregistered,PRO NATUR SPÓŁKA Z OGRANICZONĄ ODPOWIEDZIALNOŚCIĄ,16.10.Z:main
0000445142,204,not_found_or_deregistered,MARLONE SPÓŁKA Z OGRANICZONĄ ODPOWIEDZIALNOŚCIĄ,16.10.Z:main
0000445143,204,not_found_or_deregistered,PRESTONE SPÓŁKA Z OGRANICZONĄ ODPOWIEDZIALNOŚCIĄ,16.10.Z:main
0000445300,204,not_found_or_deregistered,MONOLIT ECO SYSTEM SPÓŁKA Z OGRANICZONĄ ODPOWIEDZIALNOŚCIĄ,16.10.Z:main
0000445333,204,not_found_or_deregistered,STUDNIA POLIMER SPÓŁKA Z OGRANICZONĄ ODPOWIEDZIALNOŚCIĄ,16.10.Z:main
0000445609,204,not_found_or_deregistered,"""OTTIMO SYSTEMS"" SPÓŁKA Z OGRANICZONĄ ODPOWIEDZIALNOŚCIĄ SPÓŁKA KOMANDYTOWO-AKCYJNA",16.10.Z:main
0000445756,204,not_found_or_deregistered,VAP WARSZAWA 3 SPÓŁKA Z OGRANICZONĄ ODPOWIEDZIALNOŚCIĄ,16.10.Z:main
0000445791,204,not_found_or_deregistered,VAP WARSZAWA 3 SPÓŁKA Z OGRANICZONĄ ODPOWIEDZIALNOŚCIĄ SPÓŁKA KOMANDYTOWA,16.10.Z:main
0000446248,204,not_found_or_deregistered,STELMET II SPÓŁKA Z OGRANICZONĄ ODPOWIEDZIALNOŚCIĄ SPÓŁKA KOMANDYTOWO-AKCYJNA,16.10.Z:main
0000446764,204,not_found_or_deregistered,JACOPO SPÓŁKA Z OGRANICZONĄ ODPOWIEDZIALNOŚCIĄ,16.10.Z:main
0000447003,204,not_found_or_deregistered,RED NAVAHO POLSKA SPÓŁKA Z OGRANICZONĄ ODPOWIEDZIALNOŚCIĄ,16.10.Z:main
0000447078,204,not_found_or_deregistered,WIET-POL PRZEDSIĘBIORSTWO PRODUKCYJNO-HANDLOWO-USŁUGOWE SPÓŁKA Z OGRANICZONĄ ODPOWIEDZIALNOŚCIĄ,16.10.Z:main
0000447156,204,not_found_or_deregistered,INTERWORK SERVICE SPÓŁKA Z OGRANICZONĄ ODPOWIEDZIALNOŚCIĄ,16.10.Z:main
0000447233,204,not_found_or_deregistered,WFH 15 SPÓŁKA Z OGRANICZONĄ ODPOWIEDZIALNOŚCIĄ,16.10.Z:main
0000447314,204,not_found_or_deregistered,GTSK SPÓŁKA Z OGRANICZONĄ ODPOWIEDZIALNOŚCIĄ,16.10.Z:main
0000447330,204,not_found_or_deregistered,AT-BM SPÓŁKA Z OGRANICZONĄ ODPOWIEDZIALNOŚCIĄ,16.10.Z:main
0000447428,204,not_found_or_deregistered,INVENTIA SPÓŁKA Z OGRANICZONĄ ODPOWIEDZIALNOŚCIĄ,16.10.Z:main
0000448076,204,not_found_or_deregistered,GENERGY SPÓŁKA Z OGRANICZONĄ ODPOWIEDZIALNOŚCIĄ,16.10.Z:main
0000448185,204,not_found_or_deregistered,INSTYTUT BADAWCZY STARY JAWORÓW SPÓŁKA Z OGRANICZONĄ ODPOWIEDZIALNOŚCIĄ,16.10.Z:main
0000448218,204,not_found_or_deregistered,FMCG POLAND SPÓŁKA Z OGRANICZONĄ ODPOWIEDZIALNOŚCIĄ,16.10.Z:main
0000448490,204,not_found_or_deregistered,"""ROL-POL"" SPÓŁKA Z OGRANICZONĄ ODPOWIEDZIALNOŚCIĄ",16.10.Z:main
0000448635,204,not_found_or_deregistered,DEVELOPMENT TRADING COMPANY SPÓŁKA Z OGRANICZONĄ ODPOWIEDZIALNOŚCIĄ,16.10.Z:main
0000448755,204,not_found_or_deregistered,RADELLI SPÓŁKA Z OGRANICZONĄ ODPOWIEDZIALNOŚCIĄ,16.10.Z:main
0000448784,204,not_found_or_deregistered,AP SPÓŁKA Z OGRANICZONĄ ODPOWIEDZIALNOŚCIĄ,16.10.Z:main
0000448786,204,not_found_or_deregistered,NETREXON SPÓŁKA Z OGRANICZONĄ ODPOWIEDZIALNOŚCIĄ,16.10.Z:main
0000448958,204,not_found_or_deregistered,"""JANTAR LOGISTYKA"" SPÓŁKA Z OGRANICZONĄ ODPOWIEDZIALNOŚCIĄ",16.10.Z:main
0000450004,204,not_found_or_deregistered,POZPALL RECYKLING SPÓŁKA Z OGRANICZONĄ ODPOWIEDZIALNOŚCIĄ,16.10.Z:main
0000450049,204,not_found_or_deregistered,TKM RECYKLING POLSKA SPÓŁKA Z OGRANICZONĄ ODPOWIEDZIALNOŚCIĄ SPÓŁKA KOMANDYTOWA,16.10.Z:main
0000450362,204,not_found_or_deregistered,VERSO KOMFORTOWE MEBLE SPÓŁKA Z OGRANICZONĄ ODPOWIEDZIALNOŚCIĄ,16.10.Z:main
0000450372,204,not_found_or_deregistered,LUXURY HOUSE SPÓŁKA Z OGRANICZONĄ ODPOWIEDZIALNOŚCIĄ,16.10.Z:main
0000450539,204,not_found_or_deregistered,TRADEX AUTO POLAND SPÓŁKA Z OGRANICZONĄ ODPOWIEDZIALNOŚCIĄ,16.10.Z:main
0000450608,204,not_found_or_deregistered,ECO-SYNERGY SPÓŁKA Z OGRANICZONĄ ODPOWIEDZIALNOŚCIĄ,16.10.Z:main
0000450692,204,not_found_or_deregistered,KALDRIM ENTERPRISE SPÓŁKA Z OGRANICZONĄ ODPOWIEDZIALNOŚCIĄ,16.10.Z:main
0000451019,204,not_found_or_deregistered,ARVA SPÓŁKA Z OGRANICZONĄ ODPOWIEDZIALNOŚCIĄ,16.10.Z:main
0000451176,204,not_found_or_deregistered,ENERGY SILESIA SPÓŁKA Z OGRANICZONĄ ODPOWIEDZIALNOŚCIĄ,16.10.Z:main
0000451368,204,not_found_or_deregistered,"""CAJO"" SPÓŁKA Z OGRANICZONĄ ODPOWIEDZIALNOŚCIĄ",16.10.Z:main
0000451461,204,not_found_or_deregistered,KNS SERVICES SPÓŁKA Z OGRANICZONĄ ODPOWIEDZIALNOŚCIĄ,16.10.Z:main
0000451948,204,not_found_or_deregistered,LENKA SPÓŁKA Z OGRANICZONĄ ODPOWIEDZIALNOŚCIĄ,16.10.Z:main
0000452045,204,not_found_or_deregistered,BIONOVUS POLSKA SPÓŁKA Z OGRANICZONĄ ODPOWIEDZIALNOŚCIĄ,16.10.Z:main
0000452312,204,not_found_or_deregistered,DREWGIPS SPÓŁKA Z OGRANICZONĄ ODPOWIEDZIALNOŚCIĄ,16.10.Z:main
0000452521,204,not_found_or_deregistered,TALMID SPÓŁKA Z OGRANICZONĄ ODPOWIEDZIALNOŚCIĄ,16.10.Z:main
0000452915,204,not_found_or_deregistered,ETIT SPÓŁKA Z OGRANICZONĄ ODPOWIEDZIALNOŚCIĄ,16.10.Z:main
0000453101,204,not_found_or_deregistered,3MT SPÓŁKA Z OGRANICZONĄ ODPOWIEDZIALNOŚCIĄ,16.10.Z:main
0000453350,204,not_found_or_deregistered,DTE SPÓŁKA Z OGRANICZONĄ ODPOWIEDZIALNOŚCIĄ,16.10.Z:main
0000453609,204,not_found_or_deregistered,DORADZTWO GOSPODARCZE ANDRZEJ KACZMARCZYK SPÓŁKA KOMANDYTOWO-AKCYJNA,16.10.Z:main
0000453669,204,not_found_or_deregistered,OKNA I DRZWI URZĘDOWSKI SPÓŁKA Z OGRANICZONĄ ODPOWIEDZIALNOŚCIĄ,16.10.Z:main
0000453834,204,not_found_or_deregistered,ERES SPÓŁKA Z OGRANICZONĄ ODPOWIEDZIALNOŚCIĄ,16.10.Z:main
0000454106,204,not_found_or_deregistered,EDILE SPÓŁKA Z OGRANICZONĄ ODPOWIEDZIALNOŚCIĄ,16.10.Z:main
0000454314,204,not_found_or_deregistered,PARTNERS-GROUP SPÓŁKA Z OGRANICZONĄ ODPOWIEDZIALNOŚCIĄ,16.10.Z:main
0000454648,204,not_found_or_deregistered,MTANK SPÓŁKA Z OGRANICZONĄ ODPOWIEDZIALNOŚCIĄ,16.10.Z:main
0000454994,204,not_found_or_deregistered,PDA HYBRID SPÓŁKA Z OGRANICZONĄ ODPOWIEDZIALNOŚCIĄ,16.10.Z:main
0000455000,204,not_found_or_deregistered,MKW FINANSE SPÓŁKA Z OGRANICZONĄ ODPOWIEDZIALNOŚCIĄ,16.10.Z:main
0000455003,204,not_found_or_deregistered,POLSKA EKSTRUZJA SPÓŁKA Z OGRANICZONĄ ODPOWIEDZIALNOŚCIĄ,16.10.Z:main
0000455212,204,not_found_or_deregistered,AQUA-BROK SPÓŁKA Z OGRANICZONĄ ODPOWIEDZIALNOŚCIĄ,16.10.Z:main
0000455384,204,not_found_or_deregistered,HYDRO-RES SPÓŁKA Z OGRANICZONĄ ODPOWIEDZIALNOŚCIĄ,16.10.Z:main
0000455413,204,not_found_or_deregistered,STABET SPÓŁKA Z OGRANICZONĄ ODPOWIEDZIALNOŚCIĄ SPÓŁKA KOMANDYTOWO-AKCYJNA,16.10.Z:main
0000455414,204,not_found_or_deregistered,CENTRUM DOCHODZENIA SPADKÓW SPÓŁKA Z OGRANICZONĄ ODPOWIEDZIALNOŚCIĄ SPÓŁKA KOMANDYTOWA,16.10.Z:main
0000455601,204,not_found_or_deregistered,CKR SPÓŁKA Z OGRANICZONĄ ODPOWIEDZIALNOŚCIĄ,16.10.Z:main
0000455828,204,not_found_or_deregistered,EDILE SPÓŁKA Z OGRANICZONĄ ODPOWIEDZIALNOŚCIĄ SPÓŁKA KOMANDYTOWA,16.10.Z:main
0000456002,204,not_found_or_deregistered,EUROPEJSKA AGENCJA POMOCY POSZKODOWANYM SPÓŁKA Z OGRANICZONĄ ODPOWIEDZIALNOŚCIĄ,16.10.Z:main
0000456023,204,not_found_or_deregistered,INNOVA SPÓŁKA Z OGRANICZONĄ ODPOWIEDZIALNOŚCIĄ,16.10.Z:main
0000456127,204,not_found_or_deregistered,BUDINVEST SPÓŁKA Z OGRANICZONĄ ODPOWIEDZIALNOŚCIĄ,16.10.Z:main
0000456219,204,not_found_or_deregistered,PROSPERPLAST SPÓŁKA Z OGRANICZONĄ ODPOWIEDZIALNOŚCIĄ SPÓŁKA KOMANDYTOWO-AKCYJNA,16.10.Z:main
0000456309,204,not_found_or_deregistered,SM-TRADE 2010 SPÓŁKA Z OGRANICZONĄ ODPOWIEDZIALNOŚCIĄ,16.10.Z:main
0000456327,204,not_found_or_deregistered,MACHINES PORĘBSKI - KOWOL SPÓŁKA Z OGRANICZONĄ ODPOWIEDZIALNOŚCIĄ,16.10.Z:main
0000456771,204,not_found_or_deregistered,LS PARTNER SPÓŁKA Z OGRANICZONĄ ODPOWIEDZIALNOŚCIĄ,16.10.Z:main
0000457196,204,not_found_or_deregistered,GREENENERGA SPÓŁKA Z OGRANICZONĄ ODPOWIEDZIALNOŚCIĄ,16.10.Z:main
0000457755,204,not_found_or_deregistered,LUMAR MEDIA SPÓŁKA Z OGRANICZONĄ ODPOWIEDZIALNOŚCIĄ,16.10.Z:main
0000457772,204,not_found_or_deregistered,AUDIOAPP SPÓŁKA Z OGRANICZONĄ ODPOWIEDZIALNOŚCIĄ,16.10.Z:main
0000457820,204,not_found_or_deregistered,PURGATO ZDM SPÓŁKA Z OGRANICZONĄ ODPOWIEDZIALNOŚCIĄ,16.10.Z:main
0000457834,204,not_found_or_deregistered,CARUBA SPÓŁKA Z OGRANICZONĄ ODPOWIEDZIALNOŚCIĄ,16.10.Z:main
0000458190,204,not_found_or_deregistered,"""LBW CONSTRUCTION"" SPÓŁKA Z OGRANICZONĄ ODPOWIEDZIALNOŚCIĄ",16.10.Z:main
0000458632,204,not_found_or_deregistered,WIETPOL AEROSPACE SPÓŁKA Z OGRANICZONĄ ODPOWIEDZIALNOŚCIĄ SPÓŁKA KOMANDYTOWO-AKCYJNA,16.10.Z:main
0000458636,204,not_found_or_deregistered,GENERGY SPÓŁKA Z OGRANICZONĄ ODPOWIEDZIALNOŚCIĄ SPÓŁKA KOMANDYTOWO-AKCYJNA,16.10.Z:main
0000459011,204,not_found_or_deregistered,MMC TRANS SPÓŁKA Z OGRANICZONĄ ODPOWIEDZIALNOŚCIĄ,16.10.Z:main
0000459403,204,not_found_or_deregistered,ADEPT 3 SPÓŁKA Z OGRANICZONĄ ODPOWIEDZIALNOŚCIĄ,16.10.Z:main
0000459475,204,not_found_or_deregistered,JKS DEVELOPMENT SPÓŁKA Z OGRANICZONĄ ODPOWIEDZIALNOŚCIĄ,16.10.Z:main
0000459657,204,not_found_or_deregistered,LK-TRADE 2010 SPÓŁKA Z OGRANICZONĄ ODPOWIEDZIALNOŚCIĄ,16.10.Z:main
0000459965,204,not_found_or_deregistered,ZAKŁADY DRZEWNE ZADOBRZE SPÓŁKA Z OGRANICZONĄ ODPOWIEDZIALNOŚCIĄ SPÓŁKA KOMANDYTOWA,16.10.Z:main
0000460263,204,not_found_or_deregistered,"GRUPA PRODUCENCKA ""ZŁOTY KŁOS"" SPÓŁKA Z OGRANICZONĄ ODPOWIEDZIALNOŚCIĄ",16.10.Z:main
0000460315,204,not_found_or_deregistered,STELMET BIOENERGIA II SPÓŁKA Z OGRANICZONĄ ODPOWIEDZIALNOŚCIĄ SPÓŁKA KOMADYTOWO-AKCYJNA,16.10.Z:main
0000460400,204,not_found_or_deregistered,FABRICA SPÓŁKA Z OGRANICZONĄ ODPOWIEDZIALNOŚCIĄ,16.10.Z:main
0000460798,204,not_found_or_deregistered,"ASM SPÓŁKA Z OGRANICZONĄ ODPOWIEDZIALNOŚCIĄ, SPÓŁKA KOMANDYTOWA",16.10.Z:main
0000460911,204,not_found_or_deregistered,TARTAK BUDAN SPÓŁKA Z OGRANICZONĄ ODPOWIEDZIALNOŚCIĄ,16.10.Z:main
0000460997,204,not_found_or_deregistered,AWBUD SPÓŁKA Z OGRANICZONĄ ODPOWIEDZIALNOŚCIĄ SPÓŁKA KOMANDYTOWA,16.10.Z:main
0000461032,204,not_found_or_deregistered,MARAM COMPLEX SPÓŁKA Z OGRANICZONĄ ODPOWIEDZIALNOŚCIĄ,16.10.Z:main
0000461419,204,not_found_or_deregistered,AGRO NATURA PARTNER SPÓŁKA Z OGRANICZONĄ ODPOWIEDZIALNOŚCIĄ,16.10.Z:main
0000461832,204,not_found_or_deregistered,KROBEL SPÓŁKA Z OGRANICZONĄ ODPOWIEDZIALNOŚCIĄ SPÓŁKA KOMANDYTOWA,16.10.Z:main
0000461940,204,not_found_or_deregistered,INTERNEX SPÓŁKA Z OGRANICZONĄ ODPOWIEDZIALNOŚCIĄ,16.10.Z:main
0000462711,204,not_found_or_deregistered,SILSENSE TECHNOLOGIES SPÓŁKA Z OGRANICZONĄ ODPOWIEDZIALNOŚCIĄ,16.10.Z:main
0000462766,204,not_found_or_deregistered,JOTIER MONOLIT SPÓŁKA Z OGRANICZONĄ ODPOWIEDZIALNOŚCIĄ SPÓŁKA KOMANDYTOWA,16.10.Z:main
0000462832,204,not_found_or_deregistered,AMIGA MRĄGOWO SPÓŁKA Z OGRANICZONĄ ODPOWIEDZIALNOŚCIĄ SPÓŁKA KOMANDYTOWA,16.10.Z:main
0000462839,204,not_found_or_deregistered,ARTIZAN SPÓŁKA Z OGRANICZONĄ ODPOWIEDZIALNOŚCIĄ,16.10.Z:main
0000462852,204,not_found_or_deregistered,MBCM SPÓŁKA AKCYJNA SPÓŁKA KOMANDYTOWO-AKCYJNA,16.10.Z:main
0000462980,204,not_found_or_deregistered,GKG-EUROPE SPÓŁKA Z OGRANICZONĄ ODPOWIEDZIALNOŚCIĄ,16.10.Z:main
0000463057,204,not_found_or_deregistered,K-SPV 30 SPÓŁKA Z OGRANICZONĄ ODPOWIEDZIALNOŚCIĄ,16.10.Z:main
0000463073,204,not_found_or_deregistered,GLOBAL MEBEL SPÓŁKA Z OGRANICZONĄ ODPOWIEDZIALNOŚCIĄ,16.10.Z:main
0000463121,204,not_found_or_deregistered,EKO-FIT SPÓŁKA Z OGRANICZONĄ ODPOWIEDZIALNOŚCIĄ,16.10.Z:main
0000463211,204,not_found_or_deregistered,"""SORDO"" SPÓŁKA Z OGRANICZONĄ ODPOWIEDZIALNOŚCIĄ",16.10.Z:main
0000463256,204,not_found_or_deregistered,LAS SERWIS SPÓŁKA Z OGRANICZONĄ ODPOWIEDZIALNOŚCIĄ,16.10.Z:main
0000463523,204,not_found_or_deregistered,"""NAVIMEX"" SPÓŁKA Z OGRANICZONĄ ODPOWIEDZIALNOŚCIĄ W UPADŁOŚCI",16.10.Z:main
0000463629,204,not_found_or_deregistered,FOREST A SPÓŁKA Z OGRANICZONĄ ODPOWIEDZIALNOŚCIĄ,16.10.Z:main
0000464413,204,not_found_or_deregistered,"""POWIERNIK"" ECO SCALA SPÓŁKA Z OGRANICZONĄ ODPOWIEDZIALNOŚCIĄ, SPÓŁKA KOMANDYTOWA",16.10.Z:main
0000464484,204,not_found_or_deregistered,AR-MA SPÓŁKA Z OGRANICZONĄ ODPOWIEDZIALNOŚCIĄ,16.10.Z:main
0000464851,204,not_found_or_deregistered,SEEYA SPÓŁKA Z OGRANICZONĄ ODPOWIEDZIALNOŚCIĄ,16.10.Z:main
0000465151,204,not_found_or_deregistered,TRUSTVEST SPÓŁKA Z OGRANICZONĄ ODPOWIEDZIALNOŚCIĄ,16.10.Z:main
0000465439,204,not_found_or_deregistered,INVESTMENT CONSTRUCTION SPÓŁKA Z OGRANICZONĄ ODPOWIEDZIALNOŚCIĄ,16.10.Z:main
0000465452,204,not_found_or_deregistered,SKALE SPÓŁKA Z OGRANICZONĄ ODPOWIEDZIALNOŚCIĄ,16.10.Z:main
0000465578,204,not_found_or_deregistered,GRUPA SUROWCE ŚLĄSKIE SPÓŁKA Z OGRANICZONĄ ODPOWIEDZIALNOŚCIĄ SPÓŁKA KOMANDYTOWA,16.10.Z:main
0000465682,204,not_found_or_deregistered,ALFA-TRADE SPÓŁKA Z OGRANICZONĄ ODPOWIEDZIALNOŚCIĄ,16.10.Z:main
0000465862,204,not_found_or_deregistered,NOVIA SPÓŁKA Z OGRANICZONĄ ODPOWIEDZIALNOŚCIĄ,16.10.Z:main
0000465901,204,not_found_or_deregistered,LTK COMPANY 1 SPÓŁKA Z OGRANICZONĄ ODPOWIEDZIALNOŚCIĄ,16.10.Z:main
0000465934,204,not_found_or_deregistered,M-CARLO AUTO SERWIS SPÓŁKA Z OGRANICZONĄ ODPOWIEDZIALNOŚCIĄ,16.10.Z:main
0000466306,204,not_found_or_deregistered,WFH 16 SPÓŁKA Z OGRANICZONĄ ODPOWIEDZIALNOŚCIĄ,16.10.Z:main
0000466447,204,not_found_or_deregistered,IFFB SPÓŁKA Z OGRANICZONĄ ODPOWIEDZIALNOŚCIĄ,16.10.Z:main
0000466498,204,not_found_or_deregistered,"""WÓJTOWICZ"" SPÓŁKA JAWNA",16.10.Z:main
0000466820,204,not_found_or_deregistered,SPÓŁKA Z OGRANICZONĄ ODPOWIEDZIALNOŚCIĄ,16.10.Z:main
0000466834,204,not_found_or_deregistered,BIO - MAX SPÓŁKA Z OGRANICZONĄ ODPOWIEDZIALNOŚCIĄ,16.10.Z:main
0000467032,204,not_found_or_deregistered,TRINITY LIMITED PARTNERSHIPS SPÓŁKA Z OGRANICZONĄ ODPOWIEDZIALNOŚCIĄ (SPV 25) SPÓŁKA KOMANDYTOWO-AKCYJNA,16.10.Z:main
0000467095,204,not_found_or_deregistered,AGGE SPÓŁKA Z OGRANICZONĄ ODPOWIEDZIALNOŚCIĄ,16.10.Z:main
0000467443,204,not_found_or_deregistered,BUDEXTAN DEWELOPER SPÓŁKA Z OGRANICZONĄ ODPOWIEDZIALNOŚCIĄ,16.10.Z:main
0000467883,204,not_found_or_deregistered,EDILDOMUS ITALIA SPÓŁKA Z OGRANICZONĄ ODPOWIEDZIALNOŚCIĄ,16.10.Z:main
0000468069,204,not_found_or_deregistered,SOR-DREW SPÓŁKA Z OGRANICZONĄ ODPOWIEDZIALNOŚCIĄ,16.10.Z:main
0000468479,204,not_found_or_deregistered,EBE POLSKA KUR RYBIŃSKI KOWALSKI SPÓŁKA JAWNA,16.10.Z:main
0000468800,204,not_found_or_deregistered,KLEBEK POLSKA SPÓŁKA Z OGRANICZONĄ ODPOWIEDZIALNOŚCIĄ,16.10.Z:main
0000468952,204,not_found_or_deregistered,ELTEL NETWORKS INFRANET SERVICES SPÓŁKA AKCYJNA,16.10.Z:main
0000469050,204,not_found_or_deregistered,MAXBUD-EKOBUDOWNICTWO SPÓŁKA Z OGRANICZONĄ ODPOWIEDZIALNOŚCIĄ,16.10.Z:main
0000469544,204,not_found_or_deregistered,DEVELOPMENT TRADING COMPANY SPÓŁKA Z OGRANICZONĄ ODPOWIEDZIALNOŚCIĄ SPÓŁKA KOMANDYTOWA,16.10.Z:main
0000470138,204,not_found_or_deregistered,ENBIO ECO SPÓŁKA Z OGRANICZONĄ ODPOWIEDZIALNOŚCIĄ,16.10.Z:main
0000470251,204,not_found_or_deregistered,"""WSPARCIE SYSTEMÓW ENERGETYCZNYCH ENERGOMA"" SPÓŁKA Z OGRANICZICZONĄ ODPOWIEDZIALNOŚCIĄ",16.10.Z:main
0000470322,204,not_found_or_deregistered,"GRUPA PRODUCENCKA ""ZŁOTY INDYK"" SPÓŁKA Z OGRANICZONĄ ODPOWIEDZIALNOŚCIĄ",16.10.Z:main
0000470561,204,not_found_or_deregistered,C.B.C. INFISSI - OKNA SPÓŁKA Z OGRANICZONĄ ODPOWIEDZIALNOŚCIĄ,16.10.Z:main
0000470664,204,not_found_or_deregistered,SAIF INVESTMENT FUND SPÓŁKA Z OGRANICZONĄ ODPOWIEDZIALNOŚCIĄ,16.10.Z:main
0000470918,204,not_found_or_deregistered,"""OREGO SPÓŁDZIELNIA SOCJALNA""",16.10.Z:main
0000470955,204,not_found_or_deregistered,TMS - DTP SPÓŁKA Z OGRANICZONĄ ODPOWIEDZIALNOŚCIĄ,16.10.Z:main
0000470991,204,not_found_or_deregistered,INVEST-PIEK SPÓŁKA Z OGRANICZONĄ ODPOWIEDZIALNOŚCIĄ,16.10.Z:main
0000471013,204,not_found_or_deregistered,ZPUE PRO SPÓŁKA Z OGRANICZONĄ ODPOWIEDZIALNOŚCIĄ,16.10.Z:main
0000471057,204,not_found_or_deregistered,ALUMONT SPÓŁKA Z OGRANICZONĄ ODPOWIEDZIALNOŚCIĄ,16.10.Z:main
0000471201,204,not_found_or_deregistered,M3M4 SPÓŁKA Z OGRANICZONĄ ODPOWIEDZIALNOŚCIĄ,16.10.Z:main
0000471217,204,not_found_or_deregistered,CINCO SPÓŁKA Z OGRANICZONĄ ODPOWIEDZIALNOŚCIĄ - XII - SPÓŁKA KOMANDYTOW0 - AKCYJNA,16.10.Z:main
0000471315,204,not_found_or_deregistered,INTERNATIONAL POS SERVICES 2 SPÓŁKA Z OGRANICZONĄ ODPOWIEDZIALNOŚCIĄ,16.10.Z:main
0000471317,204,not_found_or_deregistered,"""AL-YUSEF SPÓŁKA Z OGRANICZONĄ ODPOWIEDZIALNOŚCIĄ""",16.10.Z:main
0000471387,204,not_found_or_deregistered,SOBIESŁAW ZASADA SPÓŁKA AKCYJNA FINANCE & INVEST SPÓŁKA KOMANDYTOWA,16.10.Z:main
0000471936,204,not_found_or_deregistered,SKULICHACHULI SPÓŁKA Z OGRANICZONĄ ODPOWIEDZIALNOŚCIĄ,16.10.Z:main
0000472185,204,not_found_or_deregistered,MEBLE RYŚ-MONTAŻE SPÓŁKA JAWNA,16.10.Z:main
0000472259,204,not_found_or_deregistered,GLENARM SPÓŁKA Z OGRANICZONĄ ODPOWIEDZIALNOŚCIĄ,16.10.Z:main
0000472318,204,not_found_or_deregistered,CINCO SPÓŁKA Z OGRANICZONĄ ODPOWIEDZIALNOŚCIĄ - XI - SPÓŁKA KOMANDYTOWO-AKCYJNA,16.10.Z:main
0000472745,204,not_found_or_deregistered,PROFESJONALNE WIERCENIE SPÓŁKA Z OGRANICZONĄ ODPOWIEDZIALNOŚCIĄ,16.10.Z:main
0000472759,204,not_found_or_deregistered,IDC ECO SPÓŁKA Z OGRANICZONĄ ODPOWIEDZIALNOŚCIĄ,16.10.Z:main
0000472797,204,not_found_or_deregistered,FUNDACJA LASY PRYWATNE,16.10.Z:main
0000472988,204,not_found_or_deregistered,"WIELOBRANŻOWA SPÓŁDZIELNIA SOCJALNA ""PARTNER GROUP""",16.10.Z:main
0000473179,204,not_found_or_deregistered,"""TARGHAL"" SPÓŁKA AKCYJNA",16.10.Z:main
0000473268,204,not_found_or_deregistered,ZEOLITEC SPÓŁKA Z OGRANICZONĄ ODPOWIEDZIALNOŚCIĄ,16.10.Z:main
0000473347,204,not_found_or_deregistered,NEOPIM.PL SPÓŁKA Z OGRANICZONĄ ODPOWIEDZIALNOŚCIĄ,16.10.Z:main
0000473464,204,not_found_or_deregistered,VENATECH SPÓŁKA Z OGRANICZONĄ ODPOWIEDZIALNOŚCIĄ SPÓŁKA KOMANDYTOWA,16.10.Z:main
0000473531,204,not_found_or_deregistered,M3M3 SPÓŁKA Z OGRANICZONĄ ODPOWIEDZIALNOŚCIĄ,16.10.Z:main
0000473848,204,not_found_or_deregistered,"""STOWARZYSZENIE AGENCJI ZATRUDNIENIA"" SPÓŁKA KOMANDYTOWO-AKCYJNA",16.10.Z:main
0000473893,204,not_found_or_deregistered,"""NARCISSUS"" SPÓŁKA Z OGRANICZONĄ ODPOWIEDZIALNOŚCIĄ",16.10.Z:main
0000474278,204,not_found_or_deregistered,JIM-WORK SPÓŁKA Z OGRANICZONĄ ODPOWIEDZIALNOŚCIĄ,16.10.Z:main
0000474315,204,not_found_or_deregistered,MURAPOL WOLA SPÓŁKA Z OGRANICZONĄ ODPOWIEDZIALNOŚCIĄ,16.10.Z:main
0000474332,204,not_found_or_deregistered,NS INVEST SPÓŁKA Z OGRANICZONĄ ODPOWIEDZIALNOŚCIĄ,16.10.Z:main
0000474454,204,not_found_or_deregistered,WĘGLOTECH SPÓŁKA Z OGRANICZONĄ ODPOWIEDZIALNOŚCIĄ,16.10.Z:main
0000474496,204,not_found_or_deregistered,MET-SPOS BIS SPÓŁKA Z OGRANICZONĄ ODPOWIEDZIALNOŚCIĄ,16.10.Z:main
0000474531,204,not_found_or_deregistered,NS BUSINESS SPÓŁKA Z OGRANICZONĄ ODPOWIEDZIALNOŚCIĄ,16.10.Z:main
0000474712,204,not_found_or_deregistered,CONTRAIN EUROPE SPÓŁKA Z OGRANICZONĄ ODPOWIEDZIALNOŚCIĄ,16.10.Z:main
0000474724,204,not_found_or_deregistered,L.C.D. SPÓŁKA Z OGRANICZONĄ ODPOWIEDZIALNOŚCIĄ,16.10.Z:main
0000474785,204,not_found_or_deregistered,BLACK PEARL SPÓŁKA Z OGRANICZONĄ ODPOWIEDZIALNOŚCIĄ,16.10.Z:main
0000474881,204,not_found_or_deregistered,MAXI-SPED SPÓŁKA Z OGRANICZONĄ ODPOWIEDZIALNOŚCIĄ,16.10.Z:main
0000475137,204,not_found_or_deregistered,"""ALTANATURA"" SPÓŁKA Z OGRANICZONĄ ODPOWIEDZIALNOŚCIĄ",16.10.Z:main
0000475192,204,not_found_or_deregistered,REMARK SPÓŁKA Z OGRANICZONĄ ODPOWIEDZIALNOŚCIĄ,16.10.Z:main
0000475260,204,not_found_or_deregistered,GÓRNICZY KLUB SPORTOWY KRUPIŃSKI SPÓŁKA Z OGRANICZONĄ ODPOWIEDZIALNOŚCIĄ,16.10.Z:main
0000475355,204,not_found_or_deregistered,5K SPÓŁKA Z OGRANICZONĄ ODPOWIEDZIALNOŚCIĄ,16.10.Z:main
0000475485,204,not_found_or_deregistered,"RP CONSTRUCTION & DESIGN PIOTR KWIECIEŃ, RAFAŁ NURKIEWICZ SPÓŁKA JAWNA",16.10.Z:main
0000475542,204,not_found_or_deregistered,STARED SPÓŁKA Z OGRANICZONĄ ODPOWIEDZIALNOŚCIĄ,16.10.Z:main
0000475582,204,not_found_or_deregistered,HORTRANS SPÓŁKA Z OGRANICZONĄ ODPOWIEDZIALNOŚCIĄ,16.10.Z:main
0000475622,204,not_found_or_deregistered,WAKU SPÓŁKA Z OGRANICZONĄ ODPOWIEDZIALNOŚCIĄ,16.10.Z:main
0000475640,204,not_found_or_deregistered,CAMBIARE SPÓŁKA AKCYJNA,16.10.Z:main
0000475656,204,not_found_or_deregistered,ALU - B I S SPÓŁKA Z OGRANICZONĄ ODPOWIEDZIALNOŚCIĄ,16.10.Z:main
0000475665,204,not_found_or_deregistered,ITP SOLAR SPÓŁKA Z OGRANICZONĄ ODPOWIEDZIALNOŚCIĄ,16.10.Z:main
0000475898,204,not_found_or_deregistered,THE SOLARCOMPANY SPÓŁKA Z OGRANICZONĄ ODPOWIEDZIALNOŚCIĄ SPÓŁKA KOMANDYTOWA,16.10.Z:main
0000476402,204,not_found_or_deregistered,"PRZEDSIĘBIORSTWO HANDLOWO - USŁUGOWE ""RENOTOS"" SPÓŁKA Z OGRANICZONĄ ODPOWIEDZIALNOŚCIĄ",16.10.Z:main
0000476610,204,not_found_or_deregistered,ABM3C SPÓŁKA Z OGRANICZONĄ ODPOWIEDZIALNOŚCIĄ,16.10.Z:main
0000476938,204,not_found_or_deregistered,MARAM COMPLEX SPÓŁKA Z OGRANICZONĄ ODPOWIEDZIALNOŚCIĄ SPÓŁKA KOMANDYTOWA,16.10.Z:main
0000477033,204,not_found_or_deregistered,"""LONKE"" KRZYSZTOF PERSZKE SPÓŁKA Z OGRANICZONĄ ODPOWIEDZIALNOŚCIĄ",16.10.Z:main
0000477124,204,not_found_or_deregistered,"""ATRIUM VERDE"" SPÓŁKA Z OGRANICZONĄ ODPOWIEDZIALNOŚCIĄ",16.10.Z:main
0000477710,204,not_found_or_deregistered,NETLAB DEVELOMENT SPÓŁKA Z OGRANICZONĄ ODPOWIEDZIALNOŚCIĄ,16.10.Z:main
0000478052,204,not_found_or_deregistered,UPSWING SPÓŁKA Z OGRANICZONĄ ODPOWIEDZIALNOŚCIĄ,16.10.Z:main
0000478228,204,not_found_or_deregistered,HEBE SPÓŁKA Z OGRANICZONĄ ODPOWIEDZIALNOŚCIĄ,16.10.Z:main
0000478924,204,not_found_or_deregistered,M9M SPÓŁKA Z OGRANICZONĄ ODPOWIEDZIALNOŚCIĄ,16.10.Z:main
0000478995,204,not_found_or_deregistered,ITP FOTOWOLTAIKA SPÓŁKA Z OGRANICZONĄ ODPOWIEDZIALNOŚCIĄ,16.10.Z:main
0000479094,204,not_found_or_deregistered,INKUBATOR PROGRESS,16.10.Z:main
0000479097,204,not_found_or_deregistered,"""SPÓŁDZIELNIA SOCJALNA FOREST SERVICES""",16.10.Z:main
0000479370,204,not_found_or_deregistered,NOTICO SPÓŁKA Z OGRANICZONĄ ODPOWIEDZIALNOŚCIĄ SPÓŁKA KOMANDYTOWO- AKCYJNA,16.10.Z:main
0000479460,204,not_found_or_deregistered,MD ENERGIA SPÓŁKA Z OGRANICZONĄ ODPOWIEDZIALNOŚCIĄ,16.10.Z:main
0000479512,204,not_found_or_deregistered,SEIF EXPORT - IMPORT SPÓŁKA Z OGRANICZONA ODPOWIEDZIALNOŚCIĄ,16.10.Z:main
0000479534,204,not_found_or_deregistered,M3M6 SPÓŁKA Z OGRANICZONĄ ODPOWIEDZIALNOŚCIĄ,16.10.Z:main
0000479555,204,not_found_or_deregistered,BOTTEGA DEL DISEGNO SPÓŁKA Z OGRANICZONĄ ODPOWIEDZIALNOŚCIĄ SPÓŁKA KOMANDYTOWO-AKCYJNA,16.10.Z:main
0000479696,204,not_found_or_deregistered,DESKOW POLAND SPÓŁKA Z OGRANICZONĄ ODPOWIEDZIALNOŚCIĄ,16.10.Z:main
0000480162,204,not_found_or_deregistered,MURAPOL PROJEKT SPÓŁKA Z OGRANICZONĄ ODPOWIEDZIALNOŚCIĄ 1 SPÓŁKA KOMANDYTOWO-AKCYJNA,16.10.Z:main
0000480211,204,not_found_or_deregistered,MURAPOL PROJEKT SPÓŁKA Z OGRANICZONĄ ODPOWIEDZIALNOŚCIĄ DEWELOPER SPÓŁKA KOMANDYTOWO-AKCYJNA,16.10.Z:main
0000480241,204,not_found_or_deregistered,MAR I MAR JAKUBOWSKI STEFANIAK SPÓŁKA JAWNA,16.10.Z:main
0000480264,204,not_found_or_deregistered,ENERCORE SPÓŁKA Z OGRANICZONĄ ODPOWIEDZIALNOŚCIĄ SPÓŁKA KOMANDYTOWA,16.10.Z:main
0000480270,204,not_found_or_deregistered,FUNDACJA BUSINESS SPOT,16.10.Z:main
0000480320,204,not_found_or_deregistered,MURAPOL PROJEKT SPÓŁKA Z OGRANICZONĄ ODPOWIEDZIALNOŚCIĄ 2 SPÓŁKA KOMANDYTOWO-AKCYJNA,16.10.Z:main
0000480366,204,not_found_or_deregistered,DREWNEX SPÓŁKA Z OGRANICZONĄ ODPOWIEDZIALNOŚCIĄ SPÓŁKA KOMANDYTOWA,16.10.Z:main
0000480426,204,not_found_or_deregistered,EKRANYPL SPÓŁKA Z OGRANICZONĄ ODPOWIEDZILNOŚCIĄ,16.10.Z:main
0000480434,204,not_found_or_deregistered,FREE ENERGY ZG SPÓŁKA Z OGRANICZONĄ ODPOWIEDZIALNOŚCIĄ III SPÓŁKA KOMANDYTOWO-AKCYJNA,16.10.Z:main
0000480477,204,not_found_or_deregistered,MW-PROFIT SPÓŁKA Z OGRANICZONĄ ODPOWIEDZIALNOŚCIĄ SPÓŁKA KOMANDYTOWA,16.10.Z:main
0000480485,204,not_found_or_deregistered,FREWO - SPÓŁKA Z OGRANICZONĄ ODPOWIEDZIALNOŚCIĄ,16.10.Z:main
0000480538,204,not_found_or_deregistered,KARPATY TRANS SPÓŁKA Z OGRANICZONĄ ODPOWIEDZIALNOŚCIĄ,16.10.Z:main
0000480712,204,not_found_or_deregistered,MAXIMUS TRADING SPÓŁKA Z OGRANICZONĄ ODPOWIEDZIALNOŚCIĄ,16.10.Z:main
0000480845,204,not_found_or_deregistered,A.P.K. HUMAN PERSONAL LOGISTICS LTD SPÓŁKA KOMANDYTOWO-AKCYJNA,16.10.Z:main
0000480980,204,not_found_or_deregistered,AGENCJA PARTNER GROUP SPÓŁKA Z OGRANICZONĄ ODPOWIEDZIALNOŚCIĄ,16.10.Z:main
0000480991,204,not_found_or_deregistered,KIOSKKREDYTOWY.PL SPÓŁKA Z OGRANICZONĄ ODPOWIEDZIALNOŚCIĄ,16.10.Z:main
0000481054,204,not_found_or_deregistered,MURAPOL PROJEKT SPÓŁKA Z OGRANICZONĄ ODPOWIEDZIALNOŚCIĄ 2014 SPÓŁKA KOMANDYTOWO-AKCYJNA,16.10.Z:main
0000481326,204,not_found_or_deregistered,VOLF INWESTYCJE SPÓŁKA Z OGRANICZONĄ ODPOWIEDZIALNOŚCIĄ,16.10.Z:main
0000481342,204,not_found_or_deregistered,ANWERSA SPÓŁKA Z OGRANICZONĄ ODPOWIEDZIALNOŚCIĄ,16.10.Z:main
0000481347,204,not_found_or_deregistered,JAROMA SPÓŁKA Z OGRANICZONĄ ODPOWIEDZIALNOŚCIĄ,16.10.Z:main
0000481349,204,not_found_or_deregistered,MATIPO SPÓŁKA Z OGRANICZONĄ ODPOWIEDZIALNOŚCIĄ,16.10.Z:main
0000481404,204,not_found_or_deregistered,WFH 21 SPÓŁKA Z OGRANICZONĄ ODPOWIEDZIALNOŚCIĄ,16.10.Z:main
0000481424,204,not_found_or_deregistered,FREE ENERGY ZG SPÓŁKA Z OGRANICZONĄ ODPOWIEDZIALNOŚCIĄ II SPÓŁKA KOMANDYTOWO-AKCYJNA,16.10.Z:main
0000481467,204,not_found_or_deregistered,DIPOL SPÓŁKA Z OGRANICZONĄ ODPOWIEDZIALNOŚCIĄ CZERWIEŃSKIEGO SPÓŁKA KOMANDYTOWO AKCYJNA,16.10.Z:main
0000481644,204,not_found_or_deregistered,FORUM GOSPODARCZE REGIONU SIERADZKIEGO SPÓŁKA Z OGRANICZONĄ ODPOWIEDZIALNOŚCIĄ,16.10.Z:main
0000482201,204,not_found_or_deregistered,UKRODREW SPÓŁKA Z OGRANICZONĄ ODPOWIEDZIALNOŚCIĄ,16.10.Z:main
0000482387,204,not_found_or_deregistered,"""SPEC SYSTEM"" SPÓŁKA Z OGRANICZONĄ ODPOWIEDZIALNOŚCIĄ",16.10.Z:main
0000482762,204,not_found_or_deregistered,JAZ-BUD SPÓŁKA Z OGRANICZONĄ ODPOWIEDZIALNOŚCIĄ SPÓŁKA KOMANDYTOWA,16.10.Z:main
0000482974,204,not_found_or_deregistered,STOLWIT MEBLE SPÓŁKA Z OGRANICZONĄ ODPOWIEDZIALNOŚCIĄ,16.10.Z:main
0000483298,204,not_found_or_deregistered,REDICO SPÓŁKA Z OGRANICZONĄ ODPOWIEDZIALNOŚCIĄ,16.10.Z:main
0000483428,204,not_found_or_deregistered,DREWMASTER SPÓŁKA Z OGRANICZONĄ ODPOWIEDZIALNOŚCIĄ,16.10.Z:main
0000483833,204,not_found_or_deregistered,AGRO-EKO-LAS SPÓŁKA Z OGRANICZONĄ ODPOWIEDZIALNOŚCIĄ,16.10.Z:main
0000483856,204,not_found_or_deregistered,DREWMEX SPÓŁKA Z OGRANICZONĄ ODPOWIEDZIALNOŚCIĄ,16.10.Z:main
0000483961,204,not_found_or_deregistered,"""REDMIND SPÓŁKA Z OGRANICZONĄ ODPOWIEDZIALNOŚCIĄ"" SPÓŁKA KOMANDYTOWA",16.10.Z:main
0000484012,204,not_found_or_deregistered,"SPÓŁDZIELNIA SOCJALNA ""PISZCZATKA""",16.10.Z:main
0000484126,204,not_found_or_deregistered,RICHHILL SPÓŁKA Z OGRANICZONĄ ODPOWIEDZIALNOŚCIĄ,16.10.Z:main
0000484164,204,not_found_or_deregistered,GALERIA ANTONIUK SPÓŁKA Z OGRANICZONĄ ODPOWIEDZIALNOŚCIĄ SPÓŁKA KOMANDYTOWO-AKCYJNA,16.10.Z:main
0000484351,204,not_found_or_deregistered,DRÓB POLSKI SPÓŁKA Z OGRANICZONĄ ODPOWIEDZIALNOŚCIĄ,16.10.Z:main
0000484523,204,not_found_or_deregistered,VARSOVIA & PARTNERS SPÓŁKA Z OGRANICZONĄ ODPOWIEDZIALNOŚCIĄ,16.10.Z:main
0000484557,204,not_found_or_deregistered,DAVIRO INTERNATIONAL POLAND SPÓŁKA Z OGRANICZONĄ ODPOWIEDZIALNOŚCIĄ,16.10.Z:main
0000484993,204,not_found_or_deregistered,JAZ-BUD II SPÓŁKA Z OGRANICZONĄ ODPOWIEDZIALNOŚCIĄ,16.10.Z:main
0000484996,204,not_found_or_deregistered,JAZ-BUD I SPÓŁKA Z OGRANICZONĄ ODPOWIEDZIALNOŚCIĄ,16.10.Z:main
0000485152,204,not_found_or_deregistered,PREMIUM PIJANOWSKI SPÓŁKA Z OGRANICZONĄ ODPOWIEDZIALNOŚCIĄ,16.10.Z:main
0000485173,204,not_found_or_deregistered,JAZ-BUD SPÓŁKA Z OGRANICZONĄ ODPOWIEDZIALNOŚCIĄ,16.10.Z:main
0000485204,204,not_found_or_deregistered,FLOTTER SPÓŁKA Z OGRANICZONĄ ODPOWIEDZIALNOŚCIĄ,16.10.Z:main
0000485312,204,not_found_or_deregistered,ER-WEISS SPÓŁKA Z OGRANICZONĄ ODPOWIEDZIALNOŚCIĄ,16.10.Z:main
0000485441,204,not_found_or_deregistered,"""SPÓŁDZIELNIA SOCJALNA BUDREST""",16.10.Z:main
0000485542,204,not_found_or_deregistered,BULESPOL SPÓŁKA Z OGRANICZONĄ ODPOWIEDZIALNOŚCIĄ SPÓŁKA KOMANDYTOWO-AKCYJNA,16.10.Z:main
0000485650,204,not_found_or_deregistered,NAVIS SPÓŁKA Z OGRANICZONĄ ODPOWIEDZIALNOŚCIĄ,16.10.Z:main
0000485666,204,not_found_or_deregistered,MURAPOL INVEST SPÓŁKA Z OGRANICZONĄ ODPOWIEDZIALNOŚCIĄ GDA II SPÓŁKA KOMANDYTOWO-AKCYJNA,16.10.Z:main
0000485860,204,not_found_or_deregistered,GGI 1 SERGIUSZ GOŁĘBIEWSKI SPÓŁKA KOMANDYTOWO-AKCYJNA,16.10.Z:main
0000486078,204,not_found_or_deregistered,PABION SPÓŁKA Z OGRANICZONĄ ODPOWIEDZIALNOŚCIĄ,16.10.Z:main
0000486177,204,not_found_or_deregistered,KARTEN SPÓŁKA Z OGRANICZONĄ ODPOWIEDZIALNOŚCIĄ,16.10.Z:main
0000486606,204,not_found_or_deregistered,REKRO SPÓŁKA Z OGRANICZONĄ ODPOWIEDZIALNOŚCIĄ,16.10.Z:main
0000486756,204,not_found_or_deregistered,ARA SYSTEM SPÓŁKA Z OGRANICZONĄ ODPOWIEDZIALNOŚCIĄ,16.10.Z:main
0000487522,204,not_found_or_deregistered,DREWNO VOX ACTIVE SPÓŁKA Z OGRANICZONĄ ODPOWIEDZIALNOŚCIĄ SPÓŁKA JAWNA,16.10.Z:main
0000487909,204,not_found_or_deregistered,EVOPACK SPÓŁKA Z OGRANICZONĄ ODPOWIEDZIALNOŚCIĄ,16.10.Z:main
0000488139,204,not_found_or_deregistered,RAF-POL SPÓŁKA Z OGRANICZONĄ ODPOWIEDZIALNOŚCIĄ,16.10.Z:main
0000488195,204,not_found_or_deregistered,MURAPOL WOLA SPÓŁKA Z OGRANICZONĄ ODPOWIEDZIALNOŚCIA SPÓŁKA KOMANDYTOWO-AKCYJNA,16.10.Z:main
0000488415,204,not_found_or_deregistered,WFH MBMK SPÓŁKA Z OGRANICZONĄ ODPOWIEDZIALNOŚCIĄ SPÓŁKA KOMANDYTOWO-AKCYJNA,16.10.Z:main
0000488428,204,not_found_or_deregistered,LWT SPÓŁKA Z OGRANICZONĄ ODPOWIEDZIALNOŚCIĄ SPÓŁKA KOMANDYTOWO-AKCYJNA,16.10.Z:main
0000488598,204,not_found_or_deregistered,SPÓŁDZIELNIA SOCJALNA DRAKKAR,16.10.Z:main
0000488743,204,not_found_or_deregistered,GALERIA RÓŻANA SPÓŁKA Z OGRANICZONĄ ODPOWIEDZIALNOŚCIĄ WIELKOPOLSKA SPÓŁKA KOMANDYTOWO-AKCYJNA,16.10.Z:main
0000488981,204,not_found_or_deregistered,SPÓŁDZIELNIA SOCJALNA PASJA,16.10.Z:main
0000489237,204,not_found_or_deregistered,WECHTA STEEL TRADING SPÓŁKA Z OGRANICZONĄ ODPOWIEDZIALNOŚCIĄ SPÓŁKA JAWNA,16.10.Z:main
0000489306,204,not_found_or_deregistered,STREFA AKTYWNOŚCI PRZEMYSŁOWEJ SPÓŁKA Z OGRANICZONĄ ODPOWIEDZIALNOŚCIĄ,16.10.Z:main
0000489335,204,not_found_or_deregistered,KACZMAREK MALEWO SPÓŁKA JAWNA (DAWNIEJ KA-CZMAREK SPÓŁKA Z OGRANICZONĄ ODPOWIEDZIALNOŚCIĄ SPÓŁKA KOMANDYTOWO-AKCYJNA),16.10.Z:main
0000489650,204,not_found_or_deregistered,DXRACER SPÓŁKA Z OGRANICZONĄ ODPOWIEDZIALNOŚCIĄ,16.10.Z:main
0000490004,204,not_found_or_deregistered,AK LOGISTICS SPÓŁKA Z OGRANICZONĄ ODPOWIEDZIALNOŚCIĄ,16.10.Z:main
0000490026,204,not_found_or_deregistered,ROPAL SPÓŁKA Z OGRANICZONĄ ODPOWIEDZIALNOŚCIĄ,16.10.Z:main
0000490090,204,not_found_or_deregistered,"SPÓŁDZIELNIA SOCJALNA ""BIOVITAMED""",16.10.Z:main
0000490316,204,not_found_or_deregistered,AK GREEN ENERGY SPÓŁKA Z OGRANICZONĄ ODPOWIEDZIALNOŚCIĄ,16.10.Z:main
0000490817,204,not_found_or_deregistered,WFH 22 SPÓŁKA Z OGRANICZONĄ ODPOWIEDZIALNOŚCIĄ,16.10.Z:main
0000490823,204,not_found_or_deregistered,WFH 23 SPÓŁKA Z OGRANICZONĄ ODPOWIEDZIALNOŚCIĄ,16.10.Z:main
0000490827,204,not_found_or_deregistered,WFH 24 SPÓŁKA Z OGRANICZONĄ ODPOWIEDZIALNOŚCIĄ,16.10.Z:main
0000491044,204,not_found_or_deregistered,SEIS-PRO SPÓŁKA Z OGRANICZONĄ ODPOWIEDZIALNOŚCIĄ,16.10.Z:main
0000491179,204,not_found_or_deregistered,LSW FIFTEEN SPÓŁKA Z OGRANICZONĄ ODPOWIEDZIALNOŚCIĄ I WSPÓLNICY SPÓŁKA JAWNA,16.10.Z:main
0000491531,204,not_found_or_deregistered,STOLWIT MEBLE SPÓŁKA Z OGRANICZONĄ ODPOWIEDZIALNOŚCIĄ SPÓŁKA KOMANDYTOWA,16.10.Z:main
0000491832,204,not_found_or_deregistered,PR2 SPÓŁKA Z OGRANICZONĄ ODPOWIEDZIALNOŚCIĄ,16.10.Z:main
0000491841,204,not_found_or_deregistered,FATIGANT SPÓŁKA Z OGRANICZONĄ ODPOWIEDZIALNOŚCIĄ,16.10.Z:main
0000491932,204,not_found_or_deregistered,KOM-STAL SPÓŁKA AKCYJNA,16.10.Z:main
0000492040,204,not_found_or_deregistered,"""ARTCEM TĘPIŃSKI I WSPÓLNICY"" SPÓŁKA JAWNA",16.10.Z:main
0000492226,204,not_found_or_deregistered,PRZEDSIĘBIORSTWO ROBÓT DROGOWYCH BYDGOSZCZ SPÓŁKA Z OGRANICZONĄ ODPOWIEDZIALNOŚCIĄ,16.10.Z:main
0000492457,204,not_found_or_deregistered,PARTNER MM SPÓŁKA Z OGRANICZONĄ ODPOWIEDZIALNOŚCIĄ,16.10.Z:main
0000492613,204,not_found_or_deregistered,"""PARKIETY ŚWIDERGAŁ"" ADAM I JAROSŁAW ŚWIDERGAŁ SPÓŁKA JAWNA",16.10.Z:main
0000492619,204,not_found_or_deregistered,GRAND EUROPE CONSTRUCTION SPÓŁKA Z OGRANICZONĄ ODPOWIEDZIALNOŚCIĄ,16.10.Z:main
0000492720,204,not_found_or_deregistered,DERVOCK SPÓŁKA Z OGRANICZONĄ ODPOWIEDZIALNOŚCIĄ,16.10.Z:main
0000492950,204,not_found_or_deregistered,P&B TELECOM SPÓŁKA Z OGRANICZONĄ ODPOWIEDZIALNOŚCIĄ,16.10.Z:main
0000492966,204,not_found_or_deregistered,IN MODERN SPÓŁKA Z OGRANICZONĄ ODPOWIEDZIALNOŚCIĄ,16.10.Z:main
0000493027,204,not_found_or_deregistered,"""ADRAN"" SPÓŁKA Z OGRANICZONĄ ODPOWIEDZIALNOŚCIĄ",16.10.Z:main
0000493346,204,not_found_or_deregistered,JAKSA SPÓŁKA Z OGRANICZONĄ ODPOWIEDZIALNOŚCIĄ,16.10.Z:main
0000493357,204,not_found_or_deregistered,BUSINESS KALIUM SPÓŁKA Z OGRANICZONĄ ODPOWIEDZIALNOŚCIĄ,16.10.Z:main
0000493758,204,not_found_or_deregistered,KOHLZONE SPÓŁKA Z OGRANICZONĄ ODPOWIEDZIALNOŚCIĄ,16.10.Z:main
0000493919,204,not_found_or_deregistered,J&M TRANSDREW SPÓŁKA Z OGRANICZONĄ ODPOWIEDZIALNOŚCIĄ SPÓŁKA KOMANDYTOWA,16.10.Z:main
0000494030,204,not_found_or_deregistered,"""MEBLE CEGLEWSKI"" SPÓŁKA Z OGRANICZONĄ ODPOWIEDZIALNOŚCIĄ SPÓŁKA KOMANDYTOWA",16.10.Z:main
0000494050,204,not_found_or_deregistered,"TRÓJMIEJSKA SPÓŁDZIELNIA SOCJALNA ""ARKA""",16.10.Z:main
0000494115,204,not_found_or_deregistered,MG GROUP SPÓŁKA Z OGRANICZONĄ ODPOWIEDZIALNOŚCIĄ,16.10.Z:main
0000494184,204,not_found_or_deregistered,OILINK SPÓŁKA Z OGRANICZONĄ ODPOWIEDZIALNOŚCIĄ,16.10.Z:main
0000494383,204,not_found_or_deregistered,ANDA EXPO SPÓŁKA Z OGRANICZONĄ ODPOWIEDZIALNOŚCIĄ,16.10.Z:main
0000494501,204,not_found_or_deregistered,AK LOGISTICS SPÓŁKA Z OGRANICZONĄ 0DPOWIEDZIALNOŚCIĄ SPÓŁKA KOMANDYTOWA,16.10.Z:main
0000494548,204,not_found_or_deregistered,SZUFRAJDA FR BUS SPÓŁKA JAWNA,16.10.Z:main
0000494717,204,not_found_or_deregistered,"""SYSTEM CAPITAL GROUP"" SPÓŁKA Z OGRANICZONĄ ODPOWIEDZIALNOŚCIĄ",16.10.Z:main
0000494744,204,not_found_or_deregistered,IN GREEN. OGRODY Z KLASĄ! SPÓŁKA Z OGRANICZONĄ ODPOWIEDZIALNOŚCIĄ,16.10.Z:main
0000494767,204,not_found_or_deregistered,"""MAW LOGISTICS"" SPÓŁKA Z OGRANICZONĄ ODPOWIEDZIALNOŚCIĄ",16.10.Z:main
0000494880,204,not_found_or_deregistered,COREM ENERGIA BIS SPÓŁKA Z OGRANICZONĄ ODPOWIEDZIALNOŚCIĄ,16.10.Z:main
0000495019,204,not_found_or_deregistered,JMCLICK SPÓŁKA Z OGRANICZONĄ ODPOWIEDZIALNOŚCIĄ,16.10.Z:main
0000495105,204,not_found_or_deregistered,SP CONCEPT SPÓŁKA Z OGRANICZONĄ ODPOWIEDZIALNOŚCIĄ,16.10.Z:main
0000495487,204,not_found_or_deregistered,SPÓŁDZIELNIA SOCJALNA PASJA,16.10.Z:main
0000495583,204,not_found_or_deregistered,REMAŁ SPÓŁKA Z OGRANICZONĄ ODPOWIEDZIALNOŚCIĄ,16.10.Z:main
0000495683,204,not_found_or_deregistered,SPÓŁKI24 SPÓŁKA Z OGRANICZONĄ ODPOWIEDZIALNOŚCIĄ,16.10.Z:main
0000495717,204,not_found_or_deregistered,"""WĘGLO SMYK"" SPÓŁKA Z OGRANICZONĄ ODPOWIEDZIALNOŚCIĄ SPÓŁKA KOMANDYTOWA",16.10.Z:main
0000496252,204,not_found_or_deregistered,"SPÓŁDZIELNIA SOCJALNA ""LAS I OGRÓD""",16.10.Z:main
0000497229,204,not_found_or_deregistered,M12M SPÓŁKA Z OGRANICZONĄ ODPOWIEDZIALNOŚCIĄ,16.10.Z:main
0000497273,204,not_found_or_deregistered,STOWARZYSZENIE VERTEVITA,16.10.Z:main
0000497880,204,not_found_or_deregistered,PRO-GARDEN SPÓŁKA Z OGRANICZONĄ ODPOWIEDZIALNOŚCIĄ,16.10.Z:main
0000498110,204,not_found_or_deregistered,SPÓŁDZIELNIA SOCJALNA QRTYNA PROJECT,16.10.Z:main
0000498166,204,not_found_or_deregistered,MEDERIAN SPÓŁKA Z OGRANICZONĄ ODPOWIEDZIALNOŚCIĄ,16.10.Z:main
0000498170,204,not_found_or_deregistered,IDEAL OUTSOURCING SPÓŁKA Z OGRANICZONĄ ODPOWIEDZIALNOŚCIĄ,16.10.Z:main
0000498346,204,not_found_or_deregistered,SOLARCONCEPT SPÓŁKA Z OGRANICZONĄ ODPOWIEDZIALNOŚCIĄ SPÓŁKA KOMANDYTOWA,16.10.Z:main
0000498417,204,not_found_or_deregistered,TARTAK KOŁODNO SIENKIEWICZ SPÓŁKA JAWNA,16.10.Z:main
0000498856,204,not_found_or_deregistered,EURO TRADE & SALE SPÓŁKA Z OGRANICZONĄ ODPOWIEDZIALNOŚCIĄ,16.10.Z:main
0000499064,204,not_found_or_deregistered,PBUR MURBET INWESTYCJE SPÓŁKA Z OGRANICZONĄ ODPOWIEDZIALNOŚCIĄ,16.10.Z:main
0000499553,204,not_found_or_deregistered,MAC-TRAK SPÓŁKA Z OGRANICZONĄ ODPOWIEDZIALNOŚCIĄ,16.10.Z:main
0000499748,204,not_found_or_deregistered,TREBORD SPÓŁKA JAWNA,16.10.Z:main
0000499808,204,not_found_or_deregistered,GRUPA LUKA SPÓŁKA Z OGRANICZONĄ ODPOWIEDZIALNOŚCIĄ,16.10.Z:main
0000499921,204,not_found_or_deregistered,TSUNAMI CAPITAL SPÓŁKA Z OGRANICZONĄ ODPOWIEDZIALNOŚCIĄ,16.10.Z:main
0000499926,204,not_found_or_deregistered,PRZEDSIĘBIORSTWO PRODUKCYJNO-HANDLOWO-USŁUGOWE JAKOBS JAKUB JURGA SPÓŁKA Z OGRANICZONĄ ODPOWIEDZIALNOŚCIĄ,16.10.Z:main
0000499944,204,not_found_or_deregistered,"CENTRUM PRODUKCJI I LOGISTYKI OPAKOWAŃ ""ECO-PAL"" MAREK JANOWSKI SPÓŁKA JAWNA",16.10.Z:main
0000499976,204,not_found_or_deregistered,"SPÓŁDZIELNIA PRACY ""STOL-TAR"" W LIKWIDACJI Z SIEDZIBĄ W BARCHLINIE",16.10.Z:main
0000500016,204,not_found_or_deregistered,MOKO SPÓŁKA Z OGRANICZONĄ ODPOWIEDZIALNOŚCIĄ,16.10.Z:main
0000500282,204,not_found_or_deregistered,RESVA SPÓŁKA Z OGRANICZONĄ ODPOWIEDZIALNOŚCIĄ,16.10.Z:main
0000500715,204,not_found_or_deregistered,STEKLA SPÓŁKA JAWNA,16.10.Z:main
0000500819,204,not_found_or_deregistered,ADEPT 4 SPÓŁKA Z OGRANICZONĄ ODPOWIEDZIALNOŚCIĄ,16.10.Z:main
0000500887,204,not_found_or_deregistered,BCW 27 SPÓŁKA Z OGRANICZONĄ ODPOWIEDZIALNOŚCIĄ,16.10.Z:main
0000501005,204,not_found_or_deregistered,LUXURIA SPÓŁKA Z OGRANICZONĄ ODPOWIEDZIALNOŚCIĄ,16.10.Z:main
0000501031,204,not_found_or_deregistered,MEDERIAN SPÓŁKA Z OGRANICZONĄ ODPOWIEDZIALNOŚCIĄ SPÓŁKA KOMANDYTOWA,16.10.Z:main
0000501272,204,not_found_or_deregistered,ZPUE NORD SPÓŁKA Z OGRANICZONĄ ODPOWIEDZIALNOŚCIĄ,16.10.Z:main
0000501377,204,not_found_or_deregistered,"""YAKO SPÓŁKA Z OGRANICZONĄ ODPOWIEDZIALNOŚCIĄ""",16.10.Z:main
0000501753,204,not_found_or_deregistered,KM SPÓŁKA Z OGRANICZONĄ ODPOWIEDZIALNOŚCIĄ,16.10.Z:main
0000502492,204,not_found_or_deregistered,"""MAW LOGISTICS SPÓŁKA Z OGRANICZONĄ ODPOWIEDZIALNOŚCIĄ"" SPÓŁKA KOMANDYTOWA",16.10.Z:main
0000502541,204,not_found_or_deregistered,ENERGY MAX SPÓŁKA Z OGRANICZONĄ ODPOWIEDZIALNOŚCIĄ,16.10.Z:main
0000503571,204,not_found_or_deregistered,FOOD ART GALLERY SPÓŁKA Z OGRANICZONĄ ODPOWIEDZIALNOŚCIĄ SPÓŁKA KOMANDYTOWA,16.10.Z:main
0000503770,204,not_found_or_deregistered,"SPÓŁDZIELNIA SOCJALNA ""DREKOR""",16.10.Z:main
0000504159,204,not_found_or_deregistered,DROMARA DAWID PLEWA SPÓŁKA KOMANDYTOWA,16.10.Z:main
0000504318,204,not_found_or_deregistered,TUBE WELDING TECHNOLOGY SPÓŁKA Z OGRANICZONĄ ODPOWIEDZIALNOŚCIĄ SPÓŁKA KOMANDYTOWA,16.10.Z:main
0000504620,204,not_found_or_deregistered,"""PELBIO"" SPÓŁKA Z OGRANICZONĄ ODPOWIEDZIALNOŚCIĄ",16.10.Z:main
0000504792,204,not_found_or_deregistered,ADANOS SPÓŁKA Z OGRANICZONĄ ODPOWIEDZIALNOŚCIĄ,16.10.Z:main
0000504893,204,not_found_or_deregistered,ALLIS INVESTMENT SPÓŁKA Z OGRANICZONĄ ODPOWIEDZIALNOŚCIĄ,16.10.Z:main
0000505024,204,not_found_or_deregistered,PRZEDSIĘBIORSTWO USŁUGOWO-HANDLOWE LEM-BUD SPÓŁKA Z OGRANICZONĄ ODPOWIEDZIALNOŚCIA OKÓLNA SPÓŁKA KOMANDYTOWA,16.10.Z:main
0000505169,204,not_found_or_deregistered,OSSIDO SPÓŁKA Z OGRANICZONĄ ODPOWIEDZIALNOŚCIĄ,16.10.Z:main
0000505349,204,not_found_or_deregistered,"PPUH ""WIMAT"" SPÓŁKA JAWNA WIESŁAW BUDA, TOMASZ KUDŁACIK",16.10.Z:main
0000505398,204,not_found_or_deregistered,AMP PALLET SERVICE SPÓŁKA Z OGRANICZONĄ ODPOWIEDZIALNOŚCIĄ,16.10.Z:main
0000505630,204,not_found_or_deregistered,PETROKAM SPÓŁKA Z OGRANICZONĄ ODPOWIEDZIALNOŚCIĄ SPÓŁKA KOMANDYTOWA,16.10.Z:main
0000506116,204,not_found_or_deregistered,EUROFIN SPÓŁKA Z OGRANICZONĄ ODPOWIEDZIALNOŚCIĄ,16.10.Z:main
0000506431,204,not_found_or_deregistered,FG DREWNO SPÓŁKA Z OGRANICZONĄ ODPOWIEDZIALNOŚCIĄ,16.10.Z:main
0000506462,204,not_found_or_deregistered,G SHARE 2 SPÓŁKA Z OGRANICZONĄ ODPOWIEDZIALNOŚCIĄ,16.10.Z:main
0000506465,204,not_found_or_deregistered,G SHARE 3 SPÓŁKA Z OGRANICZONĄ ODPOWIEDZIALNOŚCIĄ,16.10.Z:main
0000506692,204,not_found_or_deregistered,SILVA VIRIDIS SPÓŁKA Z OGRANICZONĄ ODPOWIEDZIALNOŚCIĄ,16.10.Z:main
0000506823,204,not_found_or_deregistered,IGOREX SPÓŁKA Z OGRANICZONĄ ODPOWIEDZIALNOŚCIĄ SPÓŁKA KOMANDYTOWA,16.10.Z:main
0000506863,204,not_found_or_deregistered,ARDEE WIERZYTELNOŚCI SPÓŁKA Z OGRANICZONĄ ODPOWIEDZIALNOŚCIĄ,16.10.Z:main
0000506867,204,not_found_or_deregistered,DALVER SPÓŁKA Z OGRANICZONĄ ODPOWIEDZIALNOŚCIĄ,16.10.Z:main
0000506885,204,not_found_or_deregistered,M15M SPÓŁKA Z OGRANICZONĄ ODPOWIEDZIALNOŚCIĄ,16.10.Z:main
0000506898,204,not_found_or_deregistered,"SPÓŁDZIELNIA SOCJALNA ""RAZEM MOŻEMY WIĘCEJ""",16.10.Z:main
0000506933,204,not_found_or_deregistered,M16M SPÓŁKA Z OGRANICZONĄ ODPOWIEDZIALNOŚCIĄ,16.10.Z:main
0000507585,204,not_found_or_deregistered,WIETPOL AEROSPACE SPÓŁKA Z OGRANICZONĄ ODPOWIEDZIALNOŚCIĄ SPÓŁKA KOMANDYTOWA,16.10.Z:main
0000507667,204,not_found_or_deregistered,AMP PALLETTE SERVICE SPÓŁKA Z OGRANICZONĄ ODPOWIEDZIALNOŚCIĄ SPÓŁKA KOMANDYTOWA,16.10.Z:main
0000507749,204,not_found_or_deregistered,TESSA PLUS SPÓŁKA Z OGRANICZONĄ ODPOWIEDZIALNOŚCIĄ SPÓŁKA KOMANDYTOWA,16.10.Z:main
0000508270,204,not_found_or_deregistered,"""ALLFLOORS"" SPÓŁKA Z OGRANICZONĄ ODPOWIEDZIALNOŚCIĄ",16.10.Z:main
0000508310,204,not_found_or_deregistered,FENIKS-POL SPÓŁKA Z OGRANICZONĄ ODPOWIEDZIALNOŚCIĄ,16.10.Z:main
0000509009,204,not_found_or_deregistered,JBJ SPÓŁKA Z OGRANICZONĄ ODPOWIEDZIALNOŚCIĄ,16.10.Z:main
0000509338,204,not_found_or_deregistered,GRUNMAX SPÓŁKA Z OGRANICZONĄ ODPOWIEDZIALNOŚCIĄ,16.10.Z:main
0000509421,204,not_found_or_deregistered,RAPPE SPÓŁKA Z OGRANICZONĄ ODPOWIEDZIALNOŚCIĄ,16.10.Z:main
0000509451,204,not_found_or_deregistered,KG INVEST GROUP SPÓŁKA Z OGRANICZONĄ ODPOWIEDZIALNOŚCIĄ,16.10.Z:main
0000509893,204,not_found_or_deregistered,SENIX SPÓŁKA Z OGRANICZONĄ ODPOWIEDZIALNOŚCIĄ,16.10.Z:main
0000510568,204,not_found_or_deregistered,CARPE DIEM MED SPÓŁKA AKCYJNA,16.10.Z:main
0000510591,204,not_found_or_deregistered,TSR INVEST SPÓŁKA Z OGRANICZONĄ ODPOWIEDZIALNOŚCIĄ,16.10.Z:main
0000510714,204,not_found_or_deregistered,KAFLARNIA WARMIŃSKA MANUFAKTURA E.TOŚ SPÓŁKA JAWNA,16.10.Z:main
0000510742,204,not_found_or_deregistered,REMIX LOGISTYKA SPÓŁKA Z OGRANICZONĄ ODPOWIEDZIALNOŚCIĄ,16.10.Z:main
0000510924,204,not_found_or_deregistered,"PRZEDSIĘBIORSTWO PRODUKCYJNO-HANDLOWO-USŁUGOWE ""POL-BUD"" SPÓŁKA Z OGRANICZONĄ ODPOWIEDZIALNOŚCIĄ",16.10.Z:main
0000511065,204,not_found_or_deregistered,CARBO ENERGIA WŁOSIK & WASILEWSKI SPÓŁKA JAWNA,16.10.Z:main
0000511694,204,not_found_or_deregistered,ANTRATIS SPÓŁKA Z OGRANICZONĄ ODPOWIEDZIALNOŚCIĄ,16.10.Z:main
0000511778,204,not_found_or_deregistered,STELMET BIOENERGIA SPÓŁKA Z OGRANICZONĄ ODPOWIEDZIALNOŚCIĄ SPÓŁKA JAWNA,16.10.Z:main
0000511790,204,not_found_or_deregistered,STELMET SPÓŁKA Z OGRANICZONĄ ODPOWIEDZIALNOŚCIĄ SPÓŁKA JAWNA,16.10.Z:main
0000511926,204,not_found_or_deregistered,ZAKŁAD DRZEWNY JAWOR J.ABRAMCZUK SPÓŁKA JAWNA,16.10.Z:main
0000512038,204,not_found_or_deregistered,CARPE DIEM MED SPÓŁKA AKCYJNA SPÓŁKA KOMANDYTOWA,16.10.Z:main
0000512348,204,not_found_or_deregistered,DREWIMPEX UGARENKO SPÓŁKA JAWNA,16.10.Z:main
0000512773,204,not_found_or_deregistered,EP SOLVO SPÓŁKA Z OGRANICZONĄ ODPOWIEDZIALNOŚCIĄ,16.10.Z:main
0000512798,204,not_found_or_deregistered,PEGASUS GROUP SPÓŁKA Z OGRANICZONĄ ODPOWIEDZIALNOŚCIĄ,16.10.Z:main
0000513631,204,not_found_or_deregistered,BALTA SPÓŁKA Z OGRANICZONĄ ODPOWIEDZIALNOŚCIĄ,16.10.Z:main
0000513820,204,not_found_or_deregistered,ZAKŁAD PRZEMYSŁU DRZEWNEGO SPÓŁKA Z OGRANICZONĄ ODPOWIEDZIALNOŚCIĄ,16.10.Z:main
0000513936,204,not_found_or_deregistered,ART. DECOR DESIGN SPÓŁKA Z OGRANICZONĄ ODPOWIEDZIALNOŚCIĄ,16.10.Z:main
0000514218,204,not_found_or_deregistered,EP SOLVO SPÓŁKA Z OGRANICZONĄ ODPOWIEDZIALNOŚCIĄ SPÓŁKA KOMANDYTOWA,16.10.Z:main
0000514391,204,not_found_or_deregistered,EURO EM-DA SPÓŁKA Z OGRANICZONĄ ODPOWIEDZIALNOŚCIĄ,16.10.Z:main
0000514591,204,not_found_or_deregistered,COME TO WORK SPÓŁKA Z OGRANICZONĄ ODPOWIEDZIALNOŚCIĄ,16.10.Z:main
0000514688,204,not_found_or_deregistered,EXPORT PACK POLSKA SPÓŁKA Z OGRANICZONĄ ODPOWIEDZIALNOŚCIĄ,16.10.Z:main
0000514820,204,not_found_or_deregistered,PASAGRO SPÓŁKA Z OGRANICZONĄ ODPOWIEDZIALNOŚCIĄ,16.10.Z:main
0000514931,204,not_found_or_deregistered,EKOSTAN SPÓŁKA Z OGRANICZONĄ ODPOWIEDZIALNOŚCIĄ,16.10.Z:main
0000515019,204,not_found_or_deregistered,"""NATURA BLUE"" SPÓŁKA Z OGRANICZONĄ ODPOWIEDZIALNOŚCIĄ",16.10.Z:main
0000515073,204,not_found_or_deregistered,AKADEMIA KAMIENIA SPÓŁKA Z OGRANICZONĄ ODPOWIEDZIALNOŚCIĄ SPÓŁKA KOMANDYTOWO-AKCYJNA,16.10.Z:main
0000515132,204,not_found_or_deregistered,ARYA CONSTRUCTION SPÓŁKA Z OGRANICZONĄ ODPOWIEDZIALNOŚCIĄ,16.10.Z:main
0000515714,204,not_found_or_deregistered,EITNER ECO HOUSE SPÓŁKA Z OGRANICZONĄ ODPOWIEDZIALNOŚCIĄ,16.10.Z:main
0000515780,204,not_found_or_deregistered,MURAPOL PROJEKT SPÓŁKA Z OGRANICZONĄ ODPOWIEDZIALNOŚCIĄ KRK SPÓŁKA KOMANDYTOWA,16.10.Z:main
0000515781,204,not_found_or_deregistered,NKM SLESIA SPÓŁKA Z OGRANICZONĄ ODPOWIEDZIALNOŚCIĄ,16.10.Z:main
0000515803,204,not_found_or_deregistered,MAC-TRAK BIS SPÓŁKA Z OGRANICZONĄ ODPOWIEDZIALNOŚCIĄ,16.10.Z:main
0000515817,204,not_found_or_deregistered,"FUNDACJA ""NIE LĘKAJCIE SIĘ""",16.10.Z:main
0000515897,204,not_found_or_deregistered,MURAPOL PROJEKT SPÓŁKA Z OGRANICZONĄ ODPOWIEDZIALNOŚCIĄ SLK SPÓŁKA KOMANDYTOWA,16.10.Z:main
0000515919,204,not_found_or_deregistered,MURAPOL PROJEKT SPÓŁKA Z OGRANICZONĄ ODPOWIEDZIALNOŚCIĄ BBA SPÓŁKA KOMANDYTOWA,16.10.Z:main
0000515934,204,not_found_or_deregistered,MURAPOL PROJEKT SPÓŁKA Z OGRANICZONĄ ODPOWIEDZIALNOŚCIĄ CTR SPÓŁKA KOMANDYTOWA,16.10.Z:main
0000515979,204,not_found_or_deregistered,EXITOS SPÓŁKA Z OGRANICZONĄ ODPOWIEDZIALNOŚCIĄ SPÓŁKA KOMANDYTOWA,16.10.Z:main
0000516089,204,not_found_or_deregistered,SW KLUCZ SPÓŁKA Z OGRANICZONĄ ODPOWIEDZIALNOŚCIĄ,16.10.Z:main
0000516158,204,not_found_or_deregistered,MURAPOL NOWE WINOGRADY SPÓŁKA Z OGRANICZONĄ ODPOWIEDZIALNOŚCIĄ SPÓŁKA KOMANDYTOWA,16.10.Z:main
0000516887,204,not_found_or_deregistered,"""LAPIS"" SPÓŁKA Z OGRANICZONĄ ODPOWIEDZIALNOŚCIĄ",16.10.Z:main
0000517044,204,not_found_or_deregistered,PRZEDSIĘBIORSTWO HANDLOWE INTER SPÓŁKA Z OGRANICZONĄ ODPOWIEDZIALNOŚCIĄ,16.10.Z:main
0000517082,204,not_found_or_deregistered,VELSET SMART HOME SPÓŁKA Z OGRANICZONĄ ODPOWIEDZIALNOŚCIĄ,16.10.Z:main
0000517102,204,not_found_or_deregistered,MAG SPÓŁKA Z OGRANICZONĄ ODPOWIEDZIALNOŚCIĄ,16.10.Z:main
0000517189,204,not_found_or_deregistered,LUXTER SPÓŁKA Z OGRANICZONĄ ODPOWIEDZIALNOŚCIĄ,16.10.Z:main
0000517194,204,not_found_or_deregistered,JAMATECH SPÓŁKA Z OGRANICZONĄ ODPOWIEDZIALNOŚCIĄ,16.10.Z:main
0000517937,204,not_found_or_deregistered,RIMSA SPÓŁKA Z OGRANICZONĄ ODPOWIEDZIALNOŚCIĄ SPÓŁKA KOMANDYTOWA,16.10.Z:main
0000517991,204,not_found_or_deregistered,SAGAN SPÓŁKA Z OGRANICZONĄ ODPOWIEDZIALNOŚCIĄ,16.10.Z:main
0000518219,204,not_found_or_deregistered,MAZOWIECKIE PRZEDSIĘBIORSTWO HANDLOWE SPÓŁKA Z OGRANICZONĄ ODPOWIEDZIALNOŚCIĄ,16.10.Z:main
0000518554,204,not_found_or_deregistered,TRADE TRANSPORT SPEDITION SPÓŁKA Z OGRANICZONĄ ODPOWIEDZIALNOŚCIĄ,16.10.Z:main
0000518624,204,not_found_or_deregistered,MURAPOL CZERWIEŃSKIEGO SPÓŁKA Z OGRANICZONĄ ODPOWIEDZIALNOŚCIĄ SPÓŁKA KOMANDYTOWA,16.10.Z:main
0000518744,204,not_found_or_deregistered,"""GIEZ"" SPÓŁKA Z OGRANICZONĄ ODPOWIEDZIALNOŚCIĄ",16.10.Z:main
0000518840,204,not_found_or_deregistered,KAROŃ SPÓŁKA JAWNA,16.10.Z:main
0000519353,204,not_found_or_deregistered,COWS- BULLS SPÓŁKA Z OGRANICZONĄ ODPOWIEDZIALNOŚCIĄ,16.10.Z:main
0000519386,204,not_found_or_deregistered,PRODUKCJA BIOMASY INTERNATIONAL SPÓŁKA Z OGRANICZONĄ ODPOWIEDZIALNOŚCIĄ,16.10.Z:main
0000519458,204,not_found_or_deregistered,SILVERONE SPÓŁKA Z OGRANICZONĄ ODPOWIEDZIALNOŚCIĄ,16.10.Z:main
0000519606,204,not_found_or_deregistered,SVENTOVIT SPÓŁKA Z OGRANICZONĄ ODPOWIEDZIALNOŚCIĄ,16.10.Z:main
0000519641,204,not_found_or_deregistered,JMK - STOLARNIE SPÓŁKA Z OGRANICZONĄ ODPOWIEDZIALNOŚCIĄ,16.10.Z:main
0000519720,204,not_found_or_deregistered,GRANPOL PL SPÓŁKA  Z OGRANICZONĄ ODPOWIEDZIALNOŚCIĄ,16.10.Z:main
0000520032,204,not_found_or_deregistered,KWIATKOWSKI INVESTMENT SPÓŁKA Z OGRANICZONĄ ODPOWIEDZIALNOŚCIĄ,16.10.Z:main
0000520138,204,not_found_or_deregistered,BALTIC EU OKNA I DRZWI SPÓŁKA Z OGRANICZONĄ ODPOWIEDZIALNOŚCIĄ,16.10.Z:main
0000521337,204,not_found_or_deregistered,KRONOS SPÓŁKA Z OGRANICZONĄ ODPOWIEDZIALNOŚCIĄ SPÓŁKA KOMANDYTOWA,16.10.Z:main
0000521467,204,not_found_or_deregistered,ALBUD RSA SPÓŁKA Z OGRANICZONĄ ODPOWIEDZIALNOŚCIĄ SPÓŁKA  KOMANDYTOWA,16.10.Z:main
0000521478,204,not_found_or_deregistered,CONDITE SPÓŁKA Z OGRANICZONĄ ODPOWIEDZIALNOŚCIĄ SPÓŁKA KOMANDYTOWA,16.10.Z:main
0000521530,204,not_found_or_deregistered,PRZEDSIĘBIORSTWO USŁUGOWO-HANDLOWE LEM-BUD SPÓŁKA Z OGRANICZONĄ ODPOWIEDZIALNOŚCIĄ TRZCINOWA SPÓŁKA KOMANDYTOWA,16.10.Z:main
0000521752,204,not_found_or_deregistered,HW PIETRZAK HOLDING SPÓŁKA AKCYJNA,16.10.Z:main
0000522086,204,not_found_or_deregistered,AKTIVMED24 SPÓŁKA Z OGRANICZONĄ ODPOWIEDZIALNOŚCIĄ SPÓŁKA KOMANDYTOWA,16.10.Z:main
0000522505,204,not_found_or_deregistered,JANNBUD SPÓŁKA Z OGRANICZONĄ ODPOWIEDZIALNOŚCIĄ SPÓŁKA KOMANDYTOWA,16.10.Z:main
0000522759,204,not_found_or_deregistered,DREWPOL SPÓŁKA Z OGRANICZONĄ ODPOWIEDZIALNOŚCIĄ SPÓŁKA KOMANDYTOWA,16.10.Z:main
0000522764,204,not_found_or_deregistered,PREME SPÓŁKA Z OGRANICZONĄ ODPOWIEDZIALNOŚCIĄ,16.10.Z:main
0000522775,204,not_found_or_deregistered,"""BORSEN"" SPÓŁKA Z OGRANICZONĄ ODPOWIEDZIALNOŚCIĄ",16.10.Z:main
0000523008,204,not_found_or_deregistered,MELISSA SPÓŁKA Z OGRANICZONĄ ODPOWIEDZIALNOŚCIĄ,16.10.Z:main
0000523313,204,not_found_or_deregistered,LOGIX SPÓŁKA Z OGRANICZONĄ ODPOWIEDZIALNOŚCIĄ,16.10.Z:main
0000523584,204,not_found_or_deregistered,SUCHY SPÓŁKA Z OGRANICZONĄ ODPOWIEDZIALNOŚCIĄ,16.10.Z:main
0000523641,204,not_found_or_deregistered,MONVIA AGRO SPÓŁKA Z OGRANICZONĄ ODPOWIEDZIALNOŚCIĄ,16.10.Z:main
0000523828,204,not_found_or_deregistered,CYFROWA SPÓŁKA AKCYJNA,16.10.Z:main
0000523830,204,not_found_or_deregistered,MDK TECHNOLOGIE JADCZAK DARIUSZ ŁAGOWSKI KRZYSZTOF WOLSZCZAK SPÓŁKA JAWNA,16.10.Z:main
0000524295,204,not_found_or_deregistered,MARKOPOL SPÓŁKA Z OGRANICZONĄ ODPOWIEDZIALNOŚCIĄ,16.10.Z:main
0000524344,204,not_found_or_deregistered,"""ZESPÓŁ DRWALI MOTORNICZYCH ANDRZEJ STASZEL I WSPÓLNICY"" SPÓŁKA JAWNA",16.10.Z:main
0000524439,204,not_found_or_deregistered,"""ASARO BUD"" SPÓŁKA Z OGRANICZONĄ ODPOWIEDZIALNOŚCIĄ",16.10.Z:main
0000524467,204,not_found_or_deregistered,AUTO COLLECTION SPÓŁKA Z OGRANICZONĄ ODPOWIEDZIALNOŚCIĄ,16.10.Z:main
0000526111,204,not_found_or_deregistered,OK INVESTMENTS LTD. SPÓŁKA Z OGRANICZONĄ ODPOWIEDZIALNOŚCIĄ,16.10.Z:main
0000526400,204,not_found_or_deregistered,GRABAR SPÓŁKA Z OGRANICZONĄ ODPOWIEDZIALNOŚCIĄ,16.10.Z:main
0000526409,204,not_found_or_deregistered,INTERFENIKS SPÓŁKA Z OGRANICZONĄ ODPOWIEDZIALNOŚCIĄ,16.10.Z:main
0000526639,204,not_found_or_deregistered,SYNERGY SPÓŁKA AKCYJNA,16.10.Z:main
0000526763,204,not_found_or_deregistered,MATMA MM BUKOWIAN SPÓŁKA JAWNA,16.10.Z:main
0000526857,204,not_found_or_deregistered,"""S 4"" SPÓŁKA Z OGRANICZONĄ ODPOWIEDZIALNOŚCIĄ",16.10.Z:main
0000527064,204,not_found_or_deregistered,GORIK SPÓŁKA Z OGRANICZONĄ ODPOWIEDZIALNOŚCIĄ,16.10.Z:main
0000527132,204,not_found_or_deregistered,QMETTERS SPÓŁKA Z OGRANICZONĄ ODPOWIEDZIALNOŚCIĄ,16.10.Z:main
0000527255,204,not_found_or_deregistered,ESPERANTO SPÓŁKA AKCYJNA,16.10.Z:main
0000527787,204,not_found_or_deregistered,RASS TRADE SPÓŁKA Z OGRANICZONĄ ODPOWIEDZIALNOŚCIĄ,16.10.Z:main
0000527803,204,not_found_or_deregistered,"""REMA"" SPÓŁKA Z OGRANICZONĄ ODPOWIEDZIALNOŚCIĄ",16.10.Z:main
0000528063,204,not_found_or_deregistered,PRIORITY SPÓŁKA Z OGRANICZONĄ ODPOWIEDZIALNOŚCIĄ,16.10.Z:main
0000528232,204,not_found_or_deregistered,PLUS MEDERIAN SPÓŁKA Z OGRANICZONĄ ODPOWIEDZIALNOŚCIĄ SPÓŁKA KOMANDYTOWA,16.10.Z:main
0000528242,204,not_found_or_deregistered,PRAMAKO SPÓŁKA Z OGRANICZONĄ ODPOWIEDZIALNOŚCIĄ,16.10.Z:main
0000528492,204,not_found_or_deregistered,AVIOKON GROUP SPÓŁKA Z OGRANICZONĄ ODPOWIEDZIALNOŚCIĄ,16.10.Z:main
0000528511,204,not_found_or_deregistered,ASA SPÓŁKA Z OGRANICZONĄ ODPOWIEDZIALNOŚCIĄ,16.10.Z:main
0000528686,204,not_found_or_deregistered,AFRICAN SPÓŁKA Z OGRANICZONĄ ODPOWIEDZIALNOŚCIĄ,16.10.Z:main
0000528770,204,not_found_or_deregistered,M & M CITY SPÓŁKA Z OGRANICZONĄ ODPOWIEDZIALNOŚCIĄ,16.10.Z:main
0000528801,204,not_found_or_deregistered,DABER SPÓŁKA Z OGRANICZONĄ ODPOWIEDZIALNOŚCIĄ,16.10.Z:main
0000528808,204,not_found_or_deregistered,"""WD DESIGN"" SPÓŁKA Z OGRANICZONĄ ODPOWIEDZIALNOŚCIĄ",16.10.Z:main
0000528918,204,not_found_or_deregistered,GRUNT POZNAŃSKI SPÓŁKA Z OGRANICZONĄ ODPOWIEDZIALNOŚCIĄ,16.10.Z:main
0000529556,204,not_found_or_deregistered,P.S.P. GROUP SPÓŁKA Z OGRANICZONĄ ODPOWIEDZIALNOŚCIĄ SPÓŁKA KOMANDYTOWA,16.10.Z:main
0000529566,204,not_found_or_deregistered,EKOSYSTEM 2000 SPÓŁKA Z OGRANICZONĄ ODPOWIEDZIALNOŚCIĄ,16.10.Z:main
0000529737,204,not_found_or_deregistered,EXWOOD POLSKA SPÓŁKA Z OGRANICZONĄ ODPOWIEDZIALNOŚCIĄ,16.10.Z:main
0000529967,204,not_found_or_deregistered,BIOKONCEPT SPÓŁKA Z OGRANICZONĄ ODPOWIEDZIALNOŚCIĄ SPÓŁKA KOMANDYTOWA,16.10.Z:main
0000530038,204,not_found_or_deregistered,JUMI SPÓŁKA Z OGRANICZONĄ ODPOWIEDZIALNOŚCIĄ SPÓŁKA KOMANDYTOWA,16.10.Z:main
0000530200,204,not_found_or_deregistered,JT CARPENTRY SPÓŁKA Z OGRANICZONĄ ODPOWIEDZIALNOŚCIĄ,16.10.Z:main
0000530593,204,not_found_or_deregistered,TRANS TRADE INDUSTRY SPÓŁKA Z OGRANICZONĄ ODPOWIEDZIALNOŚCIĄ,16.10.Z:main
0000530639,204,not_found_or_deregistered,WMG INWESTYCJE SPÓŁKA Z OGRANICZONĄ ODPOWIEDZIALNOŚCIĄ,16.10.Z:main
0000530663,204,not_found_or_deregistered,CARBO TRADE INDUSTRY SPÓŁKA Z OGRANICZONĄ ODPOWIEDZIALNOŚCIĄ,16.10.Z:main
0000531059,204,not_found_or_deregistered,RAPID SPÓŁKA AKCYJNA,16.10.Z:main
0000531336,204,not_found_or_deregistered,APOLINE SPÓŁKA Z OGRANICZONĄ ODPOWIEDZIALNOŚCIĄ,16.10.Z:main
0000531551,204,not_found_or_deregistered,ASUMPT INC SPÓŁKA Z OGRANICZONĄ ODPOWIEDZIALNOŚCIĄ,16.10.Z:main
0000531642,204,not_found_or_deregistered,SOLKAR SPÓŁKA Z OGRANICZONĄ ODPOWIEDZIALNOŚCIĄ,16.10.Z:main
0000531672,204,not_found_or_deregistered,BARKO SPÓŁKA Z OGRANICZONĄ ODPOWIEDZIALNOŚCIĄ,16.10.Z:main
0000532039,204,not_found_or_deregistered,GOLDEN STONE SPÓŁKA Z OGRANICZONĄ ODPOWIEDZIALNOŚCIĄ SPÓŁKA KOMANDYTOWA,16.10.Z:main
0000532136,204,not_found_or_deregistered,EKO LIVE&LIVING SPÓŁKA AKCYJNA,16.10.Z:main
0000532237,204,not_found_or_deregistered,NET TWO PROGRES INTERACTIVE SPÓŁKA Z OGRANICZONĄ ODPOWIEDZIALNOŚCIĄ SPÓŁKA KOMANDYTOWA,16.10.Z:main
0000532242,204,not_found_or_deregistered,EUROTEST SPÓŁKA Z OGRANICZONĄ ODPOWIEDZIALNOŚCIĄ,16.10.Z:main
0000532494,204,not_found_or_deregistered,FRBUS GROUP SPÓŁKA Z OGRANICZONĄ ODPOWIEDZIALNOŚCIĄ,16.10.Z:main
0000532914,204,not_found_or_deregistered,DIVANO SPÓŁKA Z OGRANICZONĄ ODPOWIEDZIALNOŚCIĄ,16.10.Z:main
0000533185,204,not_found_or_deregistered,QUALES SPÓŁKA Z OGRANICZONĄ ODPOWIEDZIALNOŚCIĄ,16.10.Z:main
0000533206,204,not_found_or_deregistered,TIAN HAO SPÓŁKA Z OGRANICZONĄ ODPOWIEDZIALNOŚCIĄ,16.10.Z:main
0000533217,204,not_found_or_deregistered,"""SPB SPÓŁKA Z OGRANICZONĄ ODPOWIEDZIALNOŚCIĄ"" SPÓŁKA KOMANDYTOWA",16.10.Z:main
0000533535,204,not_found_or_deregistered,HLMB INTERNATIONAL SPÓŁKA Z OGRANICZONĄ ODPOWIEDZIALNOŚCIĄ,16.10.Z:main
0000533546,204,not_found_or_deregistered,HIGHEND BUILDING DEVELOPMENT SPÓŁKA Z OGRANICZONĄ ODPOWIEDZIALNOŚCIĄ,16.10.Z:main
0000533830,204,not_found_or_deregistered,MULTI SERVIS SPÓŁKA AKCYJNA,16.10.Z:main
0000533897,204,not_found_or_deregistered,STOLBUD-WARSZAWA SPÓŁKA Z OGRANICZONĄ ODPOWIEDZIALNOŚCIĄ SPÓŁKA KOMANDYTOWA,16.10.Z:main
0000534007,204,not_found_or_deregistered,ADS SPÓŁKA Z OGRANICZONĄ ODPOWIEDZIALNOŚCIĄ,16.10.Z:main
0000535089,204,not_found_or_deregistered,TRANSPED BUSINESS SPÓŁKA Z OGRANICZONĄ ODPOWIEDZIALNOŚCIĄ,16.10.Z:main
0000535555,204,not_found_or_deregistered,FORNITEX DREWNO SPÓŁKA Z OGRANICZONĄ ODPOWIEDZIALNOŚCIĄ,16.10.Z:main
0000536635,204,not_found_or_deregistered,INWESTPROJEKT WOOD SPÓŁKA Z OGRANICZONĄ ODPOWIEDZIALNOŚCIĄ,16.10.Z:main
0000536798,204,not_found_or_deregistered,MJP SPÓŁKA Z OGRANICZONĄ ODPOWIEDZIALNOŚCIĄ,16.10.Z:main
0000537033,204,not_found_or_deregistered,"BYDGOSKA SPÓŁDZIELNIA SOCJALNA ""SOLIDARNI""",16.10.Z:main
0000537550,204,not_found_or_deregistered,"""ROCKY SOLVENT"" SPÓŁKA Z OGRANICZONĄ ODPOWIEDZIALNOŚCIĄ",16.10.Z:main
0000538007,204,not_found_or_deregistered,LIGNUM PARTNERS 2 B. KOCHEL SPÓŁKA JAWNA,16.10.Z:main
0000538924,204,not_found_or_deregistered,SPÓŁDZIELNIA SOCJALNA EXEVENT,16.10.Z:main
0000539508,204,not_found_or_deregistered,TRALEX SCHODY SPÓŁKA Z OGRANICZONĄ ODPOWIEDZIALNOŚCIĄ,16.10.Z:main
0000542565,204,not_found_or_deregistered,BIOFUEL FACTORY SPÓŁKA Z OGRANICZONĄ ODPOWIEDZIALNOŚCIĄ,16.10.Z:main
0000544723,204,not_found_or_deregistered,EM - DREWEX SPÓŁKA Z OGRANICZONĄ ODPOWIEDZIALNOŚCIĄ,16.10.Z:main
0000545846,204,not_found_or_deregistered,TARTAK ZAHAJKI - TROJNIEL I SPÓŁKA SPÓŁKA JAWNA,16.10.Z:main
0000547251,204,not_found_or_deregistered,BIZNES ROZWÓJ SPÓŁKA Z OGRANICZONĄ ODPOWIEDZIALNOŚCIĄ,16.10.Z:main
0000548905,204,not_found_or_deregistered,TERRACES SPÓŁKA Z OGRANICZONĄ ODPOWIEDZIALNOŚCIĄ,16.10.Z:main
0000549340,204,not_found_or_deregistered,MICHAŁEK I WSPÓLNICY SPÓŁKA JAWNA,16.10.Z:main
0000549397,204,not_found_or_deregistered,BMK EUROPE SPÓŁKA AKCYJNA,16.10.Z:main
0000549900,204,not_found_or_deregistered,PRZETWÓRSTWO DREWNA SPÓŁKA Z OGRANICZONĄ ODPOWIEDZIALNOŚCIĄ,16.10.Z:main
0000550481,204,not_found_or_deregistered,MARECKI MEBLE SPÓŁKA Z OGRANICZONĄ ODPOWIEDZIALNOŚCIĄ,16.10.Z:main
0000552513,204,not_found_or_deregistered,P+W P.PIÓRO W.PIÓRO SPÓŁKA JAWNA,16.10.Z:main
0000554490,204,not_found_or_deregistered,U&P SPÓŁKA Z OGRANICZONĄ ODPOWIEDZIALNOŚCIĄ,16.10.Z:main
0000555238,204,not_found_or_deregistered,AT.DREWBUD SPÓŁKA Z OGRANICZONĄ ODPOWIEDZIALNOŚCIĄ,16.10.Z:main
0000555851,204,not_found_or_deregistered,ALTENPFLEGE SPÓŁKA Z OGRANICZONĄ ODPOWIEDZIALNOŚCIĄ SPÓŁKA KOMANDYTOWA,16.10.Z:main
0000558020,204,not_found_or_deregistered,ARCANE INVEST SPÓŁKA Z OGRANICZONĄ ODPOWIEDZIALNOŚCIĄ,16.10.Z:main
0000558232,204,not_found_or_deregistered,EWKAR SPÓŁKA Z OGRANICZONĄ ODPOWIEDZIALNOŚCIĄ,16.10.Z:main
0000560204,204,not_found_or_deregistered,B&V INTERNATIONAL SPÓŁKA Z OGRANICZONĄ ODPOWIEDZIALNOŚCIĄ,16.10.Z:main
0000560615,204,not_found_or_deregistered,DESIGN INSIDE-ŁOZOWSKA I WERNIK SPÓŁKA JAWNA,16.10.Z:main
0000561168,204,not_found_or_deregistered,BOR-POL SPÓŁKA Z OGRANICZONĄ ODPOWIEDZIALNOŚCIĄ,16.10.Z:main
0000561207,204,not_found_or_deregistered,VICTORIA AS SPÓŁKA Z OGRANICZONĄ ODPOWIEDZIALNOŚCIĄ,16.10.Z:main
0000562631,204,not_found_or_deregistered,SEIA SPÓŁKA Z OGRANICZONĄ ODPOWIEDZIALNOŚCIĄ,16.10.Z:main
0000563411,204,not_found_or_deregistered,MET - SPOS BIS SPÓŁKA Z OGRANICZONĄ ODPOWIEDZIALNOŚCIĄ SPÓŁKA KOMANDYTOWA,16.10.Z:main
0000564231,204,not_found_or_deregistered,EURO SPECTR SPÓŁKA Z OGRANICZONĄ ODPOWIEDZIALNOŚCIĄ,16.10.Z:main
0000564842,204,not_found_or_deregistered,ADMINISTRATOR. KURPIEL SPÓŁKA JAWNA,16.10.Z:main
0000565345,204,not_found_or_deregistered,TIMARIN WOOD SPÓŁKA Z OGRANICZONĄ ODPOWIEDZIALNOŚCIĄ,16.10.Z:main
0000566550,204,not_found_or_deregistered,BR SPÓŁKA Z OGRANICZONĄ ODPOWIEDZIALNOŚCIĄ,16.10.Z:main
0000567300,204,not_found_or_deregistered,AUTOTECH SPÓŁKA Z OGRANICZONĄ ODPOWIEDZIALNOŚCIĄ,16.10.Z:main
0000567470,204,not_found_or_deregistered,ECORAM SPÓŁKA Z OGRANICZONĄ ODPOWIEDZIALNOŚCIĄ,16.10.Z:main
0000567496,204,not_found_or_deregistered,"MDMD KUDŁACZ, BORÓWKA SPÓŁKA JAWNA",16.10.Z:main
0000567610,204,not_found_or_deregistered,DDM GROUP J.CHOIŃSKA & T.WIEWIÓRKOWSKI SPÓŁKA JAWNA,16.10.Z:main
0000567694,204,not_found_or_deregistered,BEWA SPÓŁKA Z OGRANICZONĄ ODPOWIEDZIALNOŚCIĄ SPÓŁKA KOMANDYTOWA,16.10.Z:main
0000570676,204,not_found_or_deregistered,NOWE POGODNE SPÓŁKA Z OGRANICZONĄ ODPOWIEDZIALNOŚCIĄ,16.10.Z:main
0000570909,204,not_found_or_deregistered,DREWNO GRUPA POLSKA SPÓŁKA Z OGRANICZONĄ ODPOWIEDZIALNOŚCIĄ,16.10.Z:main
0000571154,204,not_found_or_deregistered,WOOD EMPIRE SPÓŁKA Z OGRANICZONĄ ODPOWIEDZIALNOŚCIĄ,16.10.Z:main
0000571410,204,not_found_or_deregistered,BENDI SPÓŁKA Z OGRANICZONĄ ODPOWIEDZIALNOŚCIĄ,16.10.Z:main
0000571691,204,not_found_or_deregistered,"""KOPA"" SPÓŁKA Z OGRANICZONĄ ODPOWIEDZIALNOŚCIĄ",16.10.Z:main
0000572622,204,not_found_or_deregistered,GREENPOL ANETA I MARCIN RÓŻKOWSKI SPÓŁKA JAWNA,16.10.Z:main
0000576913,204,not_found_or_deregistered,REALIS-PALETTEN SPÓŁKA Z OGRANICZONĄ ODPOWIEDZIALNOŚCIĄ,16.10.Z:main
0000579666,204,not_found_or_deregistered,SEIA SPÓŁKA Z OGRANICZONĄ ODPOWIEDZIALNOŚCIĄ SPÓŁKA KOMANDYTOWA,16.10.Z:main
0000579780,204,not_found_or_deregistered,"""DZIEWANNA - FUNDACJA DOSTĘPNEJ PRZYRODY""",16.10.Z:main
0000579825,204,not_found_or_deregistered,BLK TRADING SPÓŁKA Z OGRANICZONĄ ODPOWIEDZIALNOŚCIĄ,16.10.Z:main
0000581332,204,not_found_or_deregistered,WONDER WOOD KWAŚNICA SPÓŁKA JAWNA,16.10.Z:main
0000584189,204,not_found_or_deregistered,VOSTER NOWA SPÓŁKA Z OGRANICZONĄ ODPOWIEDZIALNOŚCIĄ,16.10.Z:main
0000585507,204,not_found_or_deregistered,NOVUM SPÓŁKA Z OGRANICZONĄ ODPOWIEDZIALNOŚCIĄ,16.10.Z:main
0000586627,204,not_found_or_deregistered,FOREST DP SPÓŁKA Z OGRANICZONĄ ODPOWIEDZIALNOŚCIĄ,16.10.Z:main
0000588585,204,not_found_or_deregistered,EUROHAUS POLSKA SPÓŁKA Z OGRANICZONĄ ODPOWIEDZIALNOŚCIĄ,16.10.Z:main
0000589396,204,not_found_or_deregistered,NOORD FURNITURE SPÓŁKA Z OGRANICZONĄ ODPOWIEDZIALNOŚCIĄ,16.10.Z:main
0000590313,204,not_found_or_deregistered,SANDRA SPÓŁKA Z OGRANICZONĄ ODPOWIEDZIALNOŚCIĄ,16.10.Z:main
0000591364,204,not_found_or_deregistered,SERWIS-FINANSE SPÓŁKA Z OGRANICZONĄ ODPOWIEDZIALNOŚCIĄ SPÓŁKA KOMANDYTOWA,16.10.Z:main
0000592177,204,not_found_or_deregistered,GLOBAL HOME SPÓŁKA Z OGRANICZONĄ ODPOWIEDZIALNOŚCIĄ,16.10.Z:main
0000001207,204,not_found_or_deregistered,TELEFONIA INTERNETOWA SPÓŁKA Z OGRANICZONĄ ODPOWIEDZIALNOŚCIĄ,16.10.Z:main
0000001750,204,not_found_or_deregistered,"OŚRODEK PRZEMYSŁOWO-BADAWCZY URZĄDZEŃ TECHNOLOGICZNYCH ""KOLPOL"" SPÓŁKA Z OGRANICZONĄ ODPOWIEDZIALNOŚCIĄ",16.10.Z:main
0000002566,204,not_found_or_deregistered,PRZEDSIĘBIORSTWO PRODUKCYJNO HANDLOWE PROFIL STYLE SPÓŁKA Z OGRANICZONĄ ODPOWIEDZIALNOŚCIĄ,16.10.Z:main
0000002683,204,not_found_or_deregistered,"PRZEDSIĘBIORSTWO BUDOWLANO -USŁUGOWO-HANDLOWE ""AGAT"" SPÓŁKA Z O.O.",16.10.Z:main
0000593681,204,not_found_or_deregistered,HOROL SPÓŁKA Z OGRANICZONĄ ODPOWIEDZIALNOŚCIĄ,16.10.Z:main
0000593781,204,not_found_or_deregistered,FORMAPLAN GUBIN SPÓŁKA Z OGRANICZONĄ ODPOWIEDZIALNOŚCIĄ,16.10.Z:main
0000003470,204,not_found_or_deregistered,"PRZEDSIĘBIORSTWO WIELOBRANŻOWE ""FOLWEX"" EXPORT IMPORT ANDRZEJ KALINOWSKI KAZIMIERZ SOBOLEWSKI SPÓŁKA JAWNA",16.10.Z:main
0000003812,204,not_found_or_deregistered,"""STEINPOL OK PRODUKCJA MEBLI"" SPÓŁKA Z OGRANICZONĄ ODPOWIEDZIALNOŚCIĄ",16.10.Z:main
0000004115,204,not_found_or_deregistered,"""ICM MEBLE"" SPÓŁKA Z OGRANICZONĄ ODPOWIEDZIALNOŚCIĄ",16.10.Z:main
0000595775,204,not_found_or_deregistered,"CENTRUM OBSŁUGI KSIĘGOWEJ ""FINANSISTA"" SPÓŁKA Z OGRANICZONĄ ODPOWIEDZIALNOŚCIĄ",16.10.Z:main
0000004291,204,not_found_or_deregistered,IMEX-PIECHOTA SP. Z O.O.,16.10.Z:main
0000004310,204,not_found_or_deregistered,"PRZEDSIĘBIORSTWO WIELOBRANŻOWE ""GRANBUD"" GRZEGORZ, MAŁGORZATA, KRZYSZTOF, MARIA CZAPCZYK SPÓŁKA JAWNA",16.10.Z:main
0000595919,204,not_found_or_deregistered,MTM LOGISTICS SPÓŁKA Z OGRANICZONĄ ODPOWIEDZIALNOŚCIĄ SPÓŁKA KOMANDYTOWA,16.10.Z:main
0000004931,204,not_found_or_deregistered,WALCZAK SPÓŁKA JAWNA,16.10.Z:main
0000597348,204,not_found_or_deregistered,CEENERGY SPÓŁKA Z OGRANICZONĄ ODPOWIEDZIALNOŚCIĄ SPÓŁKA KOMANDYTOWA,16.10.Z:main
0000004974,204,not_found_or_deregistered,KULCZYK TRADEX SPÓŁKA Z OGRANICZONĄ ODPOWIEDZIALNOŚCIĄ,16.10.Z:main
0000600019,204,not_found_or_deregistered,POZ - OPEN SPÓŁKA Z OGRANICZONĄ ODPOWIEDZIALNOŚCIĄ,16.11.Z:main
0000005368,204,not_found_or_deregistered,"PRZEDSIĘBIORSTWO PRODUKCYJNO-USŁUGOWE ""TURBUD"" SPÓŁKA Z OGRANICZONĄ ODPOWIEDZIALNOŚCIĄ",16.10.Z:main
0000005378,204,not_found_or_deregistered,CEZOS Z.JANKOWSKA C.SKOTAK SPÓŁKA JAWNA,16.10.Z:main
0000005702,204,not_found_or_deregistered,"""M-S M.BUKOWIAN I INNI"" SPÓŁKA JAWNA",16.10.Z:main
0000601224,204,not_found_or_deregistered,EDI SPÓŁKA Z OGRANICZONĄ ODPOWIEDZIALNOŚCIĄ,16.10.Z:main
0000006029,204,not_found_or_deregistered,"ZAKŁAD WYROBU OKLEIN NATURALNYCH ""BRACIA MROZIK"" SPÓŁKA JAWNA W LUBLINIE",16.10.Z:main
0000006068,204,not_found_or_deregistered,"HOTEL ""SPORT HOTEL"" SPÓŁKA Z OGRANICZONĄ ODPOWIEDZIALNOŚCIĄ",16.10.Z:main
0000006300,204,not_found_or_deregistered,"HANDEL-USŁUGI ""BAZI"" K. SADOWSKI, W. SZYMAŃSKI SPÓŁKA JAWNA",16.10.Z:main
0000006410,204,not_found_or_deregistered,LESKO SPÓŁKA Z OGRANICZONĄ ODPOWIEDZIALNOŚCIĄ,16.10.Z:main
0000603184,204,not_found_or_deregistered,LASEXPORT SPÓŁKA Z OGRANICZONĄ ODPOWIEDZIALNOŚCIĄ,16.10.Z:main
0000006576,204,not_found_or_deregistered,"PRZEDSIĘBIORSTWO WIELOBRANŻOWE ""MAT-BUD"" B.PIETRAS,E.PIETRAS SPÓŁKA JAWNA",16.10.Z:main
0000006681,204,not_found_or_deregistered,PRZEDSIĘBIORSTWO BEGIER HENRYK BEGIER I SYNOWIE SPÓŁKA JAWNA,16.10.Z:main
0000604438,204,not_found_or_deregistered,EM - DREWEX SPÓŁKA Z OGRANICZONĄ ODPOWIEDZIALNOŚCIĄ SPÓŁKA KOMANDYTOWA,16.10.Z:main
0000604933,204,not_found_or_deregistered,JWS WOOD SPÓŁKA Z OGRANICZONĄ ODPOWIEDZIALNOŚCIĄ,16.10.Z:main
0000006799,204,not_found_or_deregistered,KRONOSPAN PL SPÓŁKA Z OGRANICZONĄ ODPOWIEDZIALNOŚCIĄ,16.10.Z:main
0000006850,204,not_found_or_deregistered,"ZAKŁADY DRZEWNE ""TIS"" ANTONI SZWED SPÓŁKA JAWNA",16.10.Z:main
0000605083,204,not_found_or_deregistered,FRESH & OUTLET SPÓŁKA Z OGRANICZONĄ ODPOWIEDZIALNOŚCIĄ,16.10.Z:main
0000006903,204,not_found_or_deregistered,"PRZEDSIĘBIORSTWO PRODUKCYJNO USŁUGOWO HANDLOWE
K@K SPÓŁKA Z OGRANICZONĄ ODPOWIEDZIALNOŚCIĄ",16.10.Z:main
0000007062,204,not_found_or_deregistered,MORSKA STOCZNIA REMONTOWA SPÓŁKA AKCYJNA,16.10.Z:main
0000007601,204,not_found_or_deregistered,HADA - GLAS SPÓŁKA Z OGRANICZONĄ ODPOWIEDZIALNOŚCIĄ,16.10.Z:main
0000607082,204,not_found_or_deregistered,BELVI SPÓŁKA Z OGRANICZONĄ ODPOWIEDZIALNOŚCIĄ,16.10.Z:main
0000007651,204,not_found_or_deregistered,ARHELAN BURZYŃSCY SPÓŁKA JAWNA,16.10.Z:main
0000007797,204,not_found_or_deregistered,"""GRAND CRU"" SPÓŁKA Z OGRANICZONĄ ODPOWIEDZIALNOŚCIĄ",16.10.Z:main
0000008535,204,not_found_or_deregistered,"""AKŚ-INVESTMENT"" SPÓŁKA Z OGRANICZONĄ ODPOWIEDZIALNOŚCIĄ",16.10.Z:main
0000608803,204,not_found_or_deregistered,TRAK EKO-TRANS SPÓŁKA Z OGRANICZONĄ ODPOWIEDZIALNOŚCIĄ,16.10.Z:main
0000009441,204,not_found_or_deregistered,"""EUROTOR"" SPÓŁKA Z OGRANICZONĄ ODPOWIEDZIALNOŚCIĄ",16.10.Z:main
0000609981,204,not_found_or_deregistered,LP ADGAM SPÓŁKA Z OGRANICZONĄ ODPOWIEDZIALNOŚCIĄ SPÓŁKA KOMANDYTOWA,16.10.Z:main
0000009843,204,not_found_or_deregistered,"PRZEDSIĘBIORSTWO WIELOBRANŻOWE ""RYNTEX"" SPÓŁKA Z OGRANICZONĄ ODPOWIEDZIALNOŚCIĄ",16.10.Z:main
0000009894,204,not_found_or_deregistered,"NATURA A. BISZCZANIK, A. BISZCZANIK, M. BISZCZANIK, S. BISZCZANIK SPÓŁKA JAWNA",16.10.Z:main
0000009940,204,not_found_or_deregistered,SPÓŁDZIELNIA USŁUG ROLNICZYCH,16.10.Z:main
0000611455,204,not_found_or_deregistered,LIONS WOOD SPÓŁKA Z OGRANICZONĄ ODPOWIEDZIALNOŚCIĄ,16.10.Z:main
0000611950,204,not_found_or_deregistered,PRIMO INDUSTRIES SPÓŁKA Z OGRANICZONĄ ODPOWIEDZIALNOŚCIĄ,16.10.Z:main
0000010906,204,not_found_or_deregistered,"""KARES"" SPÓŁKA Z OGRANICZONĄ ODPOWIEDZIALNOŚCIĄ",16.10.Z:main
0000011048,204,not_found_or_deregistered,"PRZEDSIĘBIORSTWO PRODUKCYJNO-USŁUGOWO-HANDLOWE ""GABI-JERCZYŃSCY"" SPÓŁKA JAWNA",16.10.Z:main
0000612894,204,not_found_or_deregistered,PROJECT BH MEBLE SPÓŁKA Z OGRANICZONĄ ODPOWIEDZIALNOŚCIĄ SPÓŁKA KOMANDYTOWA,16.10.Z:main
0000612933,204,not_found_or_deregistered,COMBUS SPÓŁKA Z OGRANICZONĄ ODPOWIEDZIALNOŚCIĄ,16.10.Z:main
0000613615,204,not_found_or_deregistered,OLSZYNKA SPÓŁKA Z OGRANICZONĄ ODPOWIEDZIALNOŚCIĄ,16.10.Z:main
0000012475,204,not_found_or_deregistered,BUDO-ZBYT SPÓŁKA Z OGRANICZONĄ ODPOWIEDZIALNOŚCIĄ,16.10.Z:main
0000614189,204,not_found_or_deregistered,DANMAR DOMY SPÓŁKA Z OGRANICZONĄ ODPOWIEDZIALNOŚCIĄ,16.10.Z:main
0000012512,204,not_found_or_deregistered,"""JUAN-J.SZAŁAŃSKI, A.WOŻNIAK"" SPÓŁKA JAWNA",16.10.Z:main
0000013508,204,not_found_or_deregistered,"PRZEDSIĘBIORSTWO WIELOBRANŻOWE ""KOMBUD"" SPÓŁKA Z OGRANICZONĄ ODPOWIEDZIALNOŚCIĄ",16.10.Z:main
0000617405,204,not_found_or_deregistered,MARISAM GRUP SPÓŁKA Z OGRANICZONĄ ODPOWIEDZIALNOŚCIĄ,16.10.Z:main
0000013715,204,not_found_or_deregistered,PLAN CONSULT SPÓŁKA Z OGRANICZONĄ ODPOWIEDZIALNOŚCIĄ,16.10.Z:main
0000618759,204,not_found_or_deregistered,COMBUS SPÓŁKA Z OGRANICZONĄ ODPOWIEDZIALNOŚCIĄ SPÓŁKA KOMANDYTOWA,16.10.Z:main
0000013853,204,not_found_or_deregistered,"""AMB"" BABST SPÓŁKA JAWNA",16.10.Z:main
0000014308,204,not_found_or_deregistered,BIURO HANDLOWE DRZWI-TESSA SPÓŁKA JAWNA,16.10.Z:main
0000014402,204,not_found_or_deregistered,"PRZEDSIĘBIORSTWO PRODUKCYJNO-HANDLOWO-USŁUGOWE ""ZACISZE"" GŁĘBOCKI PALACZ SPÓŁKA JAWNA",16.10.Z:main
0000620765,204,not_found_or_deregistered,SPT SPÓŁKA Z OGRANICZONĄ ODPOWIEDZIALNOŚCIĄ SPÓŁKA KOMANDYTOWO-AKCYJNA,16.10.Z:main
0000620858,204,not_found_or_deregistered,SABO SPÓŁKA Z OGRANICZONĄ ODPOWIEDZIALNOŚCIĄ,16.10.Z:main
0000621520,204,not_found_or_deregistered,STOLWIT GROUP SPÓŁKA Z OGRANICZONĄ ODPOWIEDZIALNOŚCIĄ SPÓŁKA KOMANDYTOWA,16.10.Z:main
0000621622,204,not_found_or_deregistered,ADRIANA SOFA SPÓŁKA Z OGRANICZONĄ ODPOWIEDZIALNOŚCIĄ,16.10.Z:main
0000623823,204,not_found_or_deregistered,WYTWÓRNIA PARKIETÓW DĄBEX SPÓŁKA Z OGRANICZONĄ ODPOWIEDZIALNOŚCIĄ W ORGANIZACJI SPÓŁKA KOMANDYTOWA,16.10.Z:main
0000624143,204,not_found_or_deregistered,NP INVEST SPÓŁKA Z OGRANICZONĄ ODPOWIEDZIALNOŚCIĄ,16.10.Z:main
0000625036,204,not_found_or_deregistered,TOM-TECH CONSTRUCTION SPÓŁKA Z OGRANICZONĄ ODPOWIEDZIALNOŚCIĄ SPÓŁKA KOMANDYTOWA,16.10.Z:main
0000626575,204,not_found_or_deregistered,KSYLON SPÓŁKA Z OGRANICZONĄ ODPOWIEDZIALNOŚCIĄ SPÓŁKA KOMANDYTOWA,16.10.Z:main
0000626910,204,not_found_or_deregistered,"SPÓŁDZIELNIA SOCJALNA ""ALT-KUZ""",16.10.Z:main
0000628026,204,not_found_or_deregistered,SOLANO POLSKA PIETEREK I FEDYNA SPÓŁKA JAWNA,16.10.Z:main
0000628902,204,not_found_or_deregistered,KA4M SPÓŁKA Z OGRANICZONĄ ODPOWIEDZIALNOŚCIĄ,16.10.Z:main
0000629638,204,not_found_or_deregistered,ANDREX SPÓŁKA Z OGRANICZONĄ ODPOWIEDZIALNOŚCIĄ SPÓŁKA KOMANDYTOWA,16.10.Z:main
0000629962,204,not_found_or_deregistered,NOVUM SPÓŁKA Z OGRANICZONĄ ODPOWIEDZIALNOŚCIĄ SPÓŁKA KOMANDYTOWA,16.10.Z:main
0000630333,204,not_found_or_deregistered,ARO SPÓŁKA Z OGRANICZONĄ ODPOWIEDZIALNOŚCIĄ SPÓŁKA KOMANDYTOWA,16.11.Z:main
0000630588,204,not_found_or_deregistered,SAGITTAE SPÓŁKA Z OGRANICZONĄ ODPOWIEDZIALNOŚCIĄ,16.10.Z:main
0000631952,204,not_found_or_deregistered,"""DREW-BUD"" SPÓŁKA JAWNA ANNA MARCZAK ZAJĄC I ANNA ZWIERZYŃSKA Z SIEDZIBĄ W DĄBIU",16.10.Z:main
0000632229,204,not_found_or_deregistered,KAYU GROUP SPÓŁKA Z OGRANICZONĄ ODPOWIEDZIALNOŚCIĄ,16.10.Z:main
0000636900,204,not_found_or_deregistered,LOTIOM SPÓŁKA Z OGRANICZONĄ ODPOWIEDZIALNOŚCIĄ,16.10.Z:main
0000639258,204,not_found_or_deregistered,SIB LAS SPÓŁKA Z OGRANICZONĄ ODPOWIEDZIALNOŚCIĄ,16.10.Z:main
0000639347,204,not_found_or_deregistered,PRODUKCJA TARTACZNA SPÓŁKA Z OGRANICZONĄ ODPOWIEDZIALNOŚCIĄ,16.10.Z:main
0000639350,204,not_found_or_deregistered,MRE RUDNIK SPÓŁKA JAWNA,16.10.Z:main
0000639372,204,not_found_or_deregistered,UNITED CARGO SHIPPING SPÓŁKA Z OGRANICZONĄ ODPOWIEDZIALNOŚCIĄ,16.10.Z:main
0000639641,204,not_found_or_deregistered,TARTAK KRYCHÓW ARBOR SPÓŁKA Z OGRANICZONĄ ODPOWIEDZIALNOŚCIĄ SPÓŁKA KOMANDYTOWA,16.10.Z:main
0000641648,204,not_found_or_deregistered,DREWNEX DOMY DREWNIANE SPÓŁKA Z OGRANICZONĄ ODPOWIEDZIALNOŚCIĄ,16.10.Z:main
0000642259,204,not_found_or_deregistered,WOOD & WINE SPÓŁKA Z OGRANICZONĄ ODPOWIEDZIALNOŚCIĄ,16.10.Z:main
0000642802,204,not_found_or_deregistered,MAR-MILAN SPÓŁKA Z OGRANICZONĄ ODPOWIEDZIALNOŚCIĄ,16.10.Z:main
0000643505,204,not_found_or_deregistered,VIKING KRAFT SPÓŁKA Z OGRANICZONĄ ODPOWIEDZIALNOŚCIĄ,16.10.Z:main
0000644049,204,not_found_or_deregistered,TARTAK BIAŁAS SPÓŁKA JAWNA,16.10.Z:main
0000644052,204,not_found_or_deregistered,AGRO ENERGIA SPÓŁKA Z GRANICZONĄ ODPOWIEDZIALNOŚCIĄ,16.10.Z:main
0000644511,204,not_found_or_deregistered,HOME EQUITY SPÓŁKA Z OGRANICZONĄ ODPOWIEDZIALNOŚCIĄ,16.10.Z:main
0000647021,204,not_found_or_deregistered,DĄB DEWELOPER SPÓŁKA Z OGRANICZONĄ ODPOWIEDZIALNOŚCIĄ SPÓŁKA KOMANDYTOWA,16.10.Z:main
0000648084,204,not_found_or_deregistered,FIRMA MAŁECKI SPÓŁKA Z OGRANICZONĄ ODPOWIEDZIALNOŚCIĄ,16.10.Z:main
0000649238,204,not_found_or_deregistered,COVER BVBA SPÓŁKA Z OGRANICZONĄ ODPOWIEDZIALNOŚCIĄ,16.10.Z:main
0000649317,204,not_found_or_deregistered,DREZA SPÓŁKA Z OGRANICZONĄ ODPOWIEDZIALNOŚCIĄ SPÓŁKA KOMANDYTOWA,16.10.Z:main
0000650344,204,not_found_or_deregistered,SVITLANA SPÓŁKA Z OGRANICZONĄ ODPOWIEDZIALNOŚCIĄ,16.10.Z:main
0000651194,204,not_found_or_deregistered,FABRYKA ZIELENI SPÓŁKA Z OGRANICZONĄ ODPOWIEDZIALNOŚCIĄ SPÓŁKA KOMANDYTOWA,16.10.Z:main
0000651926,204,not_found_or_deregistered,ECO-SUKCES SPÓŁKA Z OGRANICZONĄ ODPOWIEDZIALNOŚCIĄ,16.10.Z:main
0000654449,204,not_found_or_deregistered,NEON PLUS SPÓŁKA Z OGRANICZONĄ ODPOWIEDZIALNOŚCIĄ,16.10.Z:main
0000656157,204,not_found_or_deregistered,ZETKOM SPÓŁKA Z OGRANICZONĄ ODPOWIEDZIALNOŚCIĄ,16.10.Z:main
0000656734,204,not_found_or_deregistered,ARMET I SPÓŁKA Z OGRANICZONĄ ODPOWIEDZIALNOŚCIĄ,16.10.Z:main
0000656848,204,not_found_or_deregistered,SAN CITY SPÓŁKA Z OGRANICZONĄ ODPOWIEDZIALNOŚCIĄ,16.10.Z:main
0000657796,204,not_found_or_deregistered,LOBO LOGISTICS SPÓŁKA Z OGRANICZONĄ ODPOWIEDZIALNOŚCIĄ,16.10.Z:main
0000658134,204,not_found_or_deregistered,LETO SPÓŁKA Z OGRANICZONĄ ODPOWIEDZIALNOŚCIĄ,16.10.Z:main
0000659598,204,not_found_or_deregistered,PRZEDSIĘBIORSTWO KMP SPÓŁKA Z OGRANICZONĄ ODPOWIEDZIALNOŚCIĄ SPÓŁKA KOMANDYTOWA,16.10.Z:main
0000660123,204,not_found_or_deregistered,DĄBEX MAREK NOWAK I WSPÓLNICY SPÓŁKA KOMANDYTOWA,16.10.Z:main
0000663092,204,not_found_or_deregistered,MINPLAST SPÓŁKA Z OGRANICZONĄ ODPOWIEDZIALNOŚCIĄ,16.10.Z:main
0000664263,204,not_found_or_deregistered,EGO WINDOWS SPÓŁKA Z OGRANICZONĄ ODPOWIEDZIALNOŚCIĄ,16.10.Z:main
0000665466,204,not_found_or_deregistered,GREEN FIELD SPÓŁKA Z OGRANICZONĄ ODPOWIEDZIALNOŚCIĄ SPÓŁKA KOMANDYTOWA,16.10.Z:main
0000666312,204,not_found_or_deregistered,HEPATUS SPÓŁKA Z OGRANICZONĄ ODPOWIEDZIALNOŚCIĄ,16.10.Z:main
0000667719,204,not_found_or_deregistered,THEARTE SPÓŁKA Z OGRANICZONĄ ODPOWIEDZIALNOŚCIĄ,16.10.Z:main
0000668495,204,not_found_or_deregistered,KNAPEL SPÓŁKA Z OGRANICZONĄ ODPOWIEDZIALNOŚCIĄ,16.10.Z:main
0000668923,204,not_found_or_deregistered,BJ SERVICE SPÓŁKA Z OGRANICZONĄ ODPOWIEDZIALNOŚCIĄ,16.10.Z:main
0000669464,204,not_found_or_deregistered,UA KONTRAKT SPÓŁKA Z OGRANICZONĄ ODPOWIEDZIALNOŚCIĄ,16.10.Z:main
0000669847,204,not_found_or_deregistered,BOREAS SPÓŁKA Z OGRANICZONĄ ODPOWIEDZIALNOŚCIĄ SPÓŁKA KOMANDYTOWA,16.10.Z:main
0000670281,204,not_found_or_deregistered,STRU WOOD SPÓŁKA Z OGRANICZONĄ ODPOWIEDZIALNOŚCIĄ,16.10.Z:main
0000670504,204,not_found_or_deregistered,BOMBE FRAME SPÓŁKA Z OGRANICZONĄ ODPOWIEDZIALNOŚCIĄ,16.10.Z:main
0000671483,204,not_found_or_deregistered,KK QUATRO SPÓŁKA Z OGRANICZONĄ ODPOWIEDZIALNOŚCIĄ,16.10.Z:main
0000671965,204,not_found_or_deregistered,"MR - DREW JANUSZ MAKÓWKA, DARIUSZ RZYMOWSKI SPÓŁKA JAWNA",16.10.Z:main
0000672024,204,not_found_or_deregistered,JO SPÓŁK Z OGRANICZONĄ ODPOWIEDZIALNOŚCIĄ,16.10.Z:main
0000672951,204,not_found_or_deregistered,GRUPA DĄB SPÓŁKA Z OGRANICZONĄ ODPOWIEDZIALNOŚCIĄ,16.10.Z:main
0000674227,204,not_found_or_deregistered,TYMYR WOOD SPÓŁKA Z OGRANICZONĄ ODPOWIEDZIALNOŚCIĄ,16.10.Z:main
0000674687,204,not_found_or_deregistered,FORTIS POLAND SPÓŁKA Z OGRANICZONĄ ODPOWIEDZIALNOŚCIĄ,16.10.Z:main
0000674826,204,not_found_or_deregistered,JB SERVICE SPÓŁKA Z OGRANICZONĄ ODPOWIEDZIALNOŚCIĄ,16.10.Z:main
0000675066,204,not_found_or_deregistered,FIAMMA ALTA SPÓŁKA Z OGRANICZONĄ ODPOWIEDZIALNOŚCIĄ,16.10.Z:main
0000675647,204,not_found_or_deregistered,ELTOM T.KULICKI SPÓŁKA JAWNA,16.10.Z:main
0000676086,204,not_found_or_deregistered,SPÓŁDZIELNIA SOCJALNA ITECH,16.10.Z:main
0000676695,204,not_found_or_deregistered,RM SERVICE SPÓŁKA Z OGRANICZONĄ ODPOWIEDZIALNOŚCIĄ,16.10.Z:main
0000676775,204,not_found_or_deregistered,ENERGY D.S. SPÓŁKA Z OGRANICZONĄ ODPOWIEDZIALNOŚCIĄ,16.10.Z:main
0000677636,204,not_found_or_deregistered,INTEGRAF SPÓŁKA Z OGRANICZONĄ ODPOWIEDZIALNOŚCIĄ,16.10.Z:main
0000677860,204,not_found_or_deregistered,GRUPA BIELSKO SPÓŁKA Z OGRANICZONĄ ODPOWIEDZIALNOŚCIĄ,16.10.Z:main
0000678499,204,not_found_or_deregistered,NAHO BUD SPÓŁKA Z OGRANICZONĄ ODPOWIEDZIALNOŚCIĄ,16.10.Z:main
0000678551,204,not_found_or_deregistered,PAS BUD SPÓŁKA Z OGRANICZONĄ ODPOWIEDZIALNOŚCIĄ,16.10.Z:main
0000679100,204,not_found_or_deregistered,SPEC SPÓŁKA Z OGRANICZONĄ ODPOWIEDZIALNOŚCIĄ,16.10.Z:main
0000679101,204,not_found_or_deregistered,AWIS HANDEL SPÓŁKA Z OGRANICZONĄ ODPOWIEDZIALNOŚCIĄ,16.10.Z:main
0000679364,204,not_found_or_deregistered,INA BUD SPÓŁKA Z OGRANICZONĄ ODPOWIEDZIALNOŚCIĄ,16.10.Z:main
0000681810,204,not_found_or_deregistered,DREW-TRAK SPÓŁKA Z OGRANICZONĄ ODPOWIEDZIALNOŚCIĄ,16.10.Z:main
0000683898,204,not_found_or_deregistered,M-MEBLI SPÓŁKA Z OGRANICZONĄ ODPOWIEDZIALNOŚCIĄ,16.10.Z:main
0000684489,204,not_found_or_deregistered,REFERENDARZ MONIKA WÓJCIK,16.10.Z:main
0000685284,204,not_found_or_deregistered,JET-LINE SPÓŁKA Z OGRANICZONĄ ODPOWIEDZIALNOŚCIĄ,16.10.Z:main
0000686089,204,not_found_or_deregistered,PAGIO SPÓŁKA Z OGRANICZONĄ ODPOWIEDZIALNOŚCIĄ,16.10.Z:main
0000686118,204,not_found_or_deregistered,REMONTY PRO SPÓŁKA Z OGRANICZONĄ ODPOWIEDZIALNOŚCIĄ,16.10.Z:main
0000688247,204,not_found_or_deregistered,ALDER SPÓŁKA Z OGRANICZONĄ ODPOWIEDZIALNOŚCIĄ,16.10.Z:main
0000688658,204,not_found_or_deregistered,GRANBUD SPÓŁKA Z OGRANICZONĄ ODPOWIEDZIALNOŚCIĄ SPÓŁKA KOMANDYTOWA,16.10.Z:main
0000692890,204,not_found_or_deregistered,DURAJ'S WOOD SPÓŁKA Z OGRANICZONĄ ODPOWIEDZIALNOŚCIĄ SPÓŁKA KOMANDYTOWA,16.10.Z:main
0000694292,204,not_found_or_deregistered,"SPÓŁDZIELNIA SOCJALNA ""GALERIA NATURA""",16.10.Z:main
0000695468,204,not_found_or_deregistered,"""JET-TRANS LOGISTICS SPÓŁKA Z OGRANICZONĄ ODPOWIEDZIALNOŚCIĄ""",16.10.Z:main
0000695634,204,not_found_or_deregistered,EXPORT PACK POLSKA SPÓŁKA Z OGRANICZONĄ ODPOWIEDZIALNOŚCIĄ & CO. SPÓŁKA KOMANDYTOWA,16.10.Z:main
0000695862,204,not_found_or_deregistered,SARA TIMBER SPÓŁKA Z OGRANICZONĄ ODPOWIEDZIALNOŚCIĄ,16.10.Z:main
0000697827,204,not_found_or_deregistered,NORD WOOD SPÓŁKA Z OGRANICZONĄ ODPOWIEDZIALNOŚCIĄ,16.10.Z:main
0000697829,204,not_found_or_deregistered,ROOM MEBLE DYDO & DYDO SPÓŁKA JAWNA,16.10.Z:main
0000702186,204,not_found_or_deregistered,SMART BUSINESS SOLUTIONS COMPANY SPÓŁKA Z OGRANICZONĄ ODPOWIEDZIALNOŚCIĄ,16.10.Z:main
0000702357,204,not_found_or_deregistered,"SPÓŁDZIELNIA SOCJALNA ""OD DESKI DO DESKI""",16.10.Z:main
0000703953,204,not_found_or_deregistered,PALTRA SPÓŁKA Z OGRANICZONĄ ODPOWIEDZIALNOŚCIĄ,16.10.Z:main
0000704672,204,not_found_or_deregistered,JG GROUP SPÓŁKA Z OGRANICZONĄ ODPOWIEDZIALNOŚCIĄ,16.10.Z:main
0000706129,204,not_found_or_deregistered,EMAJ JP SPÓŁKA Z OGRANICZONĄ ODPOWIEDZIALNOŚCIĄ,16.10.Z:main
0000706397,204,not_found_or_deregistered,WHITEHORN SPÓŁKA Z OGRANICZONĄ ODPOWIEDZIALNOŚCIĄ SPÓŁKA KOMANDYTOWA,16.10.Z:main
0000710763,204,not_found_or_deregistered,"""JOKO"" SPÓŁKA Z OGRANICZONĄ ODPOWIEDZIALNOŚCIĄ SPÓŁKA KOMANDYTOWA",16.10.Z:main
0000711118,204,not_found_or_deregistered,K&U GROUP SPÓŁKA Z OGRANICZONĄ ODPOWIEDZIALNOŚCIĄ,16.10.Z:main
0000711635,204,not_found_or_deregistered,JM SERVICE SPÓŁKA Z OGRANICZONĄ ODPOWIEDZIALNOŚCIĄ SPÓŁKA KOMANDYTOWA,16.10.Z:main
0000711667,204,not_found_or_deregistered,WOOD MASTER SPÓŁKA Z OGRANICZONĄ ODPOWIEDZIALNOŚCIĄ,16.10.Z:main
0000714186,204,not_found_or_deregistered,SYBOŃ MICHAŁ I MAGDALENA SPÓŁKA JAWNA,16.10.Z:main
0000715582,204,not_found_or_deregistered,TARTAK SŁAWOMIR PIERÓG SPÓŁKA Z OGRANICZONĄ ODPOWIEDZIALNOŚCIĄ,16.10.Z:main
0000718292,204,not_found_or_deregistered,PROVOL SPÓŁKA Z OGRANICZONĄ ODPOWIEDZIALNOŚCIĄ,16.10.Z:main
0000718368,204,not_found_or_deregistered,JABKO SPÓŁKA Z OGRANICZONĄ ODPOWIEDZIALNOŚCIĄ,16.10.Z:main
0000721317,204,not_found_or_deregistered,FIRMA MAŁECKI II SPÓŁKA Z OGRANICZONĄ ODPOWIEDZIALNOŚCIĄ SPÓŁKA KOMANDYTOWA,16.10.Z:main
0000726407,204,not_found_or_deregistered,SIN CITY SPÓŁKA Z OGRANICZONĄ ODPOWIEDZIALNOŚCIĄ,16.10.Z:main
0000729210,204,not_found_or_deregistered,WOOFUDESIGN SPÓŁKA Z OGRANICZONĄ ODPOWIEDZIALNOŚCIĄ,16.10.Z:main
0000729973,204,not_found_or_deregistered,LONWERD SPÓŁKA Z OGRANICZONĄ ODPOWIEDZIALNOŚCIĄ SPÓŁKA KOMANDYTOWA,16.10.Z:main
0000733147,204,not_found_or_deregistered,WIOMAG DĄBROWSKI BOCHNIEWSKI SPÓŁKA JAWNA,16.10.Z:main
0000734138,204,not_found_or_deregistered,ZINER SPÓŁKA Z OGRANICZONĄ ODPOWIEDZIALNOŚCIĄ,16.10.Z:main
0000735275,204,not_found_or_deregistered,INNO-PELLET SPÓŁKA Z OGRANICZONĄ ODPOWIEDZIALNOŚCIĄ,16.10.Z:main
0000735523,204,not_found_or_deregistered,USŁUGI TRANSPORTOWE - PILARSCY SPÓŁKA Z OGRANICZONĄ ODPOWIEDZIALNOŚCIĄ,16.10.Z:main
0000739335,204,not_found_or_deregistered,OCTOBER SPÓŁKA Z OGRANICZONĄ ODPOWIEDZIALNOŚCIĄ,16.10.Z:main
0000740038,204,not_found_or_deregistered,WIAR NOWA SPÓŁKA Z OGRANICZONĄ ODPOWIEDZIALNOŚCIĄ,16.10.Z:main
0000740233,204,not_found_or_deregistered,GB INVEST SPÓŁKA Z OGRANICZONĄ ODPOWIEDZIALNOŚCIĄ,16.10.Z:main
0000742103,204,not_found_or_deregistered,PION PROFESSIONAL SPÓŁKA Z OGRANICZONĄ ODPOWIEDZIALNOŚCIĄ,16.10.Z:main
0000743697,204,not_found_or_deregistered,BLACK SHEEP EAT SPÓŁKA Z OGRANICZONĄ ODPOWIEDZIALNOŚCIĄ,16.10.Z:main
0000743951,204,not_found_or_deregistered,ECOHAUS PLUS ENERGY SPÓŁKA Z OGRANICZONĄ ODPOWIEDZIALNOŚCIĄ,16.10.Z:main
0000745463,204,not_found_or_deregistered,PALOPA SPÓŁKA Z OGRANICZONĄ ODPOWIEDZIALNOŚCIĄ,16.10.Z:main
0000746262,204,not_found_or_deregistered,PLANKA SPÓŁKA Z OGRANICZONĄ ODPOWIEDZIALNOŚCIĄ,16.10.Z:main
0000748593,204,not_found_or_deregistered,EDX SPÓŁKA Z OGRANICZONĄ ODPOWIEDZIALNOŚCIĄ SPÓŁKA KOMANDYTOWA,16.10.Z:main
0000749314,204,not_found_or_deregistered,HOLA SPÓŁKA Z OGRANICZONĄ ODPOWIEDZIALNOŚCIĄ,16.10.Z:main
0000749961,204,not_found_or_deregistered,"""SKLEJKA - PISZ"" PAGED SPÓŁKA Z OGRANICZONĄ ODPOWIEDZIALNOŚCIĄ",16.10.Z:main
0000750283,204,not_found_or_deregistered,SPIN OF HOUSE SPÓŁKA Z OGRANICZONĄ ODPOWIEDZIALNOŚCIĄ,16.10.Z:main
0000750309,204,not_found_or_deregistered,PRODUCT ST SPÓŁKA Z OGRANICZONĄ ODPOWIEDZIALNOŚCIĄ,16.10.Z:main
0000751721,204,not_found_or_deregistered,ET OPTIMA SPÓŁKA Z OGRANICZONĄ ODPOWIEDZIALNOŚCIĄ SPÓŁKA KOMANDYTOWA,16.10.Z:main
0000752007,204,not_found_or_deregistered,OUTPOST SPÓŁKA Z OGRANICZONĄ ODPOWIEDZIALNOŚCIĄ,16.10.Z:main
0000752471,204,not_found_or_deregistered,PARTNER LEASING PRACOWNICZY SPÓŁKA Z OGRANICZONĄ ODPOWIEDZIALNOŚCIĄ SPÓŁKA KOMANDYTOWA,16.10.Z:main
0000753230,204,not_found_or_deregistered,BARLINEK ZAKUPY 10 SPÓŁKA Z OGRANICZONĄ ODPOWIEDZIALNOŚCIĄ,16.10.Z:main
0000753231,204,not_found_or_deregistered,BARLINEK ZAKUPY 4 SPÓŁKA Z OGRANICZONĄ ODPOWIEDZIALNOŚCIĄ,16.10.Z:main
0000753233,204,not_found_or_deregistered,BARLINEK ZAKUPY 2 SPÓŁKA Z OGRANICZONĄ ODPOWIEDZIALNOŚCIĄ,16.10.Z:main
0000753236,204,not_found_or_deregistered,BARLINEK ZAKUPY 7 SPÓŁKA Z OGRANICZONĄ ODPOWIEDZIALNOŚCIĄ,16.10.Z:main
0000753237,204,not_found_or_deregistered,BARLINEK ZAKUPY 8 SPÓŁKA Z OGRANICZONĄ ODPOWIEDZIALNOŚCIĄ,16.10.Z:main
0000753249,204,not_found_or_deregistered,BARLINEK ZAKUPY 9 SPÓŁKA Z OGRANICZONĄ ODPOWIEDZIALNOŚCIĄ,16.10.Z:main
0000753261,204,not_found_or_deregistered,BARLINEK ZAKUPY 1 SPÓŁKA Z OGRANICZONĄ ODPOWIEDZIALNOŚCIĄ,16.10.Z:main
0000753281,204,not_found_or_deregistered,BARLINEK ZAKUPY 3 SPÓŁKA Z OGRANICZONĄ ODPOWIEDZIALNOŚCIĄ,16.10.Z:main
0000753355,204,not_found_or_deregistered,BARLINEK ZAKUPY 6 SPÓŁKA Z OGRANICZONĄ ODPOWIEDZIALNOŚCIĄ,16.10.Z:main
0000753850,204,not_found_or_deregistered,BARLINEK ZAKUPY 11 SPÓŁKA Z OGRANICZONĄ ODPOWIEDZIALNOŚCIĄ,16.10.Z:main
0000754224,204,not_found_or_deregistered,STANDARD SPÓŁKA Z OGRANICZONĄ ODPOWIEDZIALNOŚCIĄ,16.10.Z:main
0000755437,204,not_found_or_deregistered,AVANTGARDE PROJECT SPÓŁKA Z OGRANICZONĄ ODPOWIEDZIALNOŚCIĄ SPÓŁKA KOMANDYTOWA,16.10.Z:main
0000756821,204,not_found_or_deregistered,NARA SPÓŁKA Z OGRANICZONĄ ODPOWIEDZIALNOŚCIĄ,16.10.Z:main
0000757428,204,not_found_or_deregistered,FROGWOOD SPÓŁKA Z OGRANICZONĄ ODPOWIEDZIALNOŚCIĄ,16.10.Z:main
0000757589,204,not_found_or_deregistered,PROVERTE SPÓŁKA Z OGRANICZONĄ ODPOWIEDZIALNOŚCIĄ,16.10.Z:main
0000758803,204,not_found_or_deregistered,PROVERTE SPÓŁKA Z OGRANICZONĄ ODPOWIEDZIALNOŚCIĄ SPÓŁKA KOMANDYTOWA,16.10.Z:main
0000759775,204,not_found_or_deregistered,ŚLĄSKIE CENTRUM PALET SPÓŁKA Z OGRANICZONĄ ODPOWIEDZIALNOŚCIĄ,16.10.Z:main
0000759838,204,not_found_or_deregistered,"""M2VS"" SPÓŁKA Z OGRANICZONĄ ODPOWIEDZIALNOŚCIĄ",16.10.Z:main
0000760044,204,not_found_or_deregistered,ERKADO RADOM SPÓŁKA Z OGRANICZONĄ ODPOWIEDZIALNOŚCIĄ SPÓŁKA KOMANDYTOWA,16.10.Z:main
0000761831,204,not_found_or_deregistered,KONAR SPÓŁKA Z OGRANICZONĄ ODPOWIEDZIALNOŚCIĄ,16.10.Z:main
0000763830,204,not_found_or_deregistered,"ELŻBIETA KRUPA TECHNICZNO-HANDLOWA OBSŁUGA ROLNICTWA ""TORAL"" SPÓŁKA Z OGRANICZONĄ ODPOWIEDZIALNOŚCIĄ",16.10.Z:main
0000764403,204,not_found_or_deregistered,EUROMEBEL TATIANA BAŃKOWIAK SPÓŁKA Z OGRANICZONĄ ODPOWIEDZIALNOŚCIĄ,16.10.Z:main
0000764993,204,not_found_or_deregistered,FWMT POLAND SPÓŁKA Z OGRANICZONĄ ODPOWIEDZIALNOŚCIĄ SPÓŁKA KOMANDYTOWA,16.10.Z:main
0000766466,204,not_found_or_deregistered,"PRZEDSIĘBIORSTWO USŁUGOWO-PRODUKCYJNE ""ARO"" SPÓŁKA Z OGRANICZONĄ ODPOWIEDZIALNOŚCIĄ",16.10.Z:main
0000767008,204,not_found_or_deregistered,JAN-KAR SPÓŁKA Z OGRANICZONĄ ODPOWIEDZIALNOŚCIĄ SPÓŁKA KOMANDYTOWA,16.10.Z:main
0000770613,204,not_found_or_deregistered,SAILTECH SPÓŁKA Z OGRANICZONĄ ODPOWIEDZIALNOŚCIĄ,16.10.Z:main
0000771034,204,not_found_or_deregistered,ANTIQUEWOOD SPÓŁKA Z OGRANICZONĄ ODPOWIEDZIALNOŚCIĄ,16.10.Z:main
0000771238,204,not_found_or_deregistered,ALBERI SPÓŁKA Z OGRANICZONĄ ODPOWIEDZIALNOŚCIĄ,16.10.Z:main
0000772498,204,not_found_or_deregistered,ZZ PRODUCTIONS SPÓŁKA Z OGRANICZONĄ ODPOWIEDZIALNOŚCIĄ,16.10.Z:main
0000775790,204,not_found_or_deregistered,ECORECYKLING MEJZNER SPÓŁKA KOMANDTYOWA,16.10.Z:main
0000776235,204,not_found_or_deregistered,CND SPÓŁKA Z OGRANICZONĄ ODPOWIEDZIALNOŚCIĄ SPÓŁKA KOMANDYTOWA,16.10.Z:main
0000778055,204,not_found_or_deregistered,OROC SPÓŁKA Z OGRANICZONĄ ODPOWIEDZIALNOŚCIĄ,16.10.Z:main
0000778238,204,not_found_or_deregistered,4EXPLORER SPÓŁKA Z OGRANICZONĄ ODPOWIEDZIALNOŚCIĄ,16.10.Z:main
0000778426,204,not_found_or_deregistered,"ARTMAR WOOD MARKIEWICZ, PISIEWICZ  SPÓŁKA JAWNA",16.10.Z:main
0000778970,204,not_found_or_deregistered,PALETTEN FUTEX SPÓŁKA Z OGRANICZONĄ ODPOWIEDZIALNOŚCIĄ,16.10.Z:main
0000779108,204,not_found_or_deregistered,EUROMEBEL SPÓŁKA Z OGRANICZONĄ ODPOWIEDZIALNOŚCIĄ SPÓŁKA KOMANDYTOWA,16.10.Z:main
0000781471,204,not_found_or_deregistered,TARBUD SPÓŁKA Z OGRANICZONĄ ODPOWIEDZIALNOŚCIĄ,16.10.Z:main
0000784333,204,not_found_or_deregistered,ZBD MARSZAŁEK SPÓŁKA JAWNA,16.10.Z:main
0000791081,204,not_found_or_deregistered,LECĄ WIÓRY SPÓŁKA Z OGRANICZONĄ ODPOWIEDZIALNOŚCIĄ SPÓŁKA KOMANDYTOWA,16.10.Z:main
0000791377,204,not_found_or_deregistered,WIK-BUD PRZEDSIĘBIORSTWO PRODUKCYJNO-HANDLOWE SPÓŁKA Z OGRANICZONĄ ODPOWIEDZIALNOŚCIĄ,16.10.Z:main
0000791540,204,not_found_or_deregistered,NARA SPÓŁKA Z OGRANICZONĄ ODPOWIEDZIALNOŚCIĄ SPÓŁKA KOMANDYTOWA,16.10.Z:main
0000791601,204,not_found_or_deregistered,HUAW MOBILE SPÓŁKA Z OGRANICZONĄ ODPOWIEDZIALNOŚCIĄ,16.10.Z:main
0000791685,204,not_found_or_deregistered,WST- TRAGWERKE POLEN SPÓŁKA Z OGRANICZONĄ ODPOWIEDZIALNOŚCIĄ,16.10.Z:main
0000795002,204,not_found_or_deregistered,NPG SPÓŁKA Z OGRANICZONĄ ODPOWIEDZIALNOŚCIĄ,16.10.Z:main
0000795815,204,not_found_or_deregistered,ŁOŻYSKA.PL SPÓŁKA Z OGRANICZONĄ ODPOWIEDZIALNOŚCIĄ,16.10.Z:main
0000797755,204,not_found_or_deregistered,TADEX PLUS SPÓŁKA Z OGRANICZONĄ ODPOWIEDZIALNOŚCIĄ,16.10.Z:main
0000803171,204,not_found_or_deregistered,5:PM DESIGN SPÓŁKA Z OGRANICZONĄ ODPOWIEDZIALNOŚCIĄ,16.10.Z:main
0000803747,204,not_found_or_deregistered,SPOLMEX SPÓŁKA Z OGRANICZONĄ ODPOWIEDZIALNOŚCIĄ,16.10.Z:main
0000804560,204,not_found_or_deregistered,NATURA WOOD SPÓŁKA Z OGRANICZONĄ ODPOWIEDZIALNOŚCIĄ SPÓŁKA KOMANDYTOWA,16.10.Z:main
0000809437,204,not_found_or_deregistered,AUTOMX SPÓŁKA Z OGRANICZONĄ ODPOWIEDZIALNOŚCIĄ,16.10.Z:main
0000813683,204,not_found_or_deregistered,WEAVER BIRD SPÓŁKA Z OGRANICZONĄ ODPOWIEDZIALNOŚCIĄ,16.10.Z:main
0000813713,204,not_found_or_deregistered,OTOMAM SPÓŁKA Z OGRANICZONĄ ODPOWIEDZIALNOŚCIĄ,16.10.Z:main
0000814278,204,not_found_or_deregistered,EKO-KOL SPÓŁKA Z OGRANICZONĄ ODPOWIEDZIALNOŚCIĄ,16.10.Z:main
0000814322,204,not_found_or_deregistered,WIKON 2 SPÓŁKA Z OGRANICZONĄ ODPOWIEDZIALNOIŚCIĄ,16.10.Z:main
0000816824,204,not_found_or_deregistered,KATRIN PLUS SPÓŁKA Z OGRANICZONĄ ODPOWIEDZIALNOŚCIĄ,16.10.Z:main
0000829693,204,not_found_or_deregistered,OCEAL SPÓŁKA Z OGRANICZONĄ ODPOWIEDZIALNOŚCIĄ,16.10.Z:main
0000830875,204,not_found_or_deregistered,NOWA SPÓŁKA Z OGRANICZONĄ ODPOWIEDZIALNOŚCIĄ SPÓŁKA KOMANDYTOWA,16.10.Z:main
0000831333,204,not_found_or_deregistered,ECO-DREWOL SPÓŁKA Z OGRANICZONĄ ODPOWIEDZIALNOŚCIĄ,16.10.Z:main
0000832367,204,not_found_or_deregistered,TARTAK - GAŁKA SPÓŁKA JAWNA,16.10.Z:main
0000838300,204,not_found_or_deregistered,ARISTO ECO HOME SPÓŁKA Z OGRANICZONĄ ODPOWIEDZIALNOŚCIĄ SPÓŁKA KOMANDYTOWA,16.10.Z:main
0000839270,204,not_found_or_deregistered,FRONT-CIECH SPÓŁKA Z OGRANICZONĄ ODPOWIEDZIALNOŚCIĄ,16.10.Z:main
0000840112,204,not_found_or_deregistered,UKINV SPÓŁKA Z OGRANICZONĄ ODPOWIEDZIALNOŚCIĄ,16.10.Z:main
0000841531,204,not_found_or_deregistered,SIELANKA GROUP SPÓŁKA Z OGRANICZONĄ ODPOWIEDZIALNOŚCIĄ SPÓŁKA KOMANDYTOWA,16.10.Z:main
0000845387,204,not_found_or_deregistered,ZIKA SPÓŁKA Z OGRANICZONĄ ODPOWIEDZIALNOŚCIĄ,16.10.Z:main
0000845773,204,not_found_or_deregistered,DREWNO-EXPERT SPÓŁKA Z OGRANICZONĄ ODPOWIEDZIALNOŚCIĄ,16.10.Z:main
0000847755,204,not_found_or_deregistered,MAK-TEAM SPÓŁKA Z OGRANICZONĄ ODPOWIEDZIALNOŚCIĄ,16.10.Z:main
0000851059,204,not_found_or_deregistered,AK SPÓŁKA Z OGRANICZONĄ ODPOWIEDZIALNOŚCIĄ SPÓŁKA KOMANDYTOWA,16.10.Z:main
0000852944,204,not_found_or_deregistered,LF SPÓŁKA Z OGRANICZONĄ ODPOWIEDZIALNOŚCIĄ GARDEN SPÓŁKA KOMANDYTOWA,16.10.Z:main
0000854167,204,not_found_or_deregistered,MAS TARTAK SPÓŁKA Z OGRANICZONĄ ODPOWIEDZIALNOŚCIĄ,16.10.Z:main
0000854246,204,not_found_or_deregistered,EKOMASS SPÓŁKA Z OGRANICZONA ODPOWIEDZIALNOŚCIĄ,16.10.Z:main
0000854647,204,not_found_or_deregistered,FENIX + SPÓŁKA Z OGRANICZONĄ ODPOWIEDZIALNOŚCIĄ,16.10.Z:main
0000856014,204,not_found_or_deregistered,STOLARNIA JABŁONKA SPÓŁKA Z OGRANICZONĄ ODPOWIEDZIALNOŚCIĄ,16.10.Z:main
0000860392,204,not_found_or_deregistered,LSJ JEZIORSKI SPÓŁKA KOMANDYTOWA,16.10.Z:main
0000862723,204,not_found_or_deregistered,FROTEG SPÓŁKA Z OGRANICZONĄ ODPOWIEDZIALNOŚCIĄ,16.10.Z:main
0000864581,204,not_found_or_deregistered,ALL4PACK SPÓŁKA Z OGRANICZONĄ ODPOWIEDZIALNOŚCIĄ SPÓŁKA KOMANDYTOWA,16.10.Z:main
0000870530,204,not_found_or_deregistered,SERETPOLSKA SPÓŁKA Z OGRANICZONĄ ODPOWIEDZIALNOŚCIĄ,16.10.Z:main
0000871572,204,not_found_or_deregistered,"""DREW BUD SERWIS"" SPÓŁKA Z OGRANICZONĄ ODPOWIEDZIALNOŚCIĄ",16.10.Z:main
0000874743,204,not_found_or_deregistered,SAFEWORK SPÓŁKA Z OGRANICZONĄ ODPOWIEDZIALNOŚCIĄ SPÓŁKA JAWNA,16.10.Z:main
0000877760,204,not_found_or_deregistered,BUDUJEMYMAZURY SPÓŁKA Z OGRANICZONĄ ODPOWIEDZIALNOŚCIĄ,16.10.Z:main
0000880235,204,not_found_or_deregistered,PPHU SEWD PIETRZAK SPÓŁKA JAWNA,16.10.Z:main
0000881045,204,not_found_or_deregistered,MURAPOL PROJEKT 29 SPÓŁKA Z OGRANICZONĄ ODPOWIEDZIALNOŚCIĄ SPÓŁKA KOMANDYTOWA,16.10.Z:main
0000883696,204,not_found_or_deregistered,BEYSTER B.BEJSTER SPÓŁKA JAWNA,16.10.Z:main
0000884426,204,not_found_or_deregistered,SIP TECHNIK SPÓŁKA Z OGRANICZONĄ ODPOWIEDZIALNOŚCIĄ,16.10.Z:main
0000886105,204,not_found_or_deregistered,ART-B SPÓŁKA Z OGRANICZONĄ ODPOWIEDZIALNOŚCIĄ,16.10.Z:main
0000895444,204,not_found_or_deregistered,RUREX SPÓŁKA Z OGRANICZONĄ ODPOWIEDZIALNOŚCIĄ SPÓŁKA JAWNA,16.10.Z:main
0000897302,204,not_found_or_deregistered,ZAKŁADY DRZEWNE ZADOBRZE GRZYWACZ SPÓŁKA JAWNA,16.10.Z:main
0000903244,204,not_found_or_deregistered,ZAKARPATIA PL SPÓŁKA Z OGRANICZONĄ ODPOWIEDZIALNOŚCIĄ,16.10.Z:main
0000906086,204,not_found_or_deregistered,CAMELEEON SPÓŁKA Z OGRANICZONĄ ODPOWIEDZIALNOŚCIĄ,16.10.Z:main
0000907575,204,not_found_or_deregistered,HEMPFY BLOCK SPÓŁKA Z OGRANICZONĄ ODPOWIEDZIALNOŚCIĄ,16.10.Z:main
0000910526,204,not_found_or_deregistered,NEW ELEGANCE FURNITURE SPÓŁKA JAWNA,16.10.Z:main
0000913537,204,not_found_or_deregistered,ZABDREWMIX SPÓŁKA Z OGRANICZONĄ ODPOWIEDZIALNOŚCIĄ,16.10.Z:main
0000914223,204,not_found_or_deregistered,MONCEAU SPÓŁKA Z OGRANICZONĄ ODPOWIEDZIALNOŚCIĄ,16.10.Z:main
0000918357,204,not_found_or_deregistered,GAMECHANGERS SPÓŁKA Z OGRANICZONĄ ODPOWIEDZIALNOŚCIĄ,16.10.Z:main
0000920876,204,not_found_or_deregistered,"SPÓŁDZIELNIA SOCJALNA ""DREW-PAL""",16.10.Z:main
0000934182,204,not_found_or_deregistered,RABOTA SPÓŁKA Z OGRANICZONĄ ODPOWIEDZIALNOŚCIĄ,16.10.Z:main
0000934730,204,not_found_or_deregistered,DREWPOL SDG SPÓŁKA Z OGRANICZONĄ ODPOWIEDZIALNOŚCIĄ,16.10.Z:main
0000940013,204,not_found_or_deregistered,RESTWOOD JEZIORSKI SPÓŁKA KOMANDYTOWA,16.10.Z:main
0000942421,204,not_found_or_deregistered,BLACH-DEK PROJEKT T. PISKORZ  SPÓŁKA KOMANDYTOWA,16.10.Z:main
0000942595,204,not_found_or_deregistered,USŁUGI STOLARSKO SUSZARNICZE SPÓŁKA Z OGRANICZONĄ ODPOWIEDZIALNOŚCIĄ,16.10.Z:main
0000950868,204,not_found_or_deregistered,HOLZ CONCEPT KOBUS SPÓŁKA KOMANDYTOWA,16.10.Z:main
0000952115,204,not_found_or_deregistered,DREWCHEM SPÓŁKA Z OGRANICZONĄ ODPOWIEDZIALNOŚCIĄ,16.10.Z:main
0000952725,204,not_found_or_deregistered,STYLEWOOD SPÓŁKA Z OGRANICZONĄ ODPOWIEDZIALNOŚCIĄ,16.10.Z:main
0000954771,204,not_found_or_deregistered,GAJA INVESTMENT DREWNO SPÓŁKA Z OGRANICZONĄ ODPOWIEDZIALNOŚCIĄ,16.10.Z:main
0000958388,204,not_found_or_deregistered,PRZEDSIĘBIORSTWO PRODUKCYJNO USŁUGOWO HANDLOWE TMD WOOD SPÓŁKA Z OGRANICZONĄ ODPOWIEDZIALNOŚCIĄ,16.10.Z:main
0000958686,204,not_found_or_deregistered,NEUDREW NEUMANN SPÓŁKA KOMANDYTOWA,16.10.Z:main
0000965901,204,not_found_or_deregistered,"KANCELARIA PRAWNO - EGZEKUCYJNA ""DUSI GROSZ""  SPÓŁKA Z OGRANICZONĄ ODPOWIEDZIALNOŚCIĄ",16.10.Z:main
0000972944,204,not_found_or_deregistered,M.K.A. SPÓŁKA Z OGRANICZONĄ ODPOWIEDZIALNOŚCIĄ,16.10.Z:main
0000978709,204,not_found_or_deregistered,"""THE TRUE GREEN"" SPÓŁKA Z OGRANICZONĄ ODPOWIEDZIALNOŚCIĄ",16.10.Z:main
0000991756,204,not_found_or_deregistered,KRAS TRANS SPÓŁKA Z OGRANICZONĄ ODPOWIEDZIALNOŚCIĄ,16.10.Z:main
