krs,name,nip,regon,legal_form,register,registration_date,last_entry_date,as_of,status_from_discovery,voivodeship,county,municipality,city,street,building_no,unit_no,postal_code,post_office,pkd_main,pkd_other,pkd_matches,pkd_match_types,pkd_descriptions,share_capital,share_capital_currency
0000002897,FILARS SPÓŁKA Z OGRANICZONĄ ODPOWIEDZIALNOŚCIĄ,8321885940,73149685400000,SPÓŁKA Z OGRANICZONĄ ODPOWIEDZIALNOŚCIĄ,RejP,23.03.2001,08.12.2017,20.11.2025,ACTIVE,,,,WARSZAWA,UL. MAZOWIECKA,11,49,00-052,WARSZAWA,49.41.Z,49.39.Z; 46.73.Z; 45.19.Z; 45.11.Z; 41.20.Z; 16.10.Z; 46.77.Z,16.10.Z,pozostałe,16.10.Z: PKD 2007 - Produkcja wyrobów tartacznych,"{'wartosc': '41000,00', 'waluta': 'PLN'}",
0000004278,"""POLDOOR"" SPÓŁKA Z OGRANICZONĄ ODPOWIEDZIALNOŚCIĄ.",7542685096,53218160400000,SPÓŁKA Z OGRANICZONĄ ODPOWIEDZIALNOŚCIĄ,RejP,23.03.2001,08.04.2026,08.04.2026,ACTIVE,,,,OPOLE,BUDOWLANYCH,101A,,45-005,OPOLE,16.11.Z,16.21.Z; 16.22.Z; 16.23.Z; 43.32.Z; 43.91.Z; 16.24.Z; 33.19.Z; 16.29.Z; 68.32.Z,16.11.Z,przeważające,16.11.Z: PKD 2025 - Produkcja wyrobów tartacznych,"{'wartosc': '60000,00', 'waluta': 'PLN'}",
0000004710,"""MIPODREX"" BURACZYŃSKI I MICHALAK SPÓŁKA JAWNA",7560006734,53050577000000,SPÓŁKA JAWNA,RejP,26.03.2001,02.11.2025,21.02.2026,ACTIVE,,,,KOLONOWSKIE,UL. LIPOWA,4,,47-113,KOLONOWSKIE,16.10.Z,16.23.Z; 16.29.Z; 43.32.Z; 43.91.Z; 46.73.Z; 49.41.Z; 77.12.Z; 46.76.Z; 16.24.Z,16.10.Z,przeważające,16.10.Z: PKD 2007 - Produkcja wyrobów tartacznych,,
0000004860,"""FORNIR INWEST"" SPÓŁKA Z OGRANICZONĄ ODPOWIEDZIALNOŚCIĄ",6181930087,25144221000000,SPÓŁKA Z OGRANICZONĄ ODPOWIEDZIALNOŚCIĄ,RejP,28.03.2001,05.02.2026,06.02.2026,ACTIVE,,,,KALISZ,,8,,62-800,KALISZ,16.10.Z,,16.10.Z,przeważające,16.10.Z: PKD 2007 - Produkcja wyrobów tartacznych,"{'wartosc': '50000,00', 'waluta': 'PLN'}",
0000006361,"""IMPEXZŁOM"" SPÓŁKA JAWNA J. GUL & U. A. STANKIEWICZ ZAKŁAD PRACY CHRONIONEJ W UPADŁOŚCI LIKWIDACYJNEJ",6610200812,29023443400000,SPÓŁKA JAWNA,RejP,05.04.2001,30.03.2026,30.03.2026,ACTIVE,,,,OSTROWIEC ŚWIĘTOKRZYSKI,SAMSONOWICZA,15,,27-400,OSTROWIEC ŚWIĘTOKRZYSKI,16.10.Z,46.73.Z; 24.41.Z; 24.45.Z,16.10.Z,przeważające,16.10.Z: PKD 2007 - Produkcja wyrobów tartacznych,,
0000006755,"""PAKON"" KWIATKOWSKI I SPÓŁKA - SPÓŁKA JAWNA",6390001854,27054303300000,SPÓŁKA JAWNA,RejP,09.04.2001,15.06.2026,15.06.2026,ACTIVE,,,,RACIBÓRZ,UL. STALOWA,4,,47-400,RACIBÓRZ,46.90.Z,16.10.Z; 16.24.Z; 68.20.Z,16.10.Z,pozostałe,16.10.Z: PKD 2007 - Produkcja wyrobów tartacznych,,
0000009445,"""MB MEBLE BARCZEWO"" SPÓŁKA Z OGRANICZONĄ ODPOWIEDZIALNOŚCIĄ W UPADŁOŚCI",7391033093,51036198000000,SPÓŁKA Z OGRANICZONĄ ODPOWIEDZIALNOŚCIĄ,RejP,30.04.2001,27.03.2026,27.03.2026,ACTIVE,,,,BARCZEWSKI DWÓR,BARCZEWSKI DWÓR,7,,11-010,BARCZEWO,31.09.Z,16.10.Z; 16.29.Z; 46.13.Z; 46.15.Z; 46.47.Z; 46.90.Z; 47.19.Z; 47.99.Z; 49.41.Z,16.10.Z,pozostałe,16.10.Z: PKD 2007 - Produkcja wyrobów tartacznych,"{'wartosc': '2577200,00', 'waluta': 'PLN'}",
0000010478,PAGED PLYWOOD SPÓŁKA AKCYJNA,7411378488,51044556900000,SPÓŁKA AKCYJNA,RejP,27.04.2001,25.08.2026,25.08.2026,ACTIVE,,,,MORĄG,MAZURSKA,1,,14-300,MORĄG,16.21.Z,16.23.Z; 16.24.Z; 16.29.Z; 46.13.Z; 46.73.Z; 16.10.Z; 02.20.Z,16.10.Z,pozostałe,16.10.Z: PKD 2007 - Produkcja wyrobów tartacznych,"{'wartosc': '290610050,00', 'waluta': 'PLN'}",
0000012116,ORDOM ENERGIA - A. OPŁATEK SPÓŁKA JAWNA,6681704684,31107953500000,SPÓŁKA JAWNA,RejP,17.05.2001,29.04.2026,29.04.2026,ACTIVE,,,,TUREK,KALISKA,96,,62-700,TUREK,16.10.Z,,16.10.Z,przeważające,16.10.Z: PKD 2007 - Produkcja wyrobów tartacznych,,
0000012170,"""CENTRUM DYSTRYBUCJI I OBRÓBKI DREWNA"" SPÓŁKA Z OGRANICZONĄ ODPOWIEDZIALNOŚCIĄ",7421967074,51137629600000,SPÓŁKA Z OGRANICZONĄ ODPOWIEDZIALNOŚCIĄ,RejP,15.05.2001,24.06.2026,24.06.2026,ACTIVE,,,,KOLONIA,,106,,12-140,ŚWIĘTAJNO,16.10.Z,16.21.Z; 16.22.Z; 16.23.Z,16.10.Z,przeważające,16.10.Z: PKD 2007 - Produkcja wyrobów tartacznych,"{'wartosc': '5000000,00', 'waluta': 'PLN'}",
0000014147,DĄBRÓWKA SPÓŁKA Z OGRANICZONĄ ODPOWIEDZIALNOŚCIĄ,6981657405,41118547000000,SPÓŁKA Z OGRANICZONĄ ODPOWIEDZIALNOŚCIĄ,RejP,24.05.2001,04.09.2017,20.11.2025,ACTIVE,,,,WARSZAWA,UL. JANA NOWAKA-JEZIORAŃSKIEGO,46,2,03-982,WARSZAWA,16.10.Z,45.19.Z; 45.20.Z; 45.31.Z; 53.20.Z; 52.21.Z,16.10.Z,przeważające,16.10.Z: PKD 2007 - Produkcja wyrobów tartacznych,"{'wartosc': '200000,00', 'waluta': 'PLN'}",
0000014698,COLIN-BUD SPÓŁKA Z OGRANICZONĄ ODPOWIEDZIALNOŚCIĄ W LIKWIDACJI,7772586771,00479499400000,SPÓŁKA Z OGRANICZONĄ ODPOWIEDZIALNOŚCIĄ,RejP,24.05.2001,23.10.2025,20.11.2025,LIQUIDATION,,,,KOMORNIKI,STAWNA,29,,62 - 052,KOMORNIKI,16.10.Z,16.23.Z; 16.24.Z; 41.20.Z; 43.31.Z; 43.32.Z; 43.99.Z; 46.47.Z; 46.73.Z; 47.59.Z,16.10.Z,przeważające,16.10.Z: PKD 2007 - Produkcja wyrobów tartacznych,"{'wartosc': '50000,00', 'waluta': 'PLN'}",
0000017551,AGRA POLAND COMMODITIES & TRADING SPÓŁKA Z OGRANICZONĄ ODPOWIEDZIALNOŚCIĄ,9721009088,63417791100000,SPÓŁKA Z OGRANICZONĄ ODPOWIEDZIALNOŚCIĄ,RejP,06.06.2001,04.08.2017,20.11.2025,ACTIVE,,,,POZNAŃ,RATAJCZAKA,26/3,,61-815,POZNAŃ,,16.10.Z; 16.24.Z; 20.15.Z; 20.20.Z; 58.11.Z; 58.14.Z; 58.19.Z; 64.19.Z; 64.20.Z; 64.30.Z; 66.19.Z; 66.22.Z; 74.90.Z; 77.40.Z; 79.90.C; 96.04.Z,16.10.Z,pozostałe,16.10.Z: PKD 2007 - Produkcja wyrobów tartacznych,"{'wartosc': '750000,00', 'waluta': 'PLN'}",
0000017588,KREPEL POLAND SPÓŁKA Z OGRANICZONĄ ODPOWIEDZIALNOŚCIĄ,6211339187,25064493300000,SPÓŁKA Z OGRANICZONĄ ODPOWIEDZIALNOŚCIĄ,RejP,11.06.2001,10.07.2026,10.07.2026,ACTIVE,,,,KROTOSZYN,OSTROWSKA,144,,63-700,KROTOSZYN,16.24.Z,16.10.Z; 32.99.Z; 77.39.Z; 64.91.Z; 68.20.Z,16.10.Z,pozostałe,16.10.Z: PKD 2007 - Produkcja wyrobów tartacznych,"{'wartosc': '644300,00', 'waluta': 'PLN'}",
0000018423,CDM SPÓŁKA Z OGRANICZONĄ ODPOWIEDZIALNOŚCIĄ,8442004660,79075320700000,SPÓŁKA Z OGRANICZONĄ ODPOWIEDZIALNOŚCIĄ,RejP,07.06.2001,27.05.2026,27.05.2026,ACTIVE,,,,SUWAŁKI,WOJSKA POLSKIEGO,112 A,,16 - 400,SUWAŁKI,16.23.Z,16.10.Z; 41.20.Z; 43.32.Z; 43.34.Z; 43.39.Z; 43.91.Z; 43.99.Z; 46.73.Z; 68.20.Z,16.10.Z,pozostałe,16.10.Z: PKD 2007 - Produkcja wyrobów tartacznych,"{'wartosc': '4000500,00', 'waluta': 'PLN'}",
0000018891,"""BARLINEK"" SPÓŁKA AKCYJNA",9590821486,29072537900000,SPÓŁKA AKCYJNA,RejP,18.06.2001,30.07.2026,30.07.2026,ACTIVE,,,,KIELCE,AL. SOLIDARNOŚCI,36,,25-323,KIELCE,46.90.Z,16.10.Z; 16.21.Z; 16.23.Z; 16.29.Z; 35.30.Z; 46.73.Z; 02.20.Z; 46.71.Z; 47.91.Z,16.10.Z,pozostałe,16.10.Z: PKD 2007 - Produkcja wyrobów tartacznych,"{'wartosc': '236047500,00', 'waluta': 'PLN'}",
0000022694,"""GORAN STREFA"" SPÓŁKA Z OGRANICZONĄ ODPOWIEDZIALNOŚCIĄ",8671964143,83048053000000,SPÓŁKA Z OGRANICZONĄ ODPOWIEDZIALNOŚCIĄ,RejP,25.06.2001,16.07.2026,16.07.2026,ACTIVE,,,,BIAŁA NIŻNA,,441,,33-330,GRYBÓW,16.10.Z,16.23.Z; 16.24.Z; 16.29.Z; 41.20.Z; 49.41.Z; 77.12.Z; 52.21.Z,16.10.Z,przeważające,16.10.Z: PKD 2007 - Produkcja wyrobów tartacznych,"{'wartosc': '105000,00', 'waluta': 'PLN'}",
0000024122,"""POMERANIAN TIMBER"" SPÓŁKA AKCYJNA",8522258411,81192906000000,SPÓŁKA AKCYJNA,RejP,04.07.2001,01.09.2026,01.09.2026,ACTIVE,,,,SZCZECIN,KRASICKIEGO,1 B,,71-333,SZCZECIN,16.10.Z,46.73.Z; 49.41.Z; 68.10.Z; 52.10.B; 82.99.Z; 02.40.Z; 16.22.Z; 32.99.Z,16.10.Z,przeważające,16.10.Z: PKD 2007 - Produkcja wyrobów tartacznych,"{'wartosc': '1700000,00', 'waluta': 'PLN'}",
0000024613,"""BERTI"" SPÓŁKA JAWNA RYSZARDA NIEWIŃSKA, WALDEMAR NIEWIŃSKI, MIROSŁAW ZAJĄC",8520001501,81003337200000,SPÓŁKA JAWNA,RejP,16.07.2001,26.05.2026,26.05.2026,ACTIVE,,,,SZCZECIN,MIŁA,1,,70-813,SZCZECIN,46.77.Z,46.72.Z; 38.31.Z; 38.32.Z; 16.10.Z,16.10.Z,pozostałe,16.10.Z: PKD 2007 - Produkcja wyrobów tartacznych,,
0000026195,"""INVESTPRO"" SPÓŁKA Z OGRANICZONĄ ODPOWIEDZIALNOŚCIĄ",5841013104,19049829000000,SPÓŁKA Z OGRANICZONĄ ODPOWIEDZIALNOŚCIĄ,RejP,10.07.2001,22.06.2026,22.06.2026,ACTIVE,,,,GDAŃSK,WAŁY PIASTOWSKIE,1,616,80-958,GDAŃSK,,16.10.Z; 16.23.Z; 41.20.Z; 42.11.Z; 42.13.Z; 42.21.Z; 42.22.Z; 42.91.Z; 42.99.Z; 43.11.Z; 43.12.Z; 43.13.Z; 43.21.Z; 43.22.Z; 43.29.Z; 43.31.Z; 43.32.Z; 43.33.Z; 43.34.Z; 43.39.Z; 43.91.Z; 43.99.Z; 55.10.Z; 56.10.A; 56.21.Z; 56.29.Z; 58.19.Z; 68.10.Z; 68.20.Z; 68.32.Z; 71.11.Z; 71.12.Z,16.10.Z,pozostałe,16.10.Z: PKD 2007 - Produkcja wyrobów tartacznych,"{'wartosc': '200000,00', 'waluta': 'PLN'}",
0000026531,"""POLDAS"" SPÓŁKA Z OGRANICZONĄ ODPOWIEDZIALNOŚCIĄ",5271003697,01075125300000,SPÓŁKA Z OGRANICZONĄ ODPOWIEDZIALNOŚCIĄ,RejP,11.07.2001,28.06.2026,28.06.2026,ACTIVE,,,,WARSZAWA,TRAKT LUBELSKI,141,,04-790,WARSZAWA,46.73.Z,16.10.Z; 02.40.Z; 16.23.Z; 22.23.Z; 23.61.Z; 25.12.Z; 47.19.Z; 49.41.Z,16.10.Z,pozostałe,16.10.Z: PKD 2007 - Produkcja wyrobów tartacznych,"{'wartosc': '90000,00', 'waluta': 'PLN'}",
0000026898,"""ABAK"" SPÓŁKA Z OGRANICZONĄ ODPOWIEDZIALNOŚCIĄ W LIKWIDACJI",6690503577,33008319200000,SPÓŁKA Z OGRANICZONĄ ODPOWIEDZIALNOŚCIĄ,RejP,12.07.2001,03.07.2026,03.07.2026,LIQUIDATION,,,,KOSZALIN,UL. ALEJA MONTE CASSINO,6,,75-412,KOSZALIN,16.10.Z,46.69.Z; 46.66.Z; 41.20.Z; 46.90.Z; 47.19.Z; 22.29.Z; 96.09.Z; 73.11.Z,16.10.Z,przeważające,16.10.Z: PKD 2007 - Produkcja wyrobów tartacznych,"{'wartosc': '4000,00', 'waluta': 'PLN'}",
0000027977,"""OKNOTAR""SPÓŁKA Z OGRANICZONĄ ODPOWIEDZIALNOŚCIĄ",9930268635,85251874000000,SPÓŁKA Z OGRANICZONĄ ODPOWIEDZIALNOŚCIĄ,RejP,24.07.2001,05.06.2025,20.11.2025,ACTIVE,,,,TARNÓW,CHEMICZNA,118,,33-101,TARNÓW,,16.10.Z; 16.21.Z; 16.23.Z; 16.24.Z; 16.29.Z; 17.11.Z; 17.12.Z; 18.11.Z; 18.14.Z; 20.11.Z; 20.12.Z; 20.13.Z; 20.14.Z; 20.15.Z; 20.16.Z; 20.17.Z; 20.20.Z; 20.30.Z; 20.59.Z; 20.60.Z; 22.21.Z; 22.22.Z; 22.23.Z; 22.29.Z; 23.11.Z; 23.12.Z; 23.13.Z; 23.14.Z; 23.19.Z; 23.41.Z; 23.42.Z; 23.43.Z; 23.44.Z; 23.49.Z; 23.20.Z; 23.31.Z; 23.51.Z; 23.52.Z; 23.61.Z; 23.62.Z; 23.63.Z; 23.64.Z; 23.69.Z; 23.70.Z; 23.91.Z; 23.99.Z; 24.10.Z; 24.20.Z; 24.31.Z; 24.32.Z; 24.33.Z; 24.34.Z; 24.41.Z; 24.42.B; 24.43.Z; 24.44.Z; 24.45.Z; 24.51.Z; 24.52.Z; 24.53.Z; 24.54.B; 25.11.Z; 25.12.Z; 25.50.Z; 25.61.Z; 25.62.Z; 25.91.Z; 25.92.Z; 25.93.Z; 25.94.Z; 25.99.Z; 43.11.Z; 43.13.Z; 43.91.Z; 42.91.Z; 43.99.Z; 43.21.Z; 43.22.Z; 43.29.Z; 43.31.Z; 43.32.Z; 43.33.Z; 43.34.Z; 43.39.Z; 45.40.Z; 46.71.Z; 46.72.Z; 46.73.Z; 46.74.Z; 46.75.Z; 46.76.Z; 46.77.Z; 47.78.Z; 47.99.Z; 49.41.Z; 52.24.C; 52.10.B; 52.21.Z; 66.11.Z; 64.99.Z; 68.10.Z; 68.20.Z; 68.32.Z; 77.39.Z; 77.32.Z; 77.33.Z; 73.20.Z; 70.22.Z; 71.20.B; 82.99.Z; 71.11.Z; 71.12.Z; 73.11.Z,16.10.Z,pozostałe,16.10.Z: PKD 2007 - Produkcja wyrobów tartacznych,"{'wartosc': '2500000,00', 'waluta': 'PLN'}",
0000029478,"""WOOD BULK"" SPÓŁKA Z OGRANICZONĄ ODPOWIEDZIALNOŚCIĄ",5861122500,19104617500000,SPÓŁKA Z OGRANICZONĄ ODPOWIEDZIALNOŚCIĄ,RejP,24.07.2001,24.08.2026,24.08.2026,ACTIVE,,,,WARSZAWA,UL. PODWALE,3,9,00-252,WARSZAWA,68.20.Z,16.23.Z; 16.10.Z; 16.24.Z; 16.22.Z; 16.21.Z; 46.75.Z; 46.76.Z; 47.78.Z; 46.73.Z,16.10.Z,pozostałe,16.10.Z: PKD 2007 - Produkcja wyrobów tartacznych,"{'wartosc': '10000000,00', 'waluta': 'PLN'}",
0000033993,"""KUŹNIA KARKONOSKA"" SPÓŁKA Z OGRANICZONĄ ODPOWIEDZIALNOŚCIĄ",6112420259,23108632700000,SPÓŁKA Z OGRANICZONĄ ODPOWIEDZIALNOŚCIĄ,RejP,09.08.2001,16.06.2026,16.06.2026,ACTIVE,,,,JELENIA GÓRA,PODGÓRZE,25,,58-500,JELENIA GÓRA,,01.61.Z; 01.62.Z; 01.63.Z; 01.64.Z; 01.70.Z; 02.20.Z; 02.40.Z; 03.21.Z; 03.22.Z; 10.11.Z; 10.12.Z; 10.13.Z; 10.20.Z; 10.31.Z; 10.32.Z; 10.39.Z; 10.81.Z; 10.82.Z; 10.83.Z; 10.84.Z; 10.85.Z; 10.86.Z; 10.89.Z; 13.91.Z; 13.92.Z; 13.93.Z; 13.94.Z; 13.95.Z; 13.96.Z; 13.99.Z; 14.11.Z; 14.12.Z; 14.13.Z; 14.14.Z; 14.19.Z; 14.31.Z; 14.39.Z; 16.10.Z; 18.20.Z; 41.10.Z; 41.20.Z; 42.91.Z; 42.99.Z; 43.11.Z; 43.12.Z; 43.13.Z; 43.21.Z; 43.22.Z; 43.29.Z; 43.31.Z; 43.32.Z; 43.33.Z; 43.34.Z; 43.39.Z; 43.91.Z; 43.99.Z; 45.11.Z; 45.19.Z; 45.20.Z; 45.31.Z; 45.32.Z; 45.40.Z; 46.11.Z; 46.12.Z; 46.13.Z; 46.14.Z; 46.15.Z; 46.16.Z; 46.17.Z; 46.18.Z; 46.19.Z; 46.21.Z; 46.22.Z; 46.23.Z; 46.24.Z; 46.31.Z; 46.32.Z; 46.33.Z; 46.34.A; 46.34.B; 46.35.Z; 46.36.Z; 46.37.Z; 46.38.Z; 46.39.Z; 46.41.Z; 46.42.Z; 46.43.Z; 46.44.Z; 46.45.Z; 46.46.Z; 46.47.Z; 46.48.Z; 46.49.Z; 46.51.Z; 46.52.Z; 46.61.Z; 46.62.Z; 46.63.Z; 46.64.Z; 46.65.Z; 46.66.Z; 46.69.Z; 46.71.Z; 46.72.Z; 46.73.Z; 46.74.Z; 46.75.Z; 46.76.Z; 46.77.Z; 46.90.Z; 47.11.Z; 47.19.Z; 47.21.Z; 47.22.Z; 47.23.Z; 47.24.Z; 47.25.Z; 47.26.Z; 47.29.Z; 47.30.Z; 47.41.Z; 47.42.Z; 47.43.Z; 47.51.Z; 47.52.Z; 47.53.Z; 47.54.Z; 47.59.Z; 47.61.Z; 47.62.Z; 47.63.Z; 47.64.Z; 47.65.Z; 47.71.Z; 47.72.Z; 47.73.Z; 47.74.Z; 47.75.Z; 47.76.Z; 47.77.Z; 47.78.Z; 47.79.Z; 47.81.Z; 47.82.Z; 47.89.Z; 47.91.Z; 47.99.Z; 49.31.Z; 49.32.Z; 49.39.Z; 49.41.Z; 49.42.Z; 50.10.Z; 50.30.Z; 50.40.Z; 52.21.Z; 52.22.A; 52.22.B; 52.23.Z; 52.24.A; 52.24.B; 52.24.C; 52.29.A; 52.29.B; 52.29.C; 53.10.Z; 53.20.Z; 55.10.Z; 55.20.Z; 55.30.Z; 55.90.Z; 56.10.A; 56.10.B; 56.21.Z; 56.29.Z; 56.30.Z; 58.11.Z; 58.12.Z; 58.13.Z; 58.14.Z; 58.19.Z; 58.21.Z; 58.29.Z; 59.11.Z; 59.12.Z; 59.13.Z; 59.14.Z; 59.20.Z; 63.11.Z; 63.12.Z; 63.91.Z; 63.99.Z; 64.11.Z; 64.19.Z; 64.20.Z; 64.30.Z; 64.91.Z; 64.92.Z; 64.99.Z; 65.11.Z; 65.12.Z; 65.20.Z; 65.30.Z; 66.11.Z; 66.12.Z; 66.19.Z; 66.21.Z; 66.22.Z; 66.29.Z; 66.30.Z; 68.10.Z; 68.20.Z; 68.31.Z; 68.32.Z; 69.20.Z; 70.21.Z; 70.22.Z; 73.11.Z; 73.12.A; 73.12.B; 73.12.C; 73.12.D; 74.20.Z; 75.00.Z; 78.10.Z; 78.30.Z; 79.11.A; 79.11.B; 79.12.Z; 79.90.A; 79.90.B; 79.90.C; 82.11.Z; 82.19.Z; 82.30.Z; 82.91.Z; 82.92.Z; 82.99.Z; 85.51.Z; 85.52.Z; 85.53.Z; 85.59.A; 85.59.B; 86.21.Z; 86.22.Z; 86.23.Z; 86.90.A; 86.90.B; 86.90.C; 86.90.D; 86.90.E; 88.10.Z; 88.91.Z; 88.99.Z; 90.01.Z; 90.02.Z; 90.03.Z; 90.04.Z; 93.11.Z; 93.12.Z; 93.13.Z; 93.19.Z; 93.21.Z; 94.11.Z; 94.12.Z; 94.91.Z; 94.92.Z; 94.99.Z; 96.01.Z; 96.02.Z; 96.03.Z; 96.04.Z; 96.09.Z; 93.29.B,16.10.Z,pozostałe,16.10.Z: PKD 2007 - Produkcja wyrobów tartacznych,"{'wartosc': '50000,00', 'waluta': 'PLN'}",
0000035819,"""FRAM-POL"" SPÓŁKA Z OGRANICZONĄ ODPOWIEDZIALNOŚCIĄ",7391014150,51025653200000,SPÓŁKA Z OGRANICZONĄ ODPOWIEDZIALNOŚCIĄ,RejP,18.09.2001,08.07.2026,08.07.2026,ACTIVE,,,,TOMASZKOWO,UL. WAGI,25,,11-034,STAWIGUDA,16.10.Z,01.70.Z; 02.20.Z; 16.24.Z; 46.73.Z; 46.90.Z,16.10.Z,przeważające,16.10.Z: PKD 2007 - Produkcja wyrobów tartacznych,"{'wartosc': '51000,00', 'waluta': 'PLN'}",
0000042624,"""HOSSA"" SPÓŁKA Z OGRANICZONĄ ODPOWIEDZIALNOŚCIĄ W UPADŁOŚCI LIKWIDACYJNEJ",9551980128,81201950200000,SPÓŁKA Z OGRANICZONĄ ODPOWIEDZIALNOŚCIĄ,RejP,10.09.2001,07.07.2026,07.07.2026,ACTIVE,,,,SZCZECIN,SPEDYTORSKA,1,2,70-632,SZCZECIN,,05.10.Z; 09.90.Z; 05.20.Z; 19.20.Z; 08.92.Z; 16.10.Z; 16.23.Z; 16.21.Z; 43.32.Z; 16.24.Z; 16.29.Z; 43.91.Z; 19.10.Z; 09.10.Z; 38.32.Z; 38.31.Z; 43.99.Z; 45.11.Z; 45.19.Z; 45.20.Z; 51.21.Z; 45.31.Z; 45.32.Z; 45.40.Z; 47.30.Z; 46.12.Z; 46.13.Z; 46.14.Z; 46.15.Z; 46.18.Z; 46.19.Z; 46.34.A; 46.34.B; 46.35.Z; 46.38.Z; 46.43.Z; 46.44.Z; 46.71.Z; 46.72.Z; 46.74.Z; 46.73.Z; 46.75.Z; 46.76.Z; 46.77.Z; 46.62.Z; 46.64.Z; 46.66.Z; 46.61.Z; 46.90.Z; 47.19.Z; 47.52.Z; 47.41.Z; 47.78.Z; 55.10.Z; 55.20.Z; 56.10.A; 56.10.B; 49.41.Z; 49.42.Z; 50.20.Z; 52.24.A; 52.24.B; 52.24.C; 52.10.A; 52.10.B; 52.22.B; 52.22.A; 52.29.A; 52.29.B; 52.23.Z; 52.29.C; 53.20.Z; 64.19.Z; 64.91.Z; 64.92.Z; 64.30.Z; 66.12.Z; 41.10.Z; 68.10.Z; 68.20.Z; 68.31.Z; 68.32.Z; 81.10.Z; 77.11.Z; 77.12.Z; 77.34.Z; 77.35.Z; 77.32.Z; 77.33.Z; 77.39.Z; 69.20.Z; 73.20.Z; 70.22.Z; 71.11.Z; 73.11.Z; 82.92.Z; 74.30.Z; 82.11.Z; 08.91.Z; 08.99.Z; 08.12.Z; 25.21.Z; 28.41.Z; 28.49.Z; 30.11.Z; 33.15.Z; 31.28.Z; 43.12.Z; 41.20.Z; 43.39.Z; 46.63.Z; 66.21.Z; 66.22.Z; 81.30.Z; 78.10.Z; 53.10.Z; 66.11.Z,16.10.Z,pozostałe,16.10.Z: PKD 2007 - Produkcja wyrobów tartacznych,"{'wartosc': '50000,00', 'waluta': 'PLN'}",
0000042877,"""POLCOTTON"" SPÓŁKA Z OGRANICZONĄ ODPOWIEDZIALNOŚCIĄ",5261055385,01184124800000,SPÓŁKA Z OGRANICZONĄ ODPOWIEDZIALNOŚCIĄ,RejP,12.09.2001,27.09.2024,21.02.2026,ACTIVE,,,,WARSZAWA,UL. ŻWIRKI I WIGURY,16A,,02-092,WARSZAWA,68.20.Z,46.11.Z; 46.16.Z; 46.41.Z; 70.22.Z; 74.90.Z; 70.10.Z; 82.11.Z; 46.73.Z; 16.10.Z,16.10.Z,pozostałe,16.10.Z: PKD 2007 - Produkcja wyrobów tartacznych,"{'wartosc': '560000,00', 'waluta': 'PLN'}",
0000042881,ZEMAWIL SPÓŁKA Z OGRANICZONĄ ODPOWIEDZIALNOŚCIĄ,6572425821,29241322400000,SPÓŁKA Z OGRANICZONĄ ODPOWIEDZIALNOŚCIĄ,RejP,11.09.2001,22.05.2025,20.11.2025,ACTIVE,,,,ZAGNAŃSK,KIELECKA,5,,26-050,ZAGNAŃSK,46.73.Z,16.10.Z; 16.24.Z; 16.23.Z,16.10.Z,pozostałe,16.10.Z: PKD 2007 - Produkcja wyrobów tartacznych,"{'wartosc': '50000,00', 'waluta': 'PLN'}",
0000043773,"""AGROMEG"" SPÓŁKA Z OGRANICZONĄ ODPOWIEDZIALNOŚCIĄ",7431680411,51090836000000,SPÓŁKA Z OGRANICZONĄ ODPOWIEDZIALNOŚCIĄ,RejP,18.09.2001,09.07.2026,09.07.2026,ACTIVE,,,,GÓROWO IŁAWECKIE,CHOPINA,11,,11-220,GÓROWO IŁAWECKIE,16.10.Z,43.91.Z; 16.24.Z; 16.29.Z; 55.20.Z; 41.20.Z; 02.10.Z; 02.40.Z; 16.23.Z; 43.32.Z,16.10.Z,przeważające,16.10.Z: PKD 2007 - Produkcja wyrobów tartacznych,"{'wartosc': '52500,00', 'waluta': 'PLN'}",
0000045876,"""GRAF"" SPÓŁKA Z OGRANICZONĄ ODPOWIEDZIALNOŚCIĄ",5632023831,11026719800000,SPÓŁKA Z OGRANICZONĄ ODPOWIEDZIALNOŚCIĄ,RejP,20.09.2001,07.09.2026,07.09.2026,ACTIVE,,,,CHEŁM,UL. LUBELSKA,73A,,22-100,CHEŁM,16.29.Z,16.10.Z; 16.23.Z; 16.24.Z; 46.71.Z; 02.20.Z; 41.20.Z; 68.10.Z; 68.20.Z; 25.11.Z,16.10.Z,pozostałe,16.10.Z: PKD 2007 - Produkcja wyrobów tartacznych,"{'wartosc': '3710000,00', 'waluta': 'PLN'}",
0000046123,"""DOMIK"" - SPÓŁKA Z OGRANICZONĄ ODPOWIEDZIALNOŚCIĄ W UPADŁOŚCI",5540239954,09043642800000,SPÓŁKA Z OGRANICZONĄ ODPOWIEDZIALNOŚCIĄ,RejP,21.09.2001,24.11.2025,24.11.2025,ACTIVE,,,,BYDGOSZCZ,UL. TORUŃSKA,155,,85-023,BYDGOSZCZ,,01.30.Z; 02.40.Z; 10.52.Z; 10.81.Z; 10.82.Z; 10.83.Z; 10.84.Z; 10.85.Z; 10.86.Z; 10.89.Z; 13.30.Z; 13.91.Z; 15.20.Z; 16.10.Z; 20.30.Z; 20.52.Z; 20.53.Z; 20.59.Z; 20.60.Z; 21.10.Z; 21.20.Z; 23.20.Z; 23.41.Z; 23.42.Z; 23.43.Z; 23.44.Z; 23.49.Z; 23.91.Z; 23.99.Z; 24.33.Z; 25.30.Z; 25.91.Z; 25.92.Z; 25.93.Z; 25.94.Z; 25.99.Z; 26.20.Z; 26.30.Z; 26.40.Z; 26.70.Z; 26.60.Z; 26.80.Z; 27.20.Z; 27.40.Z; 27.90.Z; 28.21.Z; 28.22.Z; 28.23.Z; 28.25.Z; 28.29.Z; 28.91.Z; 28.92.Z; 28.93.Z; 28.94.Z; 28.95.Z; 28.96.Z; 28.99.Z; 30.20.Z; 30.30.Z; 30.91.Z; 30.92.Z; 30.99.Z; 32.20.Z; 32.30.Z; 32.40.Z; 32.50.Z; 32.91.Z; 33.20.Z; 35.11.Z; 35.12.Z; 35.13.Z; 37.00.Z; 39.00.Z; 41.10.Z; 41.20.Z; 43.91.Z; 43.99.Z; 45.40.Z; 46.71.Z; 46.72.Z; 46.73.Z; 46.74.Z; 46.75.Z; 46.76.Z; 46.77.Z; 47.30.Z; 47.71.Z; 47.72.Z; 47.73.Z; 47.74.Z; 47.75.Z; 47.76.Z; 47.77.Z; 47.78.Z; 47.81.Z; 47.91.Z; 49.10.Z; 49.20.Z; 49.31.Z; 49.32.Z; 49.39.Z; 55.10.Z; 55.20.Z; 55.30.Z; 55.90.Z; 56.10.A; 56.10.B; 56.30.Z; 59.20.Z; 60.10.Z; 60.20.Z; 68.10.Z; 68.20.Z; 69.20.Z; 72.20.Z; 73.20.Z; 74.20.Z; 74.30.Z; 77.29.Z; 77.31.Z; 77.32.Z; 77.33.Z; 77.39.Z; 78.10.Z; 78.20.Z; 78.30.Z; 79.90.A; 79.90.B; 79.90.C; 80.10.Z; 80.20.Z; 80.30.Z; 81.10.Z; 81.30.Z; 82.30.Z; 82.92.Z; 85.60.Z; 86.10.Z; 86.90.A; 86.90.B; 87.20.Z; 91.01.B; 91.03.Z; 96.01.Z; 96.02.Z; 96.03.Z; 96.04.Z; 96.09.Z; 61.10.Z; 61.20.Z; 61.30.Z; 61.90.Z; 66.19.Z,16.10.Z,pozostałe,16.10.Z: PKD 2007 - Produkcja wyrobów tartacznych,"{'wartosc': '500000,00', 'waluta': 'PLN'}",
0000046406,"""MAC DEAN HOLDING LTD"" SPÓŁKA Z OGRANICZONĄ ODPOWIEDZIALNOŚCIĄ W LIKWIDACJI",1132306297,01030500000000,SPÓŁKA Z OGRANICZONĄ ODPOWIEDZIALNOŚCIĄ,RejP,21.09.2001,07.11.2021,21.11.2025,LIQUIDATION,,,,WARSZAWA,TARNOWIECKA,2,,04-174,WARSZAWA,,01.11.Z; 01.13.Z; 01.28.Z; 01.47.Z; 01.49.Z; 01.64.Z; 01.70.Z; 03.11.Z; 03.12.Z; 03.21.Z; 03.22.Z; 11.01.Z; 11.02.Z; 11.03.Z; 11.07.Z; 16.10.Z; 16.21.Z; 16.22.Z; 16.23.Z; 16.24.Z; 16.29.Z; 17.12.Z; 17.21.Z; 31.01.Z; 31.02.Z; 31.09.Z; 32.99.Z; 33.11.Z; 33.12.Z; 33.19.Z; 33.20.Z; 38.11.Z; 38.12.Z; 38.21.Z; 38.22.Z; 38.31.Z; 38.32.Z; 39.00.Z; 41.10.Z; 41.20.Z; 42.11.Z; 42.12.Z; 42.13.Z; 42.21.Z; 42.22.Z; 42.91.Z; 42.99.Z; 43.11.Z; 43.12.Z; 43.13.Z; 43.21.Z; 43.22.Z; 43.29.Z; 43.31.Z; 43.32.Z; 43.33.Z; 43.34.Z; 43.39.Z; 43.91.Z; 43.99.Z; 45.11.Z; 45.19.Z; 45.20.Z; 45.31.Z; 45.32.Z; 46.12.Z; 46.13.Z; 46.14.Z; 46.15.Z; 46.17.Z; 46.18.Z; 46.19.Z; 46.32.Z; 46.33.Z; 46.34.A; 46.34.B; 46.35.Z; 46.38.Z; 46.39.Z; 46.47.Z; 46.51.Z; 46.52.Z; 46.62.Z; 46.65.Z; 46.66.Z; 46.69.Z; 46.71.Z; 46.72.Z; 46.73.Z; 46.74.Z; 46.75.Z; 46.76.Z; 46.77.Z; 46.90.Z; 47.11.Z; 47.19.Z; 47.21.Z; 47.22.Z; 47.23.Z; 47.24.Z; 47.25.Z; 47.26.Z; 47.29.Z; 47.30.Z; 47.41.Z; 47.42.Z; 47.43.Z; 47.51.Z; 47.52.Z; 47.53.Z; 47.54.Z; 47.59.Z; 47.61.Z; 47.62.Z; 47.63.Z; 47.64.Z; 47.65.Z; 47.71.Z; 47.72.Z; 47.73.Z; 47.74.Z; 47.75.Z; 47.76.Z; 47.77.Z; 47.78.Z; 47.79.Z; 47.81.Z; 47.82.Z; 47.89.Z; 47.91.Z; 47.99.Z; 49.41.Z; 52.10.A; 52.10.B; 52.21.Z; 52.24.C; 52.29.C; 55.10.Z; 56.10.A; 56.10.B; 56.30.Z; 58.11.Z; 58.12.Z; 58.14.Z; 62.01.Z; 62.02.Z; 62.03.Z; 62.09.Z; 63.11.Z; 63.99.Z; 64.20.Z; 64.30.Z; 64.91.Z; 64.92.Z; 64.99.Z; 66.12.Z; 66.19.Z; 66.21.Z; 68.10.Z; 68.20.Z; 68.31.Z; 68.32.Z; 69.20.Z; 70.22.Z; 71.11.Z; 71.12.Z; 71.20.B; 73.11.Z; 73.12.A; 73.12.B; 73.12.C; 73.12.D; 73.20.Z; 74.10.Z; 74.90.Z; 77.11.Z; 77.12.Z; 77.29.Z; 77.32.Z; 77.33.Z; 77.39.Z; 78.10.Z; 78.30.Z; 79.12.Z; 80.10.Z; 80.20.Z; 80.30.Z; 81.10.Z; 81.21.Z; 81.22.Z; 81.29.Z; 81.30.Z; 82.19.Z; 82.30.Z; 82.99.Z; 85.59.B; 85.60.Z; 91.03.Z; 94.99.Z; 95.11.Z; 95.12.Z; 95.21.Z; 95.24.Z; 96.09.Z,16.10.Z,pozostałe,16.10.Z: PKD 2007 - Produkcja wyrobów tartacznych,"{'wartosc': '100000,00', 'waluta': 'PLN'}",
0000047181,"""EURODOM"" SPÓŁKA Z OGRANICZONĄ ODPOWIEDZIALNOŚCIĄ",9211780465,95108037900000,SPÓŁKA Z OGRANICZONĄ ODPOWIEDZIALNOŚCIĄ,RejP,25.09.2001,30.04.2026,30.04.2026,ACTIVE,,,,TARNAWATKA TARTAK,TOMASZOWSKA,19,,22-604,TARNAWATKA,16.10.Z,16.23.Z; 31.09.Z; 41.20.Z; 43.91.Z; 43.21.Z; 43.29.Z; 43.99.Z; 71.11.Z,16.10.Z,przeważające,16.10.Z: PKD 2007 - Produkcja wyrobów tartacznych,"{'wartosc': '4757000,00', 'waluta': 'PLN'}",
0000049106,"""OPAKODREW"" PRZEDSIĘBIORSTWO PRODUKCYJNO-HANDLOWO-USŁUGOWE
SPÓŁKA Z OGRANICZONĄ ODPOWIEDZIALNOSCIĄ",6271005099,27235412900000,SPÓŁKA Z OGRANICZONĄ ODPOWIEDZIALNOŚCIĄ,RejP,02.10.2001,01.07.2026,01.07.2026,ACTIVE,,,,ŚWIĘTOCHŁOWICE,UL. WOJSKA POLSKIEGO,22,,41-600,ŚWIĘTOCHŁOWICE,16.24.Z,49.41.Z; 16.11.Z,16.11.Z,pozostałe,16.11.Z: PKD 2025 - Produkcja wyrobów tartacznych,"{'wartosc': '277350,00', 'waluta': 'PLN'}",
0000049691,"""MEBEL ART"" SPÓŁKA Z OGRANICZONĄ ODPOWIEDZIALNOŚCIĄ",7470005079,53056083000000,SPÓŁKA Z OGRANICZONĄ ODPOWIEDZIALNOŚCIĄ,RejP,19.10.2001,14.07.2026,14.07.2026,ACTIVE,,,,CHRÓŚCICE,POLNA,7,,46-080,CHRÓŚCICE,46.90.Z,46.73.Z; 46.75.Z; 46.76.Z; 46.69.Z; 47.52.Z; 52.21.Z; 25.73.Z; 16.10.Z,16.10.Z,pozostałe,16.10.Z: PKD 2007 - Produkcja wyrobów tartacznych,"{'wartosc': '400000,00', 'waluta': 'PLN'}",
0000053119,FORTRESS POLAND SPÓŁKA Z OGRANICZONĄ ODPOWIEDZIALNOŚCIĄ,7450008040,51024124600000,SPÓŁKA Z OGRANICZONĄ ODPOWIEDZIALNOŚCIĄ,RejP,18.10.2001,29.04.2026,29.04.2026,ACTIVE,,,,SZCZYTNO - KORPELE,,27,7,12-100,SZCZYTNO,16.29.Z,02.20.Z; 16.10.Z; 41.10.Z; 41.20.Z; 46.13.Z; 68.10.Z,16.10.Z,pozostałe,16.10.Z: PKD 2007 - Produkcja wyrobów tartacznych,"{'wartosc': '3737500,00', 'waluta': 'PLN'}",
0000055668,"""AGROPOL"" SPÓŁKA Z OGRANICZONĄ ODPOWIEDZIALNOŚCIĄ W PIERSELACH",7430005156,51010214800000,SPÓŁKA Z OGRANICZONĄ ODPOWIEDZIALNOŚCIĄ,RejP,23.10.2001,12.03.2026,12.03.2026,ACTIVE,,,,PIERSELE,,1,1,11-200,BARTOSZYCE,01.11.Z,08.12.Z; 16.10.Z; 16.23.Z; 43.12.Z; 23.63.Z; 55.90.Z; 49.41.Z; 46.21.Z,16.10.Z,pozostałe,16.10.Z: PKD 2007 - Produkcja wyrobów tartacznych,"{'wartosc': '50000,00', 'waluta': 'PLN'}",
0000056621,"""GREEN STAR"" SPÓŁKA Z OGRANICZONĄ ODPOWIEDZIALNOŚCIĄ",5631000561,11009626500000,SPÓŁKA Z OGRANICZONĄ ODPOWIEDZIALNOŚCIĄ,RejP,29.10.2001,11.08.2026,11.08.2026,ACTIVE,,,,STARY UŚCIMÓW,,71,,21-109,UŚCIMÓW,16.10.Z,16.23.Z; 16.29.Z; 46.71.Z; 46.13.Z; 43.12.Z; 46.73.Z; 47.78.Z; 47.91.Z; 49.41.Z,16.10.Z,przeważające,16.10.Z: PKD 2007 - Produkcja wyrobów tartacznych,"{'wartosc': '50000,00', 'waluta': 'PLN'}",
0000058740,"""OSIEDLE BAŁTYK"" SPÓŁKA Z OGRANICZONA ODPOWIEDZIALNOŚCIĄ",6692220748,33096440300000,SPÓŁKA Z OGRANICZONĄ ODPOWIEDZIALNOŚCIĄ,RejP,05.11.2001,25.10.2023,21.11.2025,ACTIVE,,,,GRZYBOWO,SPACEROWA,10 A,,78-132,GRZYBOWO,,02.20.Z; 02.40.Z; 16.10.Z; 16.21.Z; 16.23.Z; 16.24.Z; 31.01.Z; 31.02.Z; 31.09.Z; 41.20.Z; 42.11.Z; 42.91.Z; 43.11.Z; 43.12.Z; 43.21.Z; 43.32.Z; 43.39.Z; 43.91.Z; 43.99.Z; 46.19.Z; 46.69.Z; 49.41.Z; 52.10.B; 52.24.C; 63.11.Z; 68.10.Z; 68.20.Z; 68.32.Z; 70.22.Z; 71.12.Z; 73.11.Z; 73.12.D,16.10.Z,pozostałe,16.10.Z: PKD 2007 - Produkcja wyrobów tartacznych,"{'wartosc': '3780700,00', 'waluta': 'PLN'}",
0000059784,"""JANMAR""SPÓŁKA Z OGRANICZONĄ ODPOWIEDZIALNOŚCIĄ",7393250914,51140467300000,SPÓŁKA Z OGRANICZONĄ ODPOWIEDZIALNOŚCIĄ,RejP,07.11.2001,14.07.2026,14.07.2026,ACTIVE,,,,BARCZEWO,PROSTA,9,,11-010,BARCZEWO,16.29.Z,16.10.Z; 16.22.Z; 16.23.Z; 16.24.Z; 16.29.Z; 49.41.Z; 68.20.Z; 31.09.Z; 45.11.Z,16.10.Z,pozostałe,16.10.Z: PKD 2007 - Produkcja wyrobów tartacznych,"{'wartosc': '50000,00', 'waluta': 'PLN'}",
0000063983,"""HOLZEXPORT"" SPÓŁKA Z OGRANICZONĄ ODPOWIEDZIALNOŚCIĄ",6570232377,29002771200000,SPÓŁKA Z OGRANICZONĄ ODPOWIEDZIALNOŚCIĄ,RejP,21.11.2001,09.07.2026,09.07.2026,ACTIVE,,,,KIELCE,ŚCIEGIENNEGO,256,,25-116,KIELCE,16.22.Z,16.10.Z; 16.21.Z; 16.23.Z; 16.24.Z; 16.29.Z; 43.33.Z; 46.13.Z; 46.73.Z; 47.53.Z,16.10.Z,pozostałe,16.10.Z: PKD 2007 - Produkcja wyrobów tartacznych,"{'wartosc': '125000,00', 'waluta': 'PLN'}",
0000064323,VTX SPÓŁKA AKCYJNA W LIKWIDACJI,7282166903,47170382800000,SPÓŁKA AKCYJNA,RejP,21.11.2001,30.10.2020,21.11.2025,LIQUIDATION,,,,WROCŁAW,MARCHEWKOWA,8,5,52-311,WROCŁAW,,16.10.Z; 16.21.Z; 16.22.Z; 16.23.Z; 16.24.Z; 16.29.Z; 23.61.Z; 23.62.Z; 23.63.Z; 23.64.Z; 25.11.Z; 25.12.Z; 32.99.Z; 33.11.Z; 33.19.Z; 41.10.Z; 41.20.Z; 42.11.Z; 42.12.Z; 42.13.Z; 42.21.Z; 42.22.Z; 42.91.Z; 42.99.Z; 43.11.Z; 43.12.Z; 43.13.Z; 43.21.Z; 43.22.Z; 43.29.Z; 43.31.Z; 43.32.Z; 43.33.Z; 43.34.Z; 43.39.Z; 43.91.Z; 43.99.Z; 46.11.Z; 46.12.Z; 46.13.Z; 46.14.Z; 46.15.Z; 46.16.Z; 46.17.Z; 46.18.Z; 46.19.Z; 46.44.Z; 46.49.Z; 46.72.Z; 46.73.Z; 46.74.Z; 47.11.Z; 47.53.Z; 47.59.Z; 63.99.Z; 64.19.Z; 64.99.Z; 68.10.Z; 68.20.Z; 68.31.Z; 68.32.Z; 69.20.Z; 71.11.Z; 71.12.Z; 74.10.Z; 74.90.Z; 77.40.Z; 80.20.Z; 81.10.Z; 82.91.Z; 82.99.Z,16.10.Z,pozostałe,16.10.Z: PKD 2007 - Produkcja wyrobów tartacznych,"{'wartosc': '5000000,00', 'waluta': 'PLN'}",
0000064591,"""GÓRKI BOIS"" SPÓŁKA Z OGRANICZONĄ ODPOWIEDZIALNOŚCIĄ",5992733285,21119705400000,SPÓŁKA Z OGRANICZONĄ ODPOWIEDZIALNOŚCIĄ,RejP,21.11.2001,13.05.2025,21.11.2025,ACTIVE,,,,GÓRKI NOTECKIE,KOLEJOWA,52,,66 - 543,GÓRKI NOTECKI,16.10.Z,16.10.Z; 16.23.Z; 16.24.Z; 16.29.Z; 46.73.Z; 47.59.Z,16.10.Z,przeważające,16.10.Z: PKD 2007 - Produkcja wyrobów tartacznych,"{'wartosc': '50000,00', 'waluta': 'PLN'}",
0000065334,"""BATPOL"" ZAKŁAD PRODUKCYJNO HANDLOWY - MACIEJ BATOSZ I MARTA BATOSZ - SPÓŁKA JAWNA",7340010194,49009972800000,SPÓŁKA JAWNA,RejP,23.11.2001,19.06.2026,19.06.2026,ACTIVE,,,,JAZOWSKO,,318,,33-389,JAZOWSKO,16.10.Z,16.21.Z; 16.23.Z; 16.24.Z; 31.01.Z; 31.02.Z; 31.09.Z; 32.99.Z; 43.32.Z; 43.91.Z,16.10.Z,przeważające,16.10.Z: PKD 2007 - Produkcja wyrobów tartacznych,,
0000065800,"""DRENO"" PRODUKCJA WYROBÓW Z DREWNA  DZIURNY,  NOWAK SPÓŁKA JAWNA",7380003361,49003488700000,SPÓŁKA JAWNA,RejP,05.12.2001,29.05.2026,29.05.2026,ACTIVE,,,,ŚNIETNICA,,90,,38-315,UŚCIE GORLICKIE,16.24.Z,16.23.Z; 16.28.Z; 16.11.Z; 16.12.Z; 02.20.Z; 02.40.Z; 46.83.Z; 49.41.Z; 33.12.Z,16.11.Z; 16.12.Z,pozostałe; pozostałe,16.11.Z: PKD 2025 - Produkcja wyrobów tartacznych; 16.12.Z: PKD 2025 - Obróbka i wykończanie wyrobów tartacznych,,
0000066663,"""ALPARK"" SPÓŁKA Z OGRANICZONĄ ODPOWIEDZIALNOŚCIĄ",6571810043,29058189700000,SPÓŁKA Z OGRANICZONĄ ODPOWIEDZIALNOŚCIĄ,RejP,29.11.2001,09.07.2026,09.07.2026,ACTIVE,,,,KIELCE,SUKOWSKA,68 A,,25-146,KIELCE,16.22.Z,16.10.Z; 16.21.Z; 16.23.Z; 16.24.Z; 16.29.Z; 43.33.Z; 46.13.Z; 46.73.Z; 47.53.Z,16.10.Z,pozostałe,16.10.Z: PKD 2007 - Produkcja wyrobów tartacznych,"{'wartosc': '50000,00', 'waluta': 'PLN'}",
0000067189,"""JAWOR"" ABRAMCZUK  SPÓŁKA JAWNA",5431456026,05049098500000,SPÓŁKA JAWNA,RejP,30.11.2001,28.07.2026,28.07.2026,ACTIVE,,,,DUBINY,GŁÓWNA,3A,,17-200,HAJNÓWKA,16.21.Z,16.10.Z; 16.23.Z; 16.24.Z; 16.29.Z; 46.73.Z,16.10.Z,pozostałe,16.10.Z: PKD 2007 - Produkcja wyrobów tartacznych,,
0000067464,KORA JAMER I WSPÓLNICY SPÓŁKA JAWNA,8690005917,85025702800000,SPÓŁKA JAWNA,RejP,29.11.2001,29.05.2026,29.05.2026,ACTIVE,,,,BIADOLINY SZLACHECKIE,,190,,32-828,BIADOLINY SZLACHECKIE,32.30.Z,16.10.Z; 16.23.Z; 16.24.Z; 25.99.Z; 43.91.Z; 46.73.Z; 47.91.Z; 49.41.Z; 81.30.Z,16.10.Z,pozostałe,16.10.Z: PKD 2007 - Produkcja wyrobów tartacznych,,
0000069138,"""ELEKTRO A-Z"" SPÓŁKA Z OGRANICZONĄ ODPOWIEDZIALNOŚCIĄ",5260208378,01207481600000,SPÓŁKA Z OGRANICZONĄ ODPOWIEDZIALNOŚCIĄ,RejP,06.12.2001,23.07.2026,23.07.2026,ACTIVE,,,,WARSZAWA,MARSZAŁKOWSKA,1,,00-624,WARSZAWA,,01.11.Z; 01.16.Z; 01.21.Z; 01.24.Z; 01.25.Z; 01.26.Z; 01.61.Z; 01.62.Z; 01.63.Z; 02.10.Z; 09.10.Z; 09.90.Z; 16.10.Z; 16.22.Z; 16.23.Z; 16.24.Z; 18.12.Z; 18.13.Z; 18.14.Z; 23.12.Z; 23.19.Z; 23.61.Z; 23.62.Z; 23.63.Z; 23.64.Z; 23.65.Z; 23.69.Z; 23.70.Z; 23.99.Z; 25.11.Z; 25.12.Z; 25.21.Z; 25.29.Z; 25.61.Z; 25.62.Z; 25.91.Z; 25.92.Z; 25.93.Z; 25.94.Z; 25.99.Z; 26.11.Z; 26.12.Z; 26.20.Z; 26.30.Z; 26.40.Z; 26.51.Z; 26.52.Z; 26.60.Z; 26.70.Z; 26.80.Z; 27.11.Z; 27.12.Z; 27.31.Z; 27.32.Z; 27.33.Z; 27.40.Z; 27.51.Z; 27.52.Z; 27.90.Z; 28.12.Z; 28.23.Z; 28.25.Z; 28.29.Z; 28.41.Z; 28.49.Z; 28.91.Z; 28.92.Z; 31.01.Z; 31.02.Z; 31.03.Z; 31.09.Z; 33.11.Z; 33.12.Z; 33.13.Z; 33.14.Z; 33.15.Z; 33.16.Z; 33.17.Z; 33.19.Z; 33.20.Z; 35.11.Z; 35.12.Z; 35.13.Z; 35.14.Z; 36.00.Z; 37.00.Z; 38.31.Z; 38.32.Z; 41.10.Z; 41.20.Z; 42.11.Z; 42.12.Z; 42.13.Z; 42.21.Z; 42.22.Z; 42.91.Z; 42.99.Z; 43.11.Z; 43.12.Z; 43.13.Z; 43.21.Z; 43.22.Z; 43.29.Z; 43.31.Z; 43.32.Z; 43.33.Z; 43.34.Z; 43.39.Z; 43.91.Z; 43.99.Z; 46.43.Z; 46.47.Z; 46.49.Z; 46.51.Z; 46.52.Z; 46.61.Z; 46.62.Z; 46.63.Z; 46.65.Z; 46.66.Z; 46.69.Z; 46.73.Z; 46.74.Z; 47.11.Z; 47.19.Z; 47.41.Z; 47.42.Z; 47.43.Z; 47.51.Z; 47.52.Z; 47.53.Z; 47.54.Z; 47.59.Z; 47.61.Z; 47.62.Z; 47.78.Z; 49.41.Z; 49.42.Z; 52.21.Z; 52.24.A; 52.24.B; 52.24.C; 52.29.A; 52.29.B; 52.29.C; 55.10.Z; 55.20.Z; 58.11.Z; 58.12.Z; 58.13.Z; 58.14.Z; 58.19.Z; 58.29.Z; 62.01.Z; 62.02.Z; 62.03.Z; 62.09.Z; 63.11.Z; 68.10.Z; 68.20.Z; 68.31.Z; 68.32.Z; 71.12.Z; 71.20.B; 72.19.Z; 74.10.Z; 74.20.Z; 74.30.Z; 74.90.Z; 77.11.Z; 77.12.Z; 77.31.Z; 77.32.Z; 77.40.Z; 80.10.Z; 80.20.Z; 81.10.Z; 81.21.Z; 81.22.Z; 81.29.Z; 81.30.Z; 82.11.Z; 82.19.Z; 85.32.A; 85.32.B; 85.32.C; 85.42.B; 85.52.Z; 85.59.A; 85.59.B; 90.01.Z; 90.02.Z; 90.03.Z; 90.04.Z; 91.01.A; 91.01.B; 91.02.Z; 91.03.Z; 91.04.Z; 94.11.Z; 94.12.Z; 95.11.Z; 95.12.Z; 95.21.Z; 95.22.Z; 95.24.Z,16.10.Z,pozostałe,16.10.Z: PKD 2007 - Produkcja wyrobów tartacznych,"{'wartosc': '50000,00', 'waluta': 'PLN'}",
0000070083,"""DREW-BOX KACZMAREK"" SPÓŁKA JAWNA",9160002099,93161692100000,SPÓŁKA JAWNA,RejP,10.12.2001,29.05.2018,21.02.2026,ACTIVE,,,,MILICZ,POPRZECZNA,4,,56-300,MILICZ,,16.10.Z; 16.23.Z; 16.24.Z; 16.29.Z; 31.09.Z; 31.01.Z; 31.02.Z; 95.24.Z; 43.32.Z; 47.59.Z,16.10.Z,pozostałe,16.10.Z: PKD 2007 - Produkcja wyrobów tartacznych,,
0000070481,"""NOVA MAZUR DESIGN"" SPÓŁKA Z OGRANICZONĄ ODPOWIEDZIALNOŚCIĄ",7431768695,51141377800000,SPÓŁKA Z OGRANICZONĄ ODPOWIEDZIALNOŚCIĄ,RejP,21.01.2002,24.06.2025,21.11.2025,ACTIVE,,,,BARTOSZYCE,INWESTYCYJNA,3,,11-200,BARTOSZYCE,31.09.Z,31.03.Z; 49.41.Z; 46.15.Z; 47.59.Z; 52.29.C; 16.10.Z; 13.92.Z; 46.90.Z; 47.19.Z,16.10.Z,pozostałe,16.10.Z: PKD 2007 - Produkcja wyrobów tartacznych,"{'wartosc': '50000,00', 'waluta': 'PLN'}",
0000070951,"FOKA I NAMEDYŃSKI, BISZCZANIK SPÓŁKA JAWNA",7122392772,43096594800000,SPÓŁKA JAWNA,RejP,18.12.2001,14.10.2025,21.11.2025,ACTIVE,,,,LUBLIN,CZECHOWSKA,4,,20-072,LUBLIN,16.10.Z,,16.10.Z,przeważające,16.10.Z: PKD 2007 - Produkcja wyrobów tartacznych,,
0000071286,"""MGJ"" - SPÓŁKA Z OGRANICZONĄ ODPOWIEDZIALNOŚCIĄ",5881948953,19056657600000,SPÓŁKA Z OGRANICZONĄ ODPOWIEDZIALNOŚCIĄ,RejP,11.12.2001,09.09.2026,09.09.2026,ACTIVE,,,,LEŚNIEWO,OFIAR PIAŚNICY,30,,84-106,LEŚNIEWO,16.10.Z,70.22.Z; 82.99.Z; 96.09.Z,16.10.Z,przeważające,16.10.Z: PKD 2007 - Produkcja wyrobów tartacznych,"{'wartosc': '7435000,00', 'waluta': 'PLN'}",
0000073499,"""IZOPANEL"" SPÓŁKA Z OGRANICZONĄ ODPOWIEDZIALNOŚCIĄ",9570796041,19250357400000,SPÓŁKA Z OGRANICZONĄ ODPOWIEDZIALNOŚCIĄ,RejP,08.01.2002,22.07.2026,22.07.2026,ACTIVE,,,,GDAŃSK,BUDOWLANYCH,36,,80-298,GDAŃSK,24.33.Z,16.10.Z; 16.21.Z; 16.23.Z; 16.24.Z; 20.59.Z; 20.60.Z; 22.19.Z; 22.21.Z; 22.22.Z,16.10.Z,pozostałe,16.10.Z: PKD 2007 - Produkcja wyrobów tartacznych,"{'wartosc': '3877000,00', 'waluta': 'PLN'}",
0000073586,"""PAWLAK"" SPÓŁKA Z OGRANICZONĄ ODPOWIEDZIALNOŚCIĄ W LIKWIDACJI",9290092646,97004937000000,SPÓŁKA Z OGRANICZONĄ ODPOWIEDZIALNOŚCIĄ,RejP,15.12.2001,09.09.2024,21.11.2025,LIQUIDATION,,,,ZIELONA GÓRA,KOŻUCHOWSKA,15A,,65-001,ZIELONA GÓRA,,16.10.Z; 16.29.Z; 20.12.Z; 20.13.Z; 20.14.Z; 20.59.Z; 41.10.Z; 43.99.Z; 43.21.Z; 43.29.Z; 49.41.Z; 52.29.C; 71.11.Z; 74.90.Z; 45.31.Z; 45.32.Z,16.10.Z,pozostałe,16.10.Z: PKD 2007 - Produkcja wyrobów tartacznych,"{'wartosc': '4000,00', 'waluta': 'PLN'}",
0000073994,"""PRZEDSIĘBIORSTWO LEŚNE GODLAS"" SPÓŁKA Z OGRANICZONĄ ODPOWIEDZIALNOŚCIĄ",7231518781,45110169000000,SPÓŁKA Z OGRANICZONĄ ODPOWIEDZIALNOŚCIĄ,RejP,21.12.2001,26.06.2019,21.11.2025,ACTIVE,,,,ZAMBRÓW,AL. WOJSKA POLSKIEGO,73,,18-301,ZAMBRÓW,46.73.Z,02.10.Z; 02.40.Z; 08.12.Z; 16.10.Z; 16.21.Z; 16.23.Z; 23.61.Z; 28.30.Z; 33.12.Z,16.10.Z,pozostałe,16.10.Z: PKD 2007 - Produkcja wyrobów tartacznych,"{'wartosc': '180000,00', 'waluta': 'PLN'}",
0000074115,ABS-SERVICE AND WOOD PRODUCTS SPÓŁKA Z OGRANICZONĄ ODPOWIEDZIALNOŚCIĄ,7393264388,51143158100000,SPÓŁKA Z OGRANICZONĄ ODPOWIEDZIALNOŚCIĄ,RejP,19.12.2001,14.04.2022,21.11.2025,ACTIVE,,,,NATERKI,GOLFOWA,34,,10-034,GIETRZWAŁD,,02.10.Z; 02.20.Z; 02.30.Z; 02.40.Z; 16.10.Z; 16.21.Z; 16.22.Z; 16.23.Z; 16.24.Z; 16.29.Z; 31.01.Z; 31.02.Z; 31.03.Z; 31.09.Z; 41.10.Z; 41.20.Z; 43.21.Z; 43.22.Z; 43.29.Z; 43.31.Z; 43.32.Z; 43.33.Z; 43.34.Z; 43.39.Z; 43.91.Z; 43.99.Z; 46.11.Z; 46.12.Z; 46.13.Z; 46.14.Z; 46.15.Z; 46.16.Z; 46.17.Z; 46.18.Z; 46.19.Z; 46.21.Z; 46.22.Z; 46.23.Z; 46.24.Z; 46.31.Z; 46.32.Z; 46.33.Z; 46.34.A; 46.34.B; 46.35.Z; 46.36.Z; 46.37.Z; 46.38.Z; 46.39.Z; 46.41.Z; 46.42.Z; 46.43.Z; 46.44.Z; 46.45.Z; 46.46.Z; 46.47.Z; 46.48.Z; 46.49.Z; 46.51.Z; 46.52.Z; 46.61.Z; 46.62.Z; 46.63.Z; 46.64.Z; 46.65.Z; 46.66.Z; 46.69.Z; 46.71.Z; 46.72.Z; 46.73.Z; 46.74.Z; 46.75.Z; 46.76.Z; 46.77.Z; 46.90.Z; 47.11.Z; 47.19.Z; 47.21.Z; 47.22.Z; 47.23.Z; 47.24.Z; 47.25.Z; 47.26.Z; 47.29.Z; 47.30.Z; 47.41.Z; 47.42.Z; 47.43.Z; 47.51.Z; 47.52.Z; 47.53.Z; 47.54.Z; 47.59.Z; 47.61.Z; 47.62.Z; 47.63.Z; 47.64.Z; 47.65.Z; 47.71.Z; 47.72.Z; 47.73.Z; 47.74.Z; 47.75.Z; 47.76.Z; 47.77.Z; 47.78.Z; 47.79.Z; 47.81.Z; 47.82.Z; 47.89.Z; 47.91.Z; 47.99.Z; 49.10.Z; 49.20.Z; 49.31.Z; 49.32.Z; 49.39.Z; 49.41.Z; 49.42.Z; 49.50.A; 49.50.B; 52.10.A; 52.10.B; 52.21.Z; 52.22.A; 52.22.B; 52.23.Z; 52.24.A; 52.24.B; 52.24.C; 52.29.A; 52.29.B; 52.29.C; 55.10.Z; 55.20.Z; 55.30.Z; 55.90.Z; 56.10.A; 56.10.B; 56.21.Z; 56.29.Z; 56.30.Z; 68.10.Z; 68.20.Z; 68.31.Z; 68.32.Z; 73.11.Z; 73.12.A; 73.12.B; 73.12.C; 73.12.D; 77.11.Z; 77.12.Z; 77.21.Z; 77.22.Z; 77.29.Z; 77.31.Z; 77.32.Z; 77.33.Z; 77.34.Z; 77.35.Z; 77.39.Z; 77.40.Z; 82.11.Z; 82.19.Z; 82.20.Z; 82.30.Z; 82.91.Z; 82.92.Z; 82.99.Z; 94.11.Z; 94.12.Z; 94.20.Z; 94.91.Z; 94.92.Z; 94.99.Z; 97.00.Z; 98.10.Z; 98.20.Z,16.10.Z,pozostałe,16.10.Z: PKD 2007 - Produkcja wyrobów tartacznych,"{'wartosc': '6100000,00', 'waluta': 'PLN'}",
0000075036,"""DRAVAN"" SPÓŁKA Z OGRANICZONĄ ODPOWIEDZIALNOŚCIĄ",7393264365,51143118000000,SPÓŁKA Z OGRANICZONĄ ODPOWIEDZIALNOŚCIĄ,RejP,27.12.2001,13.07.2026,13.07.2026,ACTIVE,,,,GIETRZWAŁD,POLNA,1,,11-036,GIETRZWAŁD,16.10.Z,16.23.Z; 16.24.Z; 77.32.Z; 68.20.Z; 46.73.Z; 47.11.Z,16.10.Z,przeważające,16.10.Z: PKD 2007 - Produkcja wyrobów tartacznych,"{'wartosc': '200000,00', 'waluta': 'PLN'}",
0000076776,"""SHAPE"" GROMEK ŚCIEPURA  SPÓŁKA JAWNA",6842286508,37047157200000,SPÓŁKA JAWNA,RejP,28.12.2001,25.06.2026,25.06.2026,ACTIVE,,,,KROSNO,UL. LOTNIKÓW,20,,38-400,KROSNO,31.01.Z,16.29.Z; 16.10.Z; 16.21.Z; 16.23.Z; 43.91.Z; 93.29.B; 31.02.Z,16.10.Z,pozostałe,16.10.Z: PKD 2007 - Produkcja wyrobów tartacznych,,
0000077644,"""GIB"" MEBLE BERSKI SPÓŁKA JAWNA",6190009495,25002940600000,SPÓŁKA JAWNA,RejP,04.01.2002,26.06.2026,26.06.2026,ACTIVE,,,,MIANOWICE,UL. WIERUSZOWSKA,13,,63-600,KĘPNO,31.00.Z,46.47.Z; 49.41.Z; 66.19.Z; 47.91.Z; 47.55.Z; 16.21.Z; 16.11.Z; 47.81.Z; 46.83.Z,16.11.Z,pozostałe,16.11.Z: PKD 2025 - Produkcja wyrobów tartacznych,,
0000078370,"""SARPOL"" SPÓŁKA Z OGRANICZONĄ ODPOWIEDZIALNOŚCIĄ",7670000081,57000738300000,SPÓŁKA Z OGRANICZONĄ ODPOWIEDZIALNOŚCIĄ,RejP,17.01.2002,02.07.2026,02.07.2026,ACTIVE,,,,ŚMIARDOWO ZŁOTOWSKIE,UL. JARZĘBINOWA,10,,77-413,ŚMIARDOWO ZŁOTOWSKIE,16.11.Z,32.99.Z; 49.41.Z; 16.28.Z; 46.83.Z; 96.30.Z,16.11.Z,przeważające,16.11.Z: PKD 2025 - Produkcja wyrobów tartacznych,"{'wartosc': '835000,00', 'waluta': 'PLN'}",
0000078850,"""SIRO-BIELSKO"" SPÓŁKA Z OGRANICZONĄ ODPOWIEDZIALNOŚCIĄ",5471862229,07218778400000,SPÓŁKA Z OGRANICZONĄ ODPOWIEDZIALNOŚCIĄ,RejP,09.01.2002,11.07.2026,12.07.2026,ACTIVE,,,,BIELSKO-BIAŁA,STRAŻACKA,80,,43-382,BIELSKO-BIAŁA,16.29.Z,16.10.Z; 16.23.Z; 16.24.Z; 31.01.Z; 31.02.Z; 31.09.Z; 32.40.Z; 47.91.Z; 52.10.B,16.10.Z,pozostałe,16.10.Z: PKD 2007 - Produkcja wyrobów tartacznych,"{'wartosc': '1400000,00', 'waluta': 'PLN'}",
0000078910,"""VERO"" SPÓŁKA Z OGRANICZONĄ ODPOWIEDZIALNOŚCIĄ",5761449532,53223044900000,SPÓŁKA Z OGRANICZONĄ ODPOWIEDZIALNOŚCIĄ,RejP,08.01.2002,30.06.2026,30.06.2026,ACTIVE,,,,DOBRODZIEŃ,UL. OLESKA,35,,46-380,DOBRODZIEŃ,47.55.Z,46.49.Z; 31.00.Z; 16.11.Z; 46.19.Z; 46.47.Z; 43.35.Z,16.11.Z,pozostałe,16.11.Z: PKD 2025 - Produkcja wyrobów tartacznych,"{'wartosc': '50000,00', 'waluta': 'PLN'}",
0000078955,"""PPHU - PALISANDER - D.GROMADZIŃSKI, M. KOPRAS"" SPÓŁKA JAWNA",7631159216,57024067100000,SPÓŁKA JAWNA,RejP,14.01.2002,24.06.2025,21.02.2026,ACTIVE,,,,WRONKI,SZKLARNIA,7,,64-510,WRONKI,16.24.Z,16.23.Z; 49.41.Z; 16.10.Z; 25.99.Z; 33.11.Z; 32.99.Z; 25.61.Z; 41.20.Z; 46.73.Z,16.10.Z,pozostałe,16.10.Z: PKD 2007 - Produkcja wyrobów tartacznych,,
0000079435,PRZEDSIĘBIORSTWO PRODUKCYJNO HANDLOWO USŁUGOWE BOMEX SPÓŁKA Z OGRANICZONĄ ODPOWIEDZIALNOŚCIĄ,8821892972,89135930800000,SPÓŁKA Z OGRANICZONĄ ODPOWIEDZIALNOŚCIĄ,RejP,10.01.2002,15.10.2018,21.11.2025,ACTIVE,,,,WARSZAWA,FOKSAL,18,,00-372,WARSZAWA,,68.20.Z; 68.31.Z; 68.32.Z; 73.11.Z; 73.20.Z; 77.11.Z; 77.12.Z; 77.22.Z; 77.32.Z; 77.33.Z; 77.39.Z; 82.19.Z; 82.91.Z; 82.99.Z; 46.71.Z; 49.41.Z; 52.21.Z; 55.10.Z; 55.90.Z; 62.01.Z; 62.02.Z; 64.19.Z; 64.91.Z; 64.92.Z; 64.99.Z; 68.10.Z; 02.20.Z; 02.40.Z; 08.11.Z; 08.12.Z; 08.99.Z; 09.90.Z; 10.32.Z; 10.39.Z; 10.85.Z; 10.89.Z; 11.05.Z; 11.06.Z; 11.07.Z; 13.10.C; 13.99.Z; 16.10.Z; 16.21.Z; 16.23.Z; 16.29.Z; 17.12.Z; 17.21.Z; 17.22.Z; 17.24.Z; 22.21.Z; 22.22.Z; 22.23.Z; 22.29.Z; 17.29.Z; 25.12.Z; 22.19.Z; 25.62.Z; 25.92.Z; 25.93.Z; 25.99.Z; 27.11.Z; 27.33.Z; 38.11.Z; 38.12.Z; 41.10.Z; 41.20.Z; 42.11.Z; 42.12.Z; 42.13.Z; 42.22.Z; 42.99.Z; 43.21.Z; 43.22.Z; 43.29.Z; 43.32.Z; 43.39.Z; 43.91.Z; 43.99.Z; 45.11.Z; 45.19.Z; 45.31.Z; 46.11.Z; 46.12.Z; 46.13.Z; 46.15.Z; 46.17.Z; 46.18.Z; 46.19.Z; 46.21.Z; 46.22.Z; 46.31.Z; 46.32.Z; 46.33.Z; 46.35.Z; 46.39.Z; 46.43.Z; 46.47.Z; 46.49.Z; 46.51.Z; 46.52.Z; 46.72.Z; 46.73.Z; 46.74.Z; 46.75.Z; 46.76.Z; 46.77.Z; 47.41.Z; 47.43.Z; 49.20.Z; 49.31.Z,16.10.Z,pozostałe,16.10.Z: PKD 2007 - Produkcja wyrobów tartacznych,"{'wartosc': '50000,00', 'waluta': 'PLN'}",
0000079497,"""POLYGAZ"" SPÓŁKA Z OGRANICZONĄ ODPOWIEDZIALNOŚCIĄ",8970008414,93001034600000,SPÓŁKA Z OGRANICZONĄ ODPOWIEDZIALNOŚCIĄ,RejP,08.01.2002,31.05.2026,31.05.2026,ACTIVE,,,,RADWANICE,MIKOŁAJA REJA,12,,55-015,RADWANICE,,43.22.Z; 43.21.Z; 43.29.Z; 43.11.Z; 43.12.Z; 42.21.Z; 42.22.Z; 49.41.Z; 43.99.Z; 71.11.Z; 71.12.Z; 71.20.A; 71.20.B; 46.73.Z; 46.74.Z; 81.30.Z; 08.12.Z; 09.90.Z; 16.10.Z; 16.22.Z; 16.23.Z; 43.32.Z; 43.91.Z; 16.24.Z; 33.19.Z; 22.21.Z; 33.20.Z; 22.23.Z; 27.32.Z; 23.20.Z; 23.32.Z; 23.51.Z; 23.52.Z; 23.61.Z; 23.62.Z; 23.63.Z; 23.64.Z; 23.65.Z; 23.69.Z; 25.11.Z; 33.11.Z; 43.13.Z; 41.20.Z; 42.12.Z; 42.13.Z; 42.91.Z; 42.99.Z; 42.11.Z; 80.20.Z; 43.31.Z; 43.34.Z; 43.39.Z; 49.42.Z; 77.12.Z; 77.39.Z; 77.32.Z; 02.40.Z; 70.21.Z; 70.22.Z; 74.90.Z; 85.60.Z; 81.21.Z; 81.22.Z; 81.29.Z; 74.20.Z; 37.00.Z; 38.11.Z; 38.12.Z; 38.21.Z; 38.22.Z; 39.00.Z,16.10.Z,pozostałe,16.10.Z: PKD 2007 - Produkcja wyrobów tartacznych,"{'wartosc': '100000,00', 'waluta': 'PLN'}",
0000081670,"""JOKPOL"" SPÓŁKA Z OGRANICZONĄ ODPOWIEDZIALNOŚCIĄ",9222282340,95037052000000,SPÓŁKA Z OGRANICZONĄ ODPOWIEDZIALNOŚCIĄ,RejP,19.02.2002,06.07.2026,06.07.2026,ACTIVE,,,,ZWIERZYNIEC,BIŁGORAJSKA,14,,22-470,ZWIERZYNIEC,68.20.Z,16.10.Z; 16.21.Z; 16.24.Z; 31.01.Z; 95.24.Z; 46.13.Z; 46.15.Z; 47.19.Z; 47.59.Z,16.10.Z,pozostałe,16.10.Z: PKD 2007 - Produkcja wyrobów tartacznych,"{'wartosc': '3510000,00', 'waluta': 'PLN'}",
0000082220,"""DETALIA"" SPÓŁKA Z OGRANICZONĄ ODPOWIEDZIALNOŚCIĄ",5262383217,01221593200000,SPÓŁKA Z OGRANICZONĄ ODPOWIEDZIALNOŚCIĄ,RejP,21.01.2002,23.06.2026,23.06.2026,ACTIVE,,,,KONSTANCIN-JEZIORNA,UL. WARSZAWSKA,21A,,05-520,KONSTANCIN-JEZIORNA,46.90.Z,16.10.Z; 16.21.Z; 16.22.Z; 16.24.Z; 16.29.Z,16.10.Z,pozostałe,16.10.Z: PKD 2007 - Produkcja wyrobów tartacznych,"{'wartosc': '2000000,00', 'waluta': 'PLN'}",
0000083606,PROFIL KRUPA SPÓŁKA Z OGRANICZONĄ ODPOWIEDZIALNOŚCIĄ,5791790997,19172410300000,SPÓŁKA Z OGRANICZONĄ ODPOWIEDZIALNOŚCIĄ,RejP,25.03.2002,30.06.2026,30.06.2026,ACTIVE,,,,WAPLEWO-OSIEDLE,,6,,82-410,STARY TARG,31.09.Z,16.10.Z; 16.21.Z; 16.23.Z; 16.22.Z; 16.24.Z; 16.29.Z; 25.50.Z; 25.61.Z; 25.93.Z,16.10.Z,pozostałe,16.10.Z: PKD 2007 - Produkcja wyrobów tartacznych,"{'wartosc': '50000,00', 'waluta': 'PLN'}",
0000084467,"""AURA MEBLE"" SPÓŁKA Z OGRANICZONĄ ODPOWIEDZIALNOŚCIĄ",2530038632,33096379200000,SPÓŁKA Z OGRANICZONĄ ODPOWIEDZIALNOŚCIĄ,RejP,24.01.2002,21.07.2026,21.07.2026,ACTIVE,,,,KALISZ POMORSKI,DWORCOWA,21,,78-540,KALISZ POMORSKI,31.09.Z,16.10.Z; 16.23.Z; 31.01.Z; 95.24.Z; 46.15.Z; 47.59.Z; 49.41.Z,16.10.Z,pozostałe,16.10.Z: PKD 2007 - Produkcja wyrobów tartacznych,"{'wartosc': '50000,00', 'waluta': 'PLN'}",
0000084755,"""OTTEX"" SPÓŁKA Z OGRANICZONĄ ODPOWIEDZIALNOŚCIĄ W LIKWIDACJI",6111546308,23030828600000,SPÓŁKA Z OGRANICZONĄ ODPOWIEDZIALNOŚCIĄ,RejP,13.02.2002,06.04.2023,21.11.2025,LIQUIDATION,,,,JELENIA GÓRA,STASZICA,16,2,58-560,JELENIA GÓRA,16.10.Z,02.20.Z; 16.29.Z; 31.09.Z; 41.20.Z; 46.73.Z; 47.59.Z; 45.11.Z; 45.19.Z; 95.29.Z,16.10.Z,przeważające,16.10.Z: PKD 2007 - Produkcja wyrobów tartacznych,"{'wartosc': '79000,00', 'waluta': 'PLN'}",
0000085509,"""DREWEXPOL"" SPÓŁKA Z OGRANICZONĄ ODPOWIEDZIALNOŚCIĄ W UPADŁOŚCI",5431921931,05069131800000,SPÓŁKA Z OGRANICZONĄ ODPOWIEDZIALNOŚCIĄ,RejP,05.02.2002,12.03.2026,13.03.2026,ACTIVE,,,,KLESZCZELE,STACJA KOLEJOWA,8,,17-250,KLESZCZELE,16.10.Z,16.10.Z; 16.21.Z; 16.29.Z; 31.09.Z; 43.33.Z; 46.13.Z; 46.73.Z; 47.59.Z; 49.41.Z,16.10.Z,przeważające,16.10.Z: PKD 2007 - Produkcja wyrobów tartacznych,"{'wartosc': '5961000,00', 'waluta': 'PLN'}",
0000086749,"""POLITEKNIK"" SPÓŁKA Z OGRANICZONĄ ODPOWIEDZIALNOŚCIĄ",8560000554,81001017000000,SPÓŁKA Z OGRANICZONĄ ODPOWIEDZIALNOŚCIĄ,RejP,31.01.2002,19.03.2026,19.03.2026,ACTIVE,,,,ROKITA,,25,,72-110,PRZYBIERNÓW,31.09.Z,16.29.Z; 41.20.Z; 46.19.Z; 46.49.Z; 46.15.Z; 13.92.Z; 16.10.Z; 49.41.Z; 68.20.Z,16.10.Z,pozostałe,16.10.Z: PKD 2007 - Produkcja wyrobów tartacznych,"{'wartosc': '160198,92', 'waluta': 'PLN'}",
0000086963,RETRO TOMASZ MAJEWSKI I WSPÓLNICY SPÓŁKA JAWNA,1251095470,01632904100000,SPÓŁKA JAWNA,RejP,19.02.2002,18.03.2026,18.03.2026,ACTIVE,,,,WIELISZEW,UL. KRZYSZTOFA KAMILA BACZYŃSKIEGO,9,,05-135,WIELISZEW,31.09.Z,31.01.Z; 31.02.Z; 16.10.Z; 16.24.Z; 43.32.Z; 46.47.Z; 46.65.Z; 68.20.Z; 95.24.Z,16.10.Z,pozostałe,16.10.Z: PKD 2007 - Produkcja wyrobów tartacznych,,
0000087058,RICHD. ANDERS POLSKA SPÓŁKA Z OGRANICZONĄ ODPOWIEDZIALNOŚCIĄ,8151000137,69029350700000,SPÓŁKA Z OGRANICZONĄ ODPOWIEDZIALNOŚCIĄ,RejP,30.01.2002,15.07.2026,15.07.2026,LIQUIDATION,,,,KAŃCZUGA,KOLEJOWA,13,,37-220,KAŃCZUGA,16.23.Z,16.10.Z; 16.22.Z; 16.24.Z; 16.29.Z; 31.09.Z; 43.91.Z; 46.73.Z; 49.41.Z; 52.10.B,16.10.Z,pozostałe,16.10.Z: PKD 2007 - Produkcja wyrobów tartacznych,"{'wartosc': '3078400,00', 'waluta': 'PLN'}",
0000087212,"""NORTH MANAGEMENT"" SPÓŁKA Z OGRANICZONĄ ODPOWIEDZIALNOŚCIĄ",5242413636,01748650600000,SPÓŁKA Z OGRANICZONĄ ODPOWIEDZIALNOŚCIĄ,RejP,31.01.2002,06.02.2021,21.11.2025,ACTIVE,,,,WARSZAWA,AL. STANÓW ZJEDNOCZONYCH,53,,04-028,WARSZAWA,,03.11.Z; 03.12.Z; 08.12.Z; 08.91.Z; 08.92.Z; 08.99.Z; 09.90.Z; 10.11.Z; 10.12.Z; 10.13.Z; 10.32.Z; 10.39.Z; 10.52.Z; 10.61.Z; 10.62.Z; 10.71.Z; 10.72.Z; 10.73.Z; 10.82.Z; 10.85.Z; 11.01.Z; 11.02.Z; 11.03.Z; 11.04.Z; 11.05.Z; 11.06.Z; 11.07.Z; 16.10.Z; 16.21.Z; 16.22.Z; 16.23.Z; 16.24.Z; 16.29.Z; 18.13.Z; 18.20.Z; 22.23.Z; 22.29.Z; 23.51.Z; 23.52.Z; 23.61.Z; 23.62.Z; 23.63.Z; 23.64.Z; 23.65.Z; 23.69.Z; 23.70.Z; 23.91.Z; 23.99.Z; 24.20.Z; 24.31.Z; 24.32.Z; 24.33.Z; 24.34.Z; 24.42.B; 24.51.Z; 24.52.Z; 24.53.Z; 24.54.A; 24.54.B; 25.11.Z; 25.12.Z; 25.21.Z; 25.29.Z; 25.30.Z; 25.50.Z; 25.61.Z; 25.62.Z; 25.91.Z; 25.92.Z; 25.93.Z; 25.94.Z; 25.99.Z; 26.11.Z; 26.12.Z; 26.20.Z; 26.30.Z; 26.40.Z; 26.51.Z; 26.52.Z; 26.70.Z; 26.80.Z; 27.11.Z; 27.12.Z; 27.32.Z; 27.33.Z; 27.40.Z; 27.51.Z; 27.52.Z; 27.90.Z; 28.11.Z; 28.12.Z; 28.13.Z; 28.14.Z; 28.15.Z; 28.21.Z; 28.22.Z; 28.23.Z; 28.24.Z; 28.25.Z; 28.29.Z; 28.30.Z; 28.41.Z; 28.49.Z; 28.91.Z; 28.92.Z; 28.93.Z; 28.99.Z; 29.10.A; 29.10.B; 29.10.C; 29.10.D; 29.10.E; 29.20.Z; 29.31.Z; 29.32.Z; 30.11.Z; 30.12.Z; 30.20.Z; 30.91.Z; 30.92.Z; 30.99.Z; 31.01.Z; 31.02.Z; 31.09.Z; 32.11.Z; 32.12.Z; 32.13.Z; 32.30.Z; 32.99.Z; 33.11.Z; 33.12.Z; 33.13.Z; 33.14.Z; 33.15.Z; 33.17.Z; 33.19.Z; 33.20.Z; 35.11.Z; 35.12.Z; 35.13.Z; 35.14.Z; 35.22.Z; 35.23.Z; 35.30.Z; 36.00.Z; 37.00.Z; 38.11.Z; 38.12.Z; 38.21.Z; 38.22.Z; 38.31.Z; 38.32.Z; 39.00.Z; 41.10.Z; 41.20.Z; 42.11.Z; 42.12.Z; 42.13.Z; 42.21.Z; 42.22.Z; 42.91.Z; 42.99.Z; 43.11.Z; 43.12.Z; 43.13.Z; 43.21.Z; 43.22.Z; 43.29.Z; 43.31.Z; 43.32.Z; 43.33.Z; 43.34.Z; 43.39.Z; 43.91.Z; 43.99.Z; 45.11.Z; 45.19.Z; 45.20.Z; 45.31.Z; 45.32.Z; 45.40.Z; 46.11.Z; 46.12.Z; 46.13.Z; 46.14.Z; 46.15.Z; 46.16.Z; 46.17.Z; 46.18.Z; 46.19.Z; 46.21.Z; 46.23.Z; 46.24.Z; 46.31.Z; 46.32.Z; 46.33.Z; 46.34.A; 46.34.B; 46.35.Z; 46.36.Z; 46.37.Z; 46.38.Z; 46.39.Z; 46.41.Z; 46.42.Z; 46.43.Z; 46.44.Z; 46.45.Z; 46.46.Z; 46.47.Z; 46.48.Z; 46.49.A; 46.51.B; 46.52.Z; 46.61.Z; 46.62.Z; 46.63.Z; 46.65.Z; 46.66.Z; 46.69.Z; 46.71.Z; 46.72.Z; 46.73.Z; 46.74.Z; 46.75.Z; 46.76.Z; 46.77.A; 46.90.Z; 47.11.Z; 47.19.Z; 47.22.Z; 47.23.Z; 47.24.Z; 47.25.Z; 47.26.Z; 47.29.Z; 47.30.Z; 47.41.Z; 47.42.Z; 47.43.Z; 47.51.Z; 47.52.A; 47.54.B; 47.59.Z; 47.61.Z; 47.62.Z; 47.63.Z; 47.64.Z; 47.65.Z; 47.71.Z; 47.72.Z; 47.76.Z; 47.77.Z; 47.78.Z; 47.79.Z; 47.81.Z; 47.82.A; 47.89.B; 47.91.Z; 47.99.Z; 49.10.Z; 49.20.Z; 49.31.Z; 49.32.Z; 49.39.Z; 49.41.Z; 49.42.Z; 49.50.A; 49.50.B; 50.10.Z; 50.20.Z; 50.30.Z; 50.40.Z; 51.10.Z; 51.21.Z; 52.10.A; 52.10.B; 52.21.Z; 52.22.A; 52.22.B; 52.23.Z; 52.24.A; 52.24.B; 52.24.C; 52.29.A; 52.29.B; 52.29.C; 53.10.Z; 53.20.Z; 55.10.Z; 55.20.Z; 55.90.Z; 56.10.A; 56.10.B; 56.21.Z; 56.29.Z; 56.30.Z; 61.10.Z; 61.20.Z; 61.30.Z; 61.90.Z; 62.01.Z; 62.02.Z; 62.03.Z; 62.09.Z; 63.11.Z; 63.12.Z; 63.91.Z; 63.99.Z; 64.19.Z; 64.20.Z; 64.91.Z; 64.92.Z; 64.99.Z; 66.19.Z; 66.21.Z; 66.22.Z; 66.29.Z; 68.10.Z; 68.20.Z; 68.31.Z; 68.32.Z; 70.10.Z; 70.21.Z; 70.22.Z; 71.11.Z; 71.12.Z; 71.20.B; 72.11.Z; 72.19.Z; 72.20.Z; 73.11.Z; 73.12.A; 73.12.B; 73.12.C; 73.12.D; 73.20.Z; 74.10.Z; 74.20.Z; 74.30.Z; 74.90.Z; 77.11.Z; 77.12.Z; 77.21.Z; 77.29.Z; 77.31.Z; 77.32.Z; 77.33.Z; 77.34.Z; 77.35.Z; 77.39.Z; 78.10.Z; 78.20.Z; 78.30.Z; 79.11.A; 79.11.B; 79.12.Z; 79.90.A; 79.90.B; 79.90.C; 80.10.Z; 80.20.Z; 80.30.Z; 81.10.Z; 81.21.Z; 81.22.Z; 81.29.Z; 81.30.Z; 82.11.Z; 82.19.Z; 82.20.Z; 82.30.Z; 82.91.Z; 82.92.Z; 82.99.Z; 84.11.Z; 84.13.Z; 84.25.Z; 84.30.Z; 95.11.Z; 95.12.Z; 95.21.Z; 95.22.Z; 95.23.Z; 95.24.Z; 95.25.Z; 95.29.Z; 96.04.Z; 96.09.Z,16.10.Z,pozostałe,16.10.Z: PKD 2007 - Produkcja wyrobów tartacznych,"{'wartosc': '250000,00', 'waluta': 'PLN'}",
0000087238,"""FORBUD"" SPÓŁKA Z OGRANICZONĄ ODPOWIEDZIALNOŚCIĄ",6422760216,27766810500000,SPÓŁKA Z OGRANICZONĄ ODPOWIEDZIALNOŚCIĄ,RejP,31.01.2002,13.11.2025,21.11.2025,ACTIVE,,,,RYBNIK,JANKOWICKA,23,25,44-200,RYBNIK,16.10.Z,23.63.Z; 41.20.Z,16.10.Z,przeważające,16.10.Z: PKD 2007 - Produkcja wyrobów tartacznych,"{'wartosc': '60000,00', 'waluta': 'PLN'}",
0000087376,GALERIA BAWEŁNIANKA SPÓŁKA Z OGRANICZONĄ ODPOWIEDZIALNOŚCIĄ W LIKWIDACJI,7250007509,00130153100000,SPÓŁKA Z OGRANICZONĄ ODPOWIEDZIALNOŚCIĄ,RejP,31.01.2002,08.07.2026,08.07.2026,LIQUIDATION,,,,ZDUŃSKA WOLA,SZADKOWSKA,64/66,,98-220,ZDUŃSKA WOLA,68.20.Z,13.20.A; 13.30.Z; 16.10.Z; 46.12.Z; 46.71.Z; 46.75.Z; 46.76.Z; 52.10.B; 02.40.Z,16.10.Z,pozostałe,16.10.Z: PKD 2007 - Produkcja wyrobów tartacznych,"{'wartosc': '319000,00', 'waluta': 'PLN'}",
0000088763,"""FREZAMET"" SPÓŁKA Z OGRANICZONĄ ODPOWIEDZIALNOŚCIĄ W LIKWIDACJI",6351539845,27368791000000,SPÓŁKA Z OGRANICZONĄ ODPOWIEDZIALNOŚCIĄ,RejP,13.02.2002,09.07.2026,09.07.2026,LIQUIDATION,,,,RYBNIK,ZEBRZYDOWICKA,117,,44-200,RYBNIK,,46.19.Z; 46.47.Z; 46.49.Z; 46.73.Z; 47.53.Z; 47.59.Z; 77.12.Z; 77.39.Z; 25.62.Z; 31.01.Z; 31.02.Z; 31.09.Z; 95.24.Z; 46.13.Z; 46.15.Z; 16.10.Z; 16.24.Z; 16.29.Z; 32.99.Z; 25.50.Z; 16.22.Z; 16.23.Z; 43.32.Z; 25.61.Z; 52.29.C; 49.41.Z; 73.11.Z; 73.12.A; 73.12.B; 73.12.C; 73.12.D; 56.10.A; 56.10.B; 56.30.Z; 56.29.Z; 56.21.Z; 28.41.Z; 46.62.Z; 46.69.Z; 46.90.Z,16.10.Z,pozostałe,16.10.Z: PKD 2007 - Produkcja wyrobów tartacznych,"{'wartosc': '470000,00', 'waluta': 'PLN'}",
0000089257,"""SEJBUD - KUŹNIECOW, ZYSKO - SPÓŁKA JAWNA""",8441010575,79019289000000,SPÓŁKA JAWNA,RejP,06.02.2002,04.06.2026,04.06.2026,ACTIVE,,,,SEJNY,ŁĄKOWA,9,,16-500,SEJNY,,01.11.Z; 10.11.Z; 10.13.Z; 10.41.Z; 11.01.Z; 16.10.Z; 25.62.Z; 43.11.Z; 43.12.Z; 45.11.Z; 45.19.Z; 45.32.Z; 47.30.Z; 68.20.Z; 46.13.Z; 46.14.Z; 46.15.Z; 46.16.Z; 46.17.Z; 46.18.Z; 46.19.Z; 46.11.Z; 46.12.Z; 46.23.Z; 46.21.Z; 46.31.Z; 46.32.Z; 46.33.Z; 46.34.A; 46.34.B; 46.35.Z; 46.36.Z; 46.37.Z; 46.38.Z; 46.44.Z; 46.49.Z; 46.45.Z; 46.71.Z; 46.73.Z; 46.74.Z; 47.19.Z; 47.21.Z; 47.22.Z; 47.25.Z; 47.26.Z; 47.29.Z; 47.73.Z; 47.75.Z; 47.53.Z; 47.59.Z; 47.52.Z; 47.76.Z; 47.78.Z; 49.39.Z; 49.41.Z; 49.42.Z; 47.79.Z; 64.92.Z,16.10.Z,pozostałe,16.10.Z: PKD 2007 - Produkcja wyrobów tartacznych,,
0000089559,"""KWARC"" SPÓŁKA Z OGRANICZONĄ ODPOWIEDZIALNOŚCIĄ",6141521394,23044972700000,SPÓŁKA Z OGRANICZONĄ ODPOWIEDZIALNOŚCIĄ,RejP,07.02.2002,13.01.2026,14.01.2026,LIQUIDATION,,,,KRZESZÓWEK,,,,58-405,KRZESZÓW,,08.11.Z; 08.12.Z; 46.90.Z; 09.90.Z; 23.99.Z; 46.73.Z; 47.99.Z; 66.19.Z; 64.99.Z; 01.11.Z; 01.12.Z; 01.13.Z; 01.14.Z; 01.15.Z; 01.16.Z; 01.19.Z; 01.21.Z; 01.22.Z; 01.23.Z; 01.24.Z; 01.25.Z; 01.26.Z; 01.27.Z; 01.28.Z; 01.29.Z; 01.30.Z; 01.42.Z; 01.43.Z; 01.44.Z; 01.45.Z; 01.46.Z; 01.47.Z; 01.49.Z; 01.50.Z; 01.61.Z; 01.62.Z; 01.63.Z; 01.64.Z; 01.70.Z; 02.10.Z; 02.20.Z; 02.30.Z; 02.40.Z; 03.11.Z; 03.12.Z; 03.21.Z; 03.22.Z; 10.41.Z; 10.39.Z; 81.30.Z; 94.99.Z; 70.22.Z; 08.91.Z; 08.93.Z; 08.99.Z; 10.84.Z; 38.21.Z; 12.00.Z; 16.10.Z; 16.21.Z; 16.22.Z; 16.23.Z; 43.32.Z; 43.91.Z; 16.24.Z; 16.29.Z; 32.99.Z; 33.19.Z; 24.33.Z; 25.11.Z; 33.11.Z; 43.99.Z; 25.12.Z; 25.29.Z; 33.20.Z; 25.21.Z; 25.30.Z; 25.50.Z; 25.61.Z; 25.62.Z; 25.71.Z; 25.73.Z; 28.41.Z; 28.49.Z; 28.92.Z; 25.72.Z; 25.91.Z; 25.92.Z; 25.93.Z; 25.94.Z; 25.99.Z; 28.11.Z; 33.12.Z; 28.12.Z; 28.13.Z; 28.14.Z; 28.15.Z; 28.21.Z; 28.22.Z; 43.29.Z; 28.25.Z; 28.29.Z; 28.30.Z; 32.50.Z; 33.13.Z; 95.22.Z; 28.24.Z; 27.90.Z; 28.91.Z; 28.93.Z; 28.94.Z; 28.95.Z; 27.51.Z; 28.96.Z; 28.99.Z; 25.40.Z; 30.30.Z; 30.40.Z; 33.14.Z; 27.52.Z; 29.32.Z; 30.11.Z; 30.20.Z; 31.01.Z; 31.02.Z; 31.09.Z; 95.24.Z; 43.11.Z; 43.12.Z; 43.13.Z; 41.20.Z; 42.12.Z; 42.13.Z; 42.21.Z; 42.22.Z; 42.99.Z; 42.11.Z; 42.91.Z; 43.21.Z; 43.22.Z; 43.31.Z; 43.33.Z; 43.34.Z; 43.39.Z; 46.11.Z; 46.12.Z; 46.13.Z; 46.14.Z; 46.15.Z; 46.16.Z; 46.17.Z; 46.18.Z; 46.19.Z; 46.21.Z; 46.22.Z; 46.23.Z; 46.24.Z; 46.31.Z; 46.32.Z; 46.33.Z; 11.01.Z; 11.02.Z; 46.34.A; 46.34.B; 46.35.Z; 46.36.Z; 46.37.Z; 46.38.Z; 46.39.Z; 46.41.Z; 46.42.Z; 46.43.Z; 46.47.Z; 46.52.Z; 46.44.Z; 46.49.Z; 46.45.Z; 46.46.Z; 46.48.Z; 46.71.Z; 46.72.Z; 46.74.Z; 46.75.Z; 46.76.Z; 46.77.Z; 46.62.Z; 46.63.Z; 46.64.Z; 46.51.Z; 46.65.Z; 46.66.Z; 46.69.Z; 46.61.Z; 47.11.Z; 47.19.Z; 47.21.Z; 47.22.Z; 47.23.Z; 47.24.Z; 47.25.Z; 47.26.Z; 47.29.Z; 47.73.Z; 47.74.Z; 47.75.Z; 47.51.Z; 47.72.Z; 47.53.Z; 47.59.Z; 47.43.Z; 47.54.Z; 47.63.Z; 47.52.Z; 47.61.Z; 47.62.Z; 47.41.Z; 47.42.Z; 47.78.Z; 47.77.Z; 47.64.Z; 47.65.Z; 47.76.Z; 47.79.Z; 47.91.Z; 47.81.Z; 47.82.Z; 47.89.Z; 95.23.Z; 95.21.Z; 95.25.Z; 13.30.Z; 95.12.Z; 95.29.Z; 96.09.Z; 55.10.Z; 55.20.Z; 55.30.Z; 55.90.Z; 56.10.A; 56.10.B; 56.30.Z; 56.29.Z; 56.21.Z; 79.12.Z; 79.11.B; 79.11.A; 79.90.A; 79.90.B; 79.90.C; 73.20.Z; 73.11.Z; 73.12.A; 73.12.B; 73.12.C; 73.12.D; 78.10.Z; 78.20.Z; 78.30.Z; 59.20.Z; 63.99.Z; 74.10.Z; 74.90.Z; 77.40.Z; 80.20.Z; 82.91.Z; 82.99.Z; 85.32.A; 85.32.B; 85.51.Z; 85.52.Z; 85.59.B; 86.10.Z; 87.20.Z; 86.90.D; 87.30.Z; 87.90.Z; 93.12.Z; 93.19.Z; 35.11.Z; 35.12.Z; 35.13.Z; 35.14.Z; 38.12.Z; 17.29.Z; 93.29.B,16.10.Z,pozostałe,16.10.Z: PKD 2007 - Produkcja wyrobów tartacznych,"{'wartosc': '2500000,00', 'waluta': 'PLN'}",
0000089763,"""AB"" DOROSZ, UŚCIŃSKI SPÓŁKA JAWNA",1250950335,01482800100000,SPÓŁKA JAWNA,RejP,11.02.2002,29.01.2026,21.02.2026,ACTIVE,,,,ZĄBKI,11-GO LISTOPADA,53,,05-091,ZĄBKI,70.22.Z,01.49.Z; 03.22.Z; 10.92.Z; 16.10.Z; 46.21.Z; 46.22.Z; 46.23.Z; 46.38.Z; 46.42.Z,16.10.Z,pozostałe,16.10.Z: PKD 2007 - Produkcja wyrobów tartacznych,,
0000089800,DREWMAK WIEWIÓRKOWSCY SPÓŁKA JAWNA,7570001342,55032702800000,SPÓŁKA JAWNA,RejP,12.02.2002,20.07.2026,20.07.2026,ACTIVE,,,,ULASKI,,26,,06-200,MAKÓW MAZOWIECKI,16.23.Z,43.32.Z; 43.34.Z; 43.99.Z; 16.11.Z; 41.00.A; 41.00.B; 43.35.Z; 25.12.Z; 46.83.Z,16.11.Z,pozostałe,16.11.Z: PKD 2025 - Produkcja wyrobów tartacznych,,
0000090243,"""DEFLEKTOR"" ADAMSKI, MĄCZEWSKI I WSPÓLNICY SPÓŁKA JAWNA",5320001920,01154583400000,SPÓŁKA JAWNA,RejP,12.02.2002,21.10.2025,21.02.2026,ACTIVE,,,,WARSZAWA,UL. PATRIOTÓW,220,,04-701,WARSZAWA,47.52.Z,46.74.Z; 47.25.Z; 47.43.Z; 95.21.Z; 49.41.Z; 22.22.Z; 16.10.Z; 25.73.Z; 46.42.Z,16.10.Z,pozostałe,16.10.Z: PKD 2007 - Produkcja wyrobów tartacznych,,
0000092163,"""MM GROUP"" SPÓŁKA Z OGRANICZONĄ ODPOWIEDZIALNOŚCIĄ W LIKWIDACJI",8751436765,87160145200000,SPÓŁKA Z OGRANICZONĄ ODPOWIEDZIALNOŚCIĄ,RejP,19.02.2002,23.10.2024,21.11.2025,LIQUIDATION,,,,BYDGOSZCZ,ŻNIWNA,12A,,85-355,BYDGOSZCZ,,13.20.A; 13.20.B; 13.20.C; 13.20.D; 13.30.Z; 13.91.Z; 13.92.Z; 13.93.Z; 13.94.Z; 13.95.Z; 13.99.Z; 14.11.Z; 14.12.Z; 14.13.Z; 14.14.Z; 14.19.Z; 14.20.Z; 14.31.Z; 14.39.Z; 15.11.Z; 15.12.Z; 15.20.Z; 16.10.Z; 16.21.Z; 16.22.Z; 16.23.Z; 16.24.Z; 16.29.Z; 17.22.Z; 17.23.Z; 17.24.Z; 17.29.Z; 22.21.Z; 22.22.Z; 22.23.Z; 22.29.Z; 27.51.Z; 27.52.Z; 31.01.Z; 31.02.Z; 31.03.Z; 31.09.Z; 32.30.Z; 32.40.Z; 33.11.Z; 33.12.Z; 33.14.Z; 33.17.Z; 33.20.Z; 38.11.Z; 38.21.Z; 38.31.Z; 38.32.Z; 39.00.Z; 41.10.Z; 41.20.Z; 42.11.Z; 42.12.Z; 42.13.Z; 42.21.Z; 42.22.Z; 42.99.Z; 43.11.Z; 43.12.Z; 43.13.Z; 43.21.Z; 43.22.Z; 43.29.Z; 43.31.Z; 43.32.Z; 43.33.Z; 43.34.Z; 43.39.Z; 43.91.Z; 43.99.Z; 45.11.Z; 45.19.Z; 45.20.Z; 45.31.Z; 45.32.Z; 45.40.Z; 46.11.Z; 46.12.Z; 46.13.Z; 46.14.Z; 46.15.Z; 46.16.Z; 46.17.Z; 46.18.Z; 46.19.Z; 46.24.Z; 46.34.A; 46.34.B; 46.35.Z; 46.36.Z; 46.41.Z; 46.42.Z; 46.43.Z; 46.44.Z; 46.45.Z; 46.47.Z; 46.48.Z; 46.49.Z; 46.51.Z; 46.52.Z; 46.61.Z; 46.62.Z; 46.63.Z; 46.64.Z; 46.65.Z; 46.66.Z; 46.69.Z; 46.71.Z; 46.72.Z; 46.73.Z; 46.74.Z; 46.75.Z; 46.76.Z; 46.77.Z; 46.90.Z; 47.30.Z; 47.41.Z; 47.42.Z; 47.43.Z; 47.51.Z; 47.52.Z; 47.53.Z; 47.54.Z; 47.59.Z; 47.61.Z; 47.62.Z; 47.63.Z; 47.64.Z; 47.65.Z; 47.71.Z; 47.72.Z; 47.73.Z; 47.75.Z; 47.91.Z; 47.99.Z; 52.10.B; 64.19.Z; 64.20.Z; 64.91.Z; 64.92.Z; 68.10.Z; 68.20.Z; 68.31.Z; 68.32.Z; 69.20.Z; 70.22.Z; 73.11.Z; 73.12.A; 73.12.B; 73.12.C; 73.12.D; 73.20.Z; 77.32.Z; 77.33.Z; 77.39.Z; 78.10.Z; 78.20.Z; 78.30.Z; 81.10.Z; 81.21.Z; 81.22.Z; 81.29.Z; 82.11.Z; 82.19.Z; 82.30.Z; 82.92.Z; 82.99.Z; 95.11.Z; 95.12.Z; 95.21.Z; 95.22.Z; 95.24.Z; 95.29.Z,16.10.Z,pozostałe,16.10.Z: PKD 2007 - Produkcja wyrobów tartacznych,"{'wartosc': '600000,00', 'waluta': 'PLN'}",
0000092843,"""STOL-TRAK"" PRZYWARA SPÓŁKA JAWNA",7541708889,53115647800000,SPÓŁKA JAWNA,RejP,19.02.2002,01.07.2026,01.07.2026,ACTIVE,,,,POLSKA NOWA WIEŚ,LIPOWA,36,,46-070,KOMPRACHCICE,16.10.Z,16.23.Z; 16.29.Z; 46.73.Z,16.10.Z,przeważające,16.10.Z: PKD 2007 - Produkcja wyrobów tartacznych,,
0000093405,"""DREWUP"" SPÓŁKA Z OGRANICZONĄ ODPOWIEDZIALNOŚCIĄ",7962489373,67014921700000,SPÓŁKA Z OGRANICZONĄ ODPOWIEDZIALNOŚCIĄ,RejP,26.02.2002,20.03.2026,20.03.2026,ACTIVE,,,,PIONKI,UL. JANA PROTA,19,,26-670,PIONKI,16.21.Z,16.10.Z; 16.23.Z; 16.24.Z; 16.29.Z; 31.09.Z; 64.92.Z; 68.20.Z; 41.10.Z; 68.10.Z,16.10.Z,pozostałe,16.10.Z: PKD 2007 - Produkcja wyrobów tartacznych,"{'wartosc': '150000,00', 'waluta': 'PLN'}",
0000093965,"""JURMARK"" SPÓŁKA Z OGRANICZONĄ ODPOWIEDZIALNOŚCIĄ W LIKWIDACJI",,28017405900000,SPÓŁKA Z OGRANICZONĄ ODPOWIEDZIALNOŚCIĄ,RejP,22.02.2002,20.12.2024,21.11.2025,LIQUIDATION,,,,BISKUPIEC,OSIEDLE 40-LECIA,1 C,3,13-340,BISKUPIEC,46.90.Z,16.10.Z; 23.62.Z; 32.99.Z; 43.32.Z; 43.91.Z; 47.53.Z; 85.53.Z; 29.32.Z,16.10.Z,pozostałe,16.10.Z: PKD 2007 - Produkcja wyrobów tartacznych,"{'wartosc': '150000,00', 'waluta': 'PLN'}",
0000096241,""" GASTRONOM - MIKUŁA "" SPÓŁKA JAWNA",8450007561,79008183100000,SPÓŁKA JAWNA,RejP,01.03.2002,13.07.2026,13.07.2026,ACTIVE,,,,KRUKLANKI,22 LIPCA,15,,11-612,KRUKLANKI,56.10.A,55.20.Z; 92.00.Z; 43.12.Z; 41.20.Z; 68.10.Z; 68.20.Z; 16.10.Z; 47.11.Z; 77.21.Z,16.10.Z,pozostałe,16.10.Z: PKD 2007 - Produkcja wyrobów tartacznych,,
0000096551,"""DIRECT"" SPÓŁKA Z OGRANICZONĄ ODPOWIEDZIALNOŚCIĄ",9542394572,27770512500000,SPÓŁKA Z OGRANICZONĄ ODPOWIEDZIALNOŚCIĄ,RejP,04.03.2002,10.07.2025,21.11.2025,ACTIVE,,,,KATOWICE,CHORZOWSKA,108,-,40-101,KATOWICE,,01.29.Z; 02.10.Z; 02.20.Z; 02.30.Z; 02.40.Z; 16.10.Z; 16.21.Z; 16.22.Z; 16.23.Z; 16.24.Z; 16.29.Z; 23.51.Z; 23.61.Z; 23.62.Z; 23.63.Z; 23.64.Z; 24.33.Z; 25.11.Z; 25.12.Z; 25.29.Z; 25.61.Z; 25.62.Z; 28.21.Z; 29.20.Z; 33.11.Z; 33.12.Z; 33.17.Z; 33.19.Z; 33.20.Z; 38.11.Z; 38.12.Z; 38.21.Z; 38.22.Z; 38.31.Z; 38.32.Z; 41.20.Z; 42.11.Z; 42.12.Z; 42.13.Z; 42.21.Z; 42.22.Z; 42.91.Z; 42.99.Z; 43.11.Z; 43.12.Z; 43.13.Z; 43.21.Z; 43.22.Z; 43.29.Z; 43.31.Z; 43.32.Z; 43.33.Z; 43.34.Z; 43.39.Z; 43.91.Z; 43.99.Z; 45.11.Z; 45.19.Z; 45.20.Z; 45.32.Z; 45.40.Z; 46.73.Z; 46.74.Z; 46.76.Z; 46.77.Z; 49.41.Z; 49.42.Z; 52.21.Z; 69.20.Z; 70.21.Z; 70.22.Z; 71.11.Z; 71.12.Z; 74.90.Z; 77.32.Z; 77.39.Z; 81.21.Z; 81.22.Z; 81.29.Z; 85.60.Z; 80.10.Z,16.10.Z,pozostałe,16.10.Z: PKD 2007 - Produkcja wyrobów tartacznych,"{'wartosc': '50000,00', 'waluta': 'PLN'}",
0000096831,"""RSC BIS"" SPÓŁKA Z OGRANICZONĄ ODPOWIEDZIALNOŚCIĄ",7790017612,57011163700000,SPÓŁKA Z OGRANICZONĄ ODPOWIEDZIALNOŚCIĄ,RejP,11.03.2002,14.04.2026,14.04.2026,ACTIVE,,,,SKRZYNKI,DWORCOWA,42,,62-060,STĘSZEW,16.23.Z,16.21.Z; 16.22.Z; 16.10.Z; 16.24.Z; 16.29.Z; 32.99.Z; 33.19.Z; 43.32.Z; 43.91.Z,16.10.Z,pozostałe,16.10.Z: PKD 2007 - Produkcja wyrobów tartacznych,"{'wartosc': '50400,00', 'waluta': 'PLN'}",
0000097666,"""DRWAL"" SPÓŁKA Z OGRANICZONĄ ODPOWIEDZIALNOŚCIĄ",1180019650,00692543700000,SPÓŁKA Z OGRANICZONĄ ODPOWIEDZIALNOŚCIĄ,RejP,07.03.2002,14.07.2025,21.11.2025,ACTIVE,,,,PUŁAWY,DWERNICKIEGO,26,,24-100,PUŁAWY,25.11.Z,25.29.Z; 25.61.Z; 25.93.Z; 33.11.Z; 33.12.Z; 16.10.Z; 16.23.Z,16.10.Z,pozostałe,16.10.Z: PKD 2007 - Produkcja wyrobów tartacznych,"{'wartosc': '50000,00', 'waluta': 'PLN'}",
0000099045,"""ERAGA"" SPÓŁKA Z OGRANICZONĄ ODPOWIEDZIALNOŚCIĄ",5260207404,00138805800000,SPÓŁKA Z OGRANICZONĄ ODPOWIEDZIALNOŚCIĄ,RejP,14.03.2002,29.06.2026,29.06.2026,ACTIVE,,,,WARSZAWA,CIENISTA,20,17,02-439,WARSZAWA,43.91.Z,16.10.Z; 16.29.Z; 41.20.Z; 43.29.Z; 43.39.Z; 43.99.Z; 46.13.Z; 46.73.Z; 71.12.Z,16.10.Z,pozostałe,16.10.Z: PKD 2007 - Produkcja wyrobów tartacznych,"{'wartosc': '190000,00', 'waluta': 'PLN'}",
0000099265,P.P.H.U. EUREX - JANUSZ I DANUTA KĘDZIA - SPÓŁKA JAWNA,8271003084,73018744700000,SPÓŁKA JAWNA,RejP,14.03.2002,19.11.2025,21.11.2025,ACTIVE,,,,GODYNICE,,22B,,98-277,BRĄSZEWICE,16.24.Z,16.10.Z; 16.23.Z; 16.29.Z; 16.21.Z; 31.09.Z; 49.41.Z; 46.13.Z; 46.73.Z; 47.99.Z,16.10.Z,pozostałe,16.10.Z: PKD 2007 - Produkcja wyrobów tartacznych,,
0000103365,"""GOZDREW"" T.S.J. SŁABY SPÓŁKA JAWNA",5950000684,21002897000000,SPÓŁKA JAWNA,RejP,27.03.2002,21.05.2026,21.05.2026,ACTIVE,,,,GOŚCIM,,136B,,66-530,DREZDENKO,46.73.Z,46.90.Z; 77.39.Z; 77.12.Z; 16.10.Z; 49.41.Z,16.10.Z,pozostałe,16.10.Z: PKD 2007 - Produkcja wyrobów tartacznych,,
0000103812,"""FRANZ POL"" ZAKŁAD USŁUGOWO - HANDLOWY SPÓŁKA Z OGRANICZONĄ ODPOWIEDZIALNOŚCIĄ",9270005495,97028994300000,SPÓŁKA Z OGRANICZONĄ ODPOWIEDZIALNOŚCIĄ,RejP,29.03.2002,13.01.2025,20.11.2025,ACTIVE,,,,SULECHÓW,KOŚCIUSZKI,22,,66-100,SULECHÓW,31.09.Z,16.10.Z; 16.29.Z; 31.01.Z; 31.02.Z; 49.41.Z,16.10.Z,pozostałe,16.10.Z: PKD 2007 - Produkcja wyrobów tartacznych,"{'wartosc': '60000,00', 'waluta': 'PLN'}",
0000105602,"""KURP-DACH"" SPÓŁKA Z OGRANICZONĄ ODPOWIEDZIALNOŚCIĄ",7582051481,55120536200000,SPÓŁKA Z OGRANICZONĄ ODPOWIEDZIALNOŚCIĄ,RejP,19.04.2002,08.07.2026,08.07.2026,ACTIVE,,,,KURPIE DWORSKIE,,29,,07-405,TROSZYN,25.50.Z,16.10.Z; 22.23.Z; 24.33.Z; 25.11.Z; 25.12.Z,16.10.Z,pozostałe,16.10.Z: PKD 2007 - Produkcja wyrobów tartacznych,"{'wartosc': '500000,00', 'waluta': 'PLN'}",
0000106364,"""OKLEINA RADOM"" SPÓŁKA Z OGRANICZONĄ ODPOWIEDZIALNOŚCIĄ",9482258338,67281818300000,SPÓŁKA Z OGRANICZONĄ ODPOWIEDZIALNOŚCIĄ,RejP,11.04.2002,02.07.2026,02.07.2026,ACTIVE,,,,RADOM,UL. TADEUSZA MAZOWIECKIEGO,5,,26-600,RADOM,68.20.Z,16.21.Z; 16.23.Z; 16.24.Z; 16.10.Z; 16.29.Z; 49.41.Z; 41.20.Z; 41.10.Z; 68.10.Z,16.10.Z,pozostałe,16.10.Z: PKD 2007 - Produkcja wyrobów tartacznych,"{'wartosc': '250000,00', 'waluta': 'PLN'}",
0000108987,"""BIO - PRODUKTY - TORF - KORA - PALETY"" SPÓŁKA Z OGRANICZONĄ ODPOWIEDZIALNOŚCIĄ",8610003981,81013769200000,SPÓŁKA Z OGRANICZONĄ ODPOWIEDZIALNOŚCIĄ,RejP,24.04.2002,22.07.2026,22.07.2026,ACTIVE,,,,SZCZECIN,PIRAMOWICZA,16A,,71-157,SZCZECIN,08.92.Z,01.30.Z; 01.50.Z; 01.61.Z; 16.10.Z; 16.24.Z; 16.29.Z; 46.90.Z; 81.30.Z; 20.15.Z,16.10.Z,pozostałe,16.10.Z: PKD 2007 - Produkcja wyrobów tartacznych,"{'wartosc': '50000,00', 'waluta': 'PLN'}",
0000111505,"""STOLAR"" SPÓŁKA Z OGRANICZONĄ ODPOWIEDZIALNOŚCIĄ",5542395397,09259083700000,SPÓŁKA Z OGRANICZONĄ ODPOWIEDZIALNOŚCIĄ,RejP,09.05.2002,24.03.2026,24.03.2026,ACTIVE,,,,ŚWIEKATOWO,WOJSKA POLSKIEGO,35,,86-182,ŚWIEKATOWO,,16.10.Z; 16.21.Z; 16.22.Z; 16.23.Z; 16.29.Z; 43.32.Z; 43.91.Z; 33.19.Z; 32.99.Z; 31.01.Z; 31.02.Z; 31.09.Z; 95.24.Z; 43.11.Z; 43.12.Z; 41.20.Z; 43.91.Z; 43.99.Z; 43.21.Z; 43.29.Z; 43.22.Z; 43.33.Z; 43.34.Z; 46.13.Z; 46.14.Z; 46.15.Z; 46.47.Z; 46.49.Z; 46.73.Z; 47.11.Z; 47.59.Z; 47.76.Z; 47.99.Z; 82.92.Z,16.10.Z,pozostałe,16.10.Z: PKD 2007 - Produkcja wyrobów tartacznych,"{'wartosc': '100000,00', 'waluta': 'PLN'}",
0000112067,"""PROSUM"" SPÓŁKA Z OGRANICZONĄ ODPOWIEDZIALNOŚCIĄ W LIKWIDACJI",7582060882,55120860400000,SPÓŁKA Z OGRANICZONĄ ODPOWIEDZIALNOŚCIĄ,RejP,05.06.2002,15.07.2026,15.07.2026,ACTIVE,,,,OSTROŁĘKA,KOŁOBRZESKA,5,,07-401,OSTROŁĘKA,68.10.Z,16.10.Z; 16.24.Z; 23.11.Z; 25.12.Z; 46.13.Z; 46.69.Z; 47.52.Z; 68.20.Z; 93.29.B,16.10.Z,pozostałe,16.10.Z: PKD 2007 - Produkcja wyrobów tartacznych,"{'wartosc': '265000,00', 'waluta': 'PLN'}",
0000113836,"""HERKULES"" - SPÓŁKA Z OGRANICZONĄ ODPOWIEDZIALNOŚCIĄ",7870022041,63017258400000,SPÓŁKA Z OGRANICZONĄ ODPOWIEDZIALNOŚCIĄ,RejP,23.05.2002,30.06.2026,30.06.2026,ACTIVE,,,,JASTROWO,ŚWIĘTEGO WALENTEGO,44,,64-500,SZAMOTUŁY,25.93.Z,13.20.A; 13.20.B; 16.10.Z; 16.29.Z; 25.94.Z; 29.32.Z; 33.19.Z; 46.49.Z; 47.19.Z,16.10.Z,pozostałe,16.10.Z: PKD 2007 - Produkcja wyrobów tartacznych,"{'wartosc': '9566000,00', 'waluta': 'PLN'}",
0000114270,"""MAX PARKIET"" SPÓŁKA Z OGRANICZONĄ ODPOWIEDZIALNOŚCIĄ",5110202121,13087489900000,SPÓŁKA Z OGRANICZONĄ ODPOWIEDZIALNOŚCIĄ,RejP,22.05.2002,30.12.2022,20.11.2025,ACTIVE,,,,ŻUROMIN,LIDZBARSKA,56A,,09-300,ŻUROMIN,16.10.Z,20.10.B; 20.20.Z; 20.30.Z; 20.51.Z; 20.52.Z; 51.53.A; 51.53.B; 51.55.Z; 52.48.G,16.10.Z,przeważające,16.10.Z: PKD 2007 - Produkcja wyrobów tartacznych,"{'wartosc': '14300000,00', 'waluta': 'PLN'}",
0000114291,"""KRC-OKNA DREWNIANE"" SPÓŁKA Z OGRANICZONĄ ODPOWIEDZIALNOŚCIĄ W LIKWIDACJI",8471468132,51945083300000,SPÓŁKA Z OGRANICZONĄ ODPOWIEDZIALNOŚCIĄ,RejP,27.05.2002,30.06.2026,30.06.2026,LIQUIDATION,,,,OLECKO,GOŁDAPSKA,31D,,19-400,OLECKO,16.23.Z,22.23.Z; 16.10.Z; 16.24.Z; 16.29.Z; 43.32.Z; 46.90.Z; 47.99.Z,16.10.Z,pozostałe,16.10.Z: PKD 2007 - Produkcja wyrobów tartacznych,"{'wartosc': '50000,00', 'waluta': 'PLN'}",
0000114570,"""NORWOOD"" - SPÓŁKA Z OGRANICZONĄ ODPOWIEDZIALNOŚCIĄ",5932163335,19177107700000,SPÓŁKA Z OGRANICZONĄ ODPOWIEDZIALNOŚCIĄ,RejP,24.05.2002,30.06.2026,30.06.2026,ACTIVE,,,,RUSOCIN,RATAJA,6,,83-031,ŁĘGOWO,16.23.Z,16.10.Z; 16.21.Z; 16.29.Z; 43.32.Z; 43.34.Z; 43.39.Z; 47.91.Z; 68.10.Z; 68.20.Z,16.10.Z,pozostałe,16.10.Z: PKD 2007 - Produkcja wyrobów tartacznych,"{'wartosc': '250000,00', 'waluta': 'PLN'}",
0000115515,"""BETMAR"" SPÓŁKA Z OGRANICZONĄ ODPOWIEDZIALNOŚCIĄ",8133274858,69167619100000,SPÓŁKA Z OGRANICZONĄ ODPOWIEDZIALNOŚCIĄ,RejP,28.05.2002,24.06.2026,24.06.2026,ACTIVE,,,,RZESZÓW,LWOWSKA,6,,35-301,RZESZÓW,68.20.Z,16.10.Z; 16.22.Z,16.10.Z,pozostałe,16.10.Z: PKD 2007 - Produkcja wyrobów tartacznych,"{'wartosc': '50000,00', 'waluta': 'PLN'}",
0000115741,"""KABEX"" M I K BOGUNIA SPÓŁKA JAWNA",5731012523,15005751200000,SPÓŁKA JAWNA,RejP,03.06.2002,03.08.2026,03.08.2026,ACTIVE,,,,JANÓW,ŻURAWSKA,41,,42-253,JANÓW,31.09.Z,16.29.Z; 16.22.Z; 16.23.Z; 16.24.Z; 32.40.Z; 32.99.Z; 43.32.Z; 47.91.Z; 16.10.Z,16.10.Z,pozostałe,16.10.Z: PKD 2007 - Produkcja wyrobów tartacznych,,
0000116771,"""NORMA STAL AG"" SPÓŁKA Z OGRANICZONĄ ODPOWIEDZIALNOŚCIĄ",6351005339,27264111300000,SPÓŁKA Z OGRANICZONĄ ODPOWIEDZIALNOŚCIĄ,RejP,26.06.2002,17.03.2026,17.03.2026,ACTIVE,,,,MIKOŁÓW,KRAKOWSKA,33,,43-190,MIKOŁÓW,,05.10.Z; 05.20.Z; 06.10.Z; 06.20.Z; 07.10.Z; 07.29.Z; 08.11.Z; 08.12.Z; 08.99.Z; 09.10.Z; 09.90.Z; 16.10.Z; 16.21.Z; 16.22.Z; 16.23.Z; 16.24.Z; 16.29.Z; 17.11.Z; 17.12.Z; 17.21.Z; 17.22.Z; 17.23.Z; 17.24.Z; 17.29.Z; 19.10.Z; 19.20.Z; 20.12.Z; 20.13.Z; 20.14.Z; 20.15.Z; 20.16.Z; 20.17.Z; 20.20.Z; 20.30.Z; 20.41.Z; 20.42.Z; 20.52.Z; 20.53.Z; 20.59.Z; 20.60.Z; 21.10.Z; 21.20.Z; 22.21.Z; 22.22.Z; 22.23.Z; 22.29.Z; 23.31.Z; 23.32.Z; 23.41.Z; 23.42.Z; 23.43.Z; 23.44.Z; 23.49.Z; 23.51.Z; 23.52.Z; 23.61.Z; 23.62.Z; 23.63.Z; 23.64.Z; 23.65.Z; 23.69.Z; 23.70.Z; 23.91.Z; 23.99.Z; 24.10.Z; 24.20.Z; 24.31.Z; 24.32.Z; 24.33.Z; 24.34.Z; 24.41.Z; 24.42.A; 24.42.B; 24.43.Z; 24.44.Z; 24.45.Z; 24.51.Z; 24.52.Z; 24.53.Z; 24.54.A; 24.54.B; 25.11.Z; 25.12.Z; 25.21.Z; 25.29.Z; 25.30.Z; 25.40.Z; 25.50.Z; 25.61.Z; 25.62.Z; 25.71.Z; 25.72.Z; 25.73.Z; 25.91.Z; 25.92.Z; 25.93.Z; 25.94.Z; 25.99.Z; 26.11.Z; 26.12.Z; 26.20.Z; 26.30.Z; 26.40.Z; 26.51.Z; 27.11.Z; 27.12.Z; 27.20.Z; 27.31.Z; 27.32.Z; 27.33.Z; 27.40.Z; 28.11.Z; 28.12.Z; 28.13.Z; 28.14.Z; 28.15.Z; 28.21.Z; 28.22.Z; 28.23.Z; 28.24.Z; 28.25.Z; 28.29.Z; 28.30.Z; 28.41.Z; 28.49.Z; 28.91.Z; 28.92.Z; 28.93.Z; 28.94.Z; 28.95.Z; 28.96.Z; 28.99.Z; 29.20.Z; 29.31.Z; 29.32.Z; 31.01.Z; 31.02.Z; 31.03.Z; 31.09.Z; 32.99.Z; 33.11.Z; 33.12.Z; 33.13.Z; 33.14.Z; 33.15.Z; 33.16.Z; 33.17.Z; 33.19.Z; 33.20.Z; 35.11.Z; 35.13.Z; 35.14.Z; 38.11.Z; 38.12.Z; 38.21.Z; 38.22.Z; 38.31.Z; 38.32.Z; 39.00.Z; 41.10.Z; 41.20.Z; 42.11.Z; 42.12.Z; 42.13.Z; 42.21.Z; 42.22.Z; 42.91.Z; 42.99.Z; 43.11.Z; 43.12.Z; 43.13.Z; 43.21.Z; 43.22.Z; 43.29.Z; 43.31.Z; 43.32.Z; 43.33.Z; 43.34.Z; 43.39.Z; 43.91.Z; 43.99.Z; 45.11.Z; 45.19.Z; 45.20.Z; 45.31.Z; 45.32.Z; 45.40.Z; 46.11.Z; 46.12.Z; 46.13.Z; 46.14.Z; 46.15.Z; 46.16.Z; 46.17.Z; 46.18.Z; 46.19.Z; 46.41.Z; 46.42.Z; 46.43.Z; 46.44.Z; 46.45.Z; 46.46.Z; 46.47.Z; 46.48.Z; 46.49.Z; 46.51.Z; 46.52.Z; 46.61.Z; 46.62.Z; 46.63.Z; 46.64.Z; 46.65.Z; 46.66.Z; 46.69.Z; 46.71.Z; 46.72.Z; 46.73.Z; 46.74.Z; 46.75.Z; 46.77.Z; 46.90.Z; 49.20.Z; 49.31.Z; 49.32.Z; 49.39.Z; 49.41.Z; 49.42.Z; 50.40.Z; 52.10.A; 52.10.B; 52.21.Z; 52.22.A; 52.22.B; 52.23.Z; 52.24.A; 52.24.B; 52.24.C; 52.29.A; 52.29.B; 52.29.C; 55.10.Z; 55.20.Z; 61.10.Z; 61.20.Z; 61.30.Z; 61.90.Z; 62.01.Z; 62.02.Z; 62.03.Z; 62.09.Z; 63.11.Z; 63.12.Z; 63.91.Z; 63.99.Z; 68.10.Z; 68.20.Z; 68.31.Z; 68.32.Z; 71.11.Z; 71.12.Z; 71.20.A; 71.20.B; 73.11.Z; 74.90.Z; 77.11.Z; 77.12.Z; 77.21.Z; 77.22.Z; 77.29.Z; 77.31.Z; 77.32.Z; 77.33.Z; 77.34.Z; 77.35.Z; 77.39.Z; 77.40.Z; 81.10.Z; 81.21.Z; 81.22.Z; 81.29.Z; 81.30.Z; 82.30.Z; 95.11.Z; 95.12.Z; 95.21.Z; 95.22.Z; 95.23.Z; 95.24.Z; 95.25.Z; 95.29.Z; 35.12.Z; 46.76.Z,16.10.Z,pozostałe,16.10.Z: PKD 2007 - Produkcja wyrobów tartacznych,"{'wartosc': '50000,00', 'waluta': 'PLN'}",
0000117211,"""MEBLOMIR"" SPÓŁKA Z OGRANICZONĄ ODPOWIEDZIALNOŚCIĄ",5252134116,01605869400000,SPÓŁKA Z OGRANICZONĄ ODPOWIEDZIALNOŚCIĄ,RejP,12.06.2002,10.07.2026,10.07.2026,ACTIVE,,,,WIERUSZÓW,UL. LEŚNA,9,,98-400,WIERUSZÓW,31.09.Z,16.10.Z; 31.01.Z; 46.47.Z; 47.59.Z; 47.91.Z; 47.99.Z; 49.41.Z; 95.24.Z; 77.11.Z,16.10.Z,pozostałe,16.10.Z: PKD 2007 - Produkcja wyrobów tartacznych,"{'wartosc': '189600,00', 'waluta': 'PLN'}",
0000119521,JUKON SPÓŁKA Z OGRANICZONĄ ODPOWIEDZIALNOŚCIĄ,6341009933,27239096400000,SPÓŁKA Z OGRANICZONĄ ODPOWIEDZIALNOŚCIĄ,RejP,26.06.2002,26.05.2023,20.11.2025,ACTIVE,,,,GAJ,WIDOKOWA,8,,32-031,MOGILANY,,16.10.Z; 16.21.Z; 16.23.Z; 16.29.Z; 17.11.Z; 17.12.Z; 17.29.Z; 18.12.Z; 18.13.Z; 18.14.Z; 23.61.Z; 23.62.Z; 23.63.Z; 23.69.Z; 25.11.Z; 25.12.Z; 25.61.Z; 25.62.Z; 25.91.Z; 25.93.Z; 25.99.Z; 27.11.Z; 27.12.Z; 27.32.Z; 27.33.Z; 27.40.Z; 27.90.Z; 28.29.Z; 28.30.Z; 28.49.Z; 28.99.Z; 33.11.Z; 33.12.Z; 33.13.Z; 33.14.Z; 33.20.Z; 41.10.Z; 41.20.Z; 42.11.Z; 42.12.Z; 42.13.Z; 42.21.Z; 42.22.Z; 42.91.Z; 42.99.Z; 43.11.Z; 43.12.Z; 43.13.Z; 43.21.Z; 43.22.Z; 43.29.Z; 43.31.Z; 43.32.Z; 43.33.Z; 43.34.Z; 43.39.Z; 43.91.Z; 43.99.Z; 45.20.Z; 45.31.Z; 45.32.Z; 46.13.Z; 46.15.Z; 46.17.Z; 46.18.Z; 46.19.Z; 46.47.Z; 46.49.Z; 46.73.Z; 46.76.Z; 46.90.Z; 47.54.Z; 47.59.Z; 52.10.B; 55.10.Z; 55.20.Z; 56.10.A; 56.10.B; 56.21.Z; 56.29.Z; 56.30.Z; 58.14.Z; 58.19.Z; 62.01.Z; 62.02.Z; 62.03.Z; 62.09.Z; 63.11.Z; 63.12.Z; 63.91.Z; 63.99.Z; 68.10.Z; 68.20.Z; 68.31.Z; 68.32.Z; 69.20.Z; 70.22.Z; 71.11.Z; 71.12.Z; 71.20.B; 72.11.Z; 72.19.Z; 72.20.Z; 73.11.Z; 73.12.A; 73.12.B; 73.12.C; 73.12.D; 73.20.Z; 74.10.Z; 74.20.Z; 74.30.Z; 74.90.Z; 78.10.Z; 78.20.Z; 78.30.Z; 81.10.Z; 81.21.Z; 81.22.Z; 81.29.Z; 82.11.Z; 82.19.Z; 82.30.Z; 82.99.Z; 95.11.Z; 95.12.Z; 95.21.Z; 95.22.Z; 96.09.Z,16.10.Z,pozostałe,16.10.Z: PKD 2007 - Produkcja wyrobów tartacznych,"{'wartosc': '50000,00', 'waluta': 'PLN'}",
0000120127,"""JOLTEX"" JAN GOŁUŃSKI JOLANTA GOŁUŃSKA SPÓŁKA JAWNA",5540396961,09009340200000,SPÓŁKA JAWNA,RejP,25.06.2002,26.06.2026,26.06.2026,ACTIVE,,,,BYDGOSZCZ,GERSONA,11,12,85-305,BYDGOSZCZ,,16.10.Z; 16.23.Z; 43.91.Z; 46.73.Z; 49.41.Z,16.10.Z,pozostałe,16.10.Z: PKD 2007 - Produkcja wyrobów tartacznych,,
0000122232,"""AWO GLOBAL"" SPÓŁKA Z OGRANICZONĄ ODPOWIEDZIALNOŚCIĄ W LIKWIDACJI",5242435520,01520710000000,SPÓŁKA Z OGRANICZONĄ ODPOWIEDZIALNOŚCIĄ,RejP,09.07.2002,29.04.2025,20.11.2025,LIQUIDATION,,,,WARSZAWA,WIERTNICZA,124,,02-952,WARSZAWA,45.11.Z,16.10.Z; 16.29.Z; 33.12.Z; 52.10.B; 96.09.Z,16.10.Z,pozostałe,16.10.Z: PKD 2007 - Produkcja wyrobów tartacznych,"{'wartosc': '500000,00', 'waluta': 'PLN'}",
0000122805,"""SPA"" SPÓŁKA Z OGRANICZONĄ ODPOWIEDZIALNOŚCIĄ W UPADŁOŚCI",6652439067,31109718300000,SPÓŁKA Z OGRANICZONĄ ODPOWIEDZIALNOŚCIĄ,RejP,22.07.2002,30.03.2026,30.03.2026,ACTIVE,,,,ŚMIGIEL,REYMONTA,8,,64-030,ŚMIGIEL,,01.11.Z; 01.12.Z; 01.13.Z; 01.14.Z; 01.15.Z; 01.16.Z; 01.19.Z; 01.21.Z; 01.22.Z; 01.23.Z; 01.24.Z; 01.25.Z; 01.26.Z; 01.27.Z; 01.28.Z; 01.29.Z; 01.30.Z; 01.41.Z; 01.42.Z; 01.43.Z; 01.44.Z; 01.45.Z; 01.46.Z; 01.47.Z; 01.49.Z; 01.61.Z; 01.62.Z; 01.63.Z; 01.64.Z; 01.70.Z; 02.10.Z; 02.20.Z; 02.30.Z; 02.40.Z; 03.11.Z; 03.12.Z; 03.21.Z; 03.22.Z; 05.10.Z; 05.20.Z; 08.11.Z; 08.12.Z; 08.92.Z; 09.90.Z; 10.11.Z; 10.12.Z; 10.13.Z; 10.20.Z; 10.31.Z; 10.32.Z; 10.39.Z; 10.41.Z; 10.42.Z; 10.51.Z; 10.52.Z; 10.61.Z; 10.62.Z; 10.71.Z; 10.72.Z; 10.73.Z; 10.81.Z; 10.82.Z; 10.83.Z; 10.84.Z; 10.85.Z; 10.86.Z; 10.89.Z; 10.91.Z; 10.92.Z; 11.01.Z; 11.02.Z; 11.03.Z; 11.04.Z; 11.05.Z; 11.06.Z; 11.07.Z; 12.00.Z; 13.10.A; 13.10.B; 13.10.C; 13.10.D; 13.20.A; 13.20.B; 13.20.C; 13.20.D; 13.30.Z; 13.92.Z; 13.93.Z; 13.94.Z; 14.11.Z; 14.12.Z; 14.13.Z; 14.14.Z; 14.19.Z; 15.11.Z; 15.12.Z; 15.20.Z; 16.10.Z; 16.21.Z; 16.22.Z; 16.23.Z; 16.24.Z; 16.29.Z; 17.11.Z; 17.12.Z; 17.21.Z; 17.22.Z; 17.23.Z; 17.24.Z; 17.29.Z; 18.12.Z; 19.20.Z; 20.14.Z; 22.19.Z; 22.29.Z; 32.30.Z; 32.50.Z; 32.99.Z; 33.12.Z; 33.13.Z; 33.14.Z; 33.19.Z; 33.20.Z; 37.00.Z; 38.11.Z; 38.12.Z; 38.21.Z; 38.22.Z; 39.00.Z; 41.10.Z; 41.20.Z; 42.11.Z; 42.12.Z; 42.13.Z; 42.21.Z; 42.22.Z; 42.91.Z; 42.99.Z; 43.11.Z; 43.12.Z; 43.31.Z; 43.32.Z; 43.33.Z; 43.91.Z; 43.99.Z; 46.11.Z; 46.12.Z; 46.13.Z; 46.14.Z; 46.15.Z; 46.16.Z; 46.17.Z; 46.18.Z; 46.19.Z; 46.21.Z; 46.22.Z; 46.23.Z; 46.24.Z; 46.31.Z; 46.32.Z; 46.33.Z; 46.34.A; 46.34.B; 46.35.Z; 46.36.Z; 46.37.Z; 46.38.Z; 46.39.Z; 46.41.Z; 46.42.Z; 46.43.Z; 46.44.Z; 46.47.Z; 46.49.Z; 46.52.Z; 46.73.Z; 47.19.Z; 47.21.Z; 47.22.Z; 47.23.Z; 47.24.Z; 47.25.Z; 47.26.Z; 47.29.Z; 47.51.Z; 47.53.Z; 47.59.Z; 47.71.Z; 47.72.Z; 47.81.Z; 47.82.Z; 47.89.Z; 47.91.Z; 47.99.Z; 49.41.Z; 49.42.Z; 52.10.A; 52.10.B; 52.21.Z; 52.24.C; 55.10.Z; 55.20.Z; 55.90.Z; 56.10.A; 56.10.B; 56.21.Z; 56.29.Z; 56.30.Z; 58.11.Z; 58.12.Z; 58.13.Z; 58.14.Z; 58.19.Z; 58.21.Z; 58.29.Z; 59.20.Z; 60.10.Z; 60.20.Z; 62.01.Z; 62.02.Z; 62.03.Z; 62.09.Z; 63.11.Z; 66.12.Z; 64.19.Z; 64.20.Z; 64.30.Z; 64.91.Z; 64.92.Z; 64.99.Z; 68.10.Z; 68.20.Z; 68.31.Z; 69.20.Z; 70.10.Z; 70.21.Z; 70.22.Z; 71.11.Z; 71.12.Z; 72.11.Z; 72.19.Z; 73.11.Z; 73.12.A; 73.12.B; 73.12.C; 73.12.D; 73.20.Z; 74.20.Z; 74.30.Z; 74.90.Z; 77.11.Z; 77.12.Z; 77.31.Z; 77.39.Z; 78.10.Z; 78.20.Z; 78.30.Z; 79.90.C; 81.21.Z; 81.22.Z; 81.29.Z; 82.11.Z; 82.19.Z; 82.30.Z; 82.92.Z; 82.99.Z; 85.51.Z; 85.60.Z; 93.12.Z; 93.19.Z; 94.99.Z; 95.22.Z; 95.29.Z; 93.29.B,16.10.Z,pozostałe,16.10.Z: PKD 2007 - Produkcja wyrobów tartacznych,"{'wartosc': '55000,00', 'waluta': 'PLN'}",
0000122836,"""MAKPOL"" SPÓŁKA Z OGRANICZONĄ ODPOWIEDZIALNOŚCIĄ",5520100874,00240753300000,SPÓŁKA Z OGRANICZONĄ ODPOWIEDZIALNOŚCIĄ,RejP,11.07.2002,16.07.2026,16.07.2026,ACTIVE,,,,ZAWOJA,,,,34-223,ZAWOJA,16.10.Z,16.21.Z; 16.23.Z; 16.24.Z; 16.29.Z; 49.41.Z; 43.11.Z; 43.12.Z; 41.20.Z; 64.19.Z,16.10.Z,przeważające,16.10.Z: PKD 2007 - Produkcja wyrobów tartacznych,"{'wartosc': '297500,00', 'waluta': 'PLN'}",
0000123150,"""HEDAN - PAK"" SPÓŁKA Z OGRANICZONĄ ODPOWIEDZIALNOŚCIĄ",8441923100,79074081900000,SPÓŁKA Z OGRANICZONĄ ODPOWIEDZIALNOŚCIĄ,RejP,26.07.2002,14.07.2026,14.07.2026,ACTIVE,,,,SUWAŁKI,PÓŁNOCNA,50A,,16-400,SUWAŁKI,16.10.Z,16.21.Z; 16.23.Z; 16.24.Z; 22.22.Z; 31.09.Z; 38.11.Z; 49.41.Z; 68.20.Z; 16.29.Z,16.10.Z,przeważające,16.10.Z: PKD 2007 - Produkcja wyrobów tartacznych,"{'wartosc': '800000,00', 'waluta': 'PLN'}",
0000123516,"""DREWNO-LUX"" - WSZYSTKO Z DREWNA I DO DREWNA, USŁUGI STOLARSKIE - BEATA NOWAKOWSKA, MARCIN NOWAKOWSKI. SPÓŁKA JAWNA",1131809955,01277846300000,SPÓŁKA JAWNA,RejP,18.07.2002,25.02.2026,25.02.2026,ACTIVE,,,,WARSZAWA,STALOWA,65,,03-429,WARSZAWA,16.10.Z,20.10.A; 20.10.B; 20.20.Z; 20.30.Z; 20.40.Z; 20.51.Z; 36.14.A; 36.14.B; 51.13.Z; 51.53.A; 51.53.B; 51.55.Z; 51.70.A; 51.70.B; 52.46.Z; 52.63.Z; 60.24.A; 60.24.B; 63.12.C; 63.21.Z,16.10.Z,przeważające,16.10.Z: PKD 2007 - Produkcja wyrobów tartacznych,,
0000128360,"""DANMAR"" SPÓŁKA Z OGRANICZONĄ ODPOWIEDZIALNOŚCIĄ",5891772639,19277978000000,SPÓŁKA Z OGRANICZONĄ ODPOWIEDZIALNOŚCIĄ,RejP,28.08.2002,14.07.2026,14.07.2026,ACTIVE,,,,SZYMBARK,SZYMBARSKICH ZAKŁADNIKÓW,12,,83-315,SZYMBARK,16.23.Z,16.10.Z; 16.22.Z; 43.32.Z; 43.91.Z; 41.20.Z; 46.73.Z; 71.11.Z; 71.12.Z,16.10.Z,pozostałe,16.10.Z: PKD 2007 - Produkcja wyrobów tartacznych,"{'wartosc': '100000,00', 'waluta': 'PLN'}",
0000128848,STANLEY ENGINEERED FASTENING EASTERN EUROPE SPÓŁKA Z OGRANICZONĄ ODPOWIEDZIALNOŚCIĄ,8411006155,77078698400000,SPÓŁKA Z OGRANICZONĄ ODPOWIEDZIALNOŚCIĄ,RejP,30.08.2002,22.07.2026,22.07.2026,ACTIVE,,,,WARSZAWA,UL. PROSTA,68,,00-838,WARSZAWA,46.74.Z,16.10.Z; 16.21.Z; 16.22.Z; 16.23.Z; 16.24.Z; 16.29.Z; 25.11.Z; 25.12.Z; 82.99.Z,16.10.Z,pozostałe,16.10.Z: PKD 2007 - Produkcja wyrobów tartacznych,"{'wartosc': '150000,00', 'waluta': 'PLN'}",
0000129964,"""CHYLIŃSCY"" SPÓŁKA Z OGRANICZONĄ ODPOWIEDZIALNOŚCIĄ",5340000332,00805321400000,SPÓŁKA Z OGRANICZONĄ ODPOWIEDZIALNOŚCIĄ,RejP,06.09.2002,01.07.2026,01.07.2026,ACTIVE,,,,WARSZAWA,SĄSIEDZKA,4,,03-168,U.P. WARSZAWA 91,,95.21.Z; 95.22.Z; 95.23.Z; 95.25.Z; 95.29.Z; 96.09.Z; 70.21.Z; 70.22.Z; 71.12.Z; 71.20.A; 71.20.B; 74.90.Z; 77.11.Z; 77.12.Z; 77.39.Z; 80.20.Z; 81.30.Z; 82.30.Z; 84.12.Z; 85.60.Z; 90.04.Z; 55.10.Z; 56.10.A; 56.21.Z; 56.29.Z; 56.30.Z; 58.19.Z; 59.11.Z; 59.12.Z; 59.20.Z; 62.02.Z; 66.21.Z; 66.22.Z; 66.29.Z; 68.20.Z; 69.20.Z; 47.76.Z; 47.77.Z; 47.78.Z; 49.31.Z; 49.32.Z; 49.39.Z; 49.41.Z; 49.42.Z; 50.30.Z; 50.40.Z; 51.10.Z; 51.21.Z; 52.10.A; 52.10.B; 52.21.Z; 47.19.Z; 47.41.Z; 47.42.Z; 47.43.Z; 47.51.Z; 47.53.Z; 47.54.Z; 47.59.Z; 47.61.Z; 47.62.Z; 47.63.Z; 47.64.Z; 47.65.Z; 47.71.Z; 47.72.Z; 45.11.Z; 45.19.Z; 45.20.Z; 45.31.Z; 45.32.Z; 46.11.Z; 46.12.Z; 46.13.Z; 46.14.Z; 46.15.Z; 46.16.Z; 46.17.Z; 46.18.Z; 46.19.Z; 47.11.Z; 38.32.Z; 41.20.Z; 42.11.Z; 42.12.Z; 42.13.Z; 42.21.Z; 42.22.Z; 42.91.Z; 42.99.Z; 43.21.Z; 43.22.Z; 43.29.Z; 43.32.Z; 43.91.Z; 43.99.Z; 30.91.Z; 30.92.Z; 32.13.Z; 32.20.Z; 32.40.Z; 32.50.Z; 32.91.Z; 32.99.Z; 33.11.Z; 33.13.Z; 33.14.Z; 33.19.Z; 33.20.Z; 38.21.Z; 38.31.Z; 27.90.Z; 28.21.Z; 28.23.Z; 28.29.Z; 28.30.Z; 28.41.Z; 28.92.Z; 28.93.Z; 28.94.Z; 28.95.Z; 28.96.Z; 28.99.Z; 29.31.Z; 30.20.Z; 25.91.Z; 25.92.Z; 25.93.Z; 25.94.Z; 25.99.Z; 26.11.Z; 26.20.Z; 26.30.Z; 26.40.Z; 26.51.Z; 26.70.Z; 26.80.Z; 27.32.Z; 27.33.Z; 27.40.Z; 23.13.Z; 23.19.Z; 23.41.Z; 23.44.Z; 23.61.Z; 23.62.Z; 23.63.Z; 23.64.Z; 23.65.Z; 23.69.Z; 25.21.Z; 25.61.Z; 25.62.Z; 25.71.Z; 25.73.Z; 19.10.Z; 20.14.Z; 20.51.Z; 20.52.Z; 20.53.Z; 20.59.Z; 22.11.Z; 22.19.Z; 22.21.Z; 22.22.Z; 22.23.Z; 22.29.Z; 23.11.Z; 23.12.Z; 14.13.Z; 14.14.Z; 14.19.Z; 15.12.Z; 16.10.Z; 16.22.Z; 16.23.Z; 16.29.Z; 17.23.Z; 17.29.Z; 18.11.Z; 18.12.Z; 18.14.Z; 18.13.Z; 18.20.Z; 10.72.Z; 10.73.Z; 10.81.Z; 10.82.Z; 10.83.Z; 10.84.Z; 10.85.Z; 10.86.Z; 10.89.Z; 10.91.Z; 10.92.Z; 13.30.Z; 13.99.Z; 14.12.Z; 01.50.Z; 01.61.Z; 01.62.Z; 01.63.Z; 01.64.Z; 02.40.Z; 08.99.Z; 09.90.Z; 10.11.Z; 10.12.Z; 10.13.Z; 10.31.Z; 10.32.Z; 10.39.Z; 10.71.Z,16.10.Z,pozostałe,16.10.Z: PKD 2007 - Produkcja wyrobów tartacznych,"{'wartosc': '75000,00', 'waluta': 'PLN'}",
0000130686,"""ALADAR A.Z.G."" SPÓŁKA Z OGRANICZONĄ ODPOWIEDZIALNOŚCIĄ",8171892794,83123041000000,SPÓŁKA Z OGRANICZONĄ ODPOWIEDZIALNOŚCIĄ,RejP,12.09.2002,07.07.2026,07.07.2026,ACTIVE,,,,CHORZELÓW,,561 A,,39-331,CHORZELÓW,,16.10.Z; 14.12.Z; 16.23.Z; 16.24.Z; 16.29.Z; 23.61.Z; 25.11.Z; 25.12.Z; 25.62.Z; 25.73.Z; 28.21.Z; 41.10.Z; 41.20.Z; 42.11.Z; 42.21.Z; 43.11.Z; 43.22.Z; 43.29.Z; 43.31.Z; 43.34.Z; 43.39.Z; 43.91.Z; 43.99.Z; 45.20.Z; 46.14.Z; 46.13.Z; 46.15.Z; 46.19.Z; 47.19.Z; 47.52.Z; 49.41.Z; 68.10.Z; 68.20.Z; 68.31.Z; 68.32.Z; 77.32.Z; 81.21.Z,16.10.Z,pozostałe,16.10.Z: PKD 2007 - Produkcja wyrobów tartacznych,"{'wartosc': '60000,00', 'waluta': 'PLN'}",
0000131176,"""MULTI"" SPÓŁKA Z OGRANICZONĄ ODPOWIEDZIALNOŚCIĄ",7771019337,00848291000000,SPÓŁKA Z OGRANICZONĄ ODPOWIEDZIALNOŚCIĄ,RejP,18.09.2002,16.10.2025,20.11.2025,ACTIVE,,,,POZNAŃ,UL. ARTURA GROTTGERA,16,1,60-758,POZNAŃ,16.21.Z,16.10.Z; 16.23.Z; 16.24.Z; 16.29.Z; 25.12.Z; 25.99.Z; 31.01.Z; 31.02.Z; 31.09.Z,16.10.Z,pozostałe,16.10.Z: PKD 2007 - Produkcja wyrobów tartacznych,"{'wartosc': '200000,00', 'waluta': 'PLN'}",
0000131346,SIENTE SPÓŁKA Z OGRANICZONĄ ODPOWIEDZIALNOŚCIĄ,9121754547,93288369900000,SPÓŁKA Z OGRANICZONĄ ODPOWIEDZIALNOŚCIĄ,RejP,18.09.2002,13.09.2025,20.11.2025,ACTIVE,,,,WROCŁAW,UL. MARII KONOPNICKIEJ,42,1,51-142,WROCŁAW,16.22.Z,16.10.Z; 16.23.Z; 43.32.Z; 43.34.Z; 43.39.Z; 46.73.Z; 68.20.Z; 72.19.Z; 43.33.Z,16.10.Z,pozostałe,16.10.Z: PKD 2007 - Produkcja wyrobów tartacznych,"{'wartosc': '50000,00', 'waluta': 'PLN'}",
0000131456,"""FLABEK"" SPÓŁKA Z OGRANICZONĄ ODPOWIEDZIALNOŚCIĄ",9280008667,97010138800000,SPÓŁKA Z OGRANICZONĄ ODPOWIEDZIALNOŚCIĄ,RejP,26.09.2002,29.10.2024,20.11.2025,ACTIVE,,,,ŻARY,OKRZEI,104,,68-200,ŻARY,16.24.Z,16.10.Z; 16.23.Z; 41.20.Z; 49.41.Z,16.10.Z,pozostałe,16.10.Z: PKD 2007 - Produkcja wyrobów tartacznych,"{'wartosc': '50050,00', 'waluta': 'PLN'}",
0000132028,"""INVEST-REM"" SPÓŁKA Z OGRANICZONĄ ODPOWIEDZIALNOŚCIĄ",5570006982,09306342000000,SPÓŁKA Z OGRANICZONĄ ODPOWIEDZIALNOŚCIĄ,RejP,20.09.2002,27.07.2026,27.07.2026,ACTIVE,,,,MOGILNO,OBROŃCÓW MOGILNA,3,,88-300,MOGILNO,25.99.Z,16.10.Z; 16.23.Z; 16.24.Z; 25.11.Z; 43.99.Z; 25.12.Z; 25.62.Z; 25.73.Z; 25.72.Z,16.10.Z,pozostałe,16.10.Z: PKD 2007 - Produkcja wyrobów tartacznych,"{'wartosc': '500000,00', 'waluta': 'PLN'}",
0000132361,"""HORIZON POLSKA"" SPÓŁKA Z OGRANICZONĄ ODPOWIEDZIALNOŚCIĄ",5252095379,01484990200000,SPÓŁKA Z OGRANICZONĄ ODPOWIEDZIALNOŚCIĄ,RejP,25.09.2002,14.07.2026,14.07.2026,ACTIVE,,,,CIOTUSZA NOWA,,120,,22-672,SUSIEC,16.10.Z,16.21.Z; 16.24.Z; 16.29.Z; 32.99.Z; 33.19.Z; 02.40.Z; 46.73.Z; 73.12.C; 74.90.Z,16.10.Z,przeważające,16.10.Z: PKD 2007 - Produkcja wyrobów tartacznych,"{'wartosc': '100000,00', 'waluta': 'PLN'}",
0000137097,"""OMNIVENT"" SPÓŁKA Z OGRANICZONĄ ODPOWIEDZIALNOŚCIĄ",5271031185,01121102700000,SPÓŁKA Z OGRANICZONĄ ODPOWIEDZIALNOŚCIĄ,RejP,29.10.2002,16.07.2026,16.07.2026,ACTIVE,,,,LIPKA,SĘPOLEŃSKA,20,,77-420,LIPKA,28.25.Z,16.11.Z; 16.12.Z; 16.24.Z; 33.12.Z; 62.20.B; 71.12.B; 71.20.C; 72.10.Z; 74.99.Z,16.11.Z; 16.12.Z,pozostałe; pozostałe,16.11.Z: PKD 2025 - Produkcja wyrobów tartacznych; 16.12.Z: PKD 2025 - Obróbka i wykończanie wyrobów tartacznych,"{'wartosc': '2420000,00', 'waluta': 'PLN'}",
0000137826,"""ENECO"" SPÓŁKA Z OGRANICZONĄ ODPOWIEDZIALNOŚCIĄ",6731738060,33136701700000,SPÓŁKA Z OGRANICZONĄ ODPOWIEDZIALNOŚCIĄ,RejP,05.11.2002,28.05.2026,28.05.2026,ACTIVE,,,,DĄBIE,,16,,78-446,SILNOWO,16.29.Z,01.19.Z; 01.25.Z; 01.61.Z; 01.62.Z; 10.39.Z; 16.10.Z; 46.31.Z; 52.10.B; 01.11.Z,16.10.Z,pozostałe,16.10.Z: PKD 2007 - Produkcja wyrobów tartacznych,"{'wartosc': '10000,00', 'waluta': 'PLN'}",
0000138966,"""CENTRUM BUDOWLANE MRĄGOWO"" SPÓŁKA Z OGRANICZONĄ ODPOWIEDZIALNOŚCIĄ",7421004683,51031979300000,SPÓŁKA Z OGRANICZONĄ ODPOWIEDZIALNOŚCIĄ,RejP,14.11.2002,15.07.2026,15.07.2026,ACTIVE,,,,MRĄGOWO,OLSZTYŃSKA,11,,11-700,MRĄGOWO,46.73.Z,46.74.Z; 46.75.Z; 47.52.Z; 47.53.Z; 47.59.Z; 47.76.Z; 77.32.Z; 16.10.Z,16.10.Z,pozostałe,16.10.Z: PKD 2007 - Produkcja wyrobów tartacznych,"{'wartosc': '4001000,00', 'waluta': 'PLN'}",
0000139215,"""DREW-LAS"" - SPÓŁKA Z OGRANICZONĄ ODPOWIEDZIALNOŚCIĄ",5532182530,07234906300000,SPÓŁKA Z OGRANICZONĄ ODPOWIEDZIALNOŚCIĄ,RejP,18.11.2002,18.06.2026,18.06.2026,ACTIVE,,,,UJSOŁY,KS. PRAŁATA JÓZEFA PIOTROWSKIEGO,1A,,34-371,UJSOŁY,16.10.Z,43.32.Z; 16.21.Z; 16.23.Z; 16.24.Z; 16.29.Z; 46.73.Z; 31.01.Z; 31.02.Z; 31.09.Z,16.10.Z,przeważające,16.10.Z: PKD 2007 - Produkcja wyrobów tartacznych,"{'wartosc': '50400,00', 'waluta': 'PLN'}",
0000139454,"""STOLART"" SPÓŁKA Z OGRANICZONĄ ODPOWIEDZIALNOŚCIĄ",7371717144,49081604100000,SPÓŁKA Z OGRANICZONĄ ODPOWIEDZIALNOŚCIĄ,RejP,20.11.2002,03.07.2026,03.07.2026,ACTIVE,,,,DOBRA,,508,,34-642,DOBRA,16.23.Z,16.10.Z; 16.21.Z; 16.24.Z; 16.29.Z; 25.12.Z; 32.99.Z; 68.20.Z; 77.12.Z; 77.39.Z,16.10.Z,pozostałe,16.10.Z: PKD 2007 - Produkcja wyrobów tartacznych,"{'wartosc': '4075000,00', 'waluta': 'PLN'}",
0000140068,AEROSERVICES SPÓŁKA Z OGRANICZONĄ ODPOWIEDZIALNOŚCIĄ,7631942844,57208762400000,SPÓŁKA Z OGRANICZONĄ ODPOWIEDZIALNOŚCIĄ,RejP,21.11.2002,31.01.2026,01.02.2026,ACTIVE,,,,WŁOCŁAWEK,ROLNA,4,5,87-800,WŁOCŁAWEK,,46.14.Z; 46.71.Z; 16.10.Z; 16.24.Z; 33.19.Z; 46.73.Z; 11.01.Z; 46.34.B; 46.75.Z; 46.76.Z; 46.12.Z; 47.25.Z; 46.19.Z; 46.17.Z; 46.35.Z; 46.34.A; 46.69.Z; 46.77.Z; 45.32.Z; 45.31.Z; 47.30.Z; 49.39.Z; 49.41.Z; 52.24.C; 52.10.A; 52.10.B; 52.21.Z; 52.23.Z; 59.20.Z; 63.99.Z; 74.10.Z; 74.90.Z; 77.40.Z; 82.91.Z; 82.99.Z; 82.92.Z; 30.30.Z; 28.99.Z; 33.16.Z; 22.22.Z; 20.59.Z; 26.11.Z; 20.16.Z; 11.03.Z; 11.04.Z,16.10.Z,pozostałe,16.10.Z: PKD 2007 - Produkcja wyrobów tartacznych,"{'wartosc': '50000,00', 'waluta': 'PLN'}",
0000140379,"""ARKADIA"" SPÓŁKA Z OGRANICZONĄ ODPOWIEDZIALNOŚCIĄ",8942644807,93224681100000,SPÓŁKA Z OGRANICZONĄ ODPOWIEDZIALNOŚCIĄ,RejP,26.11.2002,11.07.2026,11.07.2026,ACTIVE,,,,ŁUPKI,,53 A,,59-610,WLEŃ,01.50.Z,01.13.Z; 01.24.Z; 01.63.Z; 56.10.A; 56.30.Z; 02.20.Z; 16.10.Z; 90.04.Z; 55.20.Z,16.10.Z,pozostałe,16.10.Z: PKD 2007 - Produkcja wyrobów tartacznych,"{'wartosc': '500000,00', 'waluta': 'PLN'}",
0000140640,"""DAK-POL"" ZAKŁAD DRZEWNY W CZARNEJ BIAŁOSTOCKIEJ - SPÓŁKA Z OGRANICZONĄ ODPOWIEDZIALNOŚCIĄ",9661276287,05060787800000,SPÓŁKA Z OGRANICZONĄ ODPOWIEDZIALNOŚCIĄ,RejP,27.11.2002,24.08.2026,24.08.2026,ACTIVE,,,,CZARNA BIAŁOSTOCKA,TARTACZNA,7,,16-020,CZARNA BIAŁOSTOCKA,16.10.Z,02.20.Z; 02.40.Z; 16.21.Z; 16.22.Z; 16.23.Z; 16.24.Z; 16.29.Z; 33.19.Z; 46.73.Z,16.10.Z,przeważające,16.10.Z: PKD 2007 - Produkcja wyrobów tartacznych,"{'wartosc': '2250000,00', 'waluta': 'PLN'}",
0000141202,"""SAMARTAK"" SPÓŁKA Z OGRANICZONĄ ODPOWIEDZIALNOŚCIĄ W LIKWIDACJI",5961609578,21124201000000,SPÓŁKA Z OGRANICZONĄ ODPOWIEDZIALNOŚCIĄ,RejP,28.11.2002,26.09.2024,21.11.2025,LIQUIDATION,,,,TRZEBISZEWO,GŁÓWNA,2A,,66-445,TRZEBISZEWO,,16.10.Z; 02.10.Z; 02.20.Z; 02.30.Z; 01.29.Z; 46.73.Z; 28.30.Z; 28.99.Z; 28.41.Z; 28.49.Z; 33.12.Z; 46.69.Z; 28.11.Z; 02.40.Z; 49.41.Z,16.10.Z,pozostałe,16.10.Z: PKD 2007 - Produkcja wyrobów tartacznych,"{'wartosc': '50000,00', 'waluta': 'PLN'}",
0000143612,DREW-MET SPÓŁKA Z OGRANICZONĄ ODPOWIEDZIALNOŚCIĄ,5851366689,19203405600000,SPÓŁKA Z OGRANICZONĄ ODPOWIEDZIALNOŚCIĄ,RejP,06.01.2003,08.07.2026,08.07.2026,ACTIVE,,,,ŁUNIEW,,23,,21-560,MIĘDZYRZEC PODLASKI,49.41.Z,43.22.Z; 16.23.Z; 43.21.Z; 52.24.C; 45.20.Z; 38.32.Z; 46.77.Z; 16.10.Z; 77.12.Z,16.10.Z,pozostałe,16.10.Z: PKD 2007 - Produkcja wyrobów tartacznych,"{'wartosc': '56000,00', 'waluta': 'PLN'}",
0000143863,"""D&M&D"" SPÓŁKA Z OGRANICZONĄ ODPOWIEDZIALNOŚCIĄ",9680683964,25092117200000,SPÓŁKA Z OGRANICZONĄ ODPOWIEDZIALNOŚCIĄ,RejP,18.12.2002,23.06.2026,23.06.2026,ACTIVE,,,,JANKÓW PIERWSZY,,101D,,62-814,BLIZANÓW,49.41.Z,16.24.Z; 25.91.Z; 46.13.Z; 49.42.Z; 16.10.Z,16.10.Z,pozostałe,16.10.Z: PKD 2007 - Produkcja wyrobów tartacznych,"{'wartosc': '50400,00', 'waluta': 'PLN'}",
0000144510,"""ROLLING GROUPE"" SPÓŁKA Z OGRANICZONĄ ODPOWIEDZIALNOŚCIĄ",5941501613,81255803800000,SPÓŁKA Z OGRANICZONĄ ODPOWIEDZIALNOŚCIĄ,RejP,23.12.2002,14.05.2026,14.05.2026,ACTIVE,,,,BIERZWNIK,SZKOLNA,11,,73-240,BIERZWNIK,16.23.Z,16.10.Z; 41.10.Z; 41.20.Z; 49.41.Z; 71.12.Z,16.10.Z,pozostałe,16.10.Z: PKD 2007 - Produkcja wyrobów tartacznych,"{'wartosc': '150000,00', 'waluta': 'PLN'}",
0000144710,"""DREMI"" SPÓŁKA Z OGRANICZONĄ ODPOWIEDZIALNOŚCIĄ W LIKWIDACJI",5961610185,21124540000000,SPÓŁKA Z OGRANICZONĄ ODPOWIEDZIALNOŚCIĄ,RejP,08.01.2003,15.07.2026,15.07.2026,LIQUIDATION,,,,GORZÓW WIELKOPOLSKI,RYSKA,8,,66-400,GORZÓW WIELKOPOLSKI,,16.10.Z; 16.29.Z; 16.21.Z; 16.22.Z; 16.23.Z; 16.24.Z; 17.24.Z; 58.11.Z; 58.13.Z; 58.14.Z; 59.20.Z; 58.19.Z; 18.11.Z; 17.23.Z; 18.12.Z; 18.13.Z; 18.20.Z; 20.30.Z; 38.32.Z; 41.20.Z; 43.91.Z; 43.99.Z; 43.31.Z; 43.32.Z; 43.33.Z; 43.34.Z; 43.39.Z; 45.20.Z; 52.21.Z; 45.40.Z; 46.39.Z; 46.73.Z; 46.90.Z; 47.11.Z; 47.19.Z; 47.59.Z; 47.52.Z; 55.10.Z; 56.10.A; 56.10.B; 56.30.Z; 56.21.Z; 49.41.Z; 52.10.B; 79.12.Z; 79.11.B; 68.10.Z; 68.20.Z; 68.31.Z; 68.32.Z; 77.32.Z; 77.33.Z; 77.39.Z; 73.20.Z; 70.22.Z; 71.11.Z; 71.12.Z; 73.11.Z; 73.12.A; 74.90.Z; 22.23.Z; 23.51.Z; 23.52.Z; 23.61.Z; 23.62.Z; 23.63.Z; 23.64.Z; 23.69.Z; 25.62.Z; 25.73.Z; 25.72.Z; 38.31.Z; 25.99.Z; 64.99.Z; 41.10.Z; 42.99.Z,16.10.Z,pozostałe,16.10.Z: PKD 2007 - Produkcja wyrobów tartacznych,"{'wartosc': '2127000,00', 'waluta': 'PLN'}",
0000144845,"""AQUA - FERR"" SPÓŁKA Z OGRANICZONĄ ODPOWIEDZIALNOŚCIĄ",7181897545,45115720600000,SPÓŁKA Z OGRANICZONĄ ODPOWIEDZIALNOŚCIĄ,RejP,31.12.2002,03.03.2025,21.11.2025,ACTIVE,,,,ŁOMŻA,SIKORSKIEGO,164,,18-400,ŁOMŻA,,16.10.Z; 16.21.Z; 16.23.Z; 16.24.Z; 16.29.Z; 25.11.Z; 25.12.Z; 33.11.Z; 33.12.Z; 33.14.Z; 41.20.Z; 42.13.Z; 42.21.Z; 42.99.Z; 43.11.Z; 43.12.Z; 43.21.Z; 43.22.Z; 43.29.Z; 43.31.Z; 43.32.Z; 43.33.Z; 43.34.Z; 43.39.Z; 43.91.Z; 43.99.Z; 45.20.Z; 46.74.Z; 46.75.Z; 47.78.Z; 61.10.Z; 62.01.Z; 62.02.Z; 62.03.Z; 62.09.Z; 63.11.Z; 68.32.Z; 71.12.Z; 71.20.B,16.10.Z,pozostałe,16.10.Z: PKD 2007 - Produkcja wyrobów tartacznych,"{'wartosc': '50000,00', 'waluta': 'PLN'}",
0000144908,"""EKO-EKSPERT"" SPÓŁKA Z OGRANICZONĄ ODPOWIEDZIALNOŚCIĄ",5841023278,19088108800000,SPÓŁKA Z OGRANICZONĄ ODPOWIEDZIALNOŚCIĄ,RejP,10.01.2003,31.03.2026,31.03.2026,ACTIVE,,,,KOŚCIERZYNA,UL. CEGIELNIA,45,,83-400,KOŚCIERZYNA,01.29.Z,01.29.Z; 02.10.Z; 02.20.Z; 02.30.Z; 16.10.Z; 68.31.Z; 81.30.Z; 01.43.Z; 01.62.Z; 47.99.Z,16.10.Z,pozostałe,16.10.Z: PKD 2007 - Produkcja wyrobów tartacznych,"{'wartosc': '6000,00', 'waluta': 'PLN'}",
0000145407,"""GARDEN-CHEM"" SPÓŁKA JAWNA TOMASZ NOWACZYŃSKI,MICHAŁ NOWACZYŃSKI",7151364152,43078618600000,SPÓŁKA JAWNA,RejP,30.12.2002,11.05.2025,21.02.2026,ACTIVE,,,,URZĘDÓW,UL. PARTYZANTÓW,34,,23-250,URZĘDÓW,46.74.Z,46.73.Z; 47.52.Z; 47.76.Z; 46.75.Z; 46.61.Z; 43.29.Z; 47.19.Z; 49.41.Z; 16.10.Z,16.10.Z,pozostałe,16.10.Z: PKD 2007 - Produkcja wyrobów tartacznych,,
0000146093,SEE SOLUTION SPÓŁKA Z OGRANICZONĄ ODPOWIEDZIALNOŚCIĄ,7772701172,63446257000000,SPÓŁKA Z OGRANICZONĄ ODPOWIEDZIALNOŚCIĄ,RejP,08.01.2003,22.02.2025,21.11.2025,ACTIVE,,,,POBIEDZISKA,,,,,,,13.30.Z; 16.10.Z; 16.21.Z; 16.22.Z; 16.23.Z; 16.24.Z; 16.29.Z; 17.11.Z; 17.12.Z; 17.21.Z; 17.23.Z; 17.29.Z; 18.11.Z; 18.12.Z; 18.13.Z; 18.20.Z; 20.16.Z; 20.30.Z; 22.21.Z; 22.22.Z; 22.23.Z; 22.29.Z; 23.61.Z; 23.62.Z; 23.69.Z; 23.70.Z; 24.31.Z; 24.32.Z; 24.33.Z; 25.11.Z; 25.12.Z; 25.50.Z; 25.61.Z; 25.62.Z; 25.91.Z; 25.92.Z; 25.93.Z; 25.94.Z; 25.99.Z; 26.51.Z; 27.32.Z; 27.33.Z; 27.40.Z; 28.29.Z; 28.41.Z; 28.49.Z; 28.96.Z; 28.99.Z; 31.01.Z; 31.09.Z; 32.99.Z; 33.11.Z; 33.12.Z; 33.13.Z; 33.14.Z; 33.19.Z; 33.20.Z; 41.10.Z; 41.20.Z; 42.99.Z; 43.11.Z; 43.12.Z; 43.13.Z; 43.21.Z; 43.22.Z; 43.29.Z; 43.31.Z; 43.32.Z; 43.34.Z; 43.39.Z; 43.99.Z; 46.13.Z; 46.18.Z; 46.19.Z; 46.44.Z; 46.73.Z; 46.74.Z; 46.75.Z; 46.76.Z; 46.77.Z; 46.90.Z; 47.52.Z; 47.59.Z; 47.78.Z; 47.91.Z; 47.99.Z; 49.41.Z; 52.10.B; 52.21.Z; 58.11.Z; 58.12.Z; 58.13.Z; 58.14.Z; 58.19.Z; 58.29.Z; 59.11.Z; 59.12.Z; 59.13.Z; 59.14.Z; 59.20.Z; 62.01.Z; 62.02.Z; 62.03.Z; 62.09.Z; 63.11.Z; 63.99.Z; 68.10.Z; 68.20.Z; 68.31.Z; 68.32.Z; 70.21.Z; 70.22.Z; 71.11.Z; 71.12.Z; 71.20.B; 73.11.Z; 73.20.Z; 74.10.Z; 74.20.Z; 74.30.Z; 74.90.Z; 77.32.Z; 81.10.Z; 81.21.Z; 81.22.Z; 81.29.Z; 82.11.Z; 82.19.Z; 82.30.Z; 82.92.Z; 82.99.Z; 90.01.Z; 90.02.Z; 90.03.Z; 90.04.Z; 95.11.Z; 96.09.Z,16.10.Z,pozostałe,16.10.Z: PKD 2007 - Produkcja wyrobów tartacznych,"{'wartosc': '375000,00', 'waluta': 'PLN'}",
0000148447,"""PETRO MEDIA"" SPÓŁKA Z OGRANICZONĄ ODPOWIEDZIALNOŚCIĄ",7122780304,43263842600000,SPÓŁKA Z OGRANICZONĄ ODPOWIEDZIALNOŚCIĄ,RejP,24.01.2003,13.07.2026,13.07.2026,ACTIVE,,,,LUBLIN,ARASZKIEWICZA,66,,20-834,LUBLIN,46.11.Z,03.12.Z; 46.12.Z; 46.13.Z; 16.10.Z; 46.18.Z; 49.41.Z; 68.20.Z; 55.10.Z; 85.60.Z,16.10.Z,pozostałe,16.10.Z: PKD 2007 - Produkcja wyrobów tartacznych,"{'wartosc': '50000,00', 'waluta': 'PLN'}",
0000149768,"""HAMAR"" SPÓŁKA Z OGRANICZONĄ ODPOWIEDZIALNOŚCIĄ",8882246516,00587009400000,SPÓŁKA Z OGRANICZONĄ ODPOWIEDZIALNOŚCIĄ,RejP,31.01.2003,12.05.2025,21.11.2025,ACTIVE,,,,WŁOCŁAWEK,REJA,12A,,87-800,WŁOCŁAWEK,49.41.Z,52.10.B; 52.21.Z; 52.29.C; 77.12.Z; 16.10.Z; 16.29.Z; 46.71.Z; 46.73.Z; 46.77.Z,16.10.Z,pozostałe,16.10.Z: PKD 2007 - Produkcja wyrobów tartacznych,"{'wartosc': '1362000,00', 'waluta': 'PLN'}",
0000150606,"""LENA-ŁUBOWO"" M.MARUT, J.GRZECZKA  SPÓŁKA JAWNA",7772367017,63957027000000,SPÓŁKA JAWNA,RejP,07.02.2003,31.03.2026,31.03.2026,ACTIVE,,,,SWARZĘDZ,SPORNA,24,,62-020,SWARZĘDZ,,16.10.Z; 16.23.Z; 16.24.Z; 16.29.Z; 31.09.Z; 31.01.Z; 31.02.Z; 31.03.Z; 46.15.Z; 46.16.Z; 46.18.Z; 46.19.Z; 46.42.Z; 46.41.Z; 46.44.Z; 46.49.Z; 46.73.Z; 47.11.Z; 47.19.Z; 47.51.Z; 47.71.Z; 47.72.Z; 47.59.Z; 47.64.Z; 47.78.Z; 47.89.Z; 47.99.Z; 55.10.Z; 56.10.A; 56.30.Z; 56.21.Z; 49.42.Z; 49.41.Z; 52.10.B; 68.10.Z; 68.20.Z; 77.39.Z; 62.02.Z; 62.01.Z; 62.09.Z; 73.11.Z; 92.00.Z,16.10.Z,pozostałe,16.10.Z: PKD 2007 - Produkcja wyrobów tartacznych,,
0000150862,"""AIMEX"" SPÓŁKA Z OGRANICZONĄ ODPOWIEDZIALNOŚCIĄ",6410005661,00347102000000,SPÓŁKA Z OGRANICZONĄ ODPOWIEDZIALNOŚCIĄ,RejP,19.02.2003,15.06.2026,15.06.2026,ACTIVE,,,,RUDA ŚLĄSKA,RÓŻANA,7,,41-700,RUDA ŚLĄSKA,,01.11.Z; 01.19.Z; 10.11.Z; 10.12.Z; 10.13.Z; 10.20.Z; 10.31.Z; 10.32.Z; 10.39.Z; 10.41.Z; 10.42.Z; 10.51.Z; 10.52.Z; 10.61.Z; 10.62.Z; 10.71.Z; 10.72.Z; 10.73.Z; 10.84.Z; 10.85.Z; 10.86.Z; 10.89.Z; 10.91.Z; 10.92.Z; 11.07.Z; 14.11.Z; 14.12.Z; 14.13.Z; 14.14.Z; 14.19.Z; 14.20.Z; 14.31.Z; 14.39.Z; 15.11.Z; 15.12.Z; 16.10.Z; 16.21.Z; 16.22.Z; 16.23.Z; 16.24.Z; 16.29.Z; 17.11.Z; 17.12.Z; 17.21.Z; 17.22.Z; 17.23.Z; 17.24.Z; 17.29.Z; 18.11.Z; 18.12.Z; 18.13.Z; 18.14.Z; 18.20.Z; 20.41.Z; 20.42.Z; 22.11.Z; 22.19.Z; 22.21.Z; 22.22.Z; 22.23.Z; 22.29.Z; 23.61.Z; 23.62.Z; 23.69.Z; 23.70.Z; 23.91.Z; 25.12.Z; 26.11.Z; 26.12.Z; 26.20.Z; 31.01.Z; 31.02.Z; 31.03.Z; 31.09.Z; 35.14.Z; 35.23.Z; 38.11.Z; 38.21.Z; 38.31.Z; 38.32.Z; 41.10.Z; 41.20.Z; 42.11.Z; 43.11.Z; 43.12.Z; 43.21.Z; 43.22.Z; 43.29.Z; 43.31.Z; 43.32.Z; 43.33.Z; 43.34.Z; 43.39.Z; 43.91.Z; 43.99.Z; 45.11.Z; 45.19.Z; 45.20.Z; 45.31.Z; 45.32.Z; 45.40.Z; 46.11.Z; 46.12.Z; 46.13.Z; 46.14.Z; 46.15.Z; 46.16.Z; 46.17.Z; 46.18.Z; 46.19.Z; 46.21.Z; 46.22.Z; 46.23.Z; 46.24.Z; 46.31.Z; 46.32.Z; 46.33.Z; 46.34.A; 46.34.B; 46.35.Z; 46.36.Z; 46.37.Z; 46.38.Z; 46.39.Z; 46.41.Z; 46.42.Z; 46.43.Z; 46.44.Z; 46.45.Z; 46.46.Z; 46.47.Z; 46.48.Z; 46.49.Z; 46.51.Z; 46.52.Z; 46.61.Z; 46.62.Z; 46.63.Z; 46.64.Z; 46.65.Z; 46.66.Z; 46.69.Z; 46.71.Z; 46.72.Z; 46.73.Z; 46.74.Z; 46.75.Z; 46.76.Z; 46.77.Z; 46.90.Z; 47.11.Z; 47.19.Z; 47.21.Z; 47.22.Z; 47.23.Z; 47.24.Z; 47.25.Z; 47.26.Z; 47.29.Z; 47.30.Z; 47.41.Z; 47.42.Z; 47.43.Z; 47.51.Z; 47.52.Z; 47.53.Z; 47.54.Z; 47.59.Z; 47.61.Z; 47.62.Z; 47.63.Z; 47.64.Z; 47.65.Z; 47.71.Z; 47.72.Z; 47.73.Z; 47.74.Z; 47.75.Z; 47.76.Z; 47.77.Z; 47.78.Z; 47.79.Z; 47.81.Z; 47.82.Z; 47.89.Z; 47.91.Z; 47.99.Z; 49.32.Z; 49.39.Z; 49.41.Z; 52.10.B; 52.21.Z; 53.20.Z; 55.10.Z; 55.20.Z; 55.30.Z; 55.90.Z; 56.10.A; 56.10.B; 56.21.Z; 56.29.Z; 56.30.Z; 58.19.Z; 58.21.Z; 58.29.Z; 59.13.Z; 59.14.Z; 59.20.Z; 62.01.Z; 62.02.Z; 62.03.Z; 62.09.Z; 63.11.Z; 63.12.Z; 63.99.Z; 64.92.Z; 64.99.Z; 66.12.Z; 68.10.Z; 68.20.Z; 68.31.Z; 68.32.Z; 70.22.Z; 73.11.Z; 73.20.Z; 74.20.Z; 74.90.Z; 77.11.Z; 77.12.Z; 77.21.Z; 77.22.Z; 77.29.Z; 77.33.Z; 77.39.Z; 79.11.A; 79.11.B; 79.12.Z; 79.90.A; 79.90.B; 79.90.C; 80.20.Z; 81.10.Z; 81.21.Z; 81.22.Z; 81.29.Z; 81.30.Z; 82.11.Z; 82.19.Z; 82.30.Z; 82.92.Z; 82.99.Z; 85.53.Z; 85.59.A; 85.59.B; 92.00.Z; 93.13.Z; 93.19.Z; 93.21.Z; 95.11.Z; 95.21.Z; 95.22.Z; 95.23.Z; 95.24.Z; 95.25.Z; 95.29.Z; 96.01.Z; 96.02.Z; 96.03.Z; 96.04.Z; 96.09.Z; 93.29.B,16.10.Z,pozostałe,16.10.Z: PKD 2007 - Produkcja wyrobów tartacznych,"{'wartosc': '52500,00', 'waluta': 'PLN'}",
0000151097,"""AGROPOL FERMAR"" SPÓŁKA Z OGRANICZONĄ ODPOWIEDZIALNOŚCIĄ",8581706957,81262436700000,SPÓŁKA Z OGRANICZONĄ ODPOWIEDZIALNOŚCIĄ,RejP,17.02.2003,22.09.2026,22.09.2026,ACTIVE,,,,RYCERZEWKO,,2,,78-300,ŚWIDWIN,01.11.Z,16.11.Z; 49.41.Z; 52.24.C; 70.20.Z; 77.31.Z,16.11.Z,pozostałe,16.11.Z: PKD 2025 - Produkcja wyrobów tartacznych,"{'wartosc': '500000,00', 'waluta': 'PLN'}",
0000151132,"""POLSARBI"" SPÓŁKA Z OGRANICZONĄ ODPOWIEDZIALNOŚCIĄ",6691022331,33038664000000,SPÓŁKA Z OGRANICZONĄ ODPOWIEDZIALNOŚCIĄ,RejP,11.02.2003,08.06.2026,09.06.2026,ACTIVE,,,,MŚCICE,DWORCOWA,29,,76-031,MŚCICE,16.10.Z,16.21.Z; 16.24.Z; 16.29.Z; 31.01.Z; 46.49.Z; 47.59.Z; 55.10.Z; 55.30.Z; 31.09.Z,16.10.Z,przeważające,16.10.Z: PKD 2007 - Produkcja wyrobów tartacznych,"{'wartosc': '260000,00', 'waluta': 'PLN'}",
0000151592,"""PROFIT"" SPÓŁKA Z OGRANICZONĄ ODPOWIEDZIALNOŚCIĄ",8821922503,89146971200000,SPÓŁKA Z OGRANICZONĄ ODPOWIEDZIALNOŚCIĄ,RejP,03.03.2003,11.07.2026,11.07.2026,ACTIVE,,,,DZIERŻONIÓW,PIŁSUDSKIEGO,10 A,,58-200,DZIERŻONIÓW,41.20.Z,16.10.Z; 23.61.Z; 31.01.Z; 43.11.Z; 43.39.Z; 45.11.Z; 49.41.Z; 81.21.Z,16.10.Z,pozostałe,16.10.Z: PKD 2007 - Produkcja wyrobów tartacznych,"{'wartosc': '80000,00', 'waluta': 'PLN'}",
0000153596,"""KORTEXIM"" SPÓŁKA Z OGRANICZONĄ ODPOWIEDZIALNOŚCIĄ",9552063291,81256535700000,SPÓŁKA Z OGRANICZONĄ ODPOWIEDZIALNOŚCIĄ,RejP,27.02.2003,07.07.2026,07.07.2026,ACTIVE,,,,SZCZECIN,UL. POMORSKA,144,,70-812,SZCZECIN,16.10.Z,02.20.Z; 16.29.Z; 49.41.Z; 77.31.Z,16.10.Z,przeważające,16.10.Z: PKD 2007 - Produkcja wyrobów tartacznych,"{'wartosc': '2025000,00', 'waluta': 'PLN'}",
0000153637,"""DAK HOLZ BIURO HANDLU ZAGRANICZNEGO"" SPÓŁKA Z OGRANICZONĄ ODPOWIEDZIALNOŚCIĄ",1181366342,01314541200000,SPÓŁKA Z OGRANICZONĄ ODPOWIEDZIALNOŚCIĄ,RejP,03.03.2003,29.07.2026,29.07.2026,ACTIVE,,,,WARSZAWA,UL. PAŃSKA,96,83,00-837,WARSZAWA,46.73.Z,46.90.Z; 46.13.Z; 46.18.Z; 46.19.Z; 16.10.Z; 70.22.Z; 77.11.Z; 77.39.Z; 43.39.Z,16.10.Z,pozostałe,16.10.Z: PKD 2007 - Produkcja wyrobów tartacznych,"{'wartosc': '500000,00', 'waluta': 'PLN'}",
0000153933,"""DREWTAR"" SPÓŁKA Z OGRANICZONĄ ODPOWIEDZIALNOŚCIĄ",8440002823,79001637700000,SPÓŁKA Z OGRANICZONĄ ODPOWIEDZIALNOŚCIĄ,RejP,05.03.2003,17.09.2026,17.09.2026,ACTIVE,,,,ZAJĄCZKOWO,,,,16-423,BAKAŁARZEWO,16.10.Z,02.01.A,16.10.Z,przeważające,16.10.Z: PKD 2007 - Produkcja wyrobów tartacznych,"{'wartosc': '150000,00', 'waluta': 'PLN'}",
0000154231,"""JAGRAM-PRO"" SPÓŁKA AKCYJNA",7441509363,17076922000000,SPÓŁKA AKCYJNA,RejP,06.03.2003,07.09.2026,07.09.2026,ACTIVE,,,,SUSZ,LEŚNA,16,,14-240,SUSZ,16.23.Z,16.10.Z; 16.24.Z; 31.09.Z; 46.73.Z; 46.76.Z; 47.99.Z; 49.41.Z; 52.10.B; 77.39.Z,16.10.Z,pozostałe,16.10.Z: PKD 2007 - Produkcja wyrobów tartacznych,"{'wartosc': '580500,00', 'waluta': 'PLN'}",
0000157677,"""B&D"" SPÓŁKA Z OGRANICZONĄ ODPOWIEDZIALNOŚCIĄ",9160003041,93290547800000,SPÓŁKA Z OGRANICZONĄ ODPOWIEDZIALNOŚCIĄ,RejP,10.04.2003,30.03.2026,30.03.2026,ACTIVE,,,,BUKOWICE,PSZCZELA,7,,56-321,BUKOWICE,16.11.Z,16.23.Z; 16.24.Z; 46.90.Z; 49.41.Z; 52.10.B; 16.28.Z; 31.00.Z; 46.83.Z; 52.31.Z,16.11.Z,przeważające,16.11.Z: PKD 2025 - Produkcja wyrobów tartacznych,"{'wartosc': '1000000,00', 'waluta': 'PLN'}",
0000158216,AGROKOMPLEKS-GIERS SPÓŁKA JAWNA,7390400738,51103502300000,SPÓŁKA JAWNA,RejP,17.06.2003,14.07.2025,21.02.2026,ACTIVE,,,,DOBRE MIASTO,FABRYCZNA,38,,11-040,DOBRE MIASTO,46.90.Z,16.10.Z; 41.10.Z; 43.11.Z; 43.99.Z; 52.24.C; 68.10.Z; 93.13.Z; 68.31.Z; 74.90.Z,16.10.Z,pozostałe,16.10.Z: PKD 2007 - Produkcja wyrobów tartacznych,,
0000161897,"""GB"" SPÓŁKA Z OGRANICZONĄ ODPOWIEDZIALNOŚCIĄ",7350008253,49050686600000,SPÓŁKA Z OGRANICZONĄ ODPOWIEDZIALNOŚCIĄ,RejP,16.05.2003,23.06.2026,23.06.2026,ACTIVE,,,,SZLACHTOWA,CIEŚLISKA,92,,34-460,SZCZAWNICA,55.10.Z,02.20.Z; 16.10.Z; 56.10.A; 77.11.Z; 81.10.Z; 93.11.Z; 41.20.Z; 31.09.Z; 56.21.Z,16.10.Z,pozostałe,16.10.Z: PKD 2007 - Produkcja wyrobów tartacznych,"{'wartosc': '100000,00', 'waluta': 'PLN'}",
0000162853,CHABER CONCEPT SPÓŁKA Z OGRANICZONĄ ODPOWIEDZIALNOŚCIĄ,9281001294,97037933300000,SPÓŁKA Z OGRANICZONĄ ODPOWIEDZIALNOŚCIĄ,RejP,29.05.2003,14.07.2026,14.07.2026,ACTIVE,,,,ŻARY,SZKLARSKA,39,,68-200,ŻARY,16.10.Z,16.23.Z; 16.24.Z; 16.29.Z; 41.20.Z; 43.32.Z,16.10.Z,przeważające,16.10.Z: PKD 2007 - Produkcja wyrobów tartacznych,"{'wartosc': '50000,00', 'waluta': 'PLN'}",
0000165560,SPRINGER SPÓŁKA JAWNA W LIKWIDACJI,5990110114,21000954700000,SPÓŁKA JAWNA,RejP,27.06.2003,27.05.2025,21.02.2026,LIQUIDATION,,,,ŁOŚNO,,43,,66-415,KŁODAWA,16.10.Z,16.29.Z; 28.30.Z; 46.73.Z; 46.76.Z; 46.69.Z; 46.90.Z; 49.41.Z,16.10.Z,przeważające,16.10.Z: PKD 2007 - Produkcja wyrobów tartacznych,,
0000165579,"""KONCEPT J.V."" SPÓŁKA Z OGRANICZONĄ ODPOWIEDZIALNOŚCIĄ W RESTRUKTURYZACJI",8991017430,93069112200000,SPÓŁKA Z OGRANICZONĄ ODPOWIEDZIALNOŚCIĄ,RejP,25.06.2003,19.06.2026,19.06.2026,ACTIVE,,,,SOBÓTKA,UL. TARTACZNA,1,,55-050,SOBÓTKA,46.73.Z,46.13.Z; 16.10.Z; 16.23.Z; 16.29.Z; 41.20.Z; 43.39.Z; 43.32.Z; 46.69.Z; 47.78.Z,16.10.Z,pozostałe,16.10.Z: PKD 2007 - Produkcja wyrobów tartacznych,"{'wartosc': '142500,00', 'waluta': 'PLN'}",
0000165832,"""SMULDERS"" SPÓŁKA Z OGRANICZONĄ ODPOWIEDZIALNOŚCIĄ",8512831607,81262617100000,SPÓŁKA Z OGRANICZONĄ ODPOWIEDZIALNOŚCIĄ,RejP,04.07.2003,15.07.2026,15.07.2026,ACTIVE,,,,RAKONIEWICE,GRODZISKA,17B,,62-067,RAKONIEWICE,25.11.Z,43.99.Z; 25.12.Z; 25.50.Z; 25.61.Z; 25.62.Z; 32.99.Z; 16.10.Z; 47.19.Z; 70.22.Z,16.10.Z,pozostałe,16.10.Z: PKD 2007 - Produkcja wyrobów tartacznych,"{'wartosc': '50000,00', 'waluta': 'PLN'}",
0000166612,MAGNUS-BIS SPÓŁKA Z OGRANICZONĄ ODPOWIEDZIALNOŚCIĄ,4990491363,33140706000000,SPÓŁKA Z OGRANICZONĄ ODPOWIEDZIALNOŚCIĄ,RejP,04.07.2003,29.12.2022,21.11.2025,ACTIVE,,,,POLANÓW,ZACISZE,10,,76-010,POLANÓW,,01.11.Z; 01.13.Z; 01.19.Z; 01.24.Z; 01.25.Z; 01.28.Z; 01.29.Z; 01.61.Z; 01.63.Z; 01.64.Z; 10.39.Z; 16.10.Z; 16.22.Z; 16.23.Z; 16.24.Z; 16.29.Z; 17.23.Z; 20.41.Z; 20.42.Z; 20.59.Z; 22.21.Z; 22.22.Z; 22.23.Z; 22.29.Z; 23.32.Z; 23.51.Z; 23.52.Z; 23.61.Z; 23.62.Z; 23.63.Z; 23.64.Z; 23.69.Z; 25.11.Z; 25.12.Z; 25.61.Z; 25.62.Z; 25.91.Z; 25.92.Z; 25.93.Z; 25.99.Z; 26.11.Z; 26.20.Z; 26.30.Z; 26.51.Z; 26.40.Z; 27.12.Z; 27.40.Z; 33.12.Z; 33.13.Z; 33.14.Z; 33.20.Z; 37.00.Z; 38.11.Z; 39.00.Z; 41.20.Z; 43.11.Z; 43.13.Z; 43.21.Z; 43.22.Z; 43.34.Z; 43.39.Z; 43.99.Z; 45.11.Z; 45.20.Z; 45.31.Z; 45.32.Z; 45.40.Z; 46.19.Z; 46.43.Z; 46.44.Z; 46.51.Z; 46.52.Z; 46.61.Z; 46.65.Z; 46.69.Z; 46.73.Z; 46.74.Z; 46.90.Z; 47.41.Z; 47.42.Z; 47.53.Z; 47.54.Z; 47.64.Z; 47.76.Z; 47.78.Z; 47.91.Z; 49.41.Z; 52.10.A; 52.10.B; 52.21.Z; 52.24.A; 52.24.B; 52.24.C; 52.29.A; 52.29.C; 55.10.Z; 55.20.Z; 55.90.Z; 56.10.A; 56.10.B; 56.30.Z; 58.11.Z; 58.13.Z; 58.14.Z; 58.19.Z; 59.20.Z; 58.21.Z; 58.29.Z; 62.01.Z; 62.02.Z; 62.09.Z; 63.11.Z; 63.12.Z; 68.20.Z; 68.31.Z; 68.32.Z; 71.11.Z; 71.12.Z; 71.20.A; 71.20.B; 72.19.Z; 73.11.Z; 73.12.B; 74.90.Z; 77.11.Z; 77.12.Z; 77.21.Z; 77.31.Z; 77.33.Z; 77.39.Z; 78.10.Z; 80.20.Z; 80.30.Z; 81.21.Z; 81.30.Z; 82.11.Z; 82.30.Z; 85.32.A; 85.53.Z; 85.59.A; 85.59.B; 90.01.Z; 90.02.Z; 93.12.Z; 95.23.Z; 95.29.Z; 96.01.Z; 96.09.Z,16.10.Z,pozostałe,16.10.Z: PKD 2007 - Produkcja wyrobów tartacznych,"{'wartosc': '50000,00', 'waluta': 'PLN'}",
0000167186,"""PUR"" SPÓŁKA Z OGRANICZONĄ ODPOWIEDZIALNOŚCIĄ",7393353040,51956041500000,SPÓŁKA Z OGRANICZONĄ ODPOWIEDZIALNOŚCIĄ,RejP,10.07.2003,17.08.2026,17.08.2026,ACTIVE,,,,OLSZTYN,UL. STANISŁAWA MURZYNOWSKIEGO,7,42,10-684,OLSZTYN,13.92.Z,13.20.B; 13.10.C; 13.10.D; 13.20.D; 16.10.Z; 16.22.Z; 46.41.Z; 46.76.Z; 31.09.Z,16.10.Z,pozostałe,16.10.Z: PKD 2007 - Produkcja wyrobów tartacznych,"{'wartosc': '670000,00', 'waluta': 'PLN'}",
0000167794,"""EKOPAL"" ZAKŁAD PRZETWÓRSTWA ODPADÓW DREWNOPOCHODNYCH I PRODUKCJI GRANULATU DRZEWNEGO SPÓŁKA Z OGRANICZONĄ ODPOWIEDZIALNOŚCIĄ",5992824473,21126430700000,SPÓŁKA Z OGRANICZONĄ ODPOWIEDZIALNOŚCIĄ,RejP,17.07.2003,02.07.2026,02.07.2026,ACTIVE,,,,GORZÓW WIELKOPOLSKI,PODMIEJSKA,21A,,66-400,GORZÓW WIELKOPOLSKI,01.11.Z,16.10.Z; 16.29.Z; 52.10.B; 01.61.Z; 01.63.Z; 02.20.Z; 02.40.Z; 45.19.Z; 46.11.Z,16.10.Z,pozostałe,16.10.Z: PKD 2007 - Produkcja wyrobów tartacznych,"{'wartosc': '50000,00', 'waluta': 'PLN'}",
0000167824,"""APEX"" SPÓŁKA Z OGRANICZONĄ ODPOWIEDZIALNOŚCIĄ",6140102821,23019052500000,SPÓŁKA Z OGRANICZONĄ ODPOWIEDZIALNOŚCIĄ,RejP,16.07.2003,20.08.2026,20.08.2026,ACTIVE,,,,CHEŁMSKO ŚLĄSKIE,LUBAWSKA,33,,58-407,CHEŁMSKO ŚLĄSKIE,16.29.Z,16.23.Z; 16.10.Z; 31.09.Z; 46.73.Z; 47.99.Z; 49.41.Z,16.10.Z,pozostałe,16.10.Z: PKD 2007 - Produkcja wyrobów tartacznych,"{'wartosc': '50000,00', 'waluta': 'PLN'}",
0000170069,"""MGA WOOD"" SPÓŁKA Z OGRANICZONĄ ODPOWIEDZIALNOŚCIĄ",5213271671,01552769000000,SPÓŁKA Z OGRANICZONĄ ODPOWIEDZIALNOŚCIĄ,RejP,12.08.2003,26.05.2025,21.11.2025,ACTIVE,,,,WARSZAWA,UL. MARSZAŁKOWSKA,58,,00-545,WARSZAWA,16.10.Z,16.29.Z,16.10.Z,przeważające,16.10.Z: PKD 2007 - Produkcja wyrobów tartacznych,"{'wartosc': '250000,00', 'waluta': 'PLN'}",
0000170927,"""MHM SPÓŁKA Z OGRANICZONĄ ODPOWIEDZIALNOŚCIĄ""",7820074969,63017273300000,SPÓŁKA Z OGRANICZONĄ ODPOWIEDZIALNOŚCIĄ,RejP,22.08.2003,10.07.2026,10.07.2026,ACTIVE,,,,MILICZ,WOJSKA POLSKIEGO,62,,56-300,MILICZ,68.20.Z,16.10.Z; 16.24.Z; 16.29.Z; 31.09.Z; 31.01.Z; 46.76.Z; 52.10.B; 77.39.Z; 77.33.Z,16.10.Z,pozostałe,16.10.Z: PKD 2007 - Produkcja wyrobów tartacznych,"{'wartosc': '657300,00', 'waluta': 'PLN'}",
0000171145,"""DREWPOL"" SPÓŁKA Z OGRANICZONĄ ODPOWIEDZIALNOŚCIĄ",6972043543,41117540200000,SPÓŁKA Z OGRANICZONĄ ODPOWIEDZIALNOŚCIĄ,RejP,01.09.2003,15.09.2026,15.09.2026,ACTIVE,,,,ŚWIERCZYNA,,39,,64-113,OSIECZNA,16.10.Z,16.23.Z; 16.29.Z; 25.11.Z; 52.10.B; 68.20.Z; 77.32.Z; 46.73.Z; 16.21.Z; 77.11.Z,16.10.Z,przeważające,16.10.Z: PKD 2007 - Produkcja wyrobów tartacznych,"{'wartosc': '1000000,00', 'waluta': 'PLN'}",
0000171157,"""EUROPARQUET"" SPÓŁKA Z OGRANICZONĄ ODPOWIEDZIALNOŚCIĄ",9222515755,95041014200000,SPÓŁKA Z OGRANICZONĄ ODPOWIEDZIALNOŚCIĄ,RejP,01.09.2003,21.09.2026,21.09.2026,ACTIVE,,,,HUTKI,,5,,22-440,KRASNOBRÓD,16.22.Z,16.24.Z; 49.41.Z; 33.20.Z; 16.11.Z; 16.28.Z; 35.12.F; 35.15.Z; 35.16.Z; 46.83.Z,16.11.Z,pozostałe,16.11.Z: PKD 2025 - Produkcja wyrobów tartacznych,"{'wartosc': '1830000,00', 'waluta': 'PLN'}",
0000172143,"""SOFTLIX"" SPÓŁKA Z OGRANICZONĄ ODPOWIEDZIALNOŚCIĄ",6351676973,27807580900000,SPÓŁKA Z OGRANICZONĄ ODPOWIEDZIALNOŚCIĄ,RejP,22.09.2003,08.06.2025,21.11.2025,ACTIVE,,,,RYBNIK,PRZEMYSŁOWA,3,13,44-203,RYBNIK,,01.11.Z; 01.13.Z; 01.19.Z; 01.21.Z; 01.24.Z; 01.25.Z; 01.27.Z; 01.28.Z; 01.29.Z; 01.30.Z; 01.47.Z; 01.49.Z; 01.50.Z; 01.61.Z; 01.62.Z; 01.63.Z; 02.10.Z; 02.20.Z; 02.30.Z; 02.40.Z; 03.22.Z; 08.11.Z; 08.12.Z; 08.92.Z; 08.99.Z; 09.10.Z; 09.90.Z; 10.91.Z; 10.92.Z; 16.10.Z; 16.23.Z; 16.24.Z; 16.29.Z; 33.11.Z; 33.12.Z; 33.14.Z; 33.17.Z; 33.19.Z; 33.20.Z; 38.11.Z; 38.21.Z; 38.31.Z; 38.32.Z; 39.00.Z; 41.10.Z; 41.20.Z; 42.11.Z; 42.12.Z; 42.13.Z; 42.21.Z; 42.22.Z; 42.91.Z; 42.99.Z; 43.11.Z; 43.12.Z; 43.13.Z; 43.21.Z; 43.22.Z; 43.29.Z; 43.31.Z; 43.32.Z; 43.33.Z; 43.34.Z; 43.39.Z; 43.91.Z; 43.99.Z; 45.11.Z; 45.19.Z; 45.20.Z; 46.11.Z; 46.13.Z; 46.18.Z; 46.19.Z; 46.21.Z; 46.22.Z; 46.23.Z; 46.61.Z; 46.62.Z; 46.63.Z; 46.65.Z; 46.66.Z; 46.69.Z; 46.73.Z; 46.74.Z; 46.75.Z; 46.76.Z; 46.77.Z; 46.90.Z; 47.76.Z; 47.91.Z; 47.99.Z; 49.39.Z; 49.41.Z; 49.42.Z; 64.19.Z; 64.92.Z; 64.99.Z; 68.10.Z; 68.20.Z; 68.31.Z; 68.32.Z; 69.10.Z; 69.20.Z; 70.22.Z; 71.11.Z; 71.12.Z; 71.20.B; 74.10.Z; 74.90.Z; 77.11.Z; 77.12.Z; 77.31.Z; 77.32.Z; 77.33.Z; 77.39.Z; 77.40.Z; 78.10.Z; 78.20.Z; 78.30.Z; 81.10.Z; 81.21.Z; 81.22.Z; 81.29.Z; 81.30.Z; 82.11.Z; 82.19.Z; 82.30.Z; 82.91.Z; 82.92.Z; 82.99.Z,16.10.Z,pozostałe,16.10.Z: PKD 2007 - Produkcja wyrobów tartacznych,"{'wartosc': '53500,00', 'waluta': 'PLN'}",
0000172175,PREMIUM TRADE SPÓŁKA Z OGRANICZONĄ ODPOWIEDZIALNOŚCIĄ,5340002118,01258395000000,SPÓŁKA Z OGRANICZONĄ ODPOWIEDZIALNOŚCIĄ,RejP,12.09.2003,10.07.2026,10.07.2026,ACTIVE,,,,TARNÓW,UL. PRZEMYSŁOWA,27,,33-100,TARNÓW,46.32.Z,47.11.Z; 49.41.Z; 46.73.Z; 41.10.Z; 16.10.Z; 55.20.Z; 56.29.Z; 56.21.Z; 93.29.B,16.10.Z,pozostałe,16.10.Z: PKD 2007 - Produkcja wyrobów tartacznych,"{'wartosc': '75000,00', 'waluta': 'PLN'}",
0000172336,"""ZAKŁAD DRZEWNY IRCHA"" SPÓŁKA Z OGRANICZONĄ ODPOWIEDZIALNOŚCIĄ",5971473703,21062521700000,SPÓŁKA Z OGRANICZONĄ ODPOWIEDZIALNOŚCIĄ,RejP,09.09.2003,29.07.2026,29.07.2026,ACTIVE,,,,DĘBNO,KOSYNIERÓW,57,,74-400,DĘBNO,16.24.Z,16.10.Z; 16.23.Z; 43.32.Z; 16.29.Z; 43.91.Z; 46.73.Z; 23.69.Z; 49.41.Z,16.10.Z,pozostałe,16.10.Z: PKD 2007 - Produkcja wyrobów tartacznych,"{'wartosc': '50000,00', 'waluta': 'PLN'}",
0000173258,"""SPEEDLINE SPÓŁKA Z OGRANICZONĄ ODPOWIEDZIALNOŚCIĄ""",7790003024,00477248400000,SPÓŁKA Z OGRANICZONĄ ODPOWIEDZIALNOŚCIĄ,RejP,18.09.2003,16.07.2026,16.07.2026,ACTIVE,,,,POZNAŃ,GNIEŹNIEŃSKA,69,,61 - 015,POZNAŃ,,16.10.Z; 16.21.Z; 16.24.Z; 33.19.Z; 32.99.Z; 31.01.Z; 95.24.Z; 31.02.Z; 31.09.Z; 43.99.Z; 46.15.Z; 46.43.Z; 46.49.Z; 46.73.Z; 46.76.Z; 47.59.Z; 47.78.Z; 49.42.Z; 49.41.Z; 52.21.Z; 52.29.C; 73.12.B,16.10.Z,pozostałe,16.10.Z: PKD 2007 - Produkcja wyrobów tartacznych,"{'wartosc': '86000,00', 'waluta': 'PLN'}",
0000174810,WOODECO MDF SPÓŁKA Z OGRANICZONĄ ODPOWIEDZIALNOŚCIĄ,7191399317,33099454500000,SPÓŁKA Z OGRANICZONĄ ODPOWIEDZIALNOŚCIĄ,RejP,09.10.2003,14.09.2026,14.09.2026,ACTIVE,,,,GRAJEWO,WIÓROWA,1,,19-203,GRAJEWO,16.21.Z,16.10.Z; 16.29.Z; 17.12.Z; 46.75.Z; 46.76.Z; 62.01.Z; 64.19.Z; 35.30.Z; 70.22.Z,16.10.Z,pozostałe,16.10.Z: PKD 2007 - Produkcja wyrobów tartacznych,"{'wartosc': '235328000,00', 'waluta': 'PLN'}",
0000174827,STEGU SPÓŁKA Z OGRANICZONĄ ODPOWIEDZIALNOŚCIĄ,9910076849,53241181400000,SPÓŁKA Z OGRANICZONĄ ODPOWIEDZIALNOŚCIĄ,RejP,01.10.2003,03.07.2026,03.07.2026,ACTIVE,,,,JEŁOWA,UL. DWORCOWA,8,,46-024,JEŁOWA,23.61.Z,23.62.Z; 16.22.Z; 16.23.Z; 16.24.Z; 17.11.Z; 17.12.Z; 16.11.Z; 16.28.Z,16.11.Z,pozostałe,16.11.Z: PKD 2025 - Produkcja wyrobów tartacznych,"{'wartosc': '1345700,00', 'waluta': 'PLN'}",
0000175825,TANZANIT SPÓŁKA Z OGRANICZONĄ ODPOWIEDZIALNOŚCIĄ W UPADŁOŚCI LIKWIDACYJNEJ,6920001314,00845628300000,SPÓŁKA Z OGRANICZONĄ ODPOWIEDZIALNOŚCIĄ,RejP,13.10.2003,13.01.2026,14.01.2026,ACTIVE,,,,LUBIN,KOLEJOWA,8,,59-300,LUBIN,,10.39.Z; 14.11.Z; 16.29.Z; 16.10.Z; 16.24.Z; 16.23.Z; 46.39.Z; 46.73.Z; 46.90.Z; 47.19.Z; 55.10.Z; 56.30.Z; 56.29.Z; 56.21.Z; 49.41.Z; 66.19.Z; 70.22.Z; 71.11.Z; 93.19.Z; 96.04.Z; 68.31.Z; 82.30.Z; 96.02.Z; 41.20.Z; 41.10.Z; 68.32.Z; 85.51.Z; 85.59.A; 85.59.B; 85.60.Z; 87.90.Z; 87.30.Z; 88.10.Z; 88.99.Z; 96.01.Z; 96.09.Z; 93.29.B,16.10.Z,pozostałe,16.10.Z: PKD 2007 - Produkcja wyrobów tartacznych,"{'wartosc': '60000,00', 'waluta': 'PLN'}",
0000176376,"""BLACK TREE"" SPÓŁKA Z OGRANICZONĄ ODPOWIEDZIALNOŚCIĄ",1132484076,01555496500000,SPÓŁKA Z OGRANICZONĄ ODPOWIEDZIALNOŚCIĄ,RejP,15.10.2003,20.07.2026,20.07.2026,ACTIVE,,,,HENRYKOWO,,29,,15-511,BIAŁYSTOK,47.99.Z,01.61.Z; 08.92.Z; 16.10.Z; 16.23.Z; 16.29.Z; 46.13.Z; 62.01.Z; 35.11.Z; 47.19.Z,16.10.Z,pozostałe,16.10.Z: PKD 2007 - Produkcja wyrobów tartacznych,"{'wartosc': '50000,00', 'waluta': 'PLN'}",
0000176887,"""GŁADYSZ"" ZAKŁAD REMONTOWO - BUDOWLANY SPÓŁKA Z OGRANICZONĄ ODPOWIEDZIALNOŚCIĄ",8942776153,93295144900000,SPÓŁKA Z OGRANICZONĄ ODPOWIEDZIALNOŚCIĄ,RejP,21.10.2003,24.11.2024,21.11.2025,ACTIVE,,,,WROCŁAW,,,,,,,16.10.Z; 16.22.Z; 16.23.Z; 16.29.Z; 23.61.Z; 25.12.Z; 29.32.Z; 31.01.Z; 31.02.Z; 31.09.Z; 32.99.Z; 33.19.Z; 41.20.Z; 42.12.Z; 42.13.Z; 42.21.Z; 42.99.Z; 43.11.Z; 43.12.Z; 43.13.Z; 43.21.Z; 43.22.Z; 43.29.Z; 43.31.Z; 43.32.Z; 43.33.Z; 43.34.Z; 43.39.Z; 43.91.Z; 43.99.Z; 46.73.Z; 46.74.Z; 46.90.Z; 47.52.Z; 71.11.Z; 71.12.Z; 71.20.B; 74.90.Z; 77.32.Z; 77.39.Z; 80.20.Z; 95.24.Z,16.10.Z,pozostałe,16.10.Z: PKD 2007 - Produkcja wyrobów tartacznych,"{'wartosc': '50000,00', 'waluta': 'PLN'}",
0000176914,"""WOŁOSZAŃSKI"" SPÓŁKA Z OGRANICZONĄ ODPOWIEDZIALNOŚCIĄ",5220001688,00216313700000,SPÓŁKA Z OGRANICZONĄ ODPOWIEDZIALNOŚCIĄ,RejP,20.10.2003,17.04.2025,21.11.2025,ACTIVE,,,,WARSZAWA,KOLEJOWA,15/17,,01-217,WARSZAWA,,02.40.Z; 10.20.Z; 12.00.Z; 13.30.Z; 14.20.Z; 15.20.Z; 16.10.Z; 18.20.Z; 19.10.Z; 19.20.Z; 20.20.Z; 20.30.Z; 20.60.Z; 21.10.Z; 21.20.Z; 23.20.Z; 23.70.Z; 24.10.Z; 24.20.Z; 25.30.Z; 25.40.Z; 25.50.Z; 26.20.Z; 26.30.Z; 26.40.Z; 26.60.Z; 26.70.Z; 27.20.Z; 27.40.Z; 27.90.Z; 28.30.Z; 29.20.Z; 30.20.Z; 30.30.Z; 30.40.Z; 32.20.Z; 32.30.Z; 32.40.Z; 32.50.Z; 33.20.Z; 35.30.Z; 36.00.Z; 39.00.Z; 41.10.Z; 41.20.Z; 45.40.Z; 46.90.Z; 49.10.Z; 49.20.Z; 50.10.Z; 50.20.Z; 50.30.Z; 50.40.Z; 51.10.Z; 51.21.Z; 53.20.Z; 55.10.Z; 55.20.Z; 55.90.Z; 56.30.Z; 59.20.Z; 60.10.Z; 60.20.Z; 61.10.Z; 61.20.Z; 61.30.Z; 61.90.Z; 64.20.Z; 68.10.Z; 68.20.Z; 69.20.Z; 70.10.Z; 72.20.Z; 73.20.Z; 74.10.Z; 74.20.Z; 74.30.Z; 74.90.Z; 75.00.Z; 77.40.Z; 78.10.Z; 78.30.Z; 79.12.Z; 80.10.Z; 80.20.Z; 81.10.Z; 82.20.Z; 82.30.Z; 85.10.Z; 85.20.Z; 85.41.Z; 85.60.Z; 86.10.Z; 87.10.Z; 87.20.Z; 87.30.Z; 87.90.Z; 88.10.Z; 92.00.Z; 96.09.Z,16.10.Z,pozostałe,16.10.Z: PKD 2007 - Produkcja wyrobów tartacznych,"{'wartosc': '53000,00', 'waluta': 'PLN'}",
0000177301,"PRZEDSIĘBIORSTWO PRZETWÓRSTWA DRZEWNEGO ""GRÓDKÓW"" SPÓŁKA Z OGRANICZONĄ ODPOWIEDZIALNOŚĆIĄ",6250013395,27069174000000,SPÓŁKA Z OGRANICZONĄ ODPOWIEDZIALNOŚCIĄ,RejP,06.11.2003,26.06.2026,26.06.2026,ACTIVE,,,,GRÓDKÓW,ZWYCIĘSTWA,2,,42-575,STRZYŻOWICE,16.24.Z,16.10.Z; 82.92.Z; 16.29.Z; 16.23.Z; 38.11.Z; 38.21.Z; 46.73.Z; 69.20.Z; 33.19.Z,16.10.Z,pozostałe,16.10.Z: PKD 2007 - Produkcja wyrobów tartacznych,"{'wartosc': '100000,00', 'waluta': 'PLN'}",
0000177480,"""ITC TRADING"" SPÓŁKA Z OGRANICZONĄ ODPOWIEDZIALNOŚCIĄ",9512090904,01557312900000,SPÓŁKA Z OGRANICZONĄ ODPOWIEDZIALNOŚCIĄ,RejP,27.10.2003,25.04.2025,21.11.2025,ACTIVE,,,,WARSZAWA,BARTYCKA,175,N,00-716,WARSZAWA,,70.11.Z; 70.12.Z; 70.20.Z; 70.31.Z; 70.32.Z; 63.40.C; 74.14.A; 74.14.B; 02.20.Z; 16.10.Z; 16.24.Z; 16.29.Z; 19.20.Z; 28.21.Z; 28.29.Z; 28.99.Z; 35.11.Z; 35.12.Z; 35.13.Z; 35.21.Z; 35.22.Z; 35.23.Z; 46.12.Z; 46.13.Z; 46.18.Z; 46.19.Z; 46.71.Z; 46.73.Z; 46.76.Z; 47.19.Z; 47.78.Z; 49.41.Z; 52.10.B; 52.21.Z; 52.24.C; 52.29.C; 68.10.Z; 68.20.Z; 77.12.Z,16.10.Z,pozostałe,16.10.Z: PKD 2007 - Produkcja wyrobów tartacznych,"{'wartosc': '50000,00', 'waluta': 'PLN'}",
0000178304,"""HURTOWNIA LUBAWKA"" SPÓŁKA Z OGRANICZONĄ ODPOWIEDZIALNOŚCIĄ",6140101655,23119022000000,SPÓŁKA Z OGRANICZONĄ ODPOWIEDZIALNOŚCIĄ,RejP,31.10.2003,21.05.2026,21.05.2026,ACTIVE,,,,CHEŁMSKO ŚLĄSKIE,LUBAWSKA,39,,58-407,CHEŁMSKO ŚLĄSKIE,46.90.Z,16.10.Z; 16.24.Z; 16.23.Z; 46.76.Z; 49.41.Z; 46.73.Z; 22.19.Z,16.10.Z,pozostałe,16.10.Z: PKD 2007 - Produkcja wyrobów tartacznych,"{'wartosc': '100000,00', 'waluta': 'PLN'}",
0000179490,"""AUTOBLOK"" IMPORT EKSPORT SPÓŁKA Z OGRANICZONĄ ODPOWIEDZIALNOŚCIĄ",7642413747,57211646100000,SPÓŁKA Z OGRANICZONĄ ODPOWIEDZIALNOŚCIĄ,RejP,15.11.2003,18.06.2026,18.06.2026,ACTIVE,,,,OSTRÓWKI,,4,,64-840,BUDZYŃ,68.20.Z,16.10.Z; 16.23.Z; 16.24.Z; 45.11.Z,16.10.Z,pozostałe,16.10.Z: PKD 2007 - Produkcja wyrobów tartacznych,"{'wartosc': '50000,00', 'waluta': 'PLN'}",
0000181964,"""STOLARKA"" SPÓŁKA AKCYJNA",8411005285,77071738000000,SPÓŁKA AKCYJNA,RejP,03.12.2003,22.03.2021,21.11.2025,ACTIVE,,,,ŁEBIENIEC,,,,,,,02.10.Z; 02.20.Z; 02.30.Z; 02.40.Z; 70.22.Z; 46.90.Z; 43.32.Z; 47.19.Z; 28.49.Z; 17.11.Z; 47.59.Z; 47.78.Z; 68.10.Z; 68.20.Z; 16.10.Z; 43.91.Z; 33.19.Z; 32.99.Z; 95.24.Z; 41.20.Z; 42.99.Z; 43.21.Z; 43.22.Z; 77.11.Z; 77.12.Z; 77.39.Z; 77.31.Z; 77.32.Z; 69.20.Z; 69.10.Z,16.10.Z,pozostałe,16.10.Z: PKD 2007 - Produkcja wyrobów tartacznych,"{'wartosc': '485000,00', 'waluta': 'PLN'}",
0000182947,"""PPHU LIMBA RYSZARD MAJEWSKI I TOMASZ SZEREL"" SPÓŁKA JAWNA",8471448595,51133446400000,SPÓŁKA JAWNA,RejP,12.12.2003,26.06.2026,26.06.2026,ACTIVE,,,,KUKOWO,,4A,,19-400,OLECKO,16.23.Z,16.10.Z; 16.10.Z; 16.10.Z; 16.24.Z; 16.29.Z; 49.41.Z; 52.21.Z; 31.01.Z; 31.09.Z,16.10.Z,pozostałe,16.10.Z: PKD 2007 - Produkcja wyrobów tartacznych,,
0000183903,"""REFAS"" SPÓŁKA Z OGRANICZONĄ ODPOWIEDZIALNOŚCIĄ",7370010810,35069023200000,SPÓŁKA Z OGRANICZONĄ ODPOWIEDZIALNOŚCIĄ,RejP,18.12.2003,09.06.2026,09.06.2026,ACTIVE,,,,MSZANA DOLNA,FABRYCZNA,10,,34-730,MSZANA DOLNA,31.01.Z,16.21.Z; 31.09.Z; 16.29.Z; 16.24.Z; 16.10.Z; 43.32.Z; 16.23.Z; 16.22.Z; 32.99.Z,16.10.Z,pozostałe,16.10.Z: PKD 2007 - Produkcja wyrobów tartacznych,"{'wartosc': '1140000,00', 'waluta': 'PLN'}",
0000184161,AMADI GROUP SPÓŁKA Z OGRANICZONĄ ODPOWIEDZIALNOŚCIĄ,5240316343,01036062400000,SPÓŁKA Z OGRANICZONĄ ODPOWIEDZIALNOŚCIĄ,RejP,18.12.2003,16.01.2026,17.01.2026,ACTIVE,,,,WARSZAWA,UL. CZERNIAKOWSKA,145,1/B109,00-453,WARSZAWA,16.10.Z,,16.10.Z,przeważające,16.10.Z: PKD 2007 - Produkcja wyrobów tartacznych,"{'wartosc': '51300,00', 'waluta': 'PLN'}",
0000184497,"""ALTA"" SPÓŁKA Z OGRANICZONĄ ODPOWIEDZIALNOŚCIĄ",8862741997,89151179100000,SPÓŁKA Z OGRANICZONĄ ODPOWIEDZIALNOŚCIĄ,RejP,19.12.2003,14.10.2021,21.11.2025,ACTIVE,,,,BOLESZKOWICE,UL. POZNAŃSKA,10,3,74-407,BOLESZKOWICE,,47.19.Z; 46.73.Z; 47.52.Z; 41.20.Z; 42.13.Z; 23.63.Z; 23.64.Z; 23.69.Z; 46.74.Z; 46.75.Z; 46.76.Z; 55.10.Z; 55.20.Z; 56.10.A; 56.10.B; 56.29.Z; 56.21.Z; 49.31.Z; 23.61.Z; 23.32.Z; 49.41.Z; 46.39.Z; 77.32.Z; 77.39.Z; 68.31.Z; 16.10.Z; 16.21.Z; 16.22.Z; 16.23.Z; 68.20.Z; 16.24.Z; 32.99.Z; 43.91.Z; 33.20.Z; 68.10.Z; 43.11.Z; 43.12.Z; 43.13.Z; 43.99.Z; 42.99.Z; 43.21.Z; 43.22.Z; 43.29.Z; 46.31.Z; 46.32.Z; 46.33.Z; 46.34.A; 46.34.B; 46.35.Z; 46.36.Z; 46.41.Z; 46.42.Z; 46.43.Z; 46.47.Z; 46.52.Z; 46.44.Z; 46.49.Z; 46.45.Z; 43.31.Z; 43.33.Z; 43.34.Z; 43.39.Z; 45.11.Z; 45.19.Z; 45.31.Z; 45.32.Z; 41.10.Z; 42.11.Z; 42.91.Z; 49.39.Z; 79.12.Z; 79.11.B; 79.11.A; 79.90.A; 79.90.B; 79.90.C; 64.99.Z; 66.19.Z,16.10.Z,pozostałe,16.10.Z: PKD 2007 - Produkcja wyrobów tartacznych,"{'wartosc': '991000,00', 'waluta': 'PLN'}",
0000184552,"""DR KIM"" SPÓŁKA Z OGRANICZONĄ ODPOWIEDZIALNOŚCIĄ",8511007935,81040483900000,SPÓŁKA Z OGRANICZONĄ ODPOWIEDZIALNOŚCIĄ,RejP,06.01.2004,17.08.2026,17.08.2026,ACTIVE,,,,SZCZECIN,STARZYŃSKIEGO,2,,70-506,SZCZECIN,,11.07.Z; 16.10.Z; 16.29.Z; 32.99.Z; 33.19.Z; 23.32.Z; 33.20.Z; 23.51.Z; 23.52.Z; 23.61.Z; 23.62.Z; 23.63.Z; 23.64.Z; 23.65.Z; 23.69.Z; 25.12.Z; 43.32.Z; 43.11.Z; 43.12.Z; 41.20.Z; 43.91.Z; 43.99.Z; 42.21.Z; 43.31.Z; 43.33.Z; 43.34.Z; 43.39.Z; 45.20.Z; 52.21.Z; 82.99.Z; 47.11.Z; 47.19.Z; 47.21.Z; 47.22.Z; 47.23.Z; 47.24.Z; 47.25.Z; 47.26.Z; 47.29.Z; 47.81.Z; 47.82.Z; 47.89.Z; 47.79.Z; 47.91.Z; 47.99.Z; 56.10.A; 56.10.B; 56.30.Z; 56.29.Z; 56.21.Z; 86.90.A; 85.60.Z; 86.90.E; 87.20.Z; 86.90.D; 88.99.Z; 96.02.Z; 85.51.Z; 93.13.Z; 96.04.Z; 96.09.Z; 10.20.Z; 10.85.Z; 10.32.Z; 10.39.Z; 10.71.Z; 10.89.Z; 10.72.Z; 10.83.Z; 10.86.Z; 22.22.Z; 46.11.Z; 46.12.Z; 46.13.Z; 46.14.Z; 46.15.Z; 46.16.Z; 46.17.Z; 46.18.Z; 46.19.Z; 46.21.Z; 46.22.Z; 46.23.Z; 46.24.Z; 46.31.Z; 46.32.Z; 46.33.Z; 11.01.Z; 11.02.Z; 46.34.A; 46.34.B; 46.35.Z; 46.36.Z; 46.37.Z; 46.38.Z; 46.42.Z; 46.43.Z; 46.47.Z; 46.52.Z; 47.73.Z; 47.74.Z; 47.75.Z; 47.51.Z; 47.71.Z; 47.72.Z; 47.53.Z; 47.59.Z; 47.43.Z; 47.54.Z; 47.63.Z; 47.52.Z; 55.10.Z; 55.20.Z; 55.30.Z; 55.90.Z; 49.39.Z; 49.32.Z; 79.12.Z; 79.11.B; 79.11.A; 79.90.A; 79.90.B; 79.90.C; 53.20.Z; 64.19.Z; 64.92.Z; 64.99.Z; 64.20.Z; 64.30.Z; 66.11.Z; 66.21.Z; 66.22.Z; 66.29.Z; 41.10.Z; 68.10.Z; 68.20.Z; 68.31.Z; 68.32.Z; 81.10.Z; 77.12.Z; 77.39.Z; 77.31.Z; 77.32.Z; 77.33.Z; 78.10.Z; 78.20.Z; 78.30.Z; 81.21.Z; 81.22.Z; 81.29.Z; 82.92.Z; 82.30.Z; 63.99.Z; 74.10.Z,16.10.Z,pozostałe,16.10.Z: PKD 2007 - Produkcja wyrobów tartacznych,"{'wartosc': '50000,00', 'waluta': 'PLN'}",
0000186685,"""O.R.MA"" SPÓŁKA Z OGRANICZONĄ ODPOWIEDZIALNOŚCIĄ W LIKWIDACJI",5961282261,01078902000000,SPÓŁKA Z OGRANICZONĄ ODPOWIEDZIALNOŚCIĄ,RejP,08.01.2004,27.02.2026,27.02.2026,ACTIVE,,,,DRZEWCE,DRZEWCE,13,,64-400,MIĘDZYCHÓD,01.25.Z,01.29.Z; 01.50.Z; 02.20.Z; 31.01.Z; 31.02.Z; 31.09.Z; 16.10.Z; 16.21.Z,16.10.Z,pozostałe,16.10.Z: PKD 2007 - Produkcja wyrobów tartacznych,"{'wartosc': '163000,00', 'waluta': 'PLN'}",
0000188363,"""KAZET"" SPÓŁKA Z OGRANICZONĄ ODPOWIEDZIALNOŚCIĄ",9210004291,00605193200000,SPÓŁKA Z OGRANICZONĄ ODPOWIEDZIALNOŚCIĄ,RejP,16.01.2004,14.07.2026,14.07.2026,ACTIVE,,,,TOMASZÓW LUBELSKI,ARMII KRAJOWEJ,7,,22-600,TOMASZÓW LUBELSKI,31.09.Z,31.01.Z; 16.10.Z; 16.21.Z; 16.22.Z; 16.23.Z; 16.24.Z; 16.29.Z; 46.74.Z; 55.20.Z,16.10.Z,pozostałe,16.10.Z: PKD 2007 - Produkcja wyrobów tartacznych,"{'wartosc': '50000,00', 'waluta': 'PLN'}",
0000190672,KP SPÓŁKA AKCYJNA W LIKWIDACJI W UPADŁOŚCI,5832874344,19302911700000,SPÓŁKA AKCYJNA,RejP,27.01.2004,08.08.2025,21.11.2025,LIQUIDATION,,,,GDAŃSK,SANDOMIERSKA,50,,80-051,GDAŃSK,43.32.Z,16.10.Z; 16.23.Z; 25.12.Z; 31.02.Z; 31.09.Z; 47.59.Z; 64.19.Z; 64.92.Z; 66.19.Z,16.10.Z,pozostałe,16.10.Z: PKD 2007 - Produkcja wyrobów tartacznych,"{'wartosc': '1000000,00', 'waluta': 'PLN'}",
0000194725,"""KONCEPT EKSPERT SERVICE"" SPÓŁKA Z OGRANICZONĄ ODPOWIEDZIALNOŚCIĄ",8951809136,93197722800000,SPÓŁKA Z OGRANICZONĄ ODPOWIEDZIALNOŚCIĄ,RejP,19.02.2004,29.06.2026,29.06.2026,ACTIVE,,,,WROCŁAW,WIERZCHOWICKA,12,,51-127,WROCŁAW,,01.11.Z; 01.13.Z; 01.14.Z; 01.15.Z; 01.16.Z; 01.19.Z; 01.21.Z; 01.22.Z; 01.23.Z; 01.24.Z; 01.25.Z; 01.26.Z; 01.27.Z; 01.28.Z; 01.29.Z; 01.30.Z; 01.41.Z; 01.42.Z; 01.43.Z; 01.44.Z; 01.45.Z; 01.46.Z; 01.47.Z; 01.49.Z; 01.50.Z; 01.61.Z; 01.62.Z; 01.63.Z; 01.64.Z; 02.30.Z; 03.22.Z; 08.12.Z; 09.90.Z; 10.11.Z; 10.12.Z; 10.13.Z; 10.20.Z; 10.39.Z; 10.41.Z; 10.85.Z; 10.89.Z; 10.91.Z; 10.92.Z; 11.02.Z; 16.10.Z; 16.24.Z; 16.29.Z; 18.12.Z; 21.20.Z; 25.99.Z; 26.20.Z; 28.23.Z; 32.50.Z; 33.12.Z; 32.99.Z; 35.11.Z; 35.12.Z; 35.13.Z; 35.14.Z; 37.00.Z; 38.11.Z; 38.21.Z; 38.31.Z; 38.32.Z; 39.00.Z; 41.10.Z; 41.20.Z; 42.11.Z; 42.12.Z; 42.13.Z; 42.21.Z; 42.22.Z; 42.91.Z; 43.12.Z; 43.21.Z; 43.22.Z; 43.29.Z; 43.31.Z; 43.32.Z; 43.33.Z; 43.34.Z; 43.99.Z; 45.11.Z; 45.19.Z; 45.31.Z; 45.32.Z; 46.19.Z; 46.22.Z; 46.31.Z; 46.32.Z; 46.33.Z; 46.34.B; 46.35.Z; 46.36.Z; 46.37.Z; 46.38.Z; 46.41.Z; 46.42.Z; 46.43.Z; 46.44.Z; 46.45.Z; 46.46.Z; 46.47.Z; 46.49.Z; 46.51.Z; 46.52.Z; 46.61.Z; 46.62.Z; 46.63.Z; 46.64.Z; 46.65.Z; 46.66.Z; 46.69.Z; 46.71.Z; 46.72.Z; 46.73.Z; 46.74.Z; 46.75.Z; 46.76.Z; 46.77.Z; 46.90.Z; 47.11.Z; 47.19.Z; 47.41.Z; 47.42.Z; 47.43.Z; 47.53.Z; 47.54.Z; 47.59.Z; 47.61.Z; 47.62.Z; 47.74.Z; 47.75.Z; 47.78.Z; 49.10.Z; 49.20.Z; 49.31.Z; 49.32.Z; 49.39.Z; 49.41.Z; 49.42.Z; 52.10.A; 52.10.B; 52.22.A; 52.22.B; 52.21.Z; 52.23.Z; 52.29.C; 55.10.Z; 55.20.Z; 55.90.Z; 56.21.Z; 56.29.Z; 56.30.Z; 58.19.Z; 62.01.Z; 62.02.Z; 62.03.Z; 62.09.Z; 63.11.Z; 63.99.Z; 64.91.Z; 64.92.Z; 64.99.Z; 66.12.Z; 66.19.Z; 68.10.Z; 68.20.Z; 68.31.Z; 68.32.Z; 69.10.Z; 69.20.Z; 70.22.Z; 71.11.Z; 71.12.Z; 73.11.Z; 73.12.A; 73.12.B; 73.12.C; 73.12.D; 74.10.Z; 74.90.Z; 75.00.Z; 77.33.Z; 77.39.Z; 78.10.Z; 78.20.Z; 78.30.Z; 79.90.A; 79.90.B; 79.90.C; 80.10.Z; 80.30.Z; 81.10.Z; 81.21.Z; 81.22.Z; 81.29.Z; 81.30.Z; 82.30.Z; 82.99.Z; 85.51.Z; 85.59.B; 93.13.Z; 94.12.Z; 95.11.Z; 95.12.Z; 95.29.Z; 96.01.Z; 96.02.Z; 96.03.Z; 96.04.Z; 96.09.Z,16.10.Z,pozostałe,16.10.Z: PKD 2007 - Produkcja wyrobów tartacznych,"{'wartosc': '60000,00', 'waluta': 'PLN'}",
0000194948,"""EURODOM"" SPÓŁKA Z OGRANICZONĄ ODPOWIEDZIALNOŚCIĄ",8861030188,89036392800000,SPÓŁKA Z OGRANICZONĄ ODPOWIEDZIALNOŚCIĄ,RejP,13.02.2004,26.06.2026,26.06.2026,ACTIVE,,,,ŚWIEBODZICE,SIKORSKIEGO,28 A,,58-160,ŚWIEBODZICE,68.20.Z,16.10.Z; 45.32.Z; 46.73.Z; 47.91.Z; 49.41.Z; 52.10.B; 77.11.Z; 77.29.Z; 16.23.Z,16.10.Z,pozostałe,16.10.Z: PKD 2007 - Produkcja wyrobów tartacznych,"{'wartosc': '229500,00', 'waluta': 'PLN'}",
0000195148,"""FENIX - METAL - BIURO HANDLU ZAGRANICZNEGO"" SPÓŁKA Z OGRANICZONĄ ODPOWIEDZIALNOŚCIĄ",5262121894,01285527000000,SPÓŁKA Z OGRANICZONĄ ODPOWIEDZIALNOŚCIĄ,RejP,18.02.2004,20.08.2026,20.08.2026,ACTIVE,,,,WARSZAWA,MARSZAŁKOWSKA,84/92,39,00-514,WARSZAWA,46.83.Z,46.90.Z; 47.12.Z; 52.10.B; 16.11.Z; 49.41.Z; 55.10.Z; 55.90.Z; 55.20.Z; 56.11.Z,16.11.Z,pozostałe,16.11.Z: PKD 2025 - Produkcja wyrobów tartacznych,"{'wartosc': '50000,00', 'waluta': 'PLN'}",
0000197952,"""W-CAR"" SPÓŁKA Z OGRANICZONĄ ODPOWIEDZIALNOŚCIĄ",1130030425,00128067400000,SPÓŁKA Z OGRANICZONĄ ODPOWIEDZIALNOŚCIĄ,RejP,03.03.2004,06.07.2026,06.07.2026,ACTIVE,,,,ŁÓDŹ,,,,,,,16.10.Z; 16.21.Z; 16.22.Z; 16.24.Z; 22.22.Z; 22.23.Z; 22.29.Z; 23.61.Z; 23.63.Z; 23.65.Z; 23.69.Z; 23.70.Z; 23.99.Z; 38.31.Z; 38.32.Z; 35.11.Z; 35.22.Z; 35.23.Z; 41.20.Z; 42.11.Z; 42.12.Z; 42.13.Z; 43.11.Z; 43.12.Z; 43.13.Z; 43.39.Z; 43.99.Z; 45.11.Z; 45.19.Z; 45.20.Z; 52.21.Z; 45.31.Z; 45.32.Z; 45.40.Z; 47.30.Z; 46.12.Z; 46.13.Z; 46.14.Z; 46.15.Z; 47.91.Z; 49.10.Z; 49.20.Z; 49.31.Z; 49.32.Z; 49.39.Z; 49.41.Z; 49.42.Z; 42.99.Z; 77.11.Z; 77.12.Z; 77.32.Z; 77.39.Z,16.10.Z,pozostałe,16.10.Z: PKD 2007 - Produkcja wyrobów tartacznych,"{'wartosc': '50000,00', 'waluta': 'PLN'}",
0000200151,GBS-ECO SPÓŁKA Z OGRANICZONĄ ODPOWIEDZIALNOŚCIĄ,5252292878,01565808000000,SPÓŁKA Z OGRANICZONĄ ODPOWIEDZIALNOŚCIĄ,RejP,17.03.2004,11.06.2026,11.06.2026,ACTIVE,,,,KRAKÓW,ZAMOYSKIEGO,27,5,30-519,KRAKÓW,20.15.Z,01.50.Z; 16.10.Z; 16.24.Z; 33.12.Z; 38.21.Z; 46.11.Z; 46.90.Z; 74.90.Z,16.10.Z,pozostałe,16.10.Z: PKD 2007 - Produkcja wyrobów tartacznych,"{'wartosc': '800000,00', 'waluta': 'PLN'}",
0000200426,"""MICRO SYSTEM"" SPÓŁKA Z OGRANICZONĄ ODPOWIEDZIALNOŚCIĄ",1231082257,14039061000000,SPÓŁKA Z OGRANICZONĄ ODPOWIEDZIALNOŚCIĄ,RejP,17.03.2004,13.01.2026,14.01.2026,ACTIVE,,,,WARSZAWA,MINERALNA,8,U4,02-274,WARSZAWA,,01.11.Z; 01.13.Z; 01.14.Z; 01.15.Z; 01.16.Z; 01.19.Z; 01.21.Z; 01.22.Z; 01.23.Z; 01.24.Z; 01.25.Z; 01.26.Z; 01.27.Z; 01.28.Z; 01.29.Z; 01.61.Z; 01.63.Z; 01.64.Z; 02.30.Z; 02.40.Z; 03.21.Z; 03.22.Z; 08.11.Z; 08.12.Z; 08.91.Z; 08.99.Z; 09.90.Z; 10.11.Z; 10.12.Z; 10.13.Z; 10.39.Z; 10.41.Z; 10.85.Z; 10.89.Z; 11.02.Z; 13.10.D; 13.91.Z; 13.92.Z; 13.96.Z; 13.99.Z; 16.10.Z; 16.21.Z; 16.22.Z; 16.23.Z; 16.24.Z; 16.29.Z; 17.11.Z; 17.22.Z; 17.23.Z; 18.12.Z; 18.20.Z; 19.10.Z; 19.20.Z; 20.13.Z; 20.14.Z; 20.59.Z; 22.19.Z; 22.29.Z; 23.61.Z; 23.63.Z; 23.69.Z; 23.99.Z; 25.71.Z; 25.91.Z; 25.99.Z; 26.11.Z; 27.33.Z; 32.50.Z; 32.99.Z; 33.11.Z; 33.19.Z; 33.20.Z; 35.11.Z; 35.21.Z; 35.22.Z; 35.23.Z; 35.30.Z; 36.00.Z; 37.00.Z; 38.11.Z; 38.12.Z; 38.21.Z; 38.22.Z; 38.31.Z; 38.32.Z; 39.00.Z; 41.10.Z; 41.20.Z; 42.11.Z; 42.12.Z; 42.13.Z; 42.21.Z; 42.22.Z; 42.91.Z; 42.99.Z; 43.11.Z; 43.12.Z; 43.13.Z; 43.29.Z; 43.32.Z; 43.91.Z; 43.99.Z; 46.11.Z; 46.18.Z; 46.31.Z; 46.38.Z; 46.77.Z; 47.11.Z; 47.79.Z; 49.41.Z; 49.42.Z; 49.50.A; 49.50.B; 50.30.Z; 50.40.Z; 52.10.A; 52.10.B; 52.21.Z; 52.22.A; 52.22.B; 52.24.B; 52.24.C; 52.29.A; 52.29.B; 52.29.C; 55.10.Z; 56.10.A; 58.11.Z; 58.12.Z; 58.13.Z; 58.14.Z; 58.19.Z; 58.21.Z; 58.29.Z; 59.20.Z; 60.10.Z; 60.20.Z; 62.01.Z; 62.02.Z; 62.03.Z; 62.09.Z; 63.11.Z; 63.12.Z; 63.99.Z; 64.91.Z; 66.12.Z; 66.19.Z; 68.10.Z; 68.20.Z; 68.31.Z; 68.32.Z; 69.20.Z; 70.21.Z; 70.22.Z; 71.11.Z; 71.12.Z; 71.20.A; 71.20.B; 72.19.Z; 73.11.Z; 73.12.A; 73.12.B; 73.12.C; 73.12.D; 74.10.Z; 74.90.Z; 77.12.Z; 77.31.Z; 77.32.Z; 77.34.Z; 77.39.Z; 77.40.Z; 78.10.Z; 78.20.Z; 78.30.Z; 79.90.C; 81.10.Z; 81.21.Z; 81.22.Z; 81.29.Z; 81.30.Z; 82.91.Z; 82.92.Z; 82.99.Z; 85.32.A; 85.32.B; 85.52.Z; 85.60.Z; 86.90.E; 90.01.Z; 90.02.Z; 95.29.Z; 93.29.B,16.10.Z,pozostałe,16.10.Z: PKD 2007 - Produkcja wyrobów tartacznych,"{'wartosc': '50000,00', 'waluta': 'PLN'}",
0000202232,"""SKM WARSZTATY MEBLOWE"" SPÓŁKA Z OGRANICZONĄ ODPOWIEDZIALNOŚCIĄ",5971002470,21024973100000,SPÓŁKA Z OGRANICZONĄ ODPOWIEDZIALNOŚCIĄ,RejP,06.04.2004,01.12.2025,02.12.2025,ACTIVE,,,,MYŚLIBÓRZ,LIPOWA,18,,74- 300,MYŚLIBÓRZ,16.29.Z,16.10.Z; 16.23.Z; 16.24.Z; 31.01.Z; 31.02.Z; 31.09.Z; 46.47.Z; 46.73.Z; 95.24.Z,16.10.Z,pozostałe,16.10.Z: PKD 2007 - Produkcja wyrobów tartacznych,"{'wartosc': '357600,00', 'waluta': 'PLN'}",
0000202312,"""KARWEL.Z.JĘDRYCHOWSKI, K.REŃSKI. SPÓŁKA JAWNA""",5711480528,13036989400000,SPÓŁKA JAWNA,RejP,02.04.2004,14.05.2026,14.05.2026,ACTIVE,,,,STARE DŁUTOWO,TYSIĄCLECIA,39,,13-203,STARE DŁUTOWO,25.99.Z,16.29.Z; 13.92.Z; 16.10.Z; 16.23.Z; 22.22.Z; 46.73.Z; 31.09.Z; 31.03.Z; 31.01.Z,16.10.Z,pozostałe,16.10.Z: PKD 2007 - Produkcja wyrobów tartacznych,,
0000202535,"""AGRO TEC"" SPÓŁKA Z OGRANICZONĄ ODPOWIEDZIALNOŚCIĄ",1050000014,75080699800000,SPÓŁKA Z OGRANICZONĄ ODPOWIEDZIALNOŚCIĄ,RejP,15.04.2004,13.01.2026,14.01.2026,ACTIVE,,,,ŁÓDŹ,DUŃSKA,1,,91-204,ŁÓDŹ,,01.28.Z; 01.29.Z; 01.70.Z; 02.20.Z; 02.30.Z; 02.40.Z; 08.11.Z; 08.12.Z; 10.39.Z; 10.85.Z; 13.99.Z; 14.11.Z; 14.12.Z; 14.13.Z; 14.14.Z; 14.19.Z; 14.20.Z; 15.11.Z; 15.12.Z; 16.10.Z; 16.23.Z; 16.24.Z; 16.29.Z; 17.23.Z; 17.29.Z; 18.12.Z; 18.13.Z; 18.14.Z; 20.13.Z; 20.14.Z; 20.16.Z; 22.19.Z; 22.21.Z; 22.22.Z; 22.23.Z; 22.29.Z; 24.10.Z; 24.20.Z; 24.31.Z; 24.32.Z; 24.33.Z; 24.34.Z; 24.41.Z; 24.51.Z; 25.11.Z; 25.12.Z; 25.50.Z; 25.61.Z; 25.62.Z; 25.71.Z; 25.91.Z; 25.92.Z; 25.93.Z; 25.94.Z; 25.99.Z; 27.32.Z; 27.33.Z; 31.01.Z; 31.09.Z; 32.99.Z; 33.11.Z; 33.12.Z; 33.14.Z; 33.19.Z; 33.20.Z; 35.14.Z; 38.11.Z; 38.32.Z; 41.10.Z; 41.20.Z; 42.11.Z; 43.11.Z; 43.21.Z; 43.22.Z; 43.29.Z; 43.31.Z; 43.32.Z; 43.33.Z; 43.34.Z; 43.39.Z; 43.91.Z; 43.99.Z; 45.11.Z; 45.19.Z; 45.20.Z; 45.32.Z; 46.12.Z; 46.13.Z; 46.14.Z; 46.15.Z; 46.16.Z; 46.17.Z; 46.18.Z; 46.19.Z; 46.41.Z; 46.42.Z; 46.43.Z; 46.47.Z; 46.48.Z; 46.49.Z; 46.71.Z; 46.72.Z; 46.73.Z; 46.74.Z; 46.75.Z; 46.76.Z; 46.77.Z; 46.90.Z; 47.19.Z; 47.52.Z; 47.81.Z; 47.89.Z; 47.91.Z; 47.99.Z; 49.41.Z; 49.42.Z; 52.10.A; 52.10.B; 52.21.Z; 55.10.Z; 55.20.Z; 55.30.Z; 55.90.Z; 56.10.B; 56.21.Z; 56.29.Z; 56.30.Z; 58.11.Z; 58.14.Z; 58.19.Z; 68.10.Z; 68.20.Z; 68.31.Z; 70.21.Z; 70.22.Z; 73.11.Z; 74.10.Z; 74.20.Z; 74.30.Z; 74.90.Z; 77.11.Z; 77.12.Z; 77.39.Z; 79.11.A; 79.11.B; 79.12.Z; 81.10.Z; 81.21.Z; 81.22.Z; 81.29.Z; 81.30.Z; 82.11.Z; 82.19.Z; 82.99.Z; 85.10.Z; 85.59.A; 85.59.B; 85.60.Z; 95.24.Z; 96.01.Z; 96.09.Z; 93.29.B,16.10.Z,pozostałe,16.10.Z: PKD 2007 - Produkcja wyrobów tartacznych,"{'wartosc': '919500,00', 'waluta': 'PLN'}",
0000202860,"""BIOENERGIA"" SPÓŁKA Z OGRANICZONĄ ODPOWIEDZIALNOŚCIĄ W LIKWIDACJI",8522375625,81254718700000,SPÓŁKA Z OGRANICZONĄ ODPOWIEDZIALNOŚCIĄ,RejP,06.04.2004,30.06.2026,30.06.2026,LIQUIDATION,,,,SZCZECIN,UL. MONTE CASSINO,16,4,70-466,SZCZECIN,35.21.Z,05.10.Z; 08.99.Z; 09.90.Z; 16.10.Z; 20.11.Z; 20.15.Z; 20.16.Z; 25.21.Z; 35.11.Z,16.10.Z,pozostałe,16.10.Z: PKD 2007 - Produkcja wyrobów tartacznych,"{'wartosc': '112500,00', 'waluta': 'PLN'}",
0000202919,"""BIMAR"" SPÓŁKA Z OGRANICZONĄ ODPOWIEDZIALNOŚCIĄ",8512851857,81266352200000,SPÓŁKA Z OGRANICZONĄ ODPOWIEDZIALNOŚCIĄ,RejP,15.04.2004,26.06.2026,26.06.2026,ACTIVE,,,,DOBRA,SZCZECIŃSKA,5B,,72- 003,DOBRA,31.09.Z,96.03.Z; 16.21.Z; 16.23.Z; 16.24.Z; 16.29.Z; 43.91.Z; 46.73.Z; 16.10.Z; 68.10.Z,16.10.Z,pozostałe,16.10.Z: PKD 2007 - Produkcja wyrobów tartacznych,"{'wartosc': '50000,00', 'waluta': 'PLN'}",
0000203738,TARTAK JAREX SPÓŁKA Z OGRANICZONĄ ODPOWIEDZIALNOŚCIĄ,7962104410,67098424000000,SPÓŁKA Z OGRANICZONĄ ODPOWIEDZIALNOŚCIĄ,RejP,15.04.2004,26.06.2025,20.11.2025,ACTIVE,,,,GĘBARZÓW,,95A,,26-640,SKARYSZEW,16.10.Z,49.41.Z; 46.73.Z; 16.24.Z; 46.42.Z,16.10.Z,przeważające,16.10.Z: PKD 2007 - Produkcja wyrobów tartacznych,"{'wartosc': '25200,00', 'waluta': 'PLN'}",
0000204781,"""LEST"" INVESTMENT INTERNATIONAL GMBH SPÓŁKA Z OGRANICZONĄ ODPOWIEDZIALNOŚCIĄ",6922368013,39105721500000,SPÓŁKA Z OGRANICZONĄ ODPOWIEDZIALNOŚCIĄ,RejP,22.04.2004,14.07.2026,14.07.2026,ACTIVE,,,,LUBIN,MAŁOMICKA,48,,59-300,LUBIN,82.30.Z,68.10.Z; 68.20.Z; 16.10.Z,16.10.Z,pozostałe,16.10.Z: PKD 2007 - Produkcja wyrobów tartacznych,"{'wartosc': '50000,00', 'waluta': 'PLN'}",
0000207530,"""ETOS"" SPÓŁKA Z OGRANICZONĄ ODPOWIEDZIALNOŚCIĄ",5340017261,00813155200000,SPÓŁKA Z OGRANICZONĄ ODPOWIEDZIALNOŚCIĄ,RejP,17.05.2004,01.04.2026,01.04.2026,ACTIVE,,,,CHORZELE,KOLEJOWA,12,,06-330,CHORZELE,16.23.Z,16.10.Z; 16.21.Z; 16.22.Z; 43.32.Z; 33.19.Z; 27.31.Z; 46.73.Z; 31.01.Z; 31.09.Z,16.10.Z,pozostałe,16.10.Z: PKD 2007 - Produkcja wyrobów tartacznych,"{'wartosc': '320050,00', 'waluta': 'PLN'}",
0000208522,"""SN DREW HOLZ"" SPÓŁKA Z OGRANICZONĄ ODPOWIEDZIALNOŚCIĄ",8420004500,77067345800000,SPÓŁKA Z OGRANICZONĄ ODPOWIEDZIALNOŚCIĄ,RejP,27.05.2004,13.07.2026,13.07.2026,ACTIVE,,,,PARCHOWO,KASZTANOWA,9 B,,77-124,PARCHOWO,16.10.Z,16.23.Z,16.10.Z,przeważające,16.10.Z: PKD 2007 - Produkcja wyrobów tartacznych,"{'wartosc': '25000,00', 'waluta': 'PLN'}",
0000209417,"""AGROPOL"" SPÓŁKA Z OGRANICZONĄ ODPOWIEDZIALNOŚCIĄ",9230025008,97004619800000,SPÓŁKA Z OGRANICZONĄ ODPOWIEDZIALNOŚCIĄ,RejP,04.06.2004,08.02.2025,20.11.2025,ACTIVE,,,,WOLSZTYN,ŻEROMSKIEGO,16A,,64-200,WOLSZTYN,,16.10.Z; 19.20.Z,16.10.Z,pozostałe,16.10.Z: PKD 2007 - Produkcja wyrobów tartacznych,"{'wartosc': '50000,00', 'waluta': 'PLN'}",
0000210383,ART PROFIL-SPÓŁKA Z OGRANICZONĄ ODPOWIEDZIALNOŚCIĄ W LIKWIDACJI,5431002147,05032750600000,SPÓŁKA Z OGRANICZONĄ ODPOWIEDZIALNOŚCIĄ,RejP,17.06.2004,05.07.2026,05.07.2026,LIQUIDATION,,,,OLSZEWEK,,9,,17-132,WYSZKI,16.29.Z,16.10.Z; 16.23.Z; 20.30.Z; 20.12.Z; 31.09.Z; 32.99.Z; 46.47.Z; 46.49.Z; 46.90.Z,16.10.Z,pozostałe,16.10.Z: PKD 2007 - Produkcja wyrobów tartacznych,"{'wartosc': '386600,00', 'waluta': 'PLN'}",
0000211172,CZESZYK SPÓŁKA Z OGRANICZONĄ ODPOWIEDZIALNOSCIĄ,8730012557,85003547000000,SPÓŁKA Z OGRANICZONĄ ODPOWIEDZIALNOŚCIĄ,RejP,29.06.2004,29.07.2026,29.07.2026,ACTIVE,,,,TARNOWIEC,NAJDAŁÓWKA,22,,33-112,TARNOWIEC,18.12.Z,17.29.Z; 58.11.Z; 58.13.Z; 23.63.Z; 41.10.Z; 41.20.Z; 43.91.Z; 16.10.Z,16.10.Z,pozostałe,16.10.Z: PKD 2007 - Produkcja wyrobów tartacznych,"{'wartosc': '110000,00', 'waluta': 'PLN'}",
0000211304,"""KABEX-PLUS"" SPÓŁKA Z OGRANICZONĄ ODPOWIEDZIALNOŚCIĄ",9491899746,15214781100000,SPÓŁKA Z OGRANICZONĄ ODPOWIEDZIALNOŚCIĄ,RejP,08.07.2004,13.04.2026,13.04.2026,ACTIVE,,,,JANÓW,ŻURAWSKA,41,,42-253,JANÓW,46.73.Z,16.10.Z; 16.23.Z; 16.29.Z; 31.09.Z; 46.13.Z; 46.15.Z; 49.41.Z; 47.59.Z; 69.20.Z,16.10.Z,pozostałe,16.10.Z: PKD 2007 - Produkcja wyrobów tartacznych,"{'wartosc': '50000,00', 'waluta': 'PLN'}",
0000211557,"""INOX"" SPÓŁKA Z OGRANICZONĄ ODPOWIEDZIALNOŚCIĄ",6842372774,37117508300000,SPÓŁKA Z OGRANICZONĄ ODPOWIEDZIALNOŚCIĄ,RejP,29.06.2004,23.06.2026,23.06.2026,ACTIVE,,,,TARGOWISKA,ARMII KRAJOWEJ,15,,38-430,MIEJSCE PIASTOWE,46.90.Z,16.11.Z; 16.24.Z; 27.51.Z; 33.11.Z; 33.12.Z; 33.14.Z; 49.41.Z; 52.10.B; 46.84.Z,16.11.Z,pozostałe,16.11.Z: PKD 2025 - Produkcja wyrobów tartacznych,"{'wartosc': '50000,00', 'waluta': 'PLN'}",
0000211635,"""M&K IMMOBILIEN"" SPÓŁKA Z OGRANICZONĄ ODPOWIEDZIALNOŚCIĄ",6660011906,31016119200000,SPÓŁKA Z OGRANICZONĄ ODPOWIEDZIALNOŚCIĄ,RejP,30.06.2004,20.02.2026,20.02.2026,ACTIVE,,,,KOŁO,TORUŃSKA,267,,62-600,KOŁO,68.20.Z,16.10.Z; 16.23.Z; 16.24.Z; 32.99.Z; 31.09.Z; 31.03.Z; 46.73.Z; 49.41.Z,16.10.Z,pozostałe,16.10.Z: PKD 2007 - Produkcja wyrobów tartacznych,"{'wartosc': '470000,00', 'waluta': 'PLN'}",
0000213831,"""R-BUD"" SPÓŁKA Z OGRANICZONĄ ODPOWIEDZIALNOŚCIĄ",5551563500,09143397500000,SPÓŁKA Z OGRANICZONĄ ODPOWIEDZIALNOŚCIĄ,RejP,29.07.2004,26.06.2025,21.11.2025,ACTIVE,,,,CHOJNICE,UL. SŁOWIAŃSKA,6,,89-620,CHOJNICE,,08.11.Z; 08.12.Z; 08.92.Z; 08.99.Z; 09.90.Z; 16.10.Z; 16.23.Z; 16.24.Z; 18.12.Z; 23.61.Z; 23.62.Z; 23.63.Z; 23.64.Z; 23.69.Z; 23.70.Z; 23.99.Z; 25.11.Z; 23.12.Z; 25.61.Z; 33.11.Z; 33.14.Z; 33.20.Z; 38.11.Z; 38.31.Z; 46.73.Z; 46.74.Z; 46.77.Z; 49.41.Z; 68.10.Z; 68.20.Z; 68.32.Z; 71.11.Z; 71.12.Z; 71.20.B,16.10.Z,pozostałe,16.10.Z: PKD 2007 - Produkcja wyrobów tartacznych,"{'wartosc': '25000,00', 'waluta': 'PLN'}",
0000216633,"""GAJRES"" SPÓŁKA Z OGRANICZONĄ ODPOWIEDZIALNOŚCIĄ",8132758672,69051528000000,SPÓŁKA Z OGRANICZONĄ ODPOWIEDZIALNOŚCIĄ,RejP,06.09.2004,27.11.2024,21.11.2025,ACTIVE,,,,RZESZÓW,SIEMIEŃSKIEGO,14,,35-203,RZESZÓW,,43.11.Z; 43.12.Z; 43.13.Z; 43.21.Z; 43.22.Z; 43.31.Z; 43.32.Z; 43.33.Z; 43.34.Z; 43.39.Z; 43.91.Z; 43.99.Z; 46.73.Z; 46.74.Z; 46.75.Z; 46.76.Z; 46.77.Z; 46.90.Z; 47.91.Z; 49.41.Z; 64.92.Z; 74.10.Z; 74.90.Z; 43.29.Z; 68.10.Z; 68.20.Z; 68.31.Z; 68.32.Z; 71.20.B; 33.20.Z; 16.10.Z; 16.23.Z; 25.11.Z; 25.12.Z; 41.10.Z; 41.20.Z; 42.11.Z,16.10.Z,pozostałe,16.10.Z: PKD 2007 - Produkcja wyrobów tartacznych,"{'wartosc': '415100,00', 'waluta': 'PLN'}",
0000217471,"""WPW INVEST"" SPÓŁKA Z OGRANICZONĄ ODPOWIEDZIALNOŚCIĄ",7282546801,47327744200000,SPÓŁKA Z OGRANICZONĄ ODPOWIEDZIALNOŚCIĄ,RejP,17.09.2004,27.07.2026,27.07.2026,ACTIVE,,,,ŁÓDŹ,UL. OLECHOWSKA,65E,,92-403,ŁÓDŹ,41.20.Z,16.10.Z; 41.10.Z; 43.11.Z; 43.12.Z; 43.91.Z; 49.41.Z; 71.11.Z; 52.10.B; 74.10.Z,16.10.Z,pozostałe,16.10.Z: PKD 2007 - Produkcja wyrobów tartacznych,"{'wartosc': '150000,00', 'waluta': 'PLN'}",
0000218313,"""TRANSJONASZ"" SPÓŁKA Z OGRANICZONĄ ODPOWIEDZIALNOŚCIĄ",5481014098,07058489000000,SPÓŁKA Z OGRANICZONĄ ODPOWIEDZIALNOŚCIĄ,RejP,28.09.2004,21.02.2025,21.11.2025,ACTIVE,,,,GORZÓW WIELKOPOLSKI,,,,,,14.11.Z,32.99.Z; 15.11.Z; 15.12.Z; 16.10.Z; 16.21.Z; 16.22.Z; 16.23.Z; 43.32.Z; 43.91.Z,16.10.Z,pozostałe,16.10.Z: PKD 2007 - Produkcja wyrobów tartacznych,"{'wartosc': '3404000,00', 'waluta': 'PLN'}",
0000219433,"""GROEN BUDOWANIE"" SPÓŁKA Z OGRANICZONĄ ODPOWIEDZIALNOŚCIĄ",8882835402,91135549400000,SPÓŁKA Z OGRANICZONĄ ODPOWIEDZIALNOŚCIĄ,RejP,14.10.2004,16.06.2025,21.11.2025,ACTIVE,,,,WARSZAWA,KOROTYŃSKIEGO,32,12,02-123,WARSZAWA,,01.19.Z; 01.25.Z; 16.10.Z; 64.91.Z,16.10.Z,pozostałe,16.10.Z: PKD 2007 - Produkcja wyrobów tartacznych,"{'wartosc': '50000,00', 'waluta': 'PLN'}",
0000220508,"""SANIKS"" SPÓŁKA Z OGRANICZONĄ ODPOWIEDZIALNOŚCIĄ",8132128528,69044990300000,SPÓŁKA Z OGRANICZONĄ ODPOWIEDZIALNOŚCIĄ,RejP,27.10.2004,15.07.2026,15.07.2026,ACTIVE,,,,BRZOZÓW,SIENKIEWICZA,9,,36-200,BRZOZÓW,16.23.Z,25.12.Z; 43.34.Z; 52.10.B; 16.10.Z; 43.32.Z; 46.13.Z; 49.41.Z,16.10.Z,pozostałe,16.10.Z: PKD 2007 - Produkcja wyrobów tartacznych,"{'wartosc': '50000,00', 'waluta': 'PLN'}",
0000221008,"""ANPOL"" SPÓŁKA Z OGRANICZONĄ ODPOWIEDZIALNOŚCIĄ",4990561690,33142406300000,SPÓŁKA Z OGRANICZONĄ ODPOWIEDZIALNOŚCIĄ,RejP,08.11.2004,26.06.2026,26.06.2026,ACTIVE,,,,SŁOWIENKOWO,,7,,76-038,DOBRZYCA,16.10.Z,16.21.Z; 16.24.Z; 16.29.Z; 17.21.Z; 31.09.Z,16.10.Z,przeważające,16.10.Z: PKD 2007 - Produkcja wyrobów tartacznych,"{'wartosc': '50000,00', 'waluta': 'PLN'}",
0000221614,"""KOBA- SPÓŁKA Z OGRANICZONĄ ODPOWIEDZIALNOŚCIĄ""",8992331200,93211175500000,SPÓŁKA Z OGRANICZONĄ ODPOWIEDZIALNOŚCIĄ,RejP,01.12.2004,09.07.2026,09.07.2026,ACTIVE,,,,WROCŁAW,WAŁBRZYSKA,3,,52-314,WROCŁAW,16.10.Z,02.40.Z; 46.73.Z; 46.90.Z,16.10.Z,przeważające,16.10.Z: PKD 2007 - Produkcja wyrobów tartacznych,"{'wartosc': '9000,00', 'waluta': 'PLN'}",
0000222143,"""FORMFLEX"" SPÓŁKA Z OGRANICZONĄ ODPOWIEDZIALNOŚCIĄ",7871990038,63463540800000,SPÓŁKA Z OGRANICZONĄ ODPOWIEDZIALNOŚCIĄ,RejP,26.11.2004,10.07.2026,10.07.2026,ACTIVE,,,,JASTROWO,ŚWIĘTEGO WALENTEGO,42,,64-500,SZAMOTUŁY,46.47.Z,16.10.Z; 31.01.Z; 31.02.Z; 31.09.Z; 49.41.Z; 52.10.B; 52.21.Z; 82.99.Z; 96.09.Z,16.10.Z,pozostałe,16.10.Z: PKD 2007 - Produkcja wyrobów tartacznych,"{'wartosc': '140000,00', 'waluta': 'PLN'}",
0000222461,"""ORDO"" SPÓŁKA Z OGRANICZONĄ ODPOWIEDZIALNOŚCIĄ",7122911255,43273548300000,SPÓŁKA Z OGRANICZONĄ ODPOWIEDZIALNOŚCIĄ,RejP,24.11.2004,07.07.2026,07.07.2026,ACTIVE,,,,LUBLIN,SKROMNA,14,,20-704,LUBLIN,16.23.Z,16.10.Z; 16.24.Z,16.10.Z,pozostałe,16.10.Z: PKD 2007 - Produkcja wyrobów tartacznych,"{'wartosc': '50000,00', 'waluta': 'PLN'}",
0000225466,"""SKM"" SPÓŁKA Z OGRANICZONĄ ODPOWIEDZIALNOŚCIĄ W LIKWIDACJI",6570310775,29034981200000,SPÓŁKA Z OGRANICZONĄ ODPOWIEDZIALNOŚCIĄ,RejP,30.12.2004,27.03.2026,27.03.2026,LIQUIDATION,,,,KOŃSKIE,UL. POLNA,12,,26-200,KOŃSKIE,16.10.Z,16.24.Z; 16.29.Z; 31.02.Z; 46.13.Z; 46.73.Z; 47.52.Z,16.10.Z,przeważające,16.10.Z: PKD 2007 - Produkcja wyrobów tartacznych,"{'wartosc': '178500,00', 'waluta': 'PLN'}",
0000225572,"""PLUS - MAD"" SPÓŁKA Z OGRANICZONĄ ODPOWIEDZIALNOŚCIĄ",7881811959,63979623400000,SPÓŁKA Z OGRANICZONĄ ODPOWIEDZIALNOŚCIĄ,RejP,28.01.2005,26.06.2025,21.11.2025,ACTIVE,,,,PRZYŁĘK,PRZYŁĘK,61 A,,64-300,NOWY TOMYŚL,41.20.Z,01.11.Z; 01.61.Z; 43.32.Z; 16.10.Z; 16.23.Z; 31.09.Z; 68.20.Z; 46.49.Z,16.10.Z,pozostałe,16.10.Z: PKD 2007 - Produkcja wyrobów tartacznych,"{'wartosc': '200000,00', 'waluta': 'PLN'}",
0000225944,"""MAGIC WOOD POLAND"" SPÓŁKA Z OGRANICZONĄ ODPOWIEDZIALNOŚCIĄ",9291732527,97811497600000,SPÓŁKA Z OGRANICZONĄ ODPOWIEDZIALNOŚCIĄ,RejP,07.01.2005,29.09.2025,21.11.2025,ACTIVE,,,,ZIELONA GÓRA,UL. RACULA - GŁOGOWSKA,16,,66-004,ZIELONA GÓRA,32.40.Z,16.10.Z; 31.09.Z; 46.13.Z; 31.01.Z; 16.23.Z; 16.24.Z; 16.29.Z; 25.12.Z; 31.02.Z,16.10.Z,pozostałe,16.10.Z: PKD 2007 - Produkcja wyrobów tartacznych,"{'wartosc': '50000,00', 'waluta': 'PLN'}",
0000226222,"""DREWNOSTYL"" SPÓŁKA Z OGRANICZONĄ ODPOWIEDZIALNOŚCIĄ",5482431326,24001428100000,SPÓŁKA Z OGRANICZONĄ ODPOWIEDZIALNOŚCIĄ,RejP,13.01.2005,12.06.2026,12.06.2026,ACTIVE,,,,SKOCZÓW,UL. BAJERKI,10,,43-430,SKOCZÓW,46.83.Z,16.11.Z; 16.23.Z; 16.28.Z; 41.00.A; 41.00.B; 43.32.Z; 43.35.Z; 49.41.Z; 77.39.Z,16.11.Z,pozostałe,16.11.Z: PKD 2025 - Produkcja wyrobów tartacznych,"{'wartosc': '200000,00', 'waluta': 'PLN'}",
0000226442,"""DOMEX OKNA I DRZWI SPÓŁKA Z OGRANICZONĄ ODPOWIEDZIALNOŚCIĄ I WSPÓLNIK - SPÓŁKA KOMANDYTOWA""",9661829473,20000463500000,SPÓŁKA KOMANDYTOWA,RejP,14.01.2005,20.02.2025,21.11.2025,ACTIVE,,,,BIAŁYSTOK,CIESIELSKA,2,,15-542,BIAŁYSTOK,,46.90.Z; 47.99.Z; 68.10.Z; 68.20.Z; 69.20.Z; 70.22.Z; 70.10.Z; 71.11.Z; 71.12.Z; 73.11.Z; 78.10.Z; 81.22.Z; 74.30.Z; 82.11.Z; 74.90.Z; 16.10.Z; 16.23.Z; 31.09.Z; 43.11.Z; 43.13.Z; 43.91.Z; 43.99.Z; 43.29.Z; 43.32.Z; 43.33.Z; 43.34.Z; 43.39.Z; 46.13.Z; 46.19.Z; 46.73.Z,16.10.Z,pozostałe,16.10.Z: PKD 2007 - Produkcja wyrobów tartacznych,,
0000226473,"""BG-INVEST"" SPÓŁKA Z OGRANICZONĄ ODPOWIEDZIALNOŚCIĄ",7542789045,16001083300000,SPÓŁKA Z OGRANICZONĄ ODPOWIEDZIALNOŚCIĄ,RejP,25.01.2005,14.12.2024,21.11.2025,ACTIVE,,,,OPOLE,UL. JÓZEFA CYGANA,4,420,45-131,OPOLE,68.10.Z,16.10.Z; 16.23.Z; 25.11.Z; 43.12.Z; 46.73.Z; 71.12.Z,16.10.Z,pozostałe,16.10.Z: PKD 2007 - Produkcja wyrobów tartacznych,"{'wartosc': '410000,00', 'waluta': 'PLN'}",
0000227228,"""ARKE"" SPÓŁKA Z OGRANICZONĄ ODPOWIEDZIALNOŚCIĄ",7392821616,51062777300000,SPÓŁKA Z OGRANICZONĄ ODPOWIEDZIALNOŚCIĄ,RejP,01.02.2005,17.02.2020,21.11.2025,ACTIVE,,,,OLSZTYN,,,,,,,01.11.Z; 01.64.Z; 01.13.Z; 01.50.Z; 01.29.Z; 02.10.Z; 02.20.Z; 16.10.Z; 02.40.Z; 03.12.Z; 03.21.Z; 03.22.Z; 10.11.Z; 10.12.Z; 10.13.Z; 10.85.Z; 10.89.Z; 10.31.Z; 10.32.Z; 10.39.Z; 43.11.Z; 43.12.Z; 43.13.Z; 41.20.Z; 42.12.Z; 42.13.Z; 42.21.Z; 42.22.Z; 42.99.Z; 43.99.Z; 43.91.Z; 42.11.Z; 42.91.Z; 43.21.Z; 43.22.Z; 80.20.Z; 43.29.Z; 43.31.Z; 43.32.Z; 43.33.Z; 43.34.Z; 43.39.Z; 45.20.Z; 52.21.Z; 45.40.Z; 46.21.Z; 46.22.Z; 46.23.Z; 46.24.Z; 46.31.Z; 46.32.Z; 46.33.Z; 46.34.B; 46.36.Z; 46.37.Z; 46.38.Z; 46.39.Z; 47.11.Z; 47.19.Z; 47.21.Z; 47.22.Z; 47.23.Z; 47.24.Z; 47.25.Z; 47.29.Z; 47.91.Z; 47.81.Z; 47.82.Z; 47.99.Z; 47.79.Z; 55.10.Z; 56.10.A; 49.31.Z; 49.39.Z; 49.32.Z; 49.41.Z; 49.42.Z; 79.12.Z; 79.11.B; 79.11.A; 79.90.A; 79.90.B; 79.90.C; 41.10.Z; 68.10.Z; 68.20.Z; 68.31.Z; 68.32.Z; 81.10.Z,16.10.Z,pozostałe,16.10.Z: PKD 2007 - Produkcja wyrobów tartacznych,"{'wartosc': '50000,00', 'waluta': 'PLN'}",
0000227259,"""DMD-BIS"" SPÓŁKA Z OGRANICZONĄ ODPOWIEDZIALNOŚCIĄ",8891449070,91136194500000,SPÓŁKA Z OGRANICZONĄ ODPOWIEDZIALNOŚCIĄ,RejP,26.01.2005,20.11.2025,21.11.2025,ACTIVE,,,,PIOTRKÓW KUJAWSKI,DWORCOWA,32C,,88-230,PIOTRKÓW KUJAWSKI,16.21.Z,16.24.Z; 16.10.Z; 16.29.Z; 49.41.Z; 52.21.Z; 46.73.Z; 28.99.Z; 77.39.Z; 46.77.Z,16.10.Z,pozostałe,16.10.Z: PKD 2007 - Produkcja wyrobów tartacznych,"{'wartosc': '900000,00', 'waluta': 'PLN'}",
0000228781,"""DRAHT-KREBS"" PRZEDSIĘBIORSTWO HANDLOWO-USŁUGOWO-PRODUKCYJNE SPÓŁKA Z OGRANICZONĄ ODPOWIEDZIALNOŚCIĄ",6731525878,33052231000000,SPÓŁKA Z OGRANICZONĄ ODPOWIEDZIALNOŚCIĄ,RejP,18.02.2005,06.07.2026,06.07.2026,ACTIVE,,,,POLNE,,,,78-460,BARWICE,25.99.Z,16.10.Z; 16.23.Z; 22.22.Z; 25.91.Z; 25.92.Z; 25.93.Z,16.10.Z,pozostałe,16.10.Z: PKD 2007 - Produkcja wyrobów tartacznych,"{'wartosc': '50000,00', 'waluta': 'PLN'}",
0000229203,"""AGRO-KRUSZ"" SPÓŁKA Z OGRANICZONĄ ODPOWIEDZIALNOŚCIĄ",7581864236,55071171000000,SPÓŁKA Z OGRANICZONĄ ODPOWIEDZIALNOŚCIĄ,RejP,24.02.2005,29.05.2026,29.05.2026,ACTIVE,,,,CZERWIN,PRZEMYSŁOWA,1,,07-407,CZERWIN,08.12.Z,08.99.Z; 16.10.Z; 42.11.Z; 46.13.Z; 46.73.Z; 49.41.Z; 52.10.B; 52.24.C; 77.32.Z,16.10.Z,pozostałe,16.10.Z: PKD 2007 - Produkcja wyrobów tartacznych,"{'wartosc': '50000,00', 'waluta': 'PLN'}",
0000229664,"""LIMEX PLUS"" SPÓŁKA Z OGRANICZONĄ ODPOWIEDZIALNOŚCIĄ",5542627548,34000343000000,SPÓŁKA Z OGRANICZONĄ ODPOWIEDZIALNOŚCIĄ,RejP,02.03.2005,09.07.2026,09.07.2026,ACTIVE,,,,BYDGOSZCZ,FORDOŃSKA,393,,85-766,BYDGOSZCZ,43.33.Z,16.10.Z; 41.10.Z; 41.20.Z; 43.39.Z; 45.40.Z; 68.10.Z; 68.20.Z; 77.11.Z; 77.39.Z,16.10.Z,pozostałe,16.10.Z: PKD 2007 - Produkcja wyrobów tartacznych,"{'wartosc': '50000,00', 'waluta': 'PLN'}",
0000234036,"""KB MOLDS"" SPÓŁKA Z OGRANICZONĄ ODPOWIEDZIALNOŚCIĄ W LIKWIDACJI",9141505994,02006956500000,SPÓŁKA Z OGRANICZONĄ ODPOWIEDZIALNOŚCIĄ,RejP,10.05.2005,12.08.2026,12.08.2026,ACTIVE,,,,WIĄZÓW,UL. STRZELIŃSKA,30,1,57-120,WIĄZÓW,68.20.Z,17.12.Z; 17.21.Z; 16.11.Z; 16.12.Z; 28.96.Z; 28.97.Z; 55.90.Z,16.11.Z; 16.12.Z,pozostałe; pozostałe,16.11.Z: PKD 2025 - Produkcja wyrobów tartacznych; 16.12.Z: PKD 2025 - Obróbka i wykończanie wyrobów tartacznych,"{'wartosc': '3452500,00', 'waluta': 'PLN'}",
0000235993,BEŃKO SPÓŁKA Z OGRANICZONĄ ODPOWIEDZIALNOŚCIĄ,6741139349,33043962500000,SPÓŁKA Z OGRANICZONĄ ODPOWIEDZIALNOŚCIĄ,RejP,10.06.2005,16.09.2026,16.09.2026,ACTIVE,,,,WIERZCHOWO,UL. PARKOWA,3,,78-530,WIERZCHOWO,16.29.Z,02.20.Z; 16.10.Z; 16.24.Z; 46.71.Z; 46.73.Z,16.10.Z,pozostałe,16.10.Z: PKD 2007 - Produkcja wyrobów tartacznych,"{'wartosc': '50000,00', 'waluta': 'PLN'}",
0000236204,"""INTERWEST"" SPÓŁKA Z OGRANICZONĄ ODPOWIEDZIALNOŚCIĄ W LIKWIDACJI",9291678035,97076104400000,SPÓŁKA Z OGRANICZONĄ ODPOWIEDZIALNOŚCIĄ,RejP,20.06.2005,15.07.2026,15.07.2026,LIQUIDATION,,,,ZIELONA GÓRA,BOTANICZNA,24,,65-306,ZIELONA GÓRA,,81.30.Z; 28.22.Z; 16.10.Z; 16.29.Z; 22.29.Z; 45.11.Z; 45.20.Z; 45.32.Z; 45.40.Z; 46.73.Z; 46.74.Z; 49.41.Z; 52.21.Z; 77.39.Z; 77.32.Z; 78.30.Z,16.10.Z,pozostałe,16.10.Z: PKD 2007 - Produkcja wyrobów tartacznych,"{'wartosc': '50000,00', 'waluta': 'PLN'}",
0000236903,"""BARDO"" SPÓŁKA Z OGRANICZONĄ ODPOWIEDZIALNOŚCIĄ",6731700005,33110658700000,SPÓŁKA Z OGRANICZONĄ ODPOWIEDZIALNOŚCIĄ,RejP,27.06.2005,15.07.2026,15.07.2026,ACTIVE,,,,SZCZECINEK,ORDONA,4,,78-400,SZCZECINEK,16.10.Z,16.21.Z; 16.22.Z; 16.23.Z; 31.02.Z; 31.09.Z,16.10.Z,przeważające,16.10.Z: PKD 2007 - Produkcja wyrobów tartacznych,"{'wartosc': '330000,00', 'waluta': 'PLN'}",
0000239145,"""PB INVEST PARTNER"" SPÓŁKA Z OGRANICZONĄ ODPOWIEDZIALNOŚCIĄ",5252348260,14025312600000,SPÓŁKA Z OGRANICZONĄ ODPOWIEDZIALNOŚCIĄ,RejP,04.08.2005,11.05.2025,21.11.2025,LIQUIDATION,,,,WARSZAWA,POTOCKA,29,1,01-619,WARSZAWA,41.20.Z,02.40.Z; 08.11.Z; 08.12.Z; 08.91.Z; 08.93.Z; 08.99.Z; 09.90.Z; 10.84.Z; 16.10.Z; 16.21.Z; 16.22.Z; 16.23.Z; 16.24.Z; 16.29.Z; 23.61.Z; 23.62.Z; 23.63.Z; 23.64.Z; 23.65.Z; 23.69.Z; 23.70.Z; 23.91.Z; 23.99.Z; 32.99.Z; 33.12.Z; 33.19.Z; 33.20.Z; 35.11.Z; 35.12.Z; 35.13.Z; 35.14.Z; 35.21.Z; 35.22.Z; 35.23.Z; 35.30.Z; 36.00.Z; 37.00.Z; 38.11.Z; 38.12.Z; 38.21.Z; 38.22.Z; 38.31.Z; 38.32.Z; 39.00.Z; 41.10.Z; 42.11.Z; 42.12.Z; 42.13.Z; 42.21.Z; 42.22.Z; 42.91.Z; 42.99.Z; 43.11.Z; 43.12.Z; 43.13.Z; 43.21.Z; 43.22.Z; 43.29.Z; 43.31.Z; 43.32.Z; 43.33.Z; 43.34.Z; 43.39.Z; 43.91.Z; 43.99.Z; 46.51.Z; 46.52.Z; 46.61.Z; 46.62.Z; 46.63.Z; 46.64.Z; 46.65.Z; 46.66.Z; 46.69.Z; 46.71.Z; 46.72.Z; 46.73.Z; 46.74.Z; 46.75.Z; 46.76.Z; 46.77.Z; 47.41.Z; 47.42.Z; 47.43.Z; 47.51.Z; 47.52.Z; 47.53.Z; 47.54.Z; 47.59.Z; 47.61.Z; 47.62.Z; 47.63.Z; 47.64.Z; 47.65.Z; 47.71.Z; 47.72.Z; 47.76.Z; 47.77.Z; 47.78.Z; 49.41.Z; 49.42.Z; 52.10.A; 52.10.B; 52.21.Z; 52.22.A; 52.22.B; 52.24.C; 58.21.Z; 58.29.Z; 59.20.Z; 60.10.Z; 60.20.Z; 61.10.Z; 61.20.Z; 61.30.Z; 61.90.Z; 62.01.Z; 62.02.Z; 62.03.Z; 62.09.Z; 63.11.Z; 63.12.Z; 63.99.Z; 64.20.Z; 64.91.Z; 64.99.Z; 66.19.Z; 68.10.Z; 68.20.Z; 68.31.Z; 68.32.Z; 70.10.Z; 70.21.Z; 70.22.Z; 71.11.Z; 71.12.Z; 71.20.A; 71.20.B; 73.11.Z; 73.12.A; 73.12.B; 73.12.C; 73.12.D; 73.20.Z; 74.10.Z; 74.20.Z; 74.30.Z; 74.90.Z; 77.11.Z; 77.12.Z; 77.21.Z; 77.22.Z; 77.29.Z; 77.31.Z; 77.32.Z; 77.33.Z; 77.34.Z; 77.35.Z; 77.39.Z; 77.40.Z; 78.10.Z; 78.20.Z; 78.30.Z; 80.10.Z; 80.20.Z; 80.30.Z; 81.10.Z; 81.21.Z; 81.22.Z; 81.29.Z; 82.11.Z; 82.19.Z; 82.20.Z; 82.30.Z; 82.91.Z; 82.92.Z; 82.99.Z; 85.60.Z; 95.11.Z,16.10.Z,pozostałe,16.10.Z: PKD 2007 - Produkcja wyrobów tartacznych,"{'wartosc': '50000,00', 'waluta': 'PLN'}",
0000239335,"""FAMEG"" SPÓŁKA Z OGRANICZONĄ ODPOWIEDZIALNOŚCIĄ",7722249310,10004491600000,SPÓŁKA Z OGRANICZONĄ ODPOWIEDZIALNOŚCIĄ,RejP,17.08.2005,04.09.2026,04.09.2026,ACTIVE,,,,RADOMSKO,11 LISTOPADA,2,,97-500,RADOMSKO,31.09.Z,16.10.Z; 16.21.Z; 16.29.Z; 31.01.Z; 31.02.Z; 46.47.Z; 46.65.Z; 46.73.Z; 47.59.Z,16.10.Z,pozostałe,16.10.Z: PKD 2007 - Produkcja wyrobów tartacznych,"{'wartosc': '18695000,00', 'waluta': 'PLN'}",
0000240917,"""KLIMAT"" KAJA I WSPÓLNICY SPÓŁKA JAWNA",5140266002,30012227700000,SPÓŁKA JAWNA,RejP,07.09.2005,09.01.2026,21.02.2026,ACTIVE,,,,GRABÓW NAD PROSNĄ,KOLEJOWA,31,,63-520,GRABÓW NAD PROSNĄ,31.09.Z,31.09.Z; 23.99.Z; 16.10.Z; 25.11.Z; 35.30.Z; 41.20.Z; 49.41.Z; 43.21.Z; 43.99.Z,16.10.Z,pozostałe,16.10.Z: PKD 2007 - Produkcja wyrobów tartacznych,,
0000241093,JFM MEBLE SPÓŁKA Z OGRANICZONĄ OPOWIEDZIALNOŚCIĄ,5751792346,24003773800000,SPÓŁKA Z OGRANICZONĄ ODPOWIEDZIALNOŚCIĄ,RejP,12.09.2005,29.07.2026,29.07.2026,ACTIVE,,,,JAROCIN,UL. ZACISZNA,11,,63-200,JAROCIN,31.00.Z,02.20.Z; 16.11.Z; 16.12.Z; 16.21.Z; 16.23.Z; 16.28.Z; 46.47.Z; 46.90.Z; 47.12.Z,16.11.Z; 16.12.Z,pozostałe; pozostałe,16.11.Z: PKD 2025 - Produkcja wyrobów tartacznych; 16.12.Z: PKD 2025 - Obróbka i wykończanie wyrobów tartacznych,"{'wartosc': '50000,00', 'waluta': 'PLN'}",
0000242056,QTM SPÓŁKA Z OGRANICZONĄ ODPOWIEDZIALNOŚCIĄ,8942839899,02012060000000,SPÓŁKA Z OGRANICZONĄ ODPOWIEDZIALNOŚCIĄ,RejP,04.10.2005,13.01.2026,14.01.2026,ACTIVE,,,,WARSZAWA,AL. NIEPODLEGŁOŚCI,222,A/2,00-663,WARSZAWA,,10.42.Z; 10.51.Z; 10.52.Z; 10.61.Z; 10.62.Z; 10.71.Z; 10.72.Z; 10.73.Z; 10.81.Z; 10.82.Z; 10.83.Z; 10.84.Z; 10.86.Z; 10.89.Z; 10.91.Z; 10.92.Z; 11.06.Z; 11.07.Z; 12.00.Z; 13.10.A; 13.10.B; 13.10.C; 13.10.D; 13.20.A; 13.20.B; 13.20.C; 13.20.D; 13.30.Z; 13.91.Z; 13.92.Z; 13.93.Z; 13.94.Z; 13.95.Z; 13.96.Z; 13.99.Z; 14.11.Z; 14.12.Z; 14.13.Z; 14.14.Z; 14.19.Z; 14.20.Z; 14.31.Z; 14.39.Z; 15.11.Z; 15.12.Z; 15.20.Z; 16.10.Z; 16.21.Z; 16.22.Z; 16.23.Z; 16.24.Z; 16.29.Z; 17.11.Z; 17.12.Z; 17.21.Z; 17.22.Z; 17.23.Z; 17.24.Z; 17.29.Z; 18.11.Z; 18.12.Z; 18.13.Z; 20.11.Z; 20.12.Z; 20.13.Z; 20.14.Z; 20.15.Z; 20.16.Z; 20.30.Z; 20.41.Z; 20.42.Z; 20.52.Z; 20.53.Z; 20.59.Z; 20.60.Z; 21.10.Z; 22.11.Z; 22.19.Z; 22.21.Z; 22.22.Z; 22.23.Z; 22.29.Z; 23.11.Z; 23.12.Z; 23.13.Z; 23.14.Z; 23.19.Z; 23.20.Z; 23.31.Z; 23.32.Z; 23.41.Z; 23.42.Z; 23.43.Z; 23.44.Z; 23.49.Z; 23.51.Z; 23.52.Z; 23.62.Z; 23.63.Z; 23.64.Z; 23.65.Z; 23.69.Z; 23.70.Z; 23.91.Z; 23.99.Z; 24.10.Z; 24.20.Z; 24.31.Z; 24.32.Z; 24.33.Z; 24.34.Z; 24.41.Z; 24.42.A; 24.42.B; 24.43.Z; 24.44.Z; 24.45.Z; 24.51.Z; 24.52.Z; 24.53.Z; 24.54.A; 24.54.B; 25.11.Z; 25.12.Z; 25.21.Z; 25.29.Z; 25.30.Z; 25.50.Z; 25.61.Z; 25.62.Z; 25.71.Z; 25.72.Z; 25.73.Z; 25.91.Z; 25.92.Z; 25.93.Z; 25.94.Z; 25.99.Z; 26.11.Z; 26.12.Z; 26.20.Z; 26.30.Z; 26.40.Z; 26.51.Z; 26.52.Z; 26.60.Z; 26.70.Z; 26.80.Z; 27.31.Z; 27.40.Z; 27.51.Z; 27.90.Z; 28.12.Z; 28.13.Z; 28.14.Z; 28.15.Z; 28.21.Z; 28.22.Z; 28.24.Z; 28.25.Z; 28.29.Z; 28.30.Z; 28.41.Z; 28.91.Z; 28.92.Z; 28.94.Z; 28.95.Z; 28.96.Z; 28.99.Z; 29.32.Z; 30.20.Z; 30.92.Z; 31.01.Z; 31.02.Z; 31.03.Z; 32.50.Z; 32.99.Z; 33.11.Z; 33.12.Z; 33.13.Z; 33.14.Z; 33.17.Z; 33.19.Z; 33.20.Z; 38.11.Z; 38.12.Z; 38.21.Z; 38.22.Z; 41.10.Z; 41.20.Z; 42.11.Z; 42.99.Z; 43.21.Z; 43.22.Z; 43.29.Z; 43.32.Z; 43.91.Z; 43.99.Z; 45.11.Z; 45.19.Z; 45.20.Z; 45.31.Z; 45.32.Z; 45.40.Z; 46.11.Z; 46.13.Z; 46.14.Z; 46.15.Z; 46.16.Z; 46.17.Z; 46.18.Z; 46.19.Z; 46.21.Z; 46.22.Z; 46.23.Z; 46.24.Z; 46.31.Z; 46.32.Z; 46.33.Z; 46.34.A; 46.34.B; 46.35.Z; 46.36.Z; 46.37.Z; 46.38.Z; 46.39.Z; 46.41.Z; 46.42.Z; 46.43.Z; 46.44.Z; 46.45.Z; 46.46.Z; 46.47.Z; 46.48.Z; 46.49.Z; 46.51.Z; 46.61.Z; 46.62.Z; 46.63.Z; 46.64.Z; 46.65.Z; 46.66.Z; 46.69.Z; 46.72.Z; 46.73.Z; 46.74.Z; 46.75.Z; 46.76.Z; 46.77.Z; 46.90.Z; 47.19.Z; 47.21.Z; 47.22.Z; 47.24.Z; 47.25.Z; 47.29.Z; 47.41.Z; 47.42.Z; 47.51.Z; 47.52.Z; 47.53.Z; 47.54.Z; 47.59.Z; 47.61.Z; 47.62.Z; 47.63.Z; 47.64.Z; 47.65.Z; 47.71.Z; 47.72.Z; 47.73.Z; 47.74.Z; 47.75.Z; 47.76.Z; 47.77.Z; 47.78.Z; 47.79.Z; 47.81.Z; 47.82.Z; 47.89.Z; 47.99.Z; 49.41.Z; 49.42.Z; 52.21.Z; 55.10.Z; 56.10.A; 56.10.B; 56.21.Z; 56.29.Z; 56.30.Z; 58.11.Z; 58.13.Z; 58.14.Z; 58.19.Z; 58.21.Z; 58.29.Z; 59.11.Z; 59.12.Z; 59.13.Z; 59.20.Z; 60.10.Z; 60.20.Z; 61.10.Z; 61.20.Z; 61.30.Z; 61.90.Z; 62.01.Z; 62.02.Z; 62.03.Z; 62.09.Z; 63.11.Z; 63.99.Z; 64.91.Z; 64.92.Z; 64.99.Z; 68.10.Z; 68.20.Z; 68.31.Z; 68.32.Z; 69.10.Z; 69.20.Z; 70.10.Z; 70.22.Z; 72.19.Z; 72.20.Z; 71.11.Z; 71.12.Z; 71.20.A; 71.20.B; 74.90.Z; 01.13.Z; 02.10.Z; 10.11.Z; 10.12.Z; 10.13.Z; 10.20.Z; 10.31.Z; 10.32.Z; 10.41.Z; 73.11.Z; 73.12.A; 73.12.B; 73.12.C; 73.12.D; 73.20.Z; 74.10.Z; 77.21.Z; 77.22.Z; 77.29.Z; 77.31.Z; 77.32.Z; 77.33.Z; 77.40.Z; 78.10.Z; 78.20.Z; 78.30.Z; 79.90.C; 81.21.Z; 81.22.Z; 81.29.Z; 82.30.Z; 82.91.Z; 82.99.Z; 84.30.Z; 85.10.Z; 85.32.A; 85.32.B; 85.41.Z; 85.42.B; 85.51.Z; 85.52.Z; 85.59.A; 85.59.B; 85.60.Z; 86.10.Z; 86.21.Z; 86.22.Z; 86.23.Z; 86.90.A; 86.90.B; 86.90.C; 86.90.D; 86.90.E; 87.10.Z; 87.20.Z; 87.30.Z; 87.90.Z; 88.10.Z; 88.99.Z; 91.01.A; 91.01.B; 93.11.Z; 93.12.Z; 93.13.Z; 93.19.Z; 95.11.Z; 95.12.Z; 95.21.Z; 95.22.Z; 95.23.Z; 95.24.Z; 95.25.Z; 95.29.Z; 96.01.Z; 96.02.Z; 96.04.Z; 96.09.Z; 47.26.Z; 10.39.Z; 93.29.B,16.10.Z,pozostałe,16.10.Z: PKD 2007 - Produkcja wyrobów tartacznych,"{'wartosc': '100000,00', 'waluta': 'PLN'}",
0000242866,KNEZEK SAP SPÓŁKA Z OGRANICZONĄ ODPOWIEDZIALNOŚCIĄ,5480075726,07053751800000,SPÓŁKA Z OGRANICZONĄ ODPOWIEDZIALNOŚCIĄ,RejP,07.10.2005,06.03.2026,06.03.2026,ACTIVE,,,,GOLESZÓW,FABRYCZNA,4A,,43-440,GOLESZÓW,16.23.Z,31.01.Z; 32.50.Z; 84.25.Z; 14.12.Z; 16.10.Z; 16.24.Z; 16.29.Z,16.10.Z,pozostałe,16.10.Z: PKD 2007 - Produkcja wyrobów tartacznych,"{'wartosc': '269650,00', 'waluta': 'PLN'}",
0000244099,"""SINUS"" SPÓŁKA Z OGRANICZONĄ ODPOWIEDZIALNOŚCIĄ",6312473958,24022119800000,SPÓŁKA Z OGRANICZONĄ ODPOWIEDZIALNOŚCIĄ,RejP,28.10.2005,18.02.2025,21.11.2025,ACTIVE,,,,ŁUKAWICA 93,,,,37-610,NAROL,,41.20.Z; 43.91.Z; 42.21.Z; 43.99.Z; 43.22.Z; 43.32.Z; 43.34.Z; 43.39.Z; 46.13.Z; 46.14.Z; 52.10.A; 52.10.B; 77.32.Z; 77.39.Z; 46.73.Z; 66.19.Z; 64.92.Z; 64.99.Z; 64.20.Z; 64.30.Z; 70.21.Z; 70.22.Z; 69.20.Z; 47.19.Z; 91.01.B; 16.10.Z; 16.21.Z; 16.29.Z,16.10.Z,pozostałe,16.10.Z: PKD 2007 - Produkcja wyrobów tartacznych,"{'wartosc': '50000,00', 'waluta': 'PLN'}",
0000245193,BOSSTER SPÓŁKA Z OGRANICZONĄ ODPOWIEDZIALNOŚCIĄ,6721956996,32005528100000,SPÓŁKA Z OGRANICZONĄ ODPOWIEDZIALNOŚCIĄ,RejP,18.11.2005,31.01.2023,21.11.2025,ACTIVE,,,,NOWE MIASTO LUBAWSKIE,,,,,,,02.40.Z; 16.10.Z; 43.11.Z; 43.12.Z; 43.29.Z; 77.32.Z; 45.11.Z; 45.20.Z; 45.40.Z; 47.30.Z; 47.19.Z; 46.46.Z; 47.73.Z; 47.75.Z; 47.78.Z; 47.79.Z; 95.29.Z; 47.74.Z,16.10.Z,pozostałe,16.10.Z: PKD 2007 - Produkcja wyrobów tartacznych,"{'wartosc': '220000,00', 'waluta': 'PLN'}",
0000246411,"""LIGĘZA"" SPÓŁKA Z OGRANICZONĄ ODPOWIEDZIALNOŚCIĄ",6252291098,24020528800000,SPÓŁKA Z OGRANICZONĄ ODPOWIEDZIALNOŚCIĄ,RejP,08.12.2005,10.06.2026,10.06.2026,ACTIVE,,,,WOJKOWICE,SOBIESKIEGO,139 A,,42-580,WOJKOWICE,,01.11.Z; 01.12.Z; 01.13.Z; 01.14.Z; 01.15.Z; 01.16.Z; 01.19.Z; 01.21.Z; 01.22.Z; 01.23.Z; 01.24.Z; 01.25.Z; 01.26.Z; 01.27.Z; 01.28.Z; 01.29.Z; 01.30.Z; 01.41.Z; 01.42.Z; 01.43.Z; 01.44.Z; 01.45.Z; 01.46.Z; 01.47.Z; 01.49.Z; 01.50.Z; 01.61.Z; 01.62.Z; 01.63.Z; 01.64.Z; 01.70.Z; 02.10.Z; 02.20.Z; 02.30.Z; 02.40.Z; 03.11.Z; 03.12.Z; 03.21.Z; 03.22.Z; 05.10.Z; 05.20.Z; 06.10.Z; 06.20.Z; 07.10.Z; 07.21.Z; 07.29.Z; 08.11.Z; 08.12.Z; 08.91.Z; 08.92.Z; 08.93.Z; 08.99.Z; 09.10.Z; 09.90.Z; 10.11.Z; 10.12.Z; 10.13.Z; 10.20.Z; 10.31.Z; 10.32.Z; 10.39.Z; 10.41.Z; 10.42.Z; 10.51.Z; 10.52.Z; 10.61.Z; 10.62.Z; 10.71.Z; 10.72.Z; 10.73.Z; 10.81.Z; 10.82.Z; 10.83.Z; 10.84.Z; 10.85.Z; 10.86.Z; 10.89.Z; 10.91.Z; 10.92.Z; 11.01.Z; 11.02.Z; 11.03.Z; 11.04.Z; 11.05.Z; 11.06.Z; 11.07.Z; 12.00.Z; 13.10.A; 13.10.B; 13.10.C; 13.10.D; 13.20.A; 13.20.B; 13.20.C; 13.20.D; 13.30.Z; 13.91.Z; 13.92.Z; 13.93.Z; 13.94.Z; 13.95.Z; 13.96.Z; 13.99.Z; 14.11.Z; 14.12.Z; 14.13.Z; 14.14.Z; 14.19.Z; 14.20.Z; 14.31.Z; 14.39.Z; 15.11.Z; 15.12.Z; 15.20.Z; 16.10.Z; 16.21.Z; 16.22.Z; 16.23.Z; 16.24.Z; 16.29.Z; 17.11.Z; 17.12.Z; 17.21.Z; 17.22.Z; 17.23.Z; 17.24.Z; 17.29.Z; 18.11.Z; 18.12.Z; 18.13.Z; 18.14.Z; 18.20.Z; 19.10.Z; 19.20.Z; 20.11.Z; 20.12.Z; 20.13.Z; 20.14.Z; 20.15.Z; 20.16.Z; 20.17.Z; 20.20.Z; 20.30.Z; 20.41.Z; 20.42.Z; 20.51.Z; 20.52.Z; 20.53.Z; 20.59.Z; 20.60.Z; 21.10.Z; 21.20.Z; 22.11.Z; 22.19.Z; 22.21.Z; 22.22.Z; 22.23.Z; 22.29.Z; 23.11.Z; 23.12.Z; 23.13.Z; 23.14.Z; 23.19.Z; 23.20.Z; 23.31.Z; 23.32.Z; 23.41.Z; 23.42.Z; 23.43.Z; 23.44.Z; 23.49.Z; 23.51.Z; 23.52.Z; 23.61.Z; 23.62.Z; 23.63.Z; 23.64.Z; 23.65.Z; 23.69.Z; 23.70.Z; 23.91.Z; 23.99.Z; 24.10.Z; 24.20.Z; 24.31.Z; 24.32.Z; 24.33.Z; 24.34.Z; 24.41.Z; 24.42.A; 24.42.B; 24.43.Z; 24.44.Z; 24.45.Z; 24.46.Z; 24.51.Z; 24.52.Z; 24.53.Z; 24.54.A; 24.54.B; 25.11.Z; 25.12.Z; 25.21.Z; 25.29.Z; 25.30.Z; 25.40.Z; 25.50.Z; 25.61.Z; 25.62.Z; 25.71.Z; 25.72.Z; 25.73.Z; 25.91.Z; 25.92.Z; 25.93.Z; 25.94.Z; 25.99.Z; 26.11.Z; 26.12.Z; 26.20.Z; 26.30.Z; 26.40.Z; 26.51.Z; 26.52.Z; 26.60.Z; 26.70.Z; 26.80.Z; 27.11.Z; 27.12.Z; 27.20.Z; 27.31.Z; 27.32.Z; 27.33.Z; 27.40.Z; 27.51.Z; 27.52.Z; 27.90.Z; 28.11.Z; 28.12.Z; 28.13.Z; 28.14.Z; 28.15.Z; 28.21.Z; 28.22.Z; 28.23.Z; 28.24.Z; 28.25.Z; 28.29.Z; 28.30.Z; 28.41.Z; 28.49.Z; 28.91.Z; 28.92.Z; 28.93.Z; 28.94.Z; 28.95.Z; 28.96.Z; 28.99.Z; 29.10.A; 29.10.B; 29.10.C; 29.10.D; 29.10.E; 29.20.Z; 29.31.Z; 29.32.Z; 30.11.Z; 30.12.Z; 30.20.Z; 30.30.Z; 30.40.Z; 30.91.Z; 30.92.Z; 30.99.Z; 31.01.Z; 31.02.Z; 31.03.Z; 31.09.Z; 32.11.Z; 32.12.Z; 32.13.Z; 32.20.Z; 32.30.Z; 32.40.Z; 32.50.Z; 32.91.Z; 32.99.Z; 33.11.Z; 33.12.Z; 33.13.Z; 33.14.Z; 33.15.Z; 33.16.Z; 33.17.Z; 33.19.Z; 33.20.Z; 35.11.Z; 35.12.Z; 35.13.Z; 35.14.Z; 35.21.Z; 35.22.Z; 35.23.Z; 35.30.Z; 36.00.Z; 37.00.Z; 38.11.Z; 38.12.Z; 38.21.Z; 38.22.Z; 38.31.Z; 38.32.Z; 39.00.Z; 41.10.Z; 41.20.Z; 42.11.Z; 42.12.Z; 42.13.Z; 42.21.Z; 42.22.Z; 42.91.Z; 42.99.Z; 43.11.Z; 43.12.Z; 43.13.Z; 43.21.Z; 43.22.Z; 43.29.Z; 43.31.Z; 43.32.Z; 43.33.Z; 43.34.Z; 43.39.Z; 43.91.Z; 43.99.Z; 45.11.Z; 45.19.Z; 45.20.Z; 45.31.Z; 45.32.Z; 45.40.Z; 46.11.Z; 46.12.Z; 46.13.Z; 46.14.Z; 46.15.Z; 46.16.Z; 46.17.Z; 46.18.Z; 46.19.Z; 46.21.Z; 46.22.Z; 46.23.Z; 46.24.Z; 46.31.Z; 46.32.Z; 46.33.Z; 46.34.A; 46.34.B; 46.35.Z; 46.36.Z; 46.37.Z; 46.38.Z; 46.39.Z; 46.41.Z; 46.42.Z; 46.43.Z; 46.44.Z; 46.45.Z; 46.46.Z; 46.47.Z; 46.48.Z; 46.49.Z; 46.51.Z; 46.52.Z; 46.61.Z; 46.62.Z; 46.63.Z; 46.64.Z; 46.65.Z; 46.66.Z; 46.69.Z; 46.71.Z; 46.72.Z; 46.73.Z; 46.74.Z; 46.75.Z; 46.76.Z; 46.77.Z; 46.90.Z; 47.11.Z; 47.19.Z; 47.21.Z; 47.22.Z; 47.23.Z; 47.24.Z; 47.25.Z; 47.26.Z; 47.29.Z; 47.30.Z; 47.41.Z; 47.42.Z; 47.43.Z; 47.51.Z; 47.52.Z; 47.53.Z; 47.54.Z; 47.59.Z; 47.61.Z; 47.62.Z; 47.63.Z; 47.64.Z; 47.65.Z; 47.71.Z; 47.72.Z; 47.73.Z; 47.74.Z; 47.75.Z; 47.76.Z; 47.77.Z; 47.78.Z; 47.79.Z; 47.81.Z; 47.82.Z; 47.89.Z; 47.91.Z; 47.99.Z; 49.10.Z; 49.20.Z; 49.31.Z; 49.32.Z; 49.39.Z; 49.41.Z; 49.42.Z; 49.50.A; 49.50.B; 50.10.Z; 50.20.Z; 50.30.Z; 50.40.Z; 51.10.Z; 51.21.Z; 51.22.Z; 52.10.A; 52.10.B; 52.21.Z; 52.22.A; 52.22.B; 52.23.Z; 52.24.A; 52.24.B; 52.24.C; 52.29.A; 52.29.B; 52.29.C; 53.10.Z; 53.20.Z; 55.10.Z; 55.20.Z; 55.30.Z; 56.10.A; 56.10.B; 56.21.Z; 56.29.Z; 56.30.Z; 58.11.Z; 58.12.Z; 58.13.Z; 58.14.Z; 58.19.Z; 58.21.Z; 58.29.Z; 59.11.Z; 59.12.Z; 59.13.Z; 59.14.Z; 59.20.Z; 60.10.Z; 60.20.Z; 61.10.Z; 61.20.Z; 61.30.Z; 61.90.Z; 62.01.Z; 62.02.Z; 62.03.Z; 62.09.Z; 63.11.Z; 63.12.Z; 63.91.Z; 63.99.Z; 66.19.Z; 66.21.Z; 66.22.Z; 66.29.Z; 66.30.Z; 68.10.Z; 68.20.Z; 68.31.Z; 68.32.Z; 69.10.Z; 69.20.Z; 70.10.Z; 70.21.Z; 70.22.Z; 71.11.Z; 71.12.Z; 71.20.A; 71.20.B; 72.11.Z; 72.19.Z; 72.20.Z; 73.11.Z; 73.12.A; 73.12.B; 73.12.C; 73.12.D; 73.20.Z; 74.10.Z; 74.20.Z; 74.30.Z; 74.90.Z; 75.00.Z; 77.11.Z; 77.12.Z; 77.21.Z; 77.22.Z; 77.29.Z; 77.31.Z; 77.32.Z; 77.33.Z; 77.34.Z; 77.35.Z; 77.39.Z; 77.40.Z; 78.10.Z; 78.20.Z; 78.30.Z; 79.11.A; 79.11.B; 79.12.Z; 79.90.A; 79.90.B; 79.90.C; 80.10.Z; 80.20.Z; 80.30.Z; 81.10.Z; 81.21.Z; 81.22.Z; 81.29.Z; 81.30.Z; 82.11.Z; 82.19.Z; 82.20.Z; 82.30.Z; 82.91.Z; 82.92.Z; 82.99.Z; 85.10.Z; 85.20.Z; 85.31.A; 85.31.B; 85.31.C; 85.32.A; 85.32.B; 85.32.C; 85.41.Z; 85.42.A; 85.42.B; 85.51.Z; 85.52.Z; 85.53.Z; 85.59.A; 85.59.B; 85.60.Z; 86.10.Z; 86.21.Z; 86.22.Z; 86.23.Z; 86.90.A; 86.90.B; 86.90.C; 86.90.D; 86.90.E; 87.10.Z; 87.20.Z; 87.30.Z; 87.90.Z; 88.10.Z; 88.91.Z; 88.99.Z; 90.01.Z; 90.02.Z; 90.03.Z; 90.04.Z; 91.01.A; 91.01.B; 91.02.Z; 91.03.Z; 91.04.Z; 92.00.Z; 93.11.Z; 93.12.Z; 93.13.Z; 93.19.Z; 93.21.Z; 94.11.Z; 94.12.Z; 94.20.Z; 94.91.Z; 94.92.Z; 94.99.Z; 95.11.Z; 95.12.Z; 95.21.Z; 95.22.Z; 95.23.Z; 95.24.Z; 95.25.Z; 95.29.Z; 96.01.Z; 96.02.Z; 96.03.Z; 96.04.Z; 96.09.Z; 98.10.Z; 98.20.Z; 93.29.B,16.10.Z,pozostałe,16.10.Z: PKD 2007 - Produkcja wyrobów tartacznych,"{'wartosc': '50000,00', 'waluta': 'PLN'}",
0000247169,"""ELMEB"" SPÓŁKA Z OGRANICZONĄ ODPOWIEDZIALNOŚCIĄ",5552019299,22016431700000,SPÓŁKA Z OGRANICZONĄ ODPOWIEDZIALNOŚCIĄ,RejP,15.12.2005,01.06.2026,01.06.2026,ACTIVE,,,,CHOJNICE,SKŁADOWA,12,,89-600,CHOJNICE,31.01.Z,16.10.Z; 16.23.Z; 16.24.Z; 16.29.Z; 31.02.Z; 31.09.Z; 46.73.Z; 46.74.Z; 47.59.Z,16.10.Z,pozostałe,16.10.Z: PKD 2007 - Produkcja wyrobów tartacznych,"{'wartosc': '50000,00', 'waluta': 'PLN'}",
0000248127,"""LIBER"" SPÓŁKA Z OGRANICZONĄ ODPOWIEDZIALNOŚCIĄ",5842570953,22015896600000,SPÓŁKA Z OGRANICZONĄ ODPOWIEDZIALNOŚCIĄ,RejP,28.12.2005,30.06.2026,30.06.2026,ACTIVE,,,,GDYNIA,CHWARZNIEŃSKA,91,,81-602,GDYNIA,02.20.Z,16.10.Z; 16.29.Z; 45.11.Z; 45.19.Z; 46.71.Z; 46.73.Z; 47.78.Z; 49.41.Z; 77.11.Z,16.10.Z,pozostałe,16.10.Z: PKD 2007 - Produkcja wyrobów tartacznych,"{'wartosc': '50000,00', 'waluta': 'PLN'}",
0000248480,"""GAMEL LEON GNIEWEK SPÓŁKA JAWNA""",8842565770,02020880200000,SPÓŁKA JAWNA,RejP,06.01.2006,19.06.2026,19.06.2026,ACTIVE,,,,WIERZBNA,SPOKOJNA,5,,58-130,ŻARÓW,16.10.Z,46.69.Z; 82.99.Z; 16.21.Z; 16.23.Z; 46.63.Z; 16.24.Z; 16.29.Z; 46.90.Z,16.10.Z,przeważające,16.10.Z: PKD 2007 - Produkcja wyrobów tartacznych,,
0000249822,"""ORTRAK"" SPÓŁKA Z OGRANICZONĄ ODPOWIEDZIALNOŚCIĄ W LIKWIDACJI",5372155167,03079775900000,SPÓŁKA Z OGRANICZONĄ ODPOWIEDZIALNOŚCIĄ,RejP,25.01.2006,01.09.2026,01.09.2026,LIQUIDATION,,,,BIAŁA PODLASKA,A. MICKIEWICZA,1-9,26,21-500,BIAŁA PODLASKA,16.10.Z,,16.10.Z,przeważające,16.10.Z: PKD 2007 - Produkcja wyrobów tartacznych,"{'wartosc': '50000,00', 'waluta': 'PLN'}",
0000250988,"""INVEN"" SPÓŁKA Z OGRANICZONĄ ODPOWIEDZIALNOŚCIĄ",5361788012,14040445300000,SPÓŁKA Z OGRANICZONĄ ODPOWIEDZIALNOŚCIĄ,RejP,14.02.2006,20.07.2026,20.07.2026,ACTIVE,,,,MICHAŁÓW-GRABINA,LIMBY,8,,05-126,NIEPORĘT,,64.20.C; 64.20.G; 65.12.B; 02.30.Z; 16.10.Z; 17.29.Z; 38.21.Z; 64.19.Z; 64.20.Z; 64.30.Z; 74.10.Z; 74.90.Z; 78.30.Z,16.10.Z,pozostałe,16.10.Z: PKD 2007 - Produkcja wyrobów tartacznych,"{'wartosc': '79000,00', 'waluta': 'PLN'}",
0000252417,"""AJRAM"" SPÓŁKA Z OGRANICZONĄ ODPOWIEDZIALNOŚCIĄ",5782925966,28009991000000,SPÓŁKA Z OGRANICZONĄ ODPOWIEDZIALNOŚCIĄ,RejP,10.03.2006,16.07.2026,16.07.2026,ACTIVE,,,,PASŁĘK,SPRZYMIERZONYCH,14,,14-400,PASŁĘK,31.09.Z,74.10.Z; 71.11.Z; 31.09.Z; 16.10.Z; 16.29.Z; 46.73.Z; 02.40.Z; 43.99.Z; 47.59.Z,16.10.Z,pozostałe,16.10.Z: PKD 2007 - Produkcja wyrobów tartacznych,"{'wartosc': '188000,00', 'waluta': 'PLN'}",
0000254453,INTENSO-DOORS SPÓŁKA Z OGRANICZONĄ ODPOWIEDZIALNOŚCIĄ,5512450186,12023158300000,SPÓŁKA Z OGRANICZONĄ ODPOWIEDZIALNOŚCIĄ,RejP,04.04.2006,05.05.2026,05.05.2026,ACTIVE,,,,WADOWICE,WENECJA,3,,34-100,WADOWICE,46.73.Z,16.10.Z; 16.23.Z; 16.24.Z; 31.09.Z; 41.20.Z; 43.32.Z; 46.15.Z; 49.41.Z; 68.20.Z,16.10.Z,pozostałe,16.10.Z: PKD 2007 - Produkcja wyrobów tartacznych,"{'wartosc': '80000,00', 'waluta': 'PLN'}",
0000254963,"""AGRONATURA - K.ŁYŚ I SPÓŁKA"" SPÓŁKA Z OGRANICZONĄ ODPOWIEDZIALNOŚCIĄ",2810053012,08010405900000,SPÓŁKA Z OGRANICZONĄ ODPOWIEDZIALNOŚCIĄ,RejP,24.04.2006,26.06.2026,26.06.2026,ACTIVE,,,,NIEGOSŁAW,,137,,66-530,DREZDENKO,01.28.Z,81.30.Z; 01.19.Z; 16.29.Z; 16.10.Z; 41.20.Z; 43.22.Z; 46.31.Z; 49.41.Z; 68.10.Z,16.10.Z,pozostałe,16.10.Z: PKD 2007 - Produkcja wyrobów tartacznych,"{'wartosc': '58000,00', 'waluta': 'PLN'}",
0000255197,"""PROCON"" SPÓŁKA Z OGRANICZONĄ ODPOWIEDZIALNOŚCIĄ",6391884100,24030136500000,SPÓŁKA Z OGRANICZONĄ ODPOWIEDZIALNOŚCIĄ,RejP,21.04.2006,13.01.2026,14.01.2026,ACTIVE,,,,RACIBÓRZ,PLAC JAGIEŁŁY,4,5,47-400,RACIBÓRZ,,16.10.Z; 22.11.Z; 22.19.Z; 22.21.Z; 22.22.Z; 22.29.Z; 23.61.Z; 23.62.Z; 23.63.Z; 23.64.Z; 23.65.Z; 23.69.Z; 25.21.Z; 25.29.Z; 25.30.Z; 39.00.Z; 41.10.Z; 41.20.Z; 42.11.Z; 42.12.Z; 42.13.Z; 42.21.Z; 42.22.Z; 42.91.Z; 42.99.Z; 43.11.Z; 43.12.Z; 43.13.Z; 43.21.Z; 43.22.Z; 43.29.Z; 43.31.Z; 43.32.Z; 43.33.Z; 43.34.Z; 43.91.Z; 43.99.Z; 45.11.Z; 45.31.Z; 46.13.Z; 46.34.B; 46.35.Z; 46.43.Z; 46.62.Z; 46.63.Z; 46.71.Z; 46.73.Z; 46.74.Z; 49.41.Z; 52.10.A; 52.10.B; 52.29.C; 64.99.Z; 68.10.Z; 68.20.Z; 68.32.Z; 70.21.Z; 70.22.Z; 71.11.Z; 71.12.Z; 71.20.B; 73.11.Z; 74.90.Z; 77.32.Z; 90.04.Z; 92.00.Z; 93.11.Z; 93.21.Z; 93.29.B,16.10.Z,pozostałe,16.10.Z: PKD 2007 - Produkcja wyrobów tartacznych,"{'wartosc': '100000,00', 'waluta': 'PLN'}",
0000255683,"""MAWA-TECH"" STASIKOWSKI SPÓŁKA JAWNA",7772577654,63418755900000,SPÓŁKA JAWNA,RejP,08.05.2006,02.07.2026,02.07.2026,ACTIVE,,,,KOZIEGŁOWY K. POZNANIA,LIPOWA,10,,62-028,KOZIEGŁOWY,,45.11.Z; 45.19.Z; 45.20.Z; 16.10.Z; 16.23.Z; 16.24.Z; 16.29.Z; 17.23.Z; 17.29.Z; 18.12.Z; 18.13.Z; 18.14.Z; 22.23.Z; 25.11.Z; 25.21.Z; 25.29.Z; 25.61.Z; 25.62.Z; 25.72.Z; 25.91.Z; 25.92.Z; 25.93.Z; 25.94.Z; 25.99.Z; 26.51.Z; 27.11.Z; 27.12.Z; 27.40.Z; 27.90.Z; 28.12.Z; 28.15.Z; 28.22.Z; 28.24.Z; 28.29.Z; 28.30.Z; 28.41.Z; 28.49.Z; 28.92.Z; 28.99.Z; 29.10.A; 29.10.B; 29.10.C; 29.10.D; 29.10.E; 29.20.Z; 29.31.Z; 29.32.Z; 30.99.Z; 33.11.Z; 33.12.Z; 33.13.Z; 33.14.Z; 33.15.Z; 33.17.Z; 33.19.Z; 33.20.Z; 38.31.Z; 45.31.Z; 45.32.Z; 45.40.Z; 46.12.Z; 46.13.Z; 46.14.Z; 46.15.Z; 46.16.Z; 46.17.Z; 46.18.Z; 46.19.Z; 46.43.Z; 46.49.Z; 46.51.Z; 46.52.Z; 46.62.Z; 46.63.Z; 46.66.Z; 46.69.Z; 46.73.Z; 46.74.Z; 46.76.Z; 46.90.Z; 47.79.Z; 47.91.Z; 47.99.Z; 52.10.B; 52.29.C; 62.01.Z; 62.02.Z; 62.03.Z; 62.09.Z; 68.10.Z; 69.20.Z; 71.20.B; 73.11.Z; 74.10.Z; 74.90.Z; 77.11.Z; 77.12.Z; 77.31.Z; 77.32.Z; 77.39.Z; 85.59.B; 95.11.Z; 95.12.Z; 95.21.Z; 95.22.Z; 95.29.Z,16.10.Z,pozostałe,16.10.Z: PKD 2007 - Produkcja wyrobów tartacznych,,
0000255760,"""AGRA WOOD POLSKA"" SPÓŁKA Z OGRANICZONĄ ODPOWIEDZIALNOŚCIĄ",5562582240,34015642800000,SPÓŁKA Z OGRANICZONĄ ODPOWIEDZIALNOŚCIĄ,RejP,27.04.2006,14.07.2026,14.07.2026,ACTIVE,,,,SOSNÓWIEC,,1,,88-160,JANIKOWO,16.24.Z,16.10.Z; 16.21.Z; 16.23.Z; 16.29.Z; 32.99.Z,16.10.Z,pozostałe,16.10.Z: PKD 2007 - Produkcja wyrobów tartacznych,"{'wartosc': '50000,00', 'waluta': 'PLN'}",
0000255819,EAST WOOD TRADE SPÓŁKA Z OGRANICZONĄ ODPOWIEDZIALNOŚCIĄ,8561404101,81102256000000,SPÓŁKA Z OGRANICZONĄ ODPOWIEDZIALNOŚCIĄ,RejP,25.04.2006,26.09.2025,21.11.2025,ACTIVE,,,,WARSZAWA,DOMANIEWSKA,47,407,02-672,WARSZAWA,,84.13.Z; 91.03.Z; 95.29.Z; 20.59.Z; 80.10.Z; 80.30.Z; 45.19.Z; 47.64.Z; 49.39.Z; 55.20.Z; 74.20.Z; 77.39.Z; 79.11.A; 79.11.B; 79.12.Z; 79.90.A; 79.90.B; 79.90.C; 46.75.Z; 46.76.Z; 46.90.Z; 47.30.Z; 47.99.Z; 49.20.Z; 49.31.Z; 49.41.Z; 49.42.Z; 50.20.Z; 52.10.A; 52.10.B; 58.11.Z; 69.10.Z; 77.11.Z; 77.12.Z; 80.20.Z; 45.20.Z; 45.31.Z; 45.32.Z; 45.40.Z; 46.11.Z; 46.12.Z; 46.13.Z; 46.19.Z; 46.33.Z; 46.61.Z; 46.63.Z; 46.71.Z; 46.73.Z; 46.74.Z; 41.20.Z; 42.11.Z; 42.21.Z; 42.99.Z; 43.11.Z; 43.12.Z; 43.22.Z; 43.29.Z; 43.31.Z; 43.32.Z; 43.33.Z; 43.39.Z; 43.91.Z; 43.99.Z; 45.11.Z; 02.20.Z; 02.40.Z; 16.10.Z; 16.22.Z; 16.23.Z; 16.24.Z; 16.29.Z; 32.99.Z; 33.19.Z; 38.21.Z; 38.31.Z; 38.32.Z; 39.00.Z; 41.10.Z,16.10.Z,pozostałe,16.10.Z: PKD 2007 - Produkcja wyrobów tartacznych,"{'wartosc': '500000,00', 'waluta': 'PLN'}",
0000256335,"""PUF-JAR"" SPÓŁKA Z OGRANICZONĄ ODPOWIEDZIALNOŚCIĄ",7151828924,06012877900000,SPÓŁKA Z OGRANICZONĄ ODPOWIEDZIALNOŚCIĄ,RejP,31.05.2006,05.03.2024,21.11.2025,ACTIVE,,,,KRAŚNIK,AL. NIEPODLEGŁOŚCI,31,,23-210,KRAŚNIK,16.10.Z,17.12.Z,16.10.Z,przeważające,16.10.Z: PKD 2007 - Produkcja wyrobów tartacznych,"{'wartosc': '1091000,00', 'waluta': 'PLN'}",
0000257853,"""ADAMAR"" SPÓŁKA Z OGRANICZONĄ ODPOWIEDZIALNOŚCIĄ",7591655008,14052939600000,SPÓŁKA Z OGRANICZONĄ ODPOWIEDZIALNOŚCIĄ,RejP,02.06.2006,27.05.2026,27.05.2026,ACTIVE,,,,PRZYJMY,,101,,07-308,PORĘBA,56.10.A,55.10.Z; 55.20.Z; 56.21.Z; 56.29.Z; 47.11.Z; 47.19.Z; 47.29.Z; 46.39.Z; 16.10.Z,16.10.Z,pozostałe,16.10.Z: PKD 2007 - Produkcja wyrobów tartacznych,"{'wartosc': '50000,00', 'waluta': 'PLN'}",
0000258914,"""AGROTERM - POLSKA"" SPÓŁKA Z OGRANICZONĄ ODPOWIEDZIALNOŚCIĄ",8842590673,02030331100000,SPÓŁKA Z OGRANICZONĄ ODPOWIEDZIALNOŚCIĄ,RejP,19.06.2006,05.07.2024,21.11.2025,ACTIVE,,,,ŚWIDNICA,KOŚCIUSZKI,8,1,58-100,ŚWIDNICA,16.10.Z,,16.10.Z,przeważające,16.10.Z: PKD 2007 - Produkcja wyrobów tartacznych,"{'wartosc': '50000,00', 'waluta': 'PLN'}",
0000259335,"""EUROINVEST"" - SPÓŁKA Z OGRANICZONĄ ODPOWIEDZIALNOŚCIĄ",8451002502,00803612100000,SPÓŁKA Z OGRANICZONĄ ODPOWIEDZIALNOŚCIĄ,RejP,29.06.2006,01.07.2026,01.07.2026,ACTIVE,,,,ŚWIDRY,,31 A,,11-500,GIŻYCKO,16.10.Z,16.23.Z; 16.24.Z; 41.20.Z; 43.11.Z; 43.12.Z; 68.20.Z,16.10.Z,przeważające,16.10.Z: PKD 2007 - Produkcja wyrobów tartacznych,"{'wartosc': '120000,00', 'waluta': 'PLN'}",
0000261210,"""PRZEMYSŁ DRZEWNY ŻUROWA"" SPÓŁKA Z OGRANICZONĄ ODPOWIEDZIALNOŚCIĄ",9930486674,12029877100000,SPÓŁKA Z OGRANICZONĄ ODPOWIEDZIALNOŚCIĄ,RejP,31.07.2006,13.06.2026,13.06.2026,ACTIVE,,,,ŻUROWA,,7,,38-247,OŁPINY,16.29.Z,16.23.Z; 16.24.Z; 46.49.Z; 16.10.Z; 46.73.Z; 32.91.Z; 31.09.Z; 68.20.Z; 70.22.Z,16.10.Z,pozostałe,16.10.Z: PKD 2007 - Produkcja wyrobów tartacznych,"{'wartosc': '420000,00', 'waluta': 'PLN'}",
0000262648,"""EKO - BIOMASA"" SPÓŁKA Z OGRANICZONĄ ODPOWIEDZIALNOŚCIĄ",6551907621,26010969800000,SPÓŁKA Z OGRANICZONĄ ODPOWIEDZIALNOŚCIĄ,RejP,25.08.2006,21.09.2026,21.09.2026,ACTIVE,,,,BIECHÓW,,27,,28-133,BIECHÓW,16.28.Z,77.32.Z; 77.31.Z; 20.15.Z; 08.12.Z; 68.20.Z; 02.40.Z; 16.11.Z; 38.21.Z; 77.11.Z,16.11.Z,pozostałe,16.11.Z: PKD 2025 - Produkcja wyrobów tartacznych,"{'wartosc': '1050000,00', 'waluta': 'PLN'}",
0000262841,"""KRATEGUS"" SPÓŁKA Z OGRANICZONĄ ODPOWIEDZIALNOŚCIĄ",7412026320,22028793600000,SPÓŁKA Z OGRANICZONĄ ODPOWIEDZIALNOŚCIĄ,RejP,30.08.2006,08.07.2026,08.07.2026,ACTIVE,,,,WÓLKA MAJDAŃSKA,,26,,14-140,MIŁOMŁYN,46.73.Z,46.76.Z; 47.59.Z; 47.41.Z; 16.10.Z; 16.21.Z; 16.23.Z; 49.41.Z; 52.21.Z; 46.71.Z,16.10.Z,pozostałe,16.10.Z: PKD 2007 - Produkcja wyrobów tartacznych,"{'wartosc': '50000,00', 'waluta': 'PLN'}",
0000263374,"""STAR DEVELOPMENT"" SPÓŁKA Z OGRANICZONĄ ODPOWIEDZIALNOŚCIĄ",9512194325,14069429600000,SPÓŁKA Z OGRANICZONĄ ODPOWIEDZIALNOŚCIĄ,RejP,06.09.2006,14.01.2026,15.01.2026,ACTIVE,,,,,,,,,,,01.11.Z; 01.13.Z; 01.15.Z; 01.16.Z; 01.19.Z; 01.21.Z; 01.22.Z; 01.23.Z; 01.24.Z; 01.25.Z; 01.26.Z; 01.27.Z; 01.28.Z; 01.29.Z; 01.30.Z; 01.41.Z; 01.42.Z; 01.43.Z; 01.45.Z; 01.46.Z; 01.47.Z; 01.49.Z; 01.50.Z; 01.61.Z; 01.62.Z; 01.63.Z; 01.64.Z; 01.70.Z; 02.10.Z; 02.20.Z; 02.30.Z; 02.40.Z; 03.21.Z; 03.22.Z; 09.10.Z; 09.90.Z; 10.11.Z; 10.12.Z; 10.13.Z; 10.20.Z; 10.31.Z; 10.32.Z; 10.39.Z; 10.41.Z; 10.42.Z; 10.51.Z; 10.52.Z; 10.61.Z; 10.62.Z; 10.71.Z; 10.81.Z; 10.82.Z; 10.83.Z; 10.84.Z; 10.85.Z; 10.86.Z; 10.89.Z; 10.91.Z; 10.92.Z; 11.02.Z; 11.03.Z; 11.04.Z; 11.05.Z; 11.06.Z; 11.07.Z; 16.10.Z; 16.21.Z; 16.22.Z; 16.23.Z; 16.24.Z; 16.29.Z; 17.21.Z; 17.22.Z; 17.23.Z; 17.24.Z; 17.29.Z; 18.11.Z; 18.12.Z; 18.13.Z; 18.14.Z; 18.20.Z; 19.20.Z; 20.20.Z; 20.30.Z; 20.41.Z; 20.42.Z; 22.11.Z; 22.19.Z; 22.21.Z; 22.22.Z; 22.23.Z; 22.29.Z; 23.20.Z; 23.31.Z; 23.32.Z; 23.41.Z; 23.42.Z; 23.43.Z; 23.44.Z; 23.49.Z; 23.51.Z; 23.52.Z; 23.61.Z; 23.62.Z; 23.63.Z; 23.64.Z; 23.65.Z; 23.69.Z; 23.70.Z; 23.91.Z; 23.99.Z; 25.11.Z; 25.12.Z; 25.21.Z; 25.29.Z; 25.30.Z; 25.50.Z; 25.61.Z; 25.62.Z; 26.11.Z; 26.12.Z; 26.20.Z; 26.30.Z; 26.40.Z; 26.51.Z; 27.11.Z; 27.12.Z; 27.33.Z; 27.40.Z; 27.51.Z; 27.52.Z; 27.90.Z; 28.23.Z; 28.24.Z; 28.25.Z; 28.29.Z; 28.30.Z; 28.99.Z; 29.31.Z; 29.32.Z; 30.12.Z; 30.99.Z; 31.01.Z; 31.02.Z; 31.03.Z; 31.09.Z; 32.12.Z; 32.13.Z; 32.30.Z; 32.40.Z; 32.50.Z; 32.91.Z; 32.99.Z; 33.11.Z; 33.12.Z; 33.13.Z; 33.14.Z; 33.15.Z; 33.17.Z; 33.19.Z; 33.20.Z; 35.11.Z; 35.12.Z; 35.13.Z; 35.14.Z; 35.30.Z; 36.00.Z; 41.10.Z; 41.20.Z; 42.99.Z; 43.11.Z; 43.12.Z; 43.21.Z; 43.22.Z; 43.29.Z; 43.31.Z; 43.32.Z; 43.33.Z; 43.34.Z; 43.39.Z; 43.91.Z; 43.99.Z; 45.11.Z; 45.19.Z; 45.20.Z; 45.31.Z; 45.32.Z; 45.40.Z; 46.11.Z; 46.12.Z; 46.13.Z; 46.14.Z; 46.15.Z; 46.16.Z; 46.17.Z; 46.18.Z; 46.19.Z; 46.21.Z; 46.22.Z; 46.23.Z; 46.24.Z; 46.51.Z; 46.52.Z; 46.90.Z; 47.11.Z; 47.19.Z; 47.30.Z; 47.41.Z; 47.42.Z; 47.43.Z; 47.51.Z; 47.52.Z; 47.53.Z; 47.54.Z; 47.59.Z; 47.61.Z; 47.62.Z; 47.63.Z; 47.64.Z; 47.65.Z; 47.71.Z; 47.72.Z; 47.73.Z; 47.74.Z; 47.75.Z; 47.76.Z; 47.77.Z; 47.78.Z; 47.79.Z; 47.91.Z; 47.99.Z; 49.41.Z; 49.42.Z; 52.24.C; 53.20.Z; 55.10.Z; 55.20.Z; 55.30.Z; 55.90.Z; 56.10.A; 56.10.B; 56.21.Z; 56.29.Z; 56.30.Z; 58.11.Z; 58.12.Z; 58.13.Z; 58.14.Z; 58.19.Z; 58.21.Z; 58.29.Z; 62.01.Z; 62.02.Z; 62.03.Z; 62.09.Z; 63.11.Z; 63.12.Z; 63.91.Z; 63.99.Z; 64.20.Z; 64.91.Z; 64.92.Z; 64.99.Z; 66.12.Z; 66.19.Z; 66.21.Z; 66.22.Z; 68.10.Z; 68.20.Z; 68.31.Z; 68.32.Z; 70.21.Z; 70.22.Z; 71.11.Z; 71.12.Z; 71.20.A; 71.20.B; 72.11.Z; 73.11.Z; 73.12.A; 73.12.B; 73.12.C; 73.12.D; 73.20.Z; 74.10.Z; 74.20.Z; 74.30.Z; 74.90.Z; 75.00.Z; 77.11.Z; 77.12.Z; 77.21.Z; 77.22.Z; 77.29.Z; 77.31.Z; 77.32.Z; 77.33.Z; 77.34.Z; 77.35.Z; 77.39.Z; 77.40.Z; 78.10.Z; 78.20.Z; 78.30.Z; 79.90.A; 79.90.B; 79.90.C; 81.10.Z; 81.21.Z; 81.22.Z; 81.29.Z; 81.30.Z; 82.11.Z; 82.19.Z; 82.20.Z; 82.30.Z; 82.91.Z; 82.92.Z; 82.99.Z; 85.10.Z; 85.20.Z; 85.31.A; 85.31.B; 85.31.C; 85.32.A; 85.32.B; 85.32.C; 85.41.Z; 85.42.A; 85.42.B; 85.51.Z; 85.52.Z; 85.53.Z; 85.59.A; 85.59.B; 85.60.Z; 86.21.Z; 86.22.Z; 86.23.Z; 86.90.A; 86.90.C; 86.90.D; 86.90.E; 87.10.Z; 87.20.Z; 87.30.Z; 87.90.Z; 88.10.Z; 88.91.Z; 88.99.Z; 90.01.Z; 90.02.Z; 90.03.Z; 90.04.Z; 91.01.A; 91.03.Z; 91.04.Z; 93.11.Z; 93.12.Z; 93.13.Z; 93.19.Z; 93.21.Z; 95.11.Z; 95.12.Z; 95.21.Z; 95.22.Z; 95.23.Z; 95.24.Z; 95.25.Z; 95.29.Z; 96.01.Z; 96.02.Z; 96.03.Z; 96.04.Z; 96.09.Z; 93.29.B,16.10.Z,pozostałe,16.10.Z: PKD 2007 - Produkcja wyrobów tartacznych,"{'wartosc': '240000,00', 'waluta': 'PLN'}",
0000263863,"""ENERKO"" SPÓŁKA Z OGRANICZONĄ ODPOWIEDZIALNOŚCIĄ",6612275837,26012011600000,SPÓŁKA Z OGRANICZONĄ ODPOWIEDZIALNOŚCIĄ,RejP,19.09.2006,09.03.2026,09.03.2026,ACTIVE,,,,OSTROWIEC ŚWIĘTOKRZYSKI,ŚWIĘTOKRZYSKA,8,,27-400,OSTROWIEC ŚWIĘTOKRZYSKI,,28.22.Z; 30.99.Z; 31.01.Z; 33.17.Z; 29.32.Z; 30.11.Z; 30.20.Z; 30.30.Z; 31.02.Z; 31.09.Z; 95.24.Z; 02.40.Z; 16.10.Z; 16.21.Z; 16.22.Z; 47.30.Z; 46.71.Z; 09.10.Z; 06.10.Z; 06.20.Z; 43.13.Z; 52.21.Z; 52.22.A; 52.22.B; 25.29.Z; 33.11.Z; 33.20.Z; 46.77.Z; 33.12.Z; 29.20.Z; 16.23.Z; 43.91.Z; 16.24.Z; 33.19.Z; 16.29.Z; 32.99.Z; 45.31.Z; 45.32.Z; 46.90.Z; 47.53.Z; 47.76.Z; 47.78.Z; 45.20.Z; 49.41.Z; 49.42.Z; 52.10.A; 52.10.B; 43.11.Z; 43.12.Z; 41.20.Z; 42.12.Z; 42.13.Z; 42.21.Z; 42.22.Z; 42.99.Z; 43.99.Z; 42.91.Z; 43.21.Z; 43.29.Z; 43.22.Z; 43.31.Z; 43.32.Z; 43.33.Z; 52.24.A; 52.24.B; 52.24.C; 64.20.Z; 64.30.Z; 64.99.Z; 20.13.Z; 19.10.Z; 20.14.Z; 46.75.Z; 46.76.Z; 38.11.Z; 38.12.Z; 38.21.Z; 38.22.Z; 55.10.Z; 55.20.Z; 55.30.Z; 55.90.Z; 56.10.A; 56.10.B; 56.30.Z; 56.29.Z; 56.21.Z; 19.20.Z; 20.16.Z; 35.11.Z; 10.41.Z; 20.41.Z; 20.42.Z; 20.59.Z; 26.11.Z; 68.20.Z; 68.32.Z; 81.10.Z; 77.39.Z; 25.11.Z; 25.12.Z; 25.21.Z; 25.62.Z; 29.31.Z; 33.13.Z; 33.14.Z; 35.12.Z; 35.13.Z; 35.14.Z; 35.21.Z; 38.32.Z; 41.10.Z; 43.34.Z; 43.39.Z; 45.11.Z; 45.19.Z; 45.40.Z; 46.74.Z; 47.11.Z; 47.19.Z; 47.25.Z; 47.52.Z; 47.62.Z; 47.65.Z; 47.75.Z; 49.39.Z; 52.29.B; 58.19.Z; 61.10.Z; 61.20.Z; 61.90.Z; 62.02.Z; 62.09.Z; 63.11.Z; 63.99.Z; 64.19.Z; 64.92.Z; 68.10.Z; 68.31.Z; 69.10.Z; 69.20.Z; 70.21.Z; 70.22.Z; 71.12.Z; 71.20.B; 72.19.Z; 72.20.Z; 73.11.Z; 73.12.A; 73.12.B; 73.12.C; 73.12.D; 73.20.Z; 77.11.Z; 77.12.Z; 77.32.Z; 77.33.Z; 77.40.Z; 78.10.Z; 78.30.Z; 80.10.Z; 80.20.Z; 80.30.Z; 81.21.Z; 81.29.Z; 82.11.Z; 82.19.Z; 82.30.Z; 82.99.Z; 85.51.Z; 85.59.A; 85.59.B; 85.60.Z; 93.11.Z; 93.12.Z; 93.19.Z; 46.73.Z; 93.29.B,16.10.Z,pozostałe,16.10.Z: PKD 2007 - Produkcja wyrobów tartacznych,"{'wartosc': '9720000,00', 'waluta': 'PLN'}",
0000264250,"""BUDNY SPÓŁKA JAWNA""",6792909610,12032611900000,SPÓŁKA JAWNA,RejP,20.09.2006,14.01.2026,21.02.2026,ACTIVE,,,,KOŚCIELISKO,SYWARNE,34 A,,34-511,KOŚCIELISKO,,01.11.Z; 01.13.Z; 01.19.Z; 01.21.Z; 01.24.Z; 01.25.Z; 01.27.Z; 01.28.Z; 01.29.Z; 01.41.Z; 01.42.Z; 01.43.Z; 01.45.Z; 01.46.Z; 01.47.Z; 01.49.Z; 01.50.Z; 01.61.Z; 01.62.Z; 01.63.Z; 01.70.Z; 02.10.Z; 02.20.Z; 02.30.Z; 02.40.Z; 08.12.Z; 08.91.Z; 08.99.Z; 08.92.Z; 10.11.Z; 10.12.Z; 10.13.Z; 10.31.Z; 10.32.Z; 10.39.Z; 10.51.Z; 10.71.Z; 10.72.Z; 10.73.Z; 10.85.Z; 10.89.Z; 10.91.Z; 10.92.Z; 11.07.Z; 13.93.Z; 13.94.Z; 14.11.Z; 14.12.Z; 14.20.Z; 15.11.Z; 15.12.Z; 15.20.Z; 16.10.Z; 16.21.Z; 16.22.Z; 16.23.Z; 16.24.Z; 16.29.Z; 17.21.Z; 17.22.Z; 17.23.Z; 17.24.Z; 17.29.Z; 18.12.Z; 18.13.Z; 20.11.Z; 20.12.Z; 20.16.Z; 20.41.Z; 20.42.Z; 20.52.Z; 20.53.Z; 20.59.Z; 22.11.Z; 22.19.Z; 22.21.Z; 22.22.Z; 22.23.Z; 22.29.Z; 23.31.Z; 23.32.Z; 23.41.Z; 23.42.Z; 23.43.Z; 23.44.Z; 23.49.Z; 23.51.Z; 23.52.Z; 23.61.Z; 23.62.Z; 23.63.Z; 23.64.Z; 23.65.Z; 23.69.Z; 23.70.Z; 23.91.Z; 23.99.Z; 25.11.Z; 25.12.Z; 25.21.Z; 25.29.Z; 25.30.Z; 25.61.Z; 25.62.Z; 25.71.Z; 25.72.Z; 25.73.Z; 25.91.Z; 25.92.Z; 25.93.Z; 25.94.Z; 25.99.Z; 26.11.Z; 26.12.Z; 26.20.Z; 26.30.Z; 26.40.Z; 26.51.Z; 26.52.Z; 26.60.Z; 26.70.Z; 26.80.Z; 27.11.Z; 27.12.Z; 27.20.Z; 27.32.Z; 27.33.Z; 27.40.Z; 27.51.Z; 27.52.Z; 27.90.Z; 28.11.Z; 28.13.Z; 28.14.Z; 28.15.Z; 28.21.Z; 28.22.Z; 28.23.Z; 28.24.Z; 28.25.Z; 28.29.Z; 28.30.Z; 28.41.Z; 28.49.Z; 28.92.Z; 28.93.Z; 28.94.Z; 28.95.Z; 28.96.Z; 28.99.Z; 29.20.Z; 29.31.Z; 29.32.Z; 30.91.Z; 30.92.Z; 30.99.Z; 31.01.Z; 31.02.Z; 31.03.Z; 31.09.Z; 32.30.Z; 32.40.Z; 32.91.Z; 32.99.Z; 33.11.Z; 33.12.Z; 33.13.Z; 33.14.Z; 33.17.Z; 33.19.Z; 33.20.Z; 35.11.Z; 35.12.Z; 35.13.Z; 35.14.Z; 35.22.Z; 35.21.Z; 35.23.Z; 35.30.Z; 36.00.Z; 37.00.Z; 38.11.Z; 38.12.Z; 38.21.Z; 38.22.Z; 38.31.Z; 38.32.Z; 39.00.Z; 41.10.Z; 41.20.Z; 42.11.Z; 42.12.Z; 42.13.Z; 42.21.Z; 42.22.Z; 42.91.Z; 42.99.Z; 43.11.Z; 43.12.Z; 43.13.Z; 43.21.Z; 43.22.Z; 43.29.Z; 43.31.Z; 43.32.Z; 43.33.Z; 43.34.Z; 43.39.Z; 43.91.Z; 43.99.Z; 45.11.Z; 45.19.Z; 45.20.Z; 45.31.Z; 45.32.Z; 45.40.Z; 46.11.Z; 46.12.Z; 46.13.Z; 46.14.Z; 46.15.Z; 46.16.Z; 46.17.Z; 46.18.Z; 46.19.Z; 46.21.Z; 46.22.Z; 46.24.Z; 46.31.Z; 46.32.Z; 46.33.Z; 46.34.A; 46.34.B; 46.35.Z; 46.36.Z; 46.37.Z; 46.38.Z; 46.39.Z; 46.41.Z; 46.42.Z; 46.43.Z; 46.44.Z; 46.45.Z; 46.46.Z; 46.47.Z; 46.48.Z; 46.49.Z; 46.51.Z; 46.52.Z; 46.61.Z; 46.62.Z; 46.63.Z; 46.64.Z; 46.65.Z; 46.66.Z; 46.69.Z; 46.71.Z; 46.72.Z; 46.73.Z; 46.74.Z; 46.75.Z; 46.76.Z; 46.77.Z; 46.90.Z; 47.11.Z; 47.19.Z; 47.21.Z; 47.22.Z; 47.23.Z; 47.24.Z; 47.25.Z; 47.26.Z; 47.29.Z; 47.30.Z; 47.41.Z; 47.42.Z; 47.43.Z; 47.52.Z; 47.53.Z; 47.54.Z; 47.59.Z; 47.61.Z; 47.62.Z; 47.63.Z; 47.64.Z; 47.65.Z; 47.71.Z; 47.72.Z; 47.73.Z; 47.74.Z; 47.75.Z; 47.76.Z; 47.77.Z; 47.78.Z; 47.79.Z; 47.81.Z; 47.82.Z; 47.89.Z; 47.91.Z; 47.99.Z; 49.10.Z; 49.20.Z; 49.31.Z; 49.32.Z; 49.39.Z; 49.41.Z; 49.42.Z; 49.50.A; 49.50.B; 50.30.Z; 50.40.Z; 51.10.Z; 51.21.Z; 52.10.A; 52.10.B; 52.21.Z; 52.22.B; 52.23.Z; 52.24.B; 52.24.C; 52.29.B; 52.29.C; 53.20.Z; 55.10.Z; 55.20.Z; 55.30.Z; 55.90.Z; 56.10.A; 56.10.B; 56.21.Z; 56.29.Z; 56.30.Z; 58.12.Z; 58.13.Z; 58.14.Z; 58.19.Z; 58.21.Z; 58.29.Z; 59.11.Z; 59.12.Z; 59.13.Z; 59.14.Z; 59.20.Z; 60.10.Z; 60.20.Z; 61.10.Z; 61.20.Z; 61.30.Z; 61.90.Z; 62.01.Z; 62.02.Z; 62.03.Z; 62.09.Z; 63.11.Z; 63.12.Z; 63.91.Z; 63.99.Z; 64.91.Z; 64.99.Z; 68.10.Z; 68.20.Z; 68.31.Z; 68.32.Z; 71.11.Z; 71.12.Z; 71.20.A; 71.20.B; 73.11.Z; 73.12.A; 73.12.B; 73.12.C; 73.12.D; 77.11.Z; 77.12.Z; 77.21.Z; 77.22.Z; 77.29.Z; 77.31.Z; 77.32.Z; 77.33.Z; 77.34.Z; 77.35.Z; 77.39.Z; 78.10.Z; 78.20.Z; 78.30.Z; 79.11.A; 79.11.B; 79.12.Z; 79.90.A; 79.90.B; 79.90.C; 80.10.Z; 80.20.Z; 82.11.Z; 82.19.Z; 82.20.Z; 82.30.Z; 82.91.Z; 82.92.Z; 82.99.Z; 93.21.Z; 81.10.Z; 81.21.Z; 81.22.Z; 81.29.Z; 81.30.Z; 96.04.Z; 96.09.Z; 95.11.Z; 95.12.Z; 95.21.Z; 95.22.Z; 95.23.Z; 95.24.Z; 95.29.Z; 93.29.B,16.10.Z,pozostałe,16.10.Z: PKD 2007 - Produkcja wyrobów tartacznych,,
0000265693,"""BUMET - TARTAK KLĘPINA"" SPÓŁKA Z OGRANICZONĄ ODPOWIEDZIALNOŚCIĄ",9730884097,08013525500000,SPÓŁKA Z OGRANICZONĄ ODPOWIEDZIALNOŚCIĄ,RejP,12.10.2006,22.04.2026,22.04.2026,ACTIVE,,,,KLĘPINA,LUBUSKA,36,,66-010,NOWOGRÓD BOBRZAŃSKI,16.10.Z,,16.10.Z,przeważające,16.10.Z: PKD 2007 - Produkcja wyrobów tartacznych,"{'wartosc': '50000,00', 'waluta': 'PLN'}",
0000269163,"""DREWEKO"" SPÓŁKA Z OGRANICZONĄ ODPOWIEDZIALNOŚCIĄ",8181644388,18018653900000,SPÓŁKA Z OGRANICZONĄ ODPOWIEDZIALNOŚCIĄ,RejP,05.12.2006,07.07.2026,07.07.2026,ACTIVE,,,,IWIERZYCE,,35,,39-124,IWIERZYCE,16.10.Z,16.22.Z; 16.23.Z; 16.29.Z; 43.33.Z; 68.10.Z; 77.11.Z; 77.39.Z; 35.11.Z; 35.14.Z,16.10.Z,przeważające,16.10.Z: PKD 2007 - Produkcja wyrobów tartacznych,"{'wartosc': '8550000,00', 'waluta': 'PLN'}",
0000269363,"""AWA MEBEL"" SPÓŁKA Z OGRANICZONĄ ODPOWIEDZIALNOŚCIĄ",9840176438,28016500800000,SPÓŁKA Z OGRANICZONĄ ODPOWIEDZIALNOŚCIĄ,RejP,08.12.2006,14.07.2025,21.11.2025,ACTIVE,,,,PIĄTKI,,37,,13-100,NIDZICA,31.09.Z,16.10.Z; 16.23.Z; 16.24.Z; 31.01.Z; 31.02.Z; 68.20.Z; 85.32.B; 32.99.Z; 77.39.Z,16.10.Z,pozostałe,16.10.Z: PKD 2007 - Produkcja wyrobów tartacznych,"{'wartosc': '60000,00', 'waluta': 'PLN'}",
0000273742,"""APEX"" SPÓŁKA Z OGRANICZONĄ ODPOWIEDZIALNOŚCIĄ",8691892837,12038609600000,SPÓŁKA Z OGRANICZONĄ ODPOWIEDZIALNOŚCIĄ,RejP,07.02.2007,01.07.2026,01.07.2026,ACTIVE,,,,BRZESKO,KOŁŁĄTAJA,13A,,32-800,BRZESKO,43.12.Z,16.10.Z; 16.23.Z; 16.24.Z; 16.29.Z; 17.21.Z; 17.22.Z; 23.11.Z; 23.12.Z; 23.13.Z,16.10.Z,pozostałe,16.10.Z: PKD 2007 - Produkcja wyrobów tartacznych,"{'wartosc': '3771700,00', 'waluta': 'PLN'}",
0000273759,FURNITURE CONCEPT SPÓŁKA Z OGRANICZONĄ ODPOWIEDZIALNOŚCIĄ W UPADŁOŚCI,7191519371,20012427900000,SPÓŁKA Z OGRANICZONĄ ODPOWIEDZIALNOŚCIĄ,RejP,09.02.2007,06.07.2026,06.07.2026,ACTIVE,,,,BARTOSZYCE,UL. DRZEWNA,1,,11-200,BARTOSZYCE,31.09.Z,31.01.Z; 31.02.Z; 16.10.Z; 16.21.Z; 16.24.Z; 16.29.Z; 77.39.Z,16.10.Z,pozostałe,16.10.Z: PKD 2007 - Produkcja wyrobów tartacznych,"{'wartosc': '100000,00', 'waluta': 'PLN'}",
0000276440,EKO-TRAK LESZEK LISOWSKI I WSPÓLNICY SPÓŁKA JAWNA W LIKWIDACJI,6572735711,26014878700000,SPÓŁKA JAWNA,RejP,15.03.2007,30.03.2026,30.03.2026,LIQUIDATION,,,,KIELCE,WARSZAWSKA,152A,,25-414,KIELCE,16.10.Z,,16.10.Z,przeważające,16.10.Z: PKD 2007 - Produkcja wyrobów tartacznych,,
0000277086,"""PUMART"" SPÓŁKA Z OGRANICZONĄ ODPOWIEDZIALNOŚCIĄ",6420001110,00350167100000,SPÓŁKA Z OGRANICZONĄ ODPOWIEDZIALNOŚCIĄ,RejP,23.03.2007,03.07.2026,03.07.2026,ACTIVE,,,,RYBNIK,BRONIEWSKIEGO,25,,44-217,RYBNIK,,33.11.Z; 33.12.Z; 33.13.Z; 33.14.Z; 33.17.Z; 33.19.Z; 33.20.Z; 41.10.Z; 41.20.Z; 42.11.Z; 42.13.Z; 42.21.Z; 42.22.Z; 42.91.Z; 42.99.Z; 43.11.Z; 43.12.Z; 43.13.Z; 43.21.Z; 43.22.Z; 43.29.Z; 43.31.Z; 43.32.Z; 43.33.Z; 43.34.Z; 43.39.Z; 43.91.Z; 43.99.Z; 38.11.Z; 38.12.Z; 38.21.Z; 38.22.Z; 38.31.Z; 38.32.Z; 39.00.Z; 45.11.Z; 45.19.Z; 46.42.Z; 46.43.Z; 46.44.Z; 46.48.Z; 46.49.Z; 46.51.Z; 46.52.Z; 46.61.Z; 46.62.Z; 46.63.Z; 46.64.Z; 46.65.Z; 46.66.Z; 46.69.Z; 46.72.Z; 46.73.Z; 46.74.Z; 46.75.Z; 46.76.Z; 46.77.Z; 46.90.Z; 47.11.Z; 47.19.Z; 47.41.Z; 47.42.Z; 47.43.Z; 47.51.Z; 47.52.Z; 47.53.Z; 47.54.Z; 47.59.Z; 47.71.Z; 47.72.Z; 47.75.Z; 47.77.Z; 47.78.Z; 47.79.Z; 47.81.Z; 47.82.Z; 47.89.Z; 49.31.Z; 49.32.Z; 49.39.Z; 49.41.Z; 49.42.Z; 52.10.B; 52.21.Z; 52.22.B; 55.10.Z; 55.20.Z; 55.90.Z; 56.10.A; 56.21.Z; 56.29.Z; 62.01.Z; 62.02.Z; 62.03.Z; 62.09.Z; 63.91.Z; 63.99.Z; 68.10.Z; 68.20.Z; 68.31.Z; 68.32.Z; 70.22.Z; 71.11.Z; 71.12.Z; 71.20.B; 73.11.Z; 74.10.Z; 74.90.Z; 77.11.Z; 77.12.Z; 77.32.Z; 77.33.Z; 77.39.Z; 80.20.Z; 81.10.Z; 81.21.Z; 81.22.Z; 81.29.Z; 81.30.Z; 82.99.Z; 95.11.Z; 95.12.Z; 95.21.Z; 95.22.Z; 95.24.Z; 95.25.Z; 95.29.Z; 14.11.Z; 14.12.Z; 14.13.Z; 14.19.Z; 16.10.Z; 25.11.Z; 25.12.Z; 26.11.Z; 26.12.Z; 26.20.Z; 26.40.Z; 27.40.Z; 27.90.Z; 45.20.Z; 45.31.Z; 45.32.Z; 45.40.Z; 46.31.Z; 46.32.Z; 46.33.Z; 46.34.A; 46.34.B; 46.35.Z; 46.36.Z; 46.37.Z; 46.38.Z; 46.39.Z; 46.41.Z; 96.02.Z; 96.09.Z; 90.01.Z; 90.02.Z; 90.03.Z; 93.21.Z; 55.30.Z; 56.10.B; 56.30.Z; 69.10.Z; 69.20.Z; 77.29.Z; 79.90.A; 79.11.A; 79.11.B; 78.10.Z; 80.10.Z; 82.19.Z; 93.29.B,16.10.Z,pozostałe,16.10.Z: PKD 2007 - Produkcja wyrobów tartacznych,"{'wartosc': '50000,00', 'waluta': 'PLN'}",
0000279114,"""MEBLOBUD J. SEREK, R. SEREK, R. SEREK"" SPÓŁKA JAWNA",6641793670,29096187800000,SPÓŁKA JAWNA,RejP,20.04.2007,30.06.2026,30.06.2026,ACTIVE,,,,STARACHOWICE,SKŁADOWA,33 B,,27-200,STARACHOWICE,93.21.Z,16.10.Z; 46.73.Z; 56.29.Z; 56.30.Z; 68.20.Z; 93.11.Z; 93.13.Z; 93.29.B,16.10.Z,pozostałe,16.10.Z: PKD 2007 - Produkcja wyrobów tartacznych,,
0000279587,TRUCK TRONIC SPÓŁKA Z OGRANICZONĄ ODPOWIEDZIALNOŚCIĄ,7822391409,30057749200000,SPÓŁKA Z OGRANICZONĄ ODPOWIEDZIALNOŚCIĄ,RejP,02.05.2007,18.07.2025,24.11.2025,ACTIVE,,,,WYRZEKA,MÓRECKA,5,,63-100,ŚREM,,16.10.Z; 16.21.Z; 16.22.Z; 16.23.Z; 16.24.Z; 16.29.Z; 22.11.Z; 22.19.Z; 33.11.Z; 33.12.Z; 33.14.Z; 33.17.Z; 33.19.Z; 38.11.Z; 38.12.Z; 38.21.Z; 45.11.Z; 45.19.Z; 45.20.Z; 45.31.Z; 45.32.Z; 45.40.Z; 46.13.Z; 46.61.Z; 46.62.Z; 46.63.Z; 46.65.Z; 46.66.Z; 46.69.Z; 46.71.Z; 46.72.Z; 46.73.Z; 46.77.Z; 46.90.Z; 47.89.Z; 47.91.Z; 47.99.Z; 49.41.Z; 50.20.Z; 50.40.Z; 52.10.A; 52.10.B; 52.21.Z; 52.22.A; 52.22.B; 52.24.A; 52.24.B; 52.24.C; 52.29.A; 52.29.B; 52.29.C; 68.10.Z; 68.20.Z; 68.31.Z; 68.32.Z; 77.11.Z; 77.12.Z; 77.31.Z; 77.32.Z; 77.39.Z,16.10.Z,pozostałe,16.10.Z: PKD 2007 - Produkcja wyrobów tartacznych,"{'wartosc': '50000,00', 'waluta': 'PLN'}",
0000280683,"""ASTON GROUP"" SPÓŁKA Z OGRANICZONĄ ODPOWIEDZIALNOŚCIĄ",1132823041,14091759500000,SPÓŁKA Z OGRANICZONĄ ODPOWIEDZIALNOŚCIĄ,RejP,15.05.2007,03.09.2026,03.09.2026,ACTIVE,,,,WARSZAWA,UL. ŻEGAŃSKA,21,23,04-713,WARSZAWA,31.01.Z,31.02.Z; 31.09.Z; 16.10.Z; 16.24.Z; 16.29.Z; 68.10.Z; 68.31.Z; 68.32.Z; 64.92.Z,16.10.Z,pozostałe,16.10.Z: PKD 2007 - Produkcja wyrobów tartacznych,"{'wartosc': '50000,00', 'waluta': 'PLN'}",
0000280968,MARU HOUSE SPÓŁKA Z OGRANICZONĄ ODPOWIEDZIALNOŚCIĄ,1231117429,14103619300000,SPÓŁKA Z OGRANICZONĄ ODPOWIEDZIALNOŚCIĄ,RejP,18.05.2007,07.10.2021,24.11.2025,ACTIVE,,,,WARSZAWA,DĄBROWIECKA,8,4,03-932,WARSZAWA,,14.11.Z; 14.19.Z; 14.20.Z; 14.31.Z; 14.39.Z; 15.12.Z; 16.10.Z; 16.21.Z; 16.22.Z; 16.23.Z; 16.24.Z; 18.12.Z; 18.13.Z; 18.14.Z; 31.01.Z; 31.02.Z; 31.03.Z; 31.09.Z; 32.11.Z; 32.12.Z; 32.13.Z; 32.20.Z; 32.30.Z; 32.40.Z; 41.10.Z; 41.20.Z; 43.11.Z; 43.12.Z; 43.13.Z; 43.21.Z; 43.22.Z; 43.29.Z; 43.31.Z; 43.32.Z; 43.33.Z; 43.34.Z; 43.39.Z; 43.91.Z; 43.99.Z; 46.13.Z; 46.15.Z; 46.16.Z; 46.17.Z; 46.18.Z; 46.19.Z; 46.41.Z; 46.42.Z; 46.43.Z; 46.44.Z; 46.45.Z; 46.47.Z; 46.48.Z; 46.49.Z; 46.51.Z; 46.52.Z; 46.73.Z; 47.11.Z; 47.19.Z; 47.43.Z; 47.51.Z; 47.52.Z; 47.53.Z; 47.54.Z; 47.59.Z; 47.61.Z; 47.62.Z; 47.63.Z; 47.64.Z; 47.65.Z; 47.71.Z; 47.72.Z; 47.75.Z; 47.76.Z; 47.77.Z; 47.78.Z; 47.99.Z; 55.10.Z; 55.20.Z; 55.30.Z; 55.90.Z; 56.10.B; 56.21.Z; 56.29.Z; 56.30.Z; 58.11.Z; 58.19.Z; 59.11.Z; 59.12.Z; 59.13.Z; 59.14.Z; 59.20.Z; 68.10.Z; 68.20.Z; 68.31.Z; 68.32.Z; 70.21.Z; 70.22.Z; 71.11.Z; 71.12.Z; 73.11.Z; 73.12.B; 73.12.C; 73.12.D; 73.20.Z; 74.10.Z; 74.90.Z; 77.39.Z; 77.40.Z; 90.01.Z; 90.02.Z; 90.03.Z; 90.04.Z; 47.91.Z,16.10.Z,pozostałe,16.10.Z: PKD 2007 - Produkcja wyrobów tartacznych,"{'wartosc': '50000,00', 'waluta': 'PLN'}",
0000282635,"""DREW-TRADING"" SPÓŁKA Z OGRANICZONĄ ODPOWIEDZIALNOŚCIĄ",7492019462,16013900100000,SPÓŁKA Z OGRANICZONĄ ODPOWIEDZIALNOŚCIĄ,RejP,13.06.2007,24.06.2026,24.06.2026,ACTIVE,,,,DZIERGOWICE,KOLEJOWA,2B,,47-244,DZIERGOWICE,16.10.Z,43.32.Z; 43.91.Z; 16.24.Z; 16.29.Z; 32.99.Z; 16.22.Z; 16.21.Z; 49.41.Z; 16.23.Z,16.10.Z,przeważające,16.10.Z: PKD 2007 - Produkcja wyrobów tartacznych,"{'wartosc': '350000,00', 'waluta': 'PLN'}",
0000283504,"""ERAKO"" SPÓŁKA Z OGRANICZONĄ ODPOWIEDZIALNOŚCIĄ",5611565567,34030342100000,SPÓŁKA Z OGRANICZONĄ ODPOWIEDZIALNOŚCIĄ,RejP,25.06.2007,24.06.2026,24.06.2026,ACTIVE,,,,TUCHOLA,TRANSPORTOWA,3,,89-500,TUCHOLA,43.91.Z,16.10.Z; 16.29.Z; 41.20.Z; 43.29.Z; 43.39.Z; 43.99.Z; 46.13.Z; 46.73.Z; 71.12.Z,16.10.Z,pozostałe,16.10.Z: PKD 2007 - Produkcja wyrobów tartacznych,"{'wartosc': '50000,00', 'waluta': 'PLN'}",
0000283609,"FRB FABRYKA MEBLI LASKOWSKI, POWIERZA SPÓŁKA JAWNA",7962790291,14104831600000,SPÓŁKA JAWNA,RejP,29.06.2007,27.05.2025,24.11.2025,ACTIVE,,,,WARSZAWA,UL. ALOJZEGO FELIŃSKIEGO,25,,01-555,WARSZAWA,31.01.Z,31.02.Z; 31.03.Z; 31.09.Z; 16.10.Z; 55.10.Z; 59.20.Z; 63.99.Z; 77.40.Z; 82.99.Z,16.10.Z,pozostałe,16.10.Z: PKD 2007 - Produkcja wyrobów tartacznych,,
0000283978,"""KOMPLEKS DREW"" SPÓŁKA Z OGRANICZONĄ ODPOWIEDZIALNOŚCIĄ",8661680125,26017913800000,SPÓŁKA Z OGRANICZONĄ ODPOWIEDZIALNOŚCIĄ,RejP,22.08.2007,21.09.2026,21.09.2026,ACTIVE,,,,STASZÓW,DŁUGA,10,,28-200,STASZÓW,,16.10.Z; 16.21.Z; 16.22.Z; 16.23.Z; 16.24.Z; 16.29.Z; 31.01.Z; 31.02.Z; 31.09.Z; 35.11.Z; 41.10.Z; 41.20.Z; 42.11.Z; 42.12.Z; 42.13.Z; 42.21.Z; 42.22.Z; 42.91.Z; 42.99.Z; 43.11.Z; 43.12.Z; 43.22.Z; 43.29.Z; 43.31.Z; 43.32.Z; 43.33.Z; 43.34.Z; 43.39.Z; 43.91.Z; 43.99.Z; 46.13.Z; 46.31.Z; 46.32.Z; 46.33.Z; 46.34.A; 46.34.B; 46.35.Z; 46.36.Z; 46.37.Z; 46.38.Z; 46.39.Z; 47.11.Z; 47.19.Z; 47.21.Z; 47.22.Z; 47.23.Z; 47.24.Z; 47.25.Z; 47.26.Z; 47.29.Z; 55.10.Z; 55.20.Z; 56.10.A; 56.21.Z; 56.29.Z; 56.30.Z; 68.20.Z; 85.59.B; 10.61.Z; 01.63.Z; 08.11.Z; 08.12.Z; 08.91.Z; 08.92.Z; 08.93.Z; 08.99.Z; 10.71.Z; 10.72.Z; 10.73.Z; 46.73.Z,16.10.Z,pozostałe,16.10.Z: PKD 2007 - Produkcja wyrobów tartacznych,"{'wartosc': '100500,00', 'waluta': 'PLN'}",
0000283985,"""AL-MED-BIS SPÓŁKA Z OGRANICZONĄ ODPOWIEDZIALNOŚCIĄ""",5472068798,24066079100000,SPÓŁKA Z OGRANICZONĄ ODPOWIEDZIALNOŚCIĄ,RejP,29.06.2007,11.08.2025,24.11.2025,ACTIVE,,,,BIELSKO-BIAŁA,IKARA,2,,43-300,BIELSKO-BIAŁA,16.10.Z,86.10.Z; 86.21.Z; 86.22.Z; 86.23.Z; 86.90.A; 86.90.B; 86.90.C; 87.10.Z; 86.90.E,16.10.Z,przeważające,16.10.Z: PKD 2007 - Produkcja wyrobów tartacznych,"{'wartosc': '1000000,00', 'waluta': 'PLN'}",
0000289187,"""NOBAR"" SPÓŁKA JAWNA BARBARA GORDZIELIK BETTINA GORDZIELIK W LIKWIDACJI",6472274630,27780570800000,SPÓŁKA JAWNA,RejP,19.10.2007,15.06.2026,15.06.2026,LIQUIDATION,,,,RYBNIK,MAHONIOWA,25,,44-217,RYBNIK,,16.10.Z; 16.23.Z; 16.24.Z; 16.29.Z; 31.09.Z; 38.32.Z; 43.11.Z; 41.20.Z; 43.91.Z; 43.99.Z; 43.21.Z; 43.29.Z; 43.22.Z; 43.31.Z; 43.32.Z; 43.33.Z; 43.34.Z; 45.19.Z; 46.12.Z; 46.13.Z; 46.15.Z; 46.17.Z; 46.18.Z; 46.19.Z; 46.43.Z; 46.44.Z; 46.49.Z; 46.73.Z; 46.75.Z; 46.66.Z; 47.19.Z; 47.59.Z; 47.52.Z; 47.76.Z; 52.10.B; 68.31.Z; 68.32.Z; 77.39.Z; 78.20.Z; 82.92.Z,16.10.Z,pozostałe,16.10.Z: PKD 2007 - Produkcja wyrobów tartacznych,,
0000292089,"ZAKŁAD PRODUKCJI DRZEWNEJ ""EUROWOOD-POMERANIA"" SPÓŁKA Z OGRANICZONĄ ODPOWIEDZIALNOŚCIĄ",9532560827,34031643500000,SPÓŁKA Z OGRANICZONĄ ODPOWIEDZIALNOŚCIĄ,RejP,05.11.2007,06.12.2025,07.12.2025,ACTIVE,,,,BYDGOSZCZ,,,,,,16.10.Z,46.13.Z; 46.19.Z; 46.73.Z; 49.41.Z; 52.10.B; 52.24.C; 68.10.Z; 68.20.Z,16.10.Z,przeważające,16.10.Z: PKD 2007 - Produkcja wyrobów tartacznych,"{'wartosc': '2000000,00', 'waluta': 'PLN'}",
0000292820,"""OLVO"" EXPORT IMPORT SPÓŁKA Z OGRANICZONĄ ODPOWIEDZIALNOŚCIĄ",8621612092,06030371600000,SPÓŁKA Z OGRANICZONĄ ODPOWIEDZIALNOŚCIĄ,RejP,14.11.2007,23.06.2025,21.11.2025,ACTIVE,,,,JANÓW LUBELSKI,WOJSKA POLSKIEGO,22,,23-300,JANÓW LUBELSKI,,46.38.Z; 46.39.Z; 46.73.Z; 46.76.Z; 46.90.Z; 49.41.Z; 52.10.A; 52.10.B; 77.39.Z; 77.31.Z; 77.32.Z; 78.10.Z; 78.20.Z; 78.30.Z; 01.11.Z; 01.12.Z; 01.64.Z; 01.63.Z; 16.29.Z; 01.21.Z; 01.22.Z; 01.23.Z; 01.24.Z; 01.25.Z; 02.30.Z; 10.41.Z; 11.02.Z; 01.46.Z; 01.49.Z; 01.50.Z; 01.61.Z; 10.39.Z; 02.40.Z; 09.10.Z; 10.13.Z; 10.85.Z; 10.89.Z; 10.61.Z; 10.62.Z; 11.01.Z; 11.04.Z; 11.07.Z; 13.92.Z; 14.12.Z; 15.11.Z; 16.10.Z; 96.09.Z; 32.99.Z; 33.19.Z; 43.99.Z; 33.12.Z; 33.20.Z; 95.22.Z; 33.14.Z; 43.11.Z; 43.12.Z; 41.20.Z; 43.91.Z; 43.39.Z; 45.11.Z; 45.19.Z; 45.31.Z; 45.32.Z; 47.30.Z; 46.11.Z; 46.21.Z; 46.22.Z; 46.23.Z; 46.24.Z; 46.31.Z; 46.32.Z; 46.33.Z; 46.34.A; 46.34.B; 84.21.Z; 88.99.Z,16.10.Z,pozostałe,16.10.Z: PKD 2007 - Produkcja wyrobów tartacznych,"{'wartosc': '50000,00', 'waluta': 'PLN'}",
0000293219,"""ECOMED"" SPÓŁKA Z OGRANICZONĄ ODPOWIEDZIALNOŚCIĄ",1132700580,14121828000000,SPÓŁKA Z OGRANICZONĄ ODPOWIEDZIALNOŚCIĄ,RejP,21.11.2007,17.07.2019,21.11.2025,ACTIVE,,,,WARSZAWA,KALEŃSKA,5,,04-367,WARSZAWA,,16.10.Z; 16.21.Z; 16.22.Z; 16.23.Z; 16.24.Z; 16.29.Z; 19.20.Z; 20.12.Z; 20.52.Z; 20.59.Z; 20.60.Z; 21.10.Z; 21.20.Z; 22.19.Z; 22.21.Z; 22.22.Z; 22.23.Z; 22.29.Z; 23.14.Z; 23.20.Z; 23.99.Z; 31.01.Z; 31.02.Z; 31.09.Z; 43.32.Z; 43.39.Z; 46.15.Z; 46.19.Z; 46.13.Z; 46.14.Z; 46.44.Z; 46.43.Z; 46.61.Z; 46.71.Z; 46.72.Z; 46.73.Z; 46.75.Z; 46.76.Z; 46.77.Z; 46.31.Z; 46.45.Z; 46.46.Z; 46.62.Z; 46.66.Z; 46.69.Z; 47.59.Z; 47.54.Z; 47.52.Z; 47.73.Z; 47.74.Z; 47.75.Z; 47.91.Z; 47.99.Z; 49.41.Z; 52.10.A; 52.10.B; 52.21.Z; 52.29.C; 52.29.A; 52.29.B; 55.10.Z; 55.90.Z; 56.10.A; 56.29.Z; 56.21.Z; 68.10.Z; 68.20.Z; 68.32.Z; 69.20.Z; 70.22.Z; 73.11.Z; 73.20.Z; 77.11.Z; 77.34.Z; 77.33.Z; 77.39.Z; 79.11.A; 79.11.B; 79.12.Z; 82.30.Z,16.10.Z,pozostałe,16.10.Z: PKD 2007 - Produkcja wyrobów tartacznych,"{'wartosc': '50000,00', 'waluta': 'PLN'}",
0000295726,"""CRYLOMAG"" SPÓŁKA Z OGRANICZONĄ ODPOWIEDZIALNOŚCIĄ W UPADŁOŚCI",5961685987,08020714400000,SPÓŁKA Z OGRANICZONĄ ODPOWIEDZIALNOŚCIĄ,RejP,27.12.2007,25.05.2026,25.05.2026,ACTIVE,,,,MIĘDZYRZECZ,PAMIĄTKOWA,12,,66-300,MIĘDZYRZECZ,31.09.Z,16.10.Z; 25.61.Z; 31.03.Z; 68.20.Z; 41.20.Z; 46.90.Z; 49.41.Z,16.10.Z,pozostałe,16.10.Z: PKD 2007 - Produkcja wyrobów tartacznych,"{'wartosc': '50000,00', 'waluta': 'PLN'}",
0000298053,"""LOMAR"" SPÓŁKA Z OGRANICZONĄ ODPOWIEDZIALNOŚCIĄ",9512243443,14132526000000,SPÓŁKA Z OGRANICZONĄ ODPOWIEDZIALNOŚCIĄ,RejP,04.02.2008,13.02.2026,14.02.2026,ACTIVE,,,,WARSZAWA,FOSA,3,,02-768,WARSZAWA,,01.29.Z; 01.19.Z; 16.10.Z; 16.29.Z; 58.13.Z; 58.14.Z; 59.20.Z; 58.19.Z; 22.29.Z; 23.61.Z; 23.69.Z; 24.54.A; 24.54.B; 25.61.Z; 25.62.Z; 32.12.Z; 32.13.Z; 41.10.Z; 43.21.Z; 43.29.Z; 43.22.Z; 43.31.Z; 43.32.Z; 43.33.Z; 43.34.Z; 43.39.Z; 77.32.Z; 45.20.Z; 45.32.Z; 46.11.Z; 46.12.Z; 46.13.Z; 46.14.Z; 46.15.Z; 46.16.Z; 46.17.Z; 46.18.Z; 46.19.Z; 46.49.Z; 46.76.Z; 47.19.Z; 47.77.Z; 47.91.Z; 47.89.Z; 47.99.Z; 39.19.Z; 56.10.A; 68.10.Z; 68.31.Z; 62.01.Z; 62.02.Z; 95.25.Z; 38.11.Z; 90.04.Z; 90.03.Z,16.10.Z,pozostałe,16.10.Z: PKD 2007 - Produkcja wyrobów tartacznych,"{'wartosc': '50000,00', 'waluta': 'PLN'}",
0000299699,"""PROACTIVE"" SPÓŁKA Z OGRANICZONĄ ODPOWIEDZIALNOŚCIĄ",1231138549,14130347000000,SPÓŁKA Z OGRANICZONĄ ODPOWIEDZIALNOŚCIĄ,RejP,20.02.2008,03.09.2024,21.11.2025,ACTIVE,,,,WARSZAWA,ALEJA SOLIDARNOŚCI,129/131,,00-898,WARSZAWA,,10.20.Z; 13.30.Z; 14.20.Z; 15.20.Z; 16.10.Z; 18.20.Z; 20.20.Z; 20.30.Z; 20.60.Z; 23.20.Z; 23.70.Z; 25.30.Z; 25.50.Z; 26.20.Z; 26.30.Z; 26.40.Z; 26.70.Z; 26.80.Z; 27.20.Z; 27.40.Z; 27.90.Z; 28.30.Z; 29.20.Z; 32.30.Z; 32.40.Z; 33.20.Z; 41.10.Z; 41.20.Z; 45.20.Z; 45.40.Z; 46.90.Z; 47.30.Z; 53.20.Z; 55.10.Z; 55.20.Z; 55.30.Z; 55.90.Z; 56.30.Z; 59.20.Z; 68.10.Z; 68.20.Z; 70.21.Z; 70.22.Z; 73.20.Z; 74.30.Z; 74.90.Z; 77.40.Z; 78.10.Z; 78.20.Z; 78.30.Z; 81.10.Z; 81.30.Z; 82.20.Z; 82.30.Z; 85.10.Z; 85.20.Z; 85.60.Z,16.10.Z,pozostałe,16.10.Z: PKD 2007 - Produkcja wyrobów tartacznych,"{'wartosc': '50000,00', 'waluta': 'PLN'}",
0000300886,"""MKU-RAPID"" SPÓŁKA Z OGRANICZONĄ ODPOWIEDZIALNOŚCIĄ",7931584053,18031255300000,SPÓŁKA Z OGRANICZONĄ ODPOWIEDZIALNOŚCIĄ,RejP,06.03.2008,30.06.2026,30.06.2026,ACTIVE,,,,OLESZYCE,NASIENNA,7B,,37-630,OLESZYCE,49.41.Z,45.20.Z; 16.10.Z; 38.11.Z; 52.10.B; 01.61.Z; 33.12.Z; 52.29.C; 45.32.Z,16.10.Z,pozostałe,16.10.Z: PKD 2007 - Produkcja wyrobów tartacznych,"{'wartosc': '50000,00', 'waluta': 'PLN'}",
0000301001,"""DUDA"" SPÓŁKA Z OGRANICZONĄ ODPOWIEDZIALNOŚCIĄ",6572780640,26022108200000,SPÓŁKA Z OGRANICZONĄ ODPOWIEDZIALNOŚCIĄ,RejP,07.03.2008,01.07.2026,01.07.2026,ACTIVE,,,,NIESTACHÓW,OSIEDLE WARKOCZ,26,,26-021,DALESZYCE,41.10.Z,16.10.Z; 16.23.Z; 25.62.Z; 43.12.Z; 41.20.Z; 43.39.Z; 46.73.Z; 68.10.Z; 68.20.Z,16.10.Z,pozostałe,16.10.Z: PKD 2007 - Produkcja wyrobów tartacznych,"{'wartosc': '150000,00', 'waluta': 'PLN'}",
0000302194,"""DAWIDCZYK STANISŁAW I KRZYSZTOF DAWIDCZYK SPÓŁKA JAWNA""",1230858856,01600778000000,SPÓŁKA JAWNA,RejP,25.03.2008,11.06.2026,11.06.2026,ACTIVE,,,,KOLONIA MROKOWSKA,REJONOWA,29,,05-552,WÓLKA KOSOWSKA,31.01.Z,31.02.Z; 31.09.Z; 43.32.Z; 95.24.Z; 16.10.Z; 16.21.Z; 16.22.Z; 16.23.Z,16.10.Z,pozostałe,16.10.Z: PKD 2007 - Produkcja wyrobów tartacznych,,
0000302618,"""JEDLINA"" SPÓŁKA Z OGRANICZINĄ ODPOWIEDZIALNOŚCIĄ",8862889725,02070282100000,SPÓŁKA Z OGRANICZONĄ ODPOWIEDZIALNOŚCIĄ,RejP,28.03.2008,23.09.2024,20.11.2025,ACTIVE,,,,JEDLINA-ZDRÓJ,MONIUSZKI,6,,58-330,JEDLINA-ZDRÓJ,,56.21.Z; 56.29.Z; 55.10.Z; 55.20.Z; 55.30.Z; 55.90.Z; 56.10.A; 56.10.B; 56.30.Z; 47.25.Z; 46.31.Z; 46.32.Z; 46.33.Z; 46.34.A; 46.34.B; 46.35.Z; 46.36.Z; 46.37.Z; 46.38.Z; 47.21.Z; 47.22.Z; 47.23.Z; 47.24.Z; 47.26.Z; 47.29.Z; 68.20.Z; 68.32.Z; 68.31.Z; 81.10.Z; 41.10.Z; 41.20.Z; 42.11.Z; 42.12.Z; 42.13.Z; 42.21.Z; 42.22.Z; 42.91.Z; 42.99.Z; 43.11.Z; 43.12.Z; 43.13.Z; 43.21.Z; 43.22.Z; 43.29.Z; 43.31.Z; 43.32.Z; 43.33.Z; 43.34.Z; 43.39.Z; 43.91.Z; 43.99.Z; 46.63.Z; 49.10.Z; 49.20.Z; 49.31.Z; 49.32.Z; 49.39.Z; 49.41.Z; 49.42.Z; 49.50.A; 49.50.B; 16.22.Z; 16.23.Z; 16.10.Z; 16.21.Z; 16.24.Z; 16.29.Z; 31.01.Z; 31.02.Z; 31.03.Z; 31.09.Z,16.10.Z,pozostałe,16.10.Z: PKD 2007 - Produkcja wyrobów tartacznych,"{'wartosc': '50000,00', 'waluta': 'PLN'}",
0000303208,"""DREWKOM"" JOANNA DOMAGAŁA I MAREK DALECKI SPÓŁKA JAWNA",5551867275,77149371200000,SPÓŁKA JAWNA,RejP,07.04.2008,06.02.2025,21.02.2026,ACTIVE,,,,CHOJNICE,CEYNOWY,13 A,,89-604,CHOJNICE,16.10.Z,,16.10.Z,przeważające,16.10.Z: PKD 2007 - Produkcja wyrobów tartacznych,,
0000303307,"""INTER-BOR"" GRZEGORZ I WOJCIECH BORKOWSCY SPÓŁKA JAWNA",7610003420,55000754200000,SPÓŁKA JAWNA,RejP,08.04.2008,14.07.2026,14.07.2026,ACTIVE,,,,MCHOWO,,101,,06-300,PRZASNYSZ,,16.10.Z; 16.23.Z; 23.61.Z; 23.63.Z; 23.70.Z; 42.11.Z; 43.11.Z; 43.12.Z; 43.99.Z; 46.73.Z; 01.50.Z; 46.21.Z; 46.23.Z; 46.31.Z; 01.43.Z; 08.12.Z; 03.22.Z; 03.12.Z; 38.11.Z; 38.12.Z; 38.21.Z; 38.22.Z; 41.20.Z; 38.31.Z; 38.32.Z; 39.00.Z; 37.00.Z; 41.10.Z; 42.13.Z,16.10.Z,pozostałe,16.10.Z: PKD 2007 - Produkcja wyrobów tartacznych,,
0000303691,"""GELWASZ"" W I L GRZYBEK SPÓŁKA JAWNA",7681787529,10051343000000,SPÓŁKA JAWNA,RejP,25.04.2008,01.07.2026,01.07.2026,ACTIVE,,,,MAŁOSZYCE,,57,,26-315,POŚWIĘTNE,02.20.Z,49.41.Z; 16.10.Z; 02.40.Z; 16.24.Z; 02.10.Z; 02.30.Z; 16.21.Z; 16.23.Z; 46.73.Z,16.10.Z,pozostałe,16.10.Z: PKD 2007 - Produkcja wyrobów tartacznych,,
0000303781,"""OPTIMEX"" SPÓŁKA Z OGRANICZONĄ ODPOWIEDZIALNOŚCIĄ",9452095311,12058243700000,SPÓŁKA Z OGRANICZONĄ ODPOWIEDZIALNOŚCIĄ,RejP,24.04.2008,14.01.2026,15.01.2026,ACTIVE,,,,KRAKÓW,RUSZNIKARSKA,14,XVIII,31-261,KRAKÓW,,02.20.Z; 10.84.Z; 10.85.Z; 10.89.Z; 10.91.Z; 10.92.Z; 11.07.Z; 14.11.Z; 14.12.Z; 14.13.Z; 14.14.Z; 14.19.Z; 14.31.Z; 14.39.Z; 15.11.Z; 15.12.Z; 15.20.Z; 16.10.Z; 16.23.Z; 16.24.Z; 16.29.Z; 17.22.Z; 17.23.Z; 17.24.Z; 17.29.Z; 18.11.Z; 18.12.Z; 18.13.Z; 18.14.Z; 18.20.Z; 22.11.Z; 22.19.Z; 22.21.Z; 22.22.Z; 22.23.Z; 22.29.Z; 23.19.Z; 23.20.Z; 23.31.Z; 23.32.Z; 23.49.Z; 23.61.Z; 23.62.Z; 23.63.Z; 23.64.Z; 23.65.Z; 23.69.Z; 23.70.Z; 23.91.Z; 23.99.Z; 24.51.Z; 24.52.Z; 24.53.Z; 24.54.A; 24.54.B; 25.11.Z; 25.12.Z; 25.21.Z; 25.29.Z; 25.61.Z; 25.62.Z; 25.72.Z; 25.73.Z; 25.91.Z; 25.92.Z; 25.93.Z; 25.94.Z; 25.99.Z; 26.11.Z; 26.12.Z; 26.20.Z; 26.30.Z; 26.40.Z; 26.51.Z; 26.52.Z; 26.60.Z; 26.70.Z; 26.80.Z; 27.12.Z; 27.20.Z; 27.33.Z; 27.40.Z; 27.51.Z; 27.52.Z; 27.90.Z; 28.12.Z; 28.13.Z; 28.14.Z; 28.15.Z; 28.21.Z; 28.22.Z; 28.23.Z; 28.24.Z; 28.25.Z; 28.29.Z; 28.41.Z; 28.49.Z; 28.96.Z; 28.99.Z; 29.31.Z; 29.32.Z; 30.99.Z; 31.09.Z; 32.12.Z; 32.13.Z; 32.20.Z; 32.30.Z; 32.40.Z; 32.50.Z; 32.91.Z; 32.99.Z; 33.11.Z; 33.12.Z; 33.13.Z; 33.14.Z; 33.15.Z; 33.17.Z; 33.19.Z; 33.20.Z; 35.22.Z; 35.23.Z; 39.00.Z; 41.10.Z; 41.20.Z; 42.11.Z; 42.12.Z; 42.13.Z; 43.11.Z; 43.12.Z; 43.13.Z; 43.21.Z; 43.22.Z; 43.29.Z; 43.31.Z; 43.32.Z; 43.33.Z; 43.34.Z; 43.39.Z; 43.91.Z; 43.99.Z; 45.11.Z; 45.19.Z; 45.20.Z; 45.31.Z; 45.32.Z; 45.40.Z; 46.12.Z; 46.13.Z; 46.14.Z; 46.15.Z; 46.16.Z; 46.17.Z; 46.18.Z; 46.19.Z; 47.11.Z; 47.19.Z; 47.21.Z; 47.22.Z; 47.23.Z; 47.24.Z; 47.25.Z; 47.26.Z; 47.29.Z; 47.41.Z; 47.42.Z; 47.43.Z; 47.51.Z; 47.52.Z; 47.53.Z; 47.54.Z; 47.59.Z; 47.61.Z; 47.62.Z; 47.63.Z; 47.64.Z; 47.65.Z; 47.71.Z; 47.72.Z; 47.73.Z; 47.74.Z; 47.75.Z; 47.76.Z; 47.77.Z; 47.78.Z; 47.79.Z; 47.81.Z; 47.82.Z; 47.89.Z; 47.91.Z; 47.99.Z; 49.41.Z; 49.42.Z; 52.10.B; 52.21.Z; 52.29.C; 53.20.Z; 55.10.Z; 55.20.Z; 55.30.Z; 55.90.Z; 56.10.A; 56.10.B; 56.21.Z; 56.29.Z; 56.30.Z; 58.11.Z; 58.12.Z; 58.13.Z; 58.14.Z; 58.19.Z; 58.21.Z; 58.29.Z; 59.11.Z; 59.12.Z; 59.13.Z; 59.14.Z; 59.20.Z; 61.90.Z; 62.01.Z; 62.02.Z; 62.03.Z; 62.09.Z; 63.11.Z; 63.12.Z; 63.91.Z; 63.99.Z; 64.91.Z; 64.92.Z; 64.99.Z; 65.11.Z; 65.12.Z; 66.19.Z; 66.22.Z; 66.29.Z; 68.10.Z; 68.20.Z; 68.31.Z; 68.32.Z; 69.20.Z; 70.21.Z; 70.22.Z; 71.11.Z; 71.12.Z; 71.20.B; 72.11.Z; 72.19.Z; 73.11.Z; 73.12.A; 73.12.B; 73.12.C; 73.12.D; 73.20.Z; 74.10.Z; 74.20.Z; 74.30.Z; 74.90.Z; 77.11.Z; 77.12.Z; 77.21.Z; 77.22.Z; 77.29.Z; 77.31.Z; 77.32.Z; 77.33.Z; 77.34.Z; 77.35.Z; 77.39.Z; 77.40.Z; 78.10.Z; 78.20.Z; 78.30.Z; 79.11.A; 79.11.B; 79.12.Z; 79.90.A; 79.90.B; 79.90.C; 81.10.Z; 81.21.Z; 81.22.Z; 81.29.Z; 81.30.Z; 82.11.Z; 82.19.Z; 82.20.Z; 82.30.Z; 82.92.Z; 82.99.Z; 85.51.Z; 85.52.Z; 85.53.Z; 85.59.A; 85.59.B; 85.60.Z; 86.21.Z; 86.22.Z; 86.23.Z; 86.90.A; 86.90.B; 86.90.C; 86.90.D; 86.90.E; 87.10.Z; 87.20.Z; 87.30.Z; 87.90.Z; 88.10.Z; 88.91.Z; 88.99.Z; 90.01.Z; 90.02.Z; 90.04.Z; 93.11.Z; 93.12.Z; 93.13.Z; 93.19.Z; 93.21.Z; 94.11.Z; 94.12.Z; 95.11.Z; 95.12.Z; 95.21.Z; 95.22.Z; 95.23.Z; 95.24.Z; 95.25.Z; 95.29.Z; 96.01.Z; 96.02.Z; 96.03.Z; 96.04.Z; 96.09.Z; 93.29.B,16.10.Z,pozostałe,16.10.Z: PKD 2007 - Produkcja wyrobów tartacznych,"{'wartosc': '50000,00', 'waluta': 'PLN'}",
0000305147,"""DREWPOL"" SPÓŁKA JAWNA STANISŁAW I ALICJA PĘKALA",5532182642,07235633000000,SPÓŁKA JAWNA,RejP,30.04.2008,28.04.2026,29.04.2026,ACTIVE,,,,WĘGIERSKA GÓRKA,KOŚCIUSZKI,12,A,34-350,WĘGIERSKA GÓRKA,16.24.Z,33.19.Z; 16.10.Z; 49.41.Z; 46.73.Z; 46.76.Z; 52.10.B; 68.20.Z,16.10.Z,pozostałe,16.10.Z: PKD 2007 - Produkcja wyrobów tartacznych,,
0000305992,"""MEDA VENEER"" SPÓŁKA Z OGRANICZONĄ ODPOWIEDZIALNOŚCIĄ",7831639464,30080744300000,SPÓŁKA Z OGRANICZONĄ ODPOWIEDZIALNOŚCIĄ,RejP,16.05.2008,01.07.2026,01.07.2026,ACTIVE,,,,BIAŁOŚLIWIE,UL. PODGÓRNA,45A,,89-340,BIAŁOŚLIWIE,16.21.Z,16.10.Z; 16.22.Z; 16.29.Z; 46.14.Z; 46.13.Z; 46.76.Z; 49.41.Z; 52.10.B; 16.21.Z,16.10.Z,pozostałe,16.10.Z: PKD 2007 - Produkcja wyrobów tartacznych,"{'wartosc': '50000,00', 'waluta': 'PLN'}",
0000307220,MARPOL SPÓŁKA Z OGRANICZONĄ ODPOWIEDZIALNOŚCIĄ,8992642147,02071016300000,SPÓŁKA Z OGRANICZONĄ ODPOWIEDZIALNOŚCIĄ,RejP,02.06.2008,02.07.2026,02.07.2026,ACTIVE,,,,TRZĘSÓW,,7,,59-150,GRĘBOCICE,,01.11.Z; 01.13.Z; 01.14.Z; 01.15.Z; 01.16.Z; 01.19.Z; 01.21.Z; 01.22.Z; 01.23.Z; 01.24.Z; 01.25.Z; 01.26.Z; 01.27.Z; 01.28.Z; 01.29.Z; 01.30.Z; 01.41.Z; 01.42.Z; 01.43.Z; 01.45.Z; 01.46.Z; 01.47.Z; 01.49.Z; 01.50.Z; 01.61.Z; 01.62.Z; 01.63.Z; 01.64.Z; 01.70.Z; 02.10.Z; 02.20.Z; 02.30.Z; 02.40.Z; 08.12.Z; 09.90.Z; 10.31.Z; 10.32.Z; 10.39.Z; 10.41.Z; 10.61.Z; 10.62.Z; 10.81.Z; 10.82.Z; 10.83.Z; 10.84.Z; 10.85.Z; 10.86.Z; 10.89.Z; 10.91.Z; 10.92.Z; 11.01.Z; 11.02.Z; 11.03.Z; 11.04.Z; 11.05.Z; 11.06.Z; 11.07.Z; 16.10.Z; 16.21.Z; 16.22.Z; 16.23.Z; 16.24.Z; 16.29.Z; 20.15.Z; 20.51.Z; 20.52.Z; 20.53.Z; 20.59.Z; 33.11.Z; 33.12.Z; 33.13.Z; 33.14.Z; 33.15.Z; 33.16.Z; 33.17.Z; 33.19.Z; 35.11.Z; 35.13.Z; 35.14.Z; 35.22.Z; 35.23.Z; 35.30.Z; 36.00.Z; 37.00.Z; 38.11.Z; 38.12.Z; 38.21.Z; 38.22.Z; 38.31.Z; 38.32.Z; 39.00.Z; 41.10.Z; 41.20.Z; 42.11.Z; 42.12.Z; 42.13.Z; 42.21.Z; 42.22.Z; 42.91.Z; 42.99.Z; 43.11.Z; 43.12.Z; 43.13.Z; 43.21.Z; 43.22.Z; 43.29.Z; 43.31.Z; 43.32.Z; 43.33.Z; 43.34.Z; 43.39.Z; 43.91.Z; 43.99.Z; 45.20.Z; 46.11.Z; 46.12.Z; 46.13.Z; 46.14.Z; 46.15.Z; 46.16.Z; 46.17.Z; 46.18.Z; 46.19.Z; 46.21.Z; 46.22.Z; 46.23.Z; 46.24.Z; 46.31.Z; 46.32.Z; 46.33.Z; 46.34.A; 46.34.B; 46.35.Z; 46.36.Z; 46.37.Z; 46.38.Z; 46.39.Z; 46.61.Z; 46.71.Z; 46.72.Z; 46.73.Z; 46.74.Z; 46.75.Z; 46.76.Z; 46.77.Z; 46.90.Z; 47.11.Z; 47.19.Z; 47.21.Z; 47.22.Z; 47.23.Z; 47.24.Z; 47.25.Z; 47.26.Z; 47.29.Z; 47.53.Z; 47.71.Z; 47.72.Z; 47.73.Z; 47.74.Z; 47.75.Z; 47.76.Z; 47.77.Z; 47.78.Z; 47.79.Z; 47.81.Z; 47.82.Z; 47.89.Z; 47.91.Z; 47.99.Z; 49.31.Z; 49.41.Z; 49.42.Z; 52.10.A; 52.10.B; 52.21.Z; 52.22.A; 52.22.B; 52.23.Z; 52.24.A; 52.24.B; 52.24.C; 52.29.A; 52.29.B; 52.29.C; 55.10.Z; 55.20.Z; 56.10.A; 56.10.B; 56.29.Z; 56.30.Z; 58.11.Z; 58.12.Z; 58.13.Z; 58.14.Z; 58.19.Z; 58.21.Z; 58.29.Z; 59.20.Z; 60.10.Z; 60.20.Z; 61.10.Z; 61.20.Z; 61.30.Z; 61.90.Z; 62.01.Z; 62.03.Z; 63.11.Z; 63.12.Z; 63.99.Z; 64.19.Z; 64.20.Z; 64.30.Z; 64.91.Z; 64.92.Z; 64.99.Z; 66.11.Z; 66.12.Z; 66.19.Z; 68.10.Z; 68.20.Z; 68.31.Z; 68.32.Z; 69.20.Z; 70.10.Z; 70.21.Z; 70.22.Z; 71.11.Z; 71.12.Z; 71.20.B; 72.11.Z; 72.19.Z; 73.11.Z; 73.12.A; 73.12.B; 73.12.C; 73.12.D; 73.20.Z; 74.10.Z; 74.20.Z; 74.30.Z; 74.90.Z; 77.11.Z; 77.31.Z; 77.32.Z; 77.33.Z; 77.34.Z; 77.35.Z; 77.39.Z; 77.40.Z; 78.10.Z; 78.30.Z; 79.12.Z; 80.20.Z; 81.10.Z; 81.21.Z; 81.22.Z; 81.29.Z; 81.30.Z; 82.11.Z; 82.19.Z; 82.91.Z; 82.99.Z; 85.60.Z; 90.04.Z; 91.03.Z; 92.00.Z; 94.99.Z; 96.03.Z; 96.04.Z; 96.09.Z,16.10.Z,pozostałe,16.10.Z: PKD 2007 - Produkcja wyrobów tartacznych,"{'wartosc': '50000,00', 'waluta': 'PLN'}",
0000307505,"""CLASSEN FLOOR SYSTEMS"" - SPÓŁKA Z OGRANICZONĄ ODPOWIEDZIALNOŚCIĄ",2060001079,24095340600000,SPÓŁKA Z OGRANICZONĄ ODPOWIEDZIALNOŚCIĄ,RejP,05.06.2008,29.04.2026,29.04.2026,ACTIVE,,,,ZWONOWICE,WYZWOLENIA,,,44-292,RYBNIK,46.73.Z,16.10.Z; 16.21.Z; 16.22.Z; 16.24.Z; 16.29.Z; 43.32.Z; 43.33.Z; 47.19.Z; 74.90.Z,16.10.Z,pozostałe,16.10.Z: PKD 2007 - Produkcja wyrobów tartacznych,"{'wartosc': '27250000,00', 'waluta': 'PLN'}",
0000307961,"""MALLAND POLSKA"" SPÓŁKA Z OGRANICZONĄ ODPOWIEDZIALNOŚCIĄ",5851441652,22062667000000,SPÓŁKA Z OGRANICZONĄ ODPOWIEDZIALNOŚCIĄ,RejP,11.06.2008,15.07.2026,15.07.2026,ACTIVE,,,,SOPOT,CHODOWIECKIEGO,5 F,1,81-818,SOPOT,16.10.Z,41.20.Z,16.10.Z,przeważające,16.10.Z: PKD 2007 - Produkcja wyrobów tartacznych,"{'wartosc': '50000,00', 'waluta': 'PLN'}",
0000310728,"""JAF POLSKA"" SPÓŁKA Z OGRANICZONĄ ODPOWIEDZIALNOŚCIĄ",7773060321,30087475800000,SPÓŁKA Z OGRANICZONĄ ODPOWIEDZIALNOŚCIĄ,RejP,01.08.2008,27.04.2026,27.04.2026,ACTIVE,,,,ROBAKOWO,UL. SZKOLNA,62D,,62-023,ROBAKOWO,02.20.Z,16.10.Z; 16.21.Z; 16.23.Z; 16.24.Z; 16.29.Z,16.10.Z,pozostałe,16.10.Z: PKD 2007 - Produkcja wyrobów tartacznych,"{'wartosc': '6366500,00', 'waluta': 'PLN'}",
0000311207,"""ALFAPOLARIS"" SPÓŁKA Z OGRANICZONĄ ODPOWIEDZIALNOŚCIĄ",6423061064,24096602400000,SPÓŁKA Z OGRANICZONĄ ODPOWIEDZIALNOŚCIĄ,RejP,13.08.2008,09.12.2020,20.11.2025,ACTIVE,,,,RYBNIK,ENERGETYKÓW,46,,44-200,RYBNIK,,01.11.Z; 01.13.Z; 01.21.Z; 01.22.Z; 01.23.Z; 01.24.Z; 01.25.Z; 01.26.Z; 01.27.Z; 01.28.Z; 01.29.Z; 01.64.Z; 02.20.Z; 16.10.Z; 16.23.Z; 16.29.Z; 25.11.Z; 25.12.Z; 25.61.Z; 25.62.Z; 25.73.Z; 25.94.Z; 25.99.Z; 26.51.Z; 27.11.Z; 27.12.Z; 28.11.Z; 28.12.Z; 28.13.Z; 28.14.Z; 28.15.Z; 28.22.Z; 28.24.Z; 28.25.Z; 28.29.Z; 28.41.Z; 28.49.Z; 29.31.Z; 30.11.Z; 30.12.Z; 30.30.Z; 30.99.Z; 35.11.Z; 35.12.Z; 35.13.Z; 35.14.Z; 35.30.Z; 41.10.Z; 41.20.Z; 42.13.Z; 42.22.Z; 42.91.Z; 42.99.Z; 43.11.Z; 43.12.Z; 43.13.Z; 43.21.Z; 43.22.Z; 43.29.Z; 43.31.Z; 43.32.Z; 43.33.Z; 43.34.Z; 43.39.Z; 43.91.Z; 43.99.Z; 51.21.Z; 55.10.Z; 56.10.A; 56.10.B; 56.21.Z; 56.29.Z; 58.11.Z; 58.13.Z; 58.14.Z; 58.19.Z; 63.12.Z; 64.19.Z; 68.10.Z; 68.20.Z; 69.20.Z; 70.10.Z; 70.21.Z; 70.22.Z; 71.11.Z; 71.12.Z; 71.20.B; 72.19.Z; 72.20.Z; 73.11.Z; 73.12.D; 73.20.Z; 74.10.Z; 74.20.Z; 74.30.Z; 74.90.Z; 77.39.Z; 82.11.Z; 82.19.Z,16.10.Z,pozostałe,16.10.Z: PKD 2007 - Produkcja wyrobów tartacznych,"{'wartosc': '50000,00', 'waluta': 'PLN'}",
0000312529,"""PDEM"" SPÓŁKA Z OGRANICZONĄ ODPOWIEDZIALNOŚCIĄ",8191626506,18036033900000,SPÓŁKA Z OGRANICZONĄ ODPOWIEDZIALNOŚCIĄ,RejP,03.09.2008,02.02.2026,03.02.2026,ACTIVE,,,,NIEBYLEC,,192,,38-114,NIEBYLEC,,41.10.Z; 41.20.Z; 42.11.Z; 43.21.Z; 42.12.Z; 42.13.Z; 42.91.Z; 42.21.Z; 42.99.Z; 43.11.Z; 43.12.Z; 43.13.Z; 43.29.Z; 43.31.Z; 43.32.Z; 43.33.Z; 43.34.Z; 43.39.Z; 43.91.Z; 43.99.Z; 02.20.Z; 15.20.Z; 16.10.Z; 16.29.Z; 16.22.Z; 16.23.Z; 16.24.Z; 22.23.Z; 25.12.Z; 38.12.Z; 38.11.Z; 45.11.Z; 45.19.Z; 45.20.Z; 45.40.Z; 46.73.Z; 46.76.Z; 46.77.Z; 46.90.Z; 47.41.Z; 47.52.Z; 47.53.Z; 47.71.Z; 47.72.Z; 47.76.Z; 47.91.Z; 47.82.Z; 47.99.Z; 49.31.Z; 49.39.Z; 49.41.Z; 49.42.Z; 55.10.Z; 55.20.Z; 55.30.Z; 55.90.Z; 56.21.Z; 56.29.Z; 56.30.Z; 64.20.Z; 64.99.Z; 68.10.Z; 68.20.Z; 68.31.Z; 68.32.Z; 70.21.Z; 70.22.Z; 71.11.Z; 71.12.Z; 62.01.Z; 73.11.Z; 73.12.A; 73.12.B; 73.12.C; 73.12.D; 77.11.Z; 77.12.Z; 77.32.Z; 78.10.Z; 78.20.Z; 78.30.Z; 79.12.Z; 81.10.Z; 81.21.Z; 81.22.Z; 81.29.Z; 81.30.Z; 82.30.Z; 85.10.Z; 87.10.Z; 93.11.Z; 93.13.Z; 96.03.Z; 96.04.Z; 96.09.Z; 93.29.B,16.10.Z,pozostałe,16.10.Z: PKD 2007 - Produkcja wyrobów tartacznych,"{'wartosc': '1500000,00', 'waluta': 'PLN'}",
0000315102,"""NWB"" SPÓŁKA Z OGRANICZONĄ ODPOWIEDZIALNOŚCIĄ",5222946223,14150435200000,SPÓŁKA Z OGRANICZONĄ ODPOWIEDZIALNOŚCIĄ,RejP,08.10.2008,21.02.2025,20.11.2025,ACTIVE,,,,WARSZAWA,DUCHNICKA,3,,01-796,WARSZAWA,,16.10.Z; 16.21.Z; 16.22.Z; 16.23.Z; 16.29.Z; 23.42.Z; 23.43.Z; 23.44.Z; 23.49.Z; 23.51.Z; 23.52.Z; 23.70.Z; 31.01.Z; 31.02.Z; 31.09.Z; 33.19.Z; 33.20.Z; 47.99.Z; 41.10.Z; 41.20.Z; 42.11.Z; 42.12.Z; 42.13.Z; 42.21.Z; 42.22.Z; 42.91.Z; 42.99.Z; 43.11.Z; 43.12.Z; 43.13.Z; 43.21.Z; 43.22.Z; 43.29.Z; 43.31.Z; 43.32.Z; 43.33.Z; 43.34.Z; 43.39.Z; 43.91.Z; 43.99.Z; 64.19.Z; 64.91.Z; 64.92.Z; 64.99.Z; 66.19.Z; 68.10.Z; 68.20.Z; 68.31.Z; 68.32.Z; 70.22.Z; 77.32.Z; 77.39.Z; 78.10.Z; 78.20.Z; 78.30.Z; 81.21.Z; 81.22.Z; 81.29.Z; 81.30.Z,16.10.Z,pozostałe,16.10.Z: PKD 2007 - Produkcja wyrobów tartacznych,"{'wartosc': '50000,00', 'waluta': 'PLN'}",
0000315139,BUILDING CONSTRUCTION SPÓŁKA Z OGRANICZONĄ ODPOWIEDZIALNOŚCIĄ W UPADŁOŚCI LIKWIDACYJNEJ,8992655434,02084733000000,SPÓŁKA Z OGRANICZONĄ ODPOWIEDZIALNOŚCIĄ,RejP,13.10.2008,31.03.2026,31.03.2026,ACTIVE,,,,WROCŁAW,KOMUNY PARYSKIEJ,57,15,50-452,WROCŁAW,,16.10.Z; 16.23.Z; 16.24.Z; 17.21.Z; 17.22.Z; 17.23.Z; 17.29.Z; 22.19.Z; 22.23.Z; 22.21.Z; 22.29.Z; 23.32.Z; 23.61.Z; 23.65.Z; 23.69.Z; 25.11.Z; 25.12.Z; 25.91.Z; 25.92.Z; 25.99.Z; 32.30.Z; 32.40.Z; 38.32.Z; 39.00.Z; 41.10.Z; 41.20.Z; 42.11.Z; 42.22.Z; 42.91.Z; 43.11.Z; 43.12.Z; 43.13.Z; 43.21.Z; 43.22.Z; 43.29.Z; 43.91.Z; 43.99.Z; 46.73.Z; 46.74.Z; 46.75.Z; 47.11.Z; 47.64.Z; 49.31.Z; 49.39.Z; 49.41.Z; 52.22.B; 52.24.C; 55.10.Z; 55.20.Z; 56.10.A; 56.21.Z; 56.29.Z; 68.10.Z; 68.20.Z; 68.32.Z; 71.12.Z; 74.10.Z; 77.21.Z; 77.32.Z; 77.39.Z; 79.12.Z; 81.21.Z; 81.22.Z; 81.30.Z; 93.11.Z; 93.12.Z; 93.13.Z; 93.19.Z; 64.19.Z; 64.20.Z; 64.30.Z; 64.99.Z; 66.19.Z; 93.29.B,16.10.Z,pozostałe,16.10.Z: PKD 2007 - Produkcja wyrobów tartacznych,"{'wartosc': '400000,00', 'waluta': 'PLN'}",
0000315154,"""RAMIBUD JR SPÓŁKA Z OGRANICZONĄ ODPOWIEDZIALNOŚCIĄ""",1132748090,14156576700000,SPÓŁKA Z OGRANICZONĄ ODPOWIEDZIALNOŚCIĄ,RejP,07.10.2008,25.02.2024,20.11.2025,ACTIVE,,,,WARSZAWA,SOSABOWSKIEGO,3,36,03-982,WARSZAWA,,01.11.Z; 01.13.Z; 01.28.Z; 01.29.Z; 01.30.Z; 01.70.Z; 02.10.Z; 02.20.Z; 02.30.Z; 02.40.Z; 03.11.Z; 03.12.Z; 03.21.Z; 03.22.Z; 08.11.Z; 08.12.Z; 08.91.Z; 08.92.Z; 08.93.Z; 08.99.Z; 10.61.Z; 10.62.Z; 10.71.Z; 10.72.Z; 10.73.Z; 11.05.Z; 14.11.Z; 14.12.Z; 14.13.Z; 14.14.Z; 14.19.Z; 14.20.Z; 14.31.Z; 14.39.Z; 15.11.Z; 15.12.Z; 15.20.Z; 16.10.Z; 16.21.Z; 16.22.Z; 16.23.Z; 16.24.Z; 16.29.Z; 18.11.Z; 18.12.Z; 18.13.Z; 18.14.Z; 18.20.Z; 19.10.Z; 19.20.Z; 22.11.Z; 22.19.Z; 22.21.Z; 22.22.Z; 22.23.Z; 22.29.Z; 23.51.Z; 23.52.Z; 23.61.Z; 23.62.Z; 23.63.Z; 23.64.Z; 23.65.Z; 23.69.Z; 23.70.Z; 25.50.Z; 25.61.Z; 25.62.Z; 25.71.Z; 25.72.Z; 25.73.Z; 25.91.Z; 25.92.Z; 25.93.Z; 25.94.Z; 25.99.Z; 29.10.A; 29.10.B; 29.10.C; 29.10.D; 29.10.E; 29.20.Z; 29.31.Z; 29.32.Z; 30.11.Z; 30.12.Z; 30.20.Z; 30.30.Z; 30.40.Z; 30.91.Z; 30.92.Z; 30.99.Z; 31.01.Z; 31.02.Z; 31.03.Z; 31.09.Z; 32.11.Z; 32.12.Z; 32.13.Z; 32.20.Z; 32.30.Z; 32.40.Z; 32.50.Z; 32.91.Z; 32.99.Z; 33.11.Z; 33.12.Z; 33.13.Z; 33.14.Z; 33.15.Z; 33.16.Z; 33.17.Z; 33.19.Z; 33.20.Z; 35.11.Z; 35.12.Z; 35.13.Z; 35.14.Z; 35.21.Z; 35.22.Z; 35.23.Z; 35.30.Z; 36.00.Z; 37.00.Z; 38.11.Z; 38.12.Z; 38.21.Z; 38.22.Z; 38.31.Z; 38.32.Z; 39.00.Z; 41.10.Z; 41.20.Z; 42.11.Z; 42.12.Z; 42.13.Z; 42.21.Z; 42.22.Z; 42.91.Z; 42.99.Z; 43.11.Z; 43.12.Z; 43.13.Z; 43.21.Z; 43.22.Z; 43.29.Z; 43.31.Z; 43.32.Z; 43.33.Z; 43.34.Z; 43.39.Z; 43.91.Z; 43.99.Z; 45.11.Z; 45.19.Z; 45.20.Z; 45.31.Z; 45.32.Z; 45.40.Z; 46.11.Z; 46.12.Z; 46.13.Z; 46.14.Z; 46.15.Z; 46.16.Z; 46.17.Z; 46.18.Z; 46.19.Z; 46.21.Z; 46.22.Z; 46.23.Z; 46.24.Z; 46.31.Z; 46.32.Z; 46.33.Z; 46.34.A; 46.34.B; 46.35.Z; 46.36.Z; 46.37.Z; 46.38.Z; 46.39.Z; 46.41.Z; 46.42.Z; 46.43.Z; 46.44.Z; 46.45.Z; 46.46.Z; 46.47.Z; 46.48.Z; 46.49.Z; 46.51.Z; 46.52.Z; 46.61.Z; 46.62.Z; 46.63.Z; 46.64.Z; 46.65.Z; 46.66.Z; 46.69.Z; 46.71.Z; 46.72.Z; 46.73.Z; 46.74.Z; 46.75.Z; 46.76.Z; 46.77.Z; 46.90.Z; 47.11.Z; 47.19.Z; 47.21.Z; 47.22.Z; 47.23.Z; 47.24.Z; 47.25.Z; 47.26.Z; 47.29.Z; 47.30.Z; 47.41.Z; 47.42.Z; 47.43.Z; 47.51.Z; 47.52.Z; 47.53.Z; 47.54.Z; 47.59.Z; 47.61.Z; 47.62.Z; 47.63.Z; 47.64.Z; 47.65.Z; 47.71.Z; 47.72.Z; 47.73.Z; 47.74.Z; 47.75.Z; 47.76.Z; 47.77.Z; 47.78.Z; 47.79.Z; 47.81.Z; 47.82.Z; 47.89.Z; 47.91.Z; 47.99.Z; 49.10.Z; 49.20.Z; 49.31.Z; 49.32.Z; 49.39.Z; 49.41.Z; 49.42.Z; 49.50.A; 49.50.B; 50.10.Z; 50.20.Z; 50.30.Z; 50.40.Z; 51.10.Z; 51.21.Z; 51.22.Z; 52.10.A; 52.10.B; 52.21.Z; 52.22.A; 52.22.B; 52.23.Z; 52.24.A; 52.24.B; 52.24.C; 52.29.A; 52.29.B; 52.29.C; 53.10.Z; 53.20.Z; 55.10.Z; 55.20.Z; 55.30.Z; 55.90.Z; 56.10.A; 56.10.B; 56.21.Z; 56.29.Z; 56.30.Z; 58.11.Z; 58.12.Z; 58.13.Z; 58.14.Z; 58.19.Z; 58.21.Z; 58.29.Z; 59.11.Z; 59.12.Z; 59.13.Z; 59.14.Z; 59.20.Z; 61.10.Z; 61.20.Z; 61.30.Z; 61.90.Z; 62.01.Z; 62.02.Z; 62.03.Z; 62.09.Z; 63.11.Z; 63.12.Z; 63.91.Z; 63.99.Z; 68.10.Z; 68.20.Z; 68.31.Z; 68.32.Z; 69.20.Z; 71.11.Z; 71.12.Z; 71.20.A; 71.20.B; 73.11.Z; 73.12.A; 73.12.B; 73.12.C; 73.12.D; 73.20.Z; 74.10.Z; 74.20.Z; 74.30.Z; 74.90.Z; 77.11.Z; 77.12.Z; 77.21.Z; 77.22.Z; 77.29.Z; 77.31.Z; 77.32.Z; 77.33.Z; 77.34.Z; 77.35.Z; 77.39.Z; 77.40.Z; 78.10.Z; 78.20.Z; 78.30.Z; 79.11.A; 79.11.B; 79.12.Z; 79.90.A; 79.90.B; 79.90.C; 80.30.Z; 81.10.Z; 81.21.Z; 81.22.Z; 81.29.Z; 81.30.Z; 82.11.Z; 82.19.Z; 82.20.Z; 82.30.Z; 82.91.Z; 82.92.Z; 82.99.Z; 85.59.B; 85.60.Z; 95.11.Z; 95.12.Z; 95.21.Z; 95.22.Z; 95.23.Z; 95.24.Z; 95.25.Z; 95.29.Z; 96.01.Z; 96.02.Z; 96.03.Z; 96.04.Z; 96.09.Z; 97.00.Z; 98.10.Z; 98.20.Z; 99.00.Z,16.10.Z,pozostałe,16.10.Z: PKD 2007 - Produkcja wyrobów tartacznych,"{'wartosc': '51000,00', 'waluta': 'PLN'}",
0000318891,"""EDBUDEX"" SPÓŁKA Z OGRANICZONĄ ODPOWIEDZIALNOŚCIĄ",5361857894,14173705600000,SPÓŁKA Z OGRANICZONĄ ODPOWIEDZIALNOŚCIĄ,RejP,05.12.2008,27.02.2023,20.11.2025,ACTIVE,,,,LEGIONOWO,UL. KRÓLOWEJ JADWIGI,8,,05-120,LEGIONOWO,,41.20.Z; 73.20.Z; 16.10.Z,16.10.Z,pozostałe,16.10.Z: PKD 2007 - Produkcja wyrobów tartacznych,"{'wartosc': '50000,00', 'waluta': 'PLN'}",
0000320218,LOCUS SECURITY SPÓŁKA Z OGRANICZONĄ ODPOWIEDZIALNOŚCIĄ SPÓŁKA KOMANDYTOWA,5242673478,14173850600000,SPÓŁKA KOMANDYTOWA,RejP,30.12.2008,07.07.2020,20.11.2025,ACTIVE,,,,WARSZAWA,KOPIJNIKÓW,"67 ""B""",,03-274,WARSZAWA,,01.11.Z; 01.13.Z; 01.19.Z; 01.21.Z; 01.25.Z; 01.28.Z; 01.29.Z; 01.30.Z; 01.41.Z; 01.42.Z; 01.43.Z; 01.45.Z; 01.46.Z; 01.47.Z; 01.50.Z; 01.61.Z; 01.62.Z; 01.63.Z; 01.64.Z; 02.10.Z; 02.20.Z; 02.40.Z; 03.11.Z; 03.12.Z; 03.22.Z; 08.11.Z; 08.12.Z; 08.92.Z; 08.99.Z; 10.85.Z; 14.12.Z; 14.13.Z; 16.10.Z; 17.12.Z; 17.21.Z; 18.11.Z; 23.11.Z; 23.12.Z; 23.14.Z; 23.20.Z; 23.41.Z; 23.42.Z; 23.43.Z; 23.44.Z; 23.49.Z; 23.51.Z; 23.52.Z; 23.61.Z; 23.62.Z; 23.63.Z; 23.64.Z; 23.69.Z; 23.70.Z; 33.12.Z; 33.20.Z; 36.00.Z; 37.00.Z; 38.11.Z; 38.12.Z; 38.21.Z; 38.31.Z; 38.32.Z; 39.00.Z; 41.10.Z; 41.20.Z; 42.11.Z; 42.12.Z; 42.21.Z; 42.22.Z; 42.91.Z; 42.99.Z; 43.11.Z; 43.12.Z; 43.13.Z; 43.21.Z; 43.22.Z; 43.29.Z; 43.31.Z; 43.32.Z; 43.33.Z; 43.34.Z; 43.39.Z; 43.91.Z; 43.99.Z; 45.11.Z; 45.19.Z; 45.20.Z; 45.31.Z; 45.32.Z; 45.40.Z; 46.11.Z; 46.12.Z; 46.13.Z; 46.14.Z; 46.15.Z; 46.16.Z; 46.17.Z; 46.18.Z; 46.19.Z; 46.21.Z; 46.22.Z; 46.23.Z; 46.24.Z; 46.31.Z; 46.32.Z; 46.33.Z; 46.34.A; 46.34.B; 46.35.Z; 46.36.Z; 46.37.Z; 46.38.Z; 46.39.Z; 46.41.Z; 46.42.Z; 46.43.Z; 46.44.Z; 46.45.Z; 46.46.Z; 46.47.Z; 46.48.Z; 46.49.Z; 46.51.Z; 46.52.Z; 46.61.Z; 46.62.Z; 46.63.Z; 46.64.Z; 46.65.Z; 46.66.Z; 46.69.Z; 46.71.Z; 46.72.Z; 46.73.Z; 46.74.Z; 46.75.Z; 46.76.Z; 46.77.Z; 46.90.Z; 47.11.Z; 47.19.Z; 47.21.Z; 47.22.Z; 47.23.Z; 47.24.Z; 47.25.Z; 47.26.Z; 47.29.Z; 47.30.Z; 47.41.Z; 47.42.Z; 47.43.Z; 47.51.Z; 47.52.Z; 47.53.Z; 47.54.Z; 47.59.Z; 47.61.Z; 47.62.Z; 47.63.Z; 47.64.Z; 47.65.Z; 47.71.Z; 47.72.Z; 47.73.Z; 47.74.Z; 47.75.Z; 47.76.Z; 47.77.Z; 47.78.Z; 47.79.Z; 47.81.Z; 47.82.Z; 47.89.Z; 47.91.Z; 47.99.Z; 49.31.Z; 49.32.Z; 49.39.Z; 49.41.Z; 49.42.Z; 50.10.Z; 50.20.Z; 50.30.Z; 50.40.Z; 52.21.Z; 52.24.C; 52.29.C; 53.20.Z; 55.10.Z; 55.20.Z; 55.90.Z; 56.10.A; 56.21.Z; 56.29.Z; 56.30.Z; 58.12.Z; 58.13.Z; 58.14.Z; 58.19.Z; 58.21.Z; 58.29.Z; 59.20.Z; 60.10.Z; 60.20.Z; 61.20.Z; 61.90.Z; 62.01.Z; 62.02.Z; 62.03.Z; 62.09.Z; 63.11.Z; 63.12.Z; 63.91.Z; 63.99.Z; 64.19.Z; 64.20.Z; 64.30.Z; 64.91.Z; 64.92.Z; 64.99.Z; 66.19.Z; 66.21.Z; 68.10.Z; 68.20.Z; 68.31.Z; 68.32.Z; 69.10.Z; 69.20.Z; 70.10.Z; 70.21.Z; 70.22.Z; 71.11.Z; 71.20.A; 71.20.B; 72.11.Z; 72.19.Z; 72.20.Z; 73.11.Z; 73.12.A; 73.12.B; 73.12.C; 73.12.D; 73.20.Z; 74.10.Z; 74.20.Z; 74.30.Z; 74.90.Z; 75.00.Z; 77.11.Z; 77.12.Z; 77.21.Z; 77.22.Z; 77.29.Z; 77.31.Z; 77.32.Z; 77.33.Z; 77.34.Z; 77.35.Z; 77.39.Z; 77.40.Z; 78.10.Z; 78.20.Z; 78.30.Z; 79.90.C; 80.10.Z; 80.20.Z; 80.30.Z; 81.10.Z; 81.21.Z; 81.22.Z; 81.29.Z; 81.30.Z; 82.11.Z; 82.19.Z; 82.91.Z; 82.99.Z; 85.32.C; 85.41.Z; 85.42.B; 85.51.Z; 85.59.B; 85.60.Z; 93.11.Z; 94.11.Z; 94.12.Z; 94.91.Z; 95.11.Z; 95.12.Z; 95.21.Z; 96.04.Z; 97.00.Z; 98.10.Z; 98.20.Z; 99.00.Z,16.10.Z,pozostałe,16.10.Z: PKD 2007 - Produkcja wyrobów tartacznych,,
0000320339,"""BIOPELL"" SPÓŁKA Z OGRANICZONĄ ODPOWIEDZIALNOŚCIĄ",9691531092,24098852800000,SPÓŁKA Z OGRANICZONĄ ODPOWIEDZIALNOŚCIĄ,RejP,22.12.2008,31.08.2025,20.11.2025,ACTIVE,,,,KNURÓW,,,,,,,10.41.Z; 16.10.Z; 16.21.Z; 16.22.Z; 16.23.Z; 16.24.Z; 16.29.Z; 31.01.Z; 31.02.Z; 31.09.Z; 32.30.Z; 32.99.Z; 41.10.Z; 41.20.Z; 43.11.Z; 43.12.Z; 43.13.Z; 43.21.Z; 43.22.Z; 43.29.Z; 43.31.Z; 43.32.Z; 43.33.Z; 43.34.Z; 43.39.Z; 43.91.Z; 43.99.Z; 45.11.Z; 45.19.Z; 45.20.Z; 45.31.Z; 45.32.Z; 45.40.Z; 46.11.Z; 46.12.Z; 46.13.Z; 46.14.Z; 46.15.Z; 46.16.Z; 46.17.Z; 46.18.Z; 46.19.Z; 46.21.Z; 46.22.Z; 46.23.Z; 46.24.Z; 46.31.Z; 46.32.Z; 46.33.Z; 46.34.A; 46.34.B; 46.35.Z; 46.36.Z; 46.37.Z; 46.38.Z; 46.39.Z; 46.41.Z; 46.42.Z; 46.43.Z; 46.44.Z; 46.45.Z; 46.46.Z; 46.47.Z; 46.48.Z; 46.49.Z; 46.51.Z; 46.52.Z; 46.61.Z; 46.62.Z; 46.63.Z; 46.64.Z; 46.65.Z; 46.66.Z; 46.69.Z; 46.71.Z; 46.72.Z; 46.73.Z; 46.74.Z; 46.75.Z; 46.76.Z; 46.77.Z; 46.90.Z; 49.41.Z; 49.42.Z; 52.10.B; 52.21.Z; 52.24.C; 52.29.C; 55.10.Z; 55.20.Z; 55.30.Z; 55.90.Z; 56.10.A; 56.29.Z; 56.30.Z; 68.10.Z; 68.20.Z; 70.22.Z; 71.11.Z; 71.12.Z; 73.11.Z; 73.12.A; 73.12.B; 73.12.C; 73.12.D; 73.20.Z; 74.10.Z; 74.20.Z; 74.30.Z; 74.90.Z; 77.21.Z; 77.29.Z; 77.32.Z; 77.39.Z; 78.10.Z; 78.20.Z; 78.30.Z; 79.11.A; 79.11.B; 79.12.Z; 79.90.A; 79.90.B; 79.90.C; 81.10.Z; 81.21.Z; 81.22.Z; 81.29.Z; 82.11.Z; 82.19.Z; 93.11.Z; 93.12.Z; 93.13.Z; 93.19.Z; 96.04.Z; 96.09.Z,16.10.Z,pozostałe,16.10.Z: PKD 2007 - Produkcja wyrobów tartacznych,"{'wartosc': '500000,00', 'waluta': 'PLN'}",
0000322456,KSS DEVELOPMENT SPÓŁKA Z OGRANICZONĄ ODPOWIEDZIALNOŚCIĄ,6793000474,12086708000000,SPÓŁKA Z OGRANICZONĄ ODPOWIEDZIALNOŚCIĄ,RejP,30.01.2009,23.03.2025,20.11.2025,ACTIVE,,,,KRAKÓW,UL. GRODZKA,42,1,31-044,KRAKÓW,16.10.Z,16.21.Z; 16.22.Z; 16.23.Z; 16.24.Z; 16.29.Z; 25.12.Z; 25.11.Z; 31.01.Z; 31.02.Z,16.10.Z,przeważające,16.10.Z: PKD 2007 - Produkcja wyrobów tartacznych,"{'wartosc': '50000,00', 'waluta': 'PLN'}",
0000322910,"""RALEX-TARTAK-SANTOK"" SPÓŁKA Z OGRANICZONĄ ODPOWIEDZIALNOŚCIĄ",5990110841,21052151200000,SPÓŁKA Z OGRANICZONĄ ODPOWIEDZIALNOŚCIĄ,RejP,05.02.2009,16.07.2026,16.07.2026,ACTIVE,,,,SANTOK,GORZOWSKA,3,,66-431,SANTOK,16.10.Z,,16.10.Z,przeważające,16.10.Z: PKD 2007 - Produkcja wyrobów tartacznych,"{'wartosc': '133000,00', 'waluta': 'PLN'}",
0000323654,"""MKTRADE"" SPÓŁKA Z OGRANICZONĄ ODPOWIEDZIALNOŚCIĄ",5492365890,12086647100000,SPÓŁKA Z OGRANICZONĄ ODPOWIEDZIALNOŚCIĄ,RejP,16.02.2009,08.07.2016,20.11.2025,ACTIVE,,,,OŚWIĘCIM,,,,,,,52.29.C; 01.21.Z; 01.26.Z; 01.30.Z; 01.61.Z; 01.63.Z; 01.64.Z; 03.12.Z; 03.22.Z; 05.10.Z; 08.91.Z; 08.92.Z; 09.90.Z; 10.32.Z; 10.39.Z; 10.42.Z; 10.61.Z; 10.84.Z; 11.01.Z; 16.10.Z; 16.21.Z; 16.23.Z; 16.24.Z; 16.29.Z; 17.12.Z; 17.23.Z; 18.12.Z; 18.14.Z; 19.10.Z; 19.20.Z; 20.12.Z; 20.14.Z; 20.15.Z; 20.16.Z; 20.41.Z; 20.42.Z; 20.52.Z; 22.11.Z; 22.19.Z; 22.22.Z; 22.23.Z; 23.32.Z; 23.43.Z; 23.44.Z; 23.52.Z; 23.61.Z; 23.62.Z; 23.64.Z; 23.69.Z; 23.70.Z; 25.11.Z; 25.12.Z; 25.29.Z; 25.30.Z; 25.91.Z; 25.93.Z; 25.94.Z; 25.99.Z; 32.91.Z; 32.99.Z; 33.12.Z; 33.17.Z; 33.19.Z; 33.20.Z; 35.11.Z; 35.12.Z; 35.13.Z; 37.00.Z; 38.11.Z; 38.21.Z; 38.31.Z; 38.32.Z; 41.10.Z; 42.11.Z; 42.12.Z; 42.13.Z; 43.13.Z; 43.22.Z; 43.31.Z; 43.32.Z; 43.33.Z; 43.34.Z; 43.39.Z; 45.40.Z; 46.15.Z; 46.16.Z; 46.17.Z; 46.19.Z; 46.21.Z; 46.22.Z; 46.34.A; 46.35.Z; 46.38.Z; 46.39.Z; 46.41.Z; 46.45.Z; 46.61.Z; 46.90.Z; 47.11.Z; 47.19.Z; 47.21.Z; 47.25.Z; 47.26.Z; 47.62.Z; 47.75.Z; 47.76.Z; 47.78.Z; 47.79.Z; 47.81.Z; 47.91.Z; 47.99.Z; 52.29.B; 56.10.A; 68.32.Z; 74.90.Z; 81.10.Z; 81.30.Z; 82.92.Z,16.10.Z,pozostałe,16.10.Z: PKD 2007 - Produkcja wyrobów tartacznych,"{'wartosc': '430000,00', 'waluta': 'PLN'}",
0000323857,"""DW-6"" SPÓŁKA Z OGRANICZONĄ ODPOWIEDZIALNOŚCIĄ",8951942705,02079715800000,SPÓŁKA Z OGRANICZONĄ ODPOWIEDZIALNOŚCIĄ,RejP,18.02.2009,27.09.2025,20.11.2025,ACTIVE,,,,WROCŁAW,BAŁKAŃSKA,9,,51-111,WROCŁAW,,01.11.Z; 01.13.Z; 01.15.Z; 01.16.Z; 01.19.Z; 81.30.Z; 01.61.Z; 01.62.Z; 01.63.Z; 08.99.Z; 03.21.Z; 03.22.Z; 08.11.Z; 47.25.Z; 10.91.Z; 11.01.Z; 16.10.Z; 10.89.Z; 20.14.Z; 16.22.Z; 16.23.Z; 23.70.Z; 47.26.Z; 47.61.Z; 47.62.Z; 47.99.Z; 55.10.Z; 46.19.Z; 46.21.Z; 55.20.Z; 56.10.A; 56.30.Z; 56.29.Z; 56.21.Z; 46.71.Z; 49.39.Z; 49.41.Z; 79.12.Z; 79.11.B; 79.90.B; 53.20.Z; 64.91.Z; 64.92.Z; 64.99.Z; 66.19.Z; 66.21.Z; 68.10.Z; 68.20.Z; 68.31.Z; 68.32.Z; 77.11.Z; 77.39.Z; 72.19.Z; 70.22.Z; 64.20.Z; 80.10.Z; 81.21.Z; 82.30.Z; 74.90.Z; 85.32.A; 86.90.A; 86.90.D; 87.30.Z; 91.01.A; 93.12.Z; 92.00.Z; 96.02.Z; 93.13.Z; 96.09.Z; 46.75.Z,16.10.Z,pozostałe,16.10.Z: PKD 2007 - Produkcja wyrobów tartacznych,"{'wartosc': '450000,00', 'waluta': 'PLN'}",
0000323985,"""BUD-SYSTEM"" SPÓŁKA Z OGRANICZONĄ ODPOWIEDZIALNOŚCIĄ",5423121305,20025792200000,SPÓŁKA Z OGRANICZONĄ ODPOWIEDZIALNOŚCIĄ,RejP,20.02.2009,05.03.2025,20.11.2025,ACTIVE,,,,BIAŁYSTOK,,,,,,,16.10.Z; 46.72.Z; 46.73.Z,16.10.Z,pozostałe,16.10.Z: PKD 2007 - Produkcja wyrobów tartacznych,"{'wartosc': '50000,00', 'waluta': 'PLN'}",
0000326306,"""REWITAL"" SPÓŁKA Z OGRANICZONĄ ODPOWIEDZIALNOŚCIĄ",9371548375,07073286900000,SPÓŁKA Z OGRANICZONĄ ODPOWIEDZIALNOŚCIĄ,RejP,20.03.2009,14.01.2026,15.01.2026,ACTIVE,,,,,,,,,,,01.11.Z; 01.13.Z; 01.14.Z; 01.21.Z; 01.26.Z; 01.29.Z; 02.10.Z; 02.20.Z; 08.11.Z; 08.12.Z; 08.92.Z; 10.41.Z; 10.61.Z; 10.71.Z; 10.73.Z; 10.85.Z; 10.86.Z; 10.89.Z; 11.02.Z; 11.04.Z; 11.05.Z; 11.07.Z; 14.12.Z; 14.13.Z; 14.14.Z; 14.19.Z; 14.39.Z; 16.10.Z; 17.21.Z; 17.29.Z; 18.12.Z; 18.13.Z; 18.14.Z; 19.20.Z; 20.16.Z; 22.21.Z; 22.22.Z; 22.23.Z; 22.29.Z; 23.41.Z; 23.49.Z; 23.61.Z; 23.62.Z; 23.70.Z; 25.12.Z; 27.40.Z; 31.01.Z; 31.02.Z; 31.09.Z; 31.03.Z; 32.12.Z; 32.13.Z; 32.40.Z; 33.20.Z; 35.11.Z; 35.12.Z; 35.13.Z; 35.14.Z; 38.11.Z; 38.12.Z; 38.22.Z; 38.31.Z; 38.32.Z; 39.00.Z; 41.10.Z; 41.20.Z; 43.11.Z; 43.12.Z; 43.13.Z; 43.21.Z; 43.22.Z; 43.29.Z; 43.31.Z; 43.32.Z; 43.33.Z; 43.34.Z; 43.39.Z; 43.91.Z; 43.99.Z; 45.11.Z; 45.19.Z; 45.20.Z; 45.31.Z; 45.32.Z; 45.40.Z; 46.13.Z; 46.15.Z; 46.16.Z; 46.17.Z; 46.18.Z; 46.19.Z; 46.22.Z; 46.31.Z; 46.32.Z; 46.33.Z; 46.34.A; 46.34.B; 46.35.Z; 46.36.Z; 46.37.Z; 46.38.Z; 46.39.Z; 46.43.Z; 46.44.Z; 46.45.Z; 46.46.Z; 46.47.Z; 46.48.Z; 46.49.Z; 46.64.Z; 46.65.Z; 46.66.Z; 46.69.Z; 46.73.Z; 46.76.Z; 46.77.Z; 46.90.Z; 47.11.Z; 47.19.Z; 47.21.Z; 47.22.Z; 47.23.Z; 47.24.Z; 47.25.Z; 47.26.Z; 47.29.Z; 47.30.Z; 47.41.Z; 47.42.Z; 47.43.Z; 47.59.Z; 47.61.Z; 47.62.Z; 47.63.Z; 47.64.Z; 47.65.Z; 47.71.Z; 47.72.Z; 47.73.Z; 47.74.Z; 47.75.Z; 47.76.Z; 47.77.Z; 47.78.Z; 47.79.Z; 47.91.Z; 47.99.Z; 49.32.Z; 49.39.Z; 49.41.Z; 49.42.Z; 53.20.Z; 55.10.Z; 55.20.Z; 55.30.Z; 55.90.Z; 56.10.A; 56.10.B; 56.21.Z; 56.29.Z; 56.30.Z; 59.14.Z; 59.20.Z; 63.11.Z; 63.12.Z; 63.91.Z; 63.99.Z; 64.91.Z; 64.92.Z; 64.99.Z; 66.19.Z; 66.22.Z; 66.29.Z; 68.20.Z; 68.32.Z; 69.20.Z; 70.10.Z; 70.21.Z; 70.22.Z; 73.11.Z; 73.12.A; 73.12.B; 73.12.C; 73.12.D; 73.20.Z; 74.10.Z; 74.20.Z; 74.30.Z; 77.11.Z; 77.12.Z; 77.21.Z; 77.22.Z; 77.31.Z; 77.32.Z; 77.33.Z; 77.34.Z; 77.39.Z; 78.10.Z; 78.20.Z; 78.30.Z; 79.11.A; 79.11.B; 79.12.Z; 79.90.A; 79.90.B; 79.90.C; 81.10.Z; 81.21.Z; 81.22.Z; 81.29.Z; 81.30.Z; 82.11.Z; 82.19.Z; 82.20.Z; 82.30.Z; 82.91.Z; 82.92.Z; 82.99.Z; 84.12.Z; 85.10.Z; 85.51.Z; 85.52.Z; 85.53.Z; 85.59.A; 85.59.B; 85.60.Z; 86.10.Z; 86.21.Z; 86.22.Z; 86.23.Z; 86.90.A; 86.90.B; 86.90.C; 86.90.D; 86.90.E; 87.10.Z; 87.20.Z; 87.30.Z; 87.90.Z; 88.10.Z; 88.91.Z; 88.99.Z; 90.01.Z; 90.02.Z; 90.03.Z; 90.04.Z; 91.01.B; 93.11.Z; 93.12.Z; 93.13.Z; 93.19.Z; 94.11.Z; 94.12.Z; 95.11.Z; 95.12.Z; 95.21.Z; 95.22.Z; 95.24.Z; 95.29.Z; 96.02.Z; 96.04.Z; 96.09.Z; 93.29.B,16.10.Z,pozostałe,16.10.Z: PKD 2007 - Produkcja wyrobów tartacznych,"{'wartosc': '50000,00', 'waluta': 'PLN'}",
0000327181,KIR-TECH GNT SPÓŁKA Z OGRANICZONĄ ODPOWIEDZIALNOŚCIĄ,6932143445,02094691900000,SPÓŁKA Z OGRANICZONĄ ODPOWIEDZIALNOŚCIĄ,RejP,01.04.2009,10.12.2025,11.12.2025,ACTIVE,,,,WARSZAWA,,,,,,,01.61.Z; 81.30.Z; 01.62.Z; 64.19.Z; 10.92.Z; 75.00.Z; 08.11.Z; 16.23.Z; 22.23.Z; 28.92.Z; 46.63.Z; 35.14.Z; 78.30.Z; 08.12.Z; 16.10.Z; 16.24.Z; 16.29.Z; 77.32.Z; 49.31.Z; 55.20.Z; 55.10.Z; 56.10.A; 56.21.Z; 68.20.Z; 01.45.Z; 01.46.Z; 01.47.Z; 01.49.Z; 01.50.Z; 35.23.Z; 45.40.Z; 68.10.Z; 73.12.A; 73.12.B; 73.12.C; 73.12.D; 62.02.Z; 64.99.Z; 69.20.Z,16.10.Z,pozostałe,16.10.Z: PKD 2007 - Produkcja wyrobów tartacznych,"{'wartosc': '100000,00', 'waluta': 'PLN'}",
0000327278,"""INTERBUD"" SPÓŁKA Z OGRANICZONĄ ODPOWIEDZIALNOŚCIĄ",5242674029,14176851300000,SPÓŁKA Z OGRANICZONĄ ODPOWIEDZIALNOŚCIĄ,RejP,03.04.2009,01.09.2025,20.11.2025,ACTIVE,,,,WARSZAWA,MALINOWSKIEGO,5,,02-776,WARSZAWA,,25.12.Z; 41.10.Z; 41.20.Z; 22.23.Z; 43.12.Z; 43.11.Z; 16.10.Z; 16.23.Z; 16.24.Z; 22.21.Z; 22.22.Z; 22.29.Z; 23.61.Z; 23.62.Z; 23.64.Z; 23.65.Z; 23.70.Z; 25.11.Z; 42.11.Z; 43.13.Z; 43.21.Z; 43.22.Z; 43.29.Z; 43.31.Z; 43.32.Z; 43.33.Z; 43.34.Z; 43.39.Z; 43.91.Z; 43.99.Z; 68.10.Z; 68.20.Z; 68.31.Z; 68.32.Z; 81.10.Z; 81.21.Z; 81.22.Z; 81.29.Z; 81.30.Z,16.10.Z,pozostałe,16.10.Z: PKD 2007 - Produkcja wyrobów tartacznych,"{'wartosc': '505000,00', 'waluta': 'PLN'}",
0000327461,"""DSM CONTRACT"" SPÓŁKA Z OGRANICZONĄ ODPOWIEDZIALNOŚCIĄ",1231181166,14180737700000,SPÓŁKA Z OGRANICZONĄ ODPOWIEDZIALNOŚCIĄ,RejP,07.04.2009,20.05.2024,20.11.2025,ACTIVE,,,,KAROLINA,,58,,05-530,GÓRA KALWARIA,31.01.Z,16.10.Z; 16.23.Z; 16.24.Z; 31.02.Z; 31.09.Z; 43.32.Z; 43.33.Z; 47.59.Z; 47.54.Z,16.10.Z,pozostałe,16.10.Z: PKD 2007 - Produkcja wyrobów tartacznych,"{'wartosc': '50000,00', 'waluta': 'PLN'}",
0000329214,MONTERRA SPÓŁKA Z OGRANICZONĄ ODPOWIEDZIALNOŚCIĄ,5911666999,22078126300000,SPÓŁKA Z OGRANICZONĄ ODPOWIEDZIALNOŚCIĄ,RejP,11.05.2009,08.04.2026,08.04.2026,LIQUIDATION,,,,STARA KISZEWA,KOŚCIERSKA,44,,83-430,STARA KISZEWA,47.11.Z,16.10.Z; 49.41.Z; 68.20.Z; 16.23.Z; 43.91.Z; 16.29.Z; 45.32.Z; 64.19.Z; 46.73.Z,16.10.Z,pozostałe,16.10.Z: PKD 2007 - Produkcja wyrobów tartacznych,"{'wartosc': '272500,00', 'waluta': 'PLN'}",
0000330905,"""CONSULTING & TRADE & BUSINESS"" SPÓŁKA Z OGRANICZONĄ ODPOWIEDZIALNOŚCIĄ",9521676609,01283653900000,SPÓŁKA Z OGRANICZONĄ ODPOWIEDZIALNOŚCIĄ,RejP,03.06.2009,13.05.2025,20.11.2025,ACTIVE,,,,WARSZAWA,ŁUKOWA,2,98A,02-767,WARSZAWA,,01.50.Z; 01.61.Z; 01.62.Z; 02.10.Z; 02.20.Z; 02.40.Z; 10.85.Z; 16.10.Z; 16.23.Z; 23.61.Z; 38.31.Z; 43.99.Z; 46.11.Z; 46.12.Z; 46.13.Z; 46.15.Z; 46.17.Z; 46.19.Z; 46.21.Z; 46.72.Z; 46.73.Z; 46.75.Z; 46.76.Z; 46.77.Z; 46.90.Z; 47.19.Z; 46.19.Z; 46.90.Z; 55.90.Z; 56.29.Z; 62.01.Z; 62.02.Z; 70.10.Z; 70.21.Z; 70.22.Z; 74.90.Z; 85.60.Z; 88.99.Z; 85.59.B; 96.09.Z,16.10.Z,pozostałe,16.10.Z: PKD 2007 - Produkcja wyrobów tartacznych,"{'wartosc': '12000,00', 'waluta': 'PLN'}",
0000331985,POLDREW TRADING COMPANY SPÓŁKA Z OGRANICZONĄ ODPOWIEDZIALNOŚCIĄ,5711688950,28041445700000,SPÓŁKA Z OGRANICZONĄ ODPOWIEDZIALNOŚCIĄ,RejP,29.07.2009,12.06.2026,12.06.2026,ACTIVE,,,,LIDZBARK,ZIELUŃSKA,9,,13-230,LIDZBARK,46.83.Z,46.90.Z; 68.11.Z; 47.12.Z; 47.78.Z; 16.11.Z; 68.20.Z; 16.27.Z; 16.28.Z; 35.12.B,16.11.Z,pozostałe,16.11.Z: PKD 2025 - Produkcja wyrobów tartacznych,"{'wartosc': '15000,00', 'waluta': 'PLN'}",
0000333315,"""HANDYMAN L&M"" SPÓŁKA Z OGRANICZONĄ ODPOWIEDZIALNOŚCIĄ",7312005838,10070975800000,SPÓŁKA Z OGRANICZONĄ ODPOWIEDZIALNOŚCIĄ,RejP,15.07.2009,06.03.2020,20.11.2025,ACTIVE,,,,PABIANICE,,,,,,,16.10.Z; 10.85.Z; 56.10.A; 55.10.Z; 55.20.Z; 43.21.Z; 49.41.Z; 49.42.Z; 45.11.Z; 45.19.Z; 45.31.Z; 45.32.Z; 46.31.Z; 46.32.Z; 46.35.Z; 46.42.Z; 47.11.Z; 47.22.Z; 47.21.Z; 47.24.Z; 47.81.Z; 47.89.Z; 63.91.Z; 63.99.Z; 90.02.Z; 95.11.Z; 95.21.Z,16.10.Z,pozostałe,16.10.Z: PKD 2007 - Produkcja wyrobów tartacznych,"{'wartosc': '5000,00', 'waluta': 'PLN'}",
0000333747,"""EUROTRANS-BUD"" SPÓŁKA Z OGRANICZONĄ ODPOWIEDZIALNOŚCIĄ",8951948205,02097846300000,SPÓŁKA Z OGRANICZONĄ ODPOWIEDZIALNOŚCIĄ,RejP,23.07.2009,14.01.2026,15.01.2026,ACTIVE,,,,WROCŁAW,SOŁTYSOWICKA,62A,,51-168,WROCŁAW,,96.03.Z; 96.04.Z; 96.09.Z; 85.59.A; 85.59.B; 85.60.Z; 90.01.Z; 90.02.Z; 90.03.Z; 90.04.Z; 93.11.Z; 93.12.Z; 93.13.Z; 93.19.Z; 93.21.Z; 94.11.Z; 94.12.Z; 94.20.Z; 94.91.Z; 94.99.Z; 96.01.Z; 96.02.Z; 79.11.A; 79.11.B; 79.12.Z; 79.90.A; 79.90.B; 79.90.C; 81.10.Z; 81.21.Z; 81.22.Z; 81.29.Z; 81.30.Z; 82.19.Z; 82.20.Z; 82.30.Z; 82.91.Z; 82.92.Z; 82.99.Z; 85.51.Z; 85.52.Z; 85.53.Z; 72.19.Z; 72.20.Z; 73.11.Z; 73.20.Z; 74.10.Z; 74.20.Z; 74.30.Z; 74.90.Z; 77.11.Z; 77.12.Z; 77.31.Z; 77.32.Z; 77.33.Z; 77.34.Z; 77.35.Z; 77.39.Z; 77.40.Z; 78.10.Z; 78.20.Z; 78.30.Z; 56.10.A; 56.10.B; 56.21.Z; 56.29.Z; 56.30.Z; 60.10.Z; 60.20.Z; 63.11.Z; 63.12.Z; 63.91.Z; 63.99.Z; 68.10.Z; 68.20.Z; 68.31.Z; 68.32.Z; 71.11.Z; 71.12.Z; 71.20.A; 71.20.B; 72.11.Z; 51.10.Z; 51.21.Z; 52.10.A; 52.10.B; 52.21.Z; 52.22.A; 52.22.B; 52.23.Z; 52.24.A; 52.24.B; 52.24.C; 52.29.A; 52.29.B; 52.29.C; 53.10.Z; 53.20.Z; 55.10.Z; 55.20.Z; 55.30.Z; 55.90.Z; 46.72.Z; 46.73.Z; 46.74.Z; 46.75.Z; 46.76.Z; 46.77.Z; 46.90.Z; 47.11.Z; 47.19.Z; 47.30.Z; 47.99.Z; 49.31.Z; 49.32.Z; 49.39.Z; 49.41.Z; 49.42.Z; 50.10.Z; 50.20.Z; 50.30.Z; 50.40.Z; 46.39.Z; 46.41.Z; 46.42.Z; 46.43.Z; 46.44.Z; 46.45.Z; 46.46.Z; 46.47.Z; 46.48.Z; 46.49.Z; 46.51.Z; 46.52.Z; 46.61.Z; 46.62.Z; 46.63.Z; 46.64.Z; 46.65.Z; 46.66.Z; 46.69.Z; 46.71.Z; 46.12.Z; 46.13.Z; 46.14.Z; 46.15.Z; 46.16.Z; 46.17.Z; 46.18.Z; 46.19.Z; 46.21.Z; 46.22.Z; 46.23.Z; 46.31.Z; 46.32.Z; 46.33.Z; 46.34.A; 46.34.B; 46.35.Z; 46.36.Z; 46.37.Z; 46.38.Z; 43.11.Z; 43.12.Z; 43.13.Z; 43.21.Z; 43.22.Z; 43.29.Z; 43.31.Z; 43.32.Z; 43.33.Z; 43.34.Z; 43.39.Z; 43.91.Z; 43.99.Z; 45.11.Z; 45.19.Z; 45.20.Z; 45.31.Z; 45.32.Z; 45.40.Z; 46.11.Z; 32.50.Z; 32.91.Z; 32.99.Z; 35.11.Z; 35.12.Z; 35.13.Z; 35.14.Z; 35.21.Z; 35.22.Z; 35.23.Z; 35.30.Z; 37.00.Z; 38.11.Z; 38.12.Z; 38.21.Z; 38.22.Z; 38.31.Z; 38.32.Z; 41.10.Z; 41.20.Z; 29.10.A; 29.10.B; 29.10.C; 29.10.D; 29.10.E; 29.20.Z; 29.31.Z; 29.32.Z; 30.11.Z; 30.12.Z; 30.20.Z; 30.30.Z; 30.91.Z; 30.92.Z; 30.99.Z; 32.11.Z; 32.12.Z; 32.13.Z; 32.30.Z; 32.40.Z; 28.11.Z; 28.12.Z; 28.13.Z; 28.14.Z; 28.15.Z; 28.21.Z; 28.22.Z; 28.23.Z; 28.25.Z; 28.29.Z; 28.30.Z; 28.41.Z; 28.49.Z; 28.91.Z; 28.92.Z; 28.93.Z; 28.94.Z; 28.95.Z; 28.96.Z; 28.99.Z; 26.11.Z; 26.12.Z; 26.20.Z; 26.30.Z; 26.40.Z; 26.51.Z; 26.52.Z; 26.60.Z; 26.70.Z; 26.80.Z; 27.11.Z; 27.12.Z; 27.20.Z; 27.31.Z; 27.32.Z; 27.33.Z; 27.40.Z; 27.51.Z; 27.52.Z; 27.90.Z; 24.51.Z; 24.52.Z; 24.53.Z; 24.54.A; 24.54.B; 25.11.Z; 25.12.Z; 25.21.Z; 25.29.Z; 25.30.Z; 25.50.Z; 25.61.Z; 25.62.Z; 25.71.Z; 25.72.Z; 25.73.Z; 25.91.Z; 25.92.Z; 25.93.Z; 25.94.Z; 23.42.Z; 23.43.Z; 23.44.Z; 23.49.Z; 23.51.Z; 23.52.Z; 23.61.Z; 23.62.Z; 23.63.Z; 23.64.Z; 23.65.Z; 23.69.Z; 23.70.Z; 23.91.Z; 23.99.Z; 24.10.Z; 24.20.Z; 24.31.Z; 24.32.Z; 24.46.Z; 20.52.Z; 20.53.Z; 20.59.Z; 20.60.Z; 21.10.Z; 21.20.Z; 22.19.Z; 22.21.Z; 22.22.Z; 22.23.Z; 22.29.Z; 23.11.Z; 23.12.Z; 23.13.Z; 23.14.Z; 23.19.Z; 23.20.Z; 23.31.Z; 23.32.Z; 23.41.Z; 17.29.Z; 18.11.Z; 18.12.Z; 18.13.Z; 18.14.Z; 18.20.Z; 19.10.Z; 19.20.Z; 20.11.Z; 20.12.Z; 20.13.Z; 20.14.Z; 20.15.Z; 20.16.Z; 20.17.Z; 20.20.Z; 20.30.Z; 20.41.Z; 20.42.Z; 20.51.Z; 14.14.Z; 14.19.Z; 14.20.Z; 14.31.Z; 14.39.Z; 15.11.Z; 15.12.Z; 15.20.Z; 16.10.Z; 16.21.Z; 16.22.Z; 16.23.Z; 16.24.Z; 16.29.Z; 17.11.Z; 17.12.Z; 17.21.Z; 17.22.Z; 17.23.Z; 17.24.Z; 11.07.Z; 13.10.A; 13.10.B; 13.10.C; 13.10.D; 13.20.A; 13.20.B; 13.20.C; 13.20.D; 13.30.Z; 13.91.Z; 13.92.Z; 13.93.Z; 13.94.Z; 13.95.Z; 13.96.Z; 13.99.Z; 14.11.Z; 14.12.Z; 14.13.Z; 10.61.Z; 10.62.Z; 10.71.Z; 10.72.Z; 10.73.Z; 10.81.Z; 10.82.Z; 10.83.Z; 10.84.Z; 10.85.Z; 10.86.Z; 10.89.Z; 10.91.Z; 10.92.Z; 11.01.Z; 11.02.Z; 11.03.Z; 11.04.Z; 11.05.Z; 11.06.Z; 08.99.Z; 08.11.Z; 08.12.Z; 08.91.Z; 08.92.Z; 08.93.Z; 09.10.Z; 09.90.Z; 10.11.Z; 10.12.Z; 10.13.Z; 10.20.Z; 10.31.Z; 10.32.Z; 10.39.Z; 10.41.Z; 10.42.Z; 10.51.Z; 10.52.Z; 93.29.B,16.10.Z,pozostałe,16.10.Z: PKD 2007 - Produkcja wyrobów tartacznych,"{'wartosc': '5000,00', 'waluta': 'PLN'}",
0000336192,"""POWIERZA FAMILY COMPANY HUMAN RESOURCES"" SPÓŁKA Z OGRANICZONĄ ODPOWIEDZIALNOŚCIĄ",1132774940,14196521900000,SPÓŁKA Z OGRANICZONĄ ODPOWIEDZIALNOŚCIĄ,RejP,04.09.2009,20.07.2026,20.07.2026,ACTIVE,,,,WARSZAWA,ZWYCIĘZCÓW,28,28,03-938,WARSZAWA,,13.10.A; 13.10.B; 13.10.C; 13.10.D; 13.20.A; 13.20.B; 13.20.C; 13.20.D; 13.30.Z; 13.91.Z; 13.92.Z; 13.93.Z; 13.94.Z; 13.95.Z; 13.96.Z; 13.99.Z; 14.11.Z; 14.12.Z; 14.13.Z; 14.14.Z; 14.19.Z; 14.20.Z; 14.31.Z; 14.39.Z; 15.11.Z; 15.12.Z; 15.20.Z; 16.10.Z; 16.21.Z; 16.22.Z; 16.23.Z; 16.24.Z; 16.29.Z; 17.11.Z; 17.12.Z; 17.23.Z; 17.24.Z; 18.11.Z; 18.12.Z; 18.13.Z; 18.14.Z; 18.20.Z; 43.11.Z; 43.12.Z; 43.13.Z; 43.21.Z; 43.22.Z; 43.29.Z; 43.31.Z; 43.32.Z; 43.33.Z; 43.34.Z; 43.39.Z; 43.91.Z; 43.99.Z; 46.16.Z; 46.41.Z; 46.42.Z; 46.45.Z; 46.48.Z; 47.19.Z; 47.71.Z; 47.72.Z; 47.75.Z; 47.77.Z; 47.78.Z; 47.91.Z; 47.99.Z; 55.10.Z; 55.20.Z; 55.30.Z; 55.90.Z; 56.10.A; 56.10.B; 56.21.Z; 56.29.Z; 56.30.Z; 58.14.Z; 63.11.Z; 63.12.Z; 63.91.Z; 63.99.Z; 68.10.Z; 68.20.Z; 68.31.Z; 68.32.Z; 70.21.Z; 70.22.Z; 73.11.Z; 73.12.A; 73.12.B; 73.12.C; 73.12.D; 73.20.Z; 78.10.Z; 78.20.Z; 78.30.Z; 77.34.Z; 77.21.Z; 79.11.A; 79.11.B; 79.12.Z; 79.90.B; 82.99.Z; 86.90.A; 86.90.D; 86.90.E; 93.11.Z; 93.12.Z; 93.13.Z; 93.19.Z; 95.23.Z; 96.01.Z; 96.02.Z; 96.04.Z; 96.09.Z; 90.01.Z; 90.02.Z; 90.04.Z,16.10.Z,pozostałe,16.10.Z: PKD 2007 - Produkcja wyrobów tartacznych,"{'wartosc': '5000,00', 'waluta': 'PLN'}",
0000338288,"""E-LINES"" SPÓŁKA Z OGRANICZONĄ ODPOWIEDZIALNOŚCIĄ",7811843256,30122389100000,SPÓŁKA Z OGRANICZONĄ ODPOWIEDZIALNOŚCIĄ,RejP,07.10.2009,05.11.2024,20.11.2025,ACTIVE,,,,PRUSZKÓW,UL. RASZYŃSKA,11,,05-800,PRUSZKÓW,16.10.Z,16.21.Z; 16.22.Z; 16.23.Z; 02.40.Z; 02.20.Z,16.10.Z,przeważające,16.10.Z: PKD 2007 - Produkcja wyrobów tartacznych,"{'wartosc': '100000,00', 'waluta': 'PLN'}",
0000339016,"""EMV GIESSLER GROUP POLSKA SPÓŁKA Z OGRANICZONĄ ODPOWIEDZIALNOŚCIĄ""",5472112401,24133765500000,SPÓŁKA Z OGRANICZONĄ ODPOWIEDZIALNOŚCIĄ,RejP,08.10.2009,24.06.2026,24.06.2026,ACTIVE,,,,BIELSKO-BIAŁA,ZAPŁOCIE DUŻE,56,,43-300,BIELSKO-BIAŁA,22.23.Z,46.73.Z; 16.10.Z; 16.21.Z; 16.22.Z; 16.23.Z; 47.52.Z; 41.10.Z; 43.29.Z; 43.32.Z,16.10.Z,pozostałe,16.10.Z: PKD 2007 - Produkcja wyrobów tartacznych,"{'wartosc': '216000,00', 'waluta': 'PLN'}",
0000340117,"""LUCJAN"" ARTUR MIKOŁAJSKI I JOANNA KRASKOWSKA SPÓŁKA JAWNA",5691846853,14207355200000,SPÓŁKA JAWNA,RejP,27.10.2009,30.06.2026,30.06.2026,ACTIVE,,,,KONOPKI,MŁAWSKA,1,,06-560,KONOPKI,,47.30.Z; 47.21.Z; 47.29.Z; 47.11.Z; 16.10.Z; 01.11.Z; 46.71.Z; 45.32.Z; 46.21.Z; 46.73.Z; 46.45.Z; 46.76.Z; 47.19.Z; 47.25.Z; 47.26.Z; 47.52.Z; 47.76.Z; 55.10.Z; 56.10.A; 56.10.B; 56.29.Z; 56.21.Z; 49.41.Z; 68.20.Z; 68.10.Z; 77.12.Z; 77.39.Z; 82.92.Z; 46.90.Z; 23.61.Z,16.10.Z,pozostałe,16.10.Z: PKD 2007 - Produkcja wyrobów tartacznych,,
0000340563,NUMO YACHTS SPÓŁKA Z OGRANICZONĄ ODPOWIEDZIALNOŚCIĄ,7822483123,30122652400000,SPÓŁKA Z OGRANICZONĄ ODPOWIEDZIALNOŚCIĄ,RejP,05.11.2009,24.11.2025,24.11.2025,ACTIVE,,,,PRUSZKÓW,UL. RASZYŃSKA,11,,05-800,PRUSZKÓW,02.10.Z,02.20.Z; 02.30.Z; 02.40.Z; 03.11.Z; 03.12.Z; 03.21.Z; 03.22.Z; 16.10.Z; 16.21.Z,16.10.Z,pozostałe,16.10.Z: PKD 2007 - Produkcja wyrobów tartacznych,"{'wartosc': '50000,00', 'waluta': 'PLN'}",
0000340971,BHZ POLSKIE DREWNO SPÓŁKA Z OGRANICZONĄ ODPOWIEDZIALNOŚCIĄ,7661970319,30124951900000,SPÓŁKA Z OGRANICZONĄ ODPOWIEDZIALNOŚCIĄ,RejP,04.11.2009,03.06.2026,03.06.2026,ACTIVE,,,,BARTODZIEJE,,46G,,62-100,WĄGROWIEC,46.73.Z,16.21.Z; 16.22.Z; 16.23.Z; 16.24.Z; 16.29.Z; 02.40.Z; 49.41.Z; 16.10.Z,16.10.Z,pozostałe,16.10.Z: PKD 2007 - Produkcja wyrobów tartacznych,"{'wartosc': '5000,00', 'waluta': 'PLN'}",
0000342935,"""FIDES"" SPÓŁKA Z OGRANICZONĄ ODPOWIEDZIALNOŚCIĄ",7773139347,30122605600000,SPÓŁKA Z OGRANICZONĄ ODPOWIEDZIALNOŚCIĄ,RejP,02.12.2009,07.03.2025,21.11.2025,ACTIVE,,,,POZNAŃ,UL. JULIUSZA SŁOWACKIEGO,55,1,60-521,POZNAŃ,,01.61.Z; 16.10.Z; 16.21.Z; 16.23.Z; 16.24.Z; 18.13.Z; 18.14.Z; 33.19.Z; 38.31.Z; 38.32.Z; 41.20.Z; 43.11.Z; 43.12.Z; 43.13.Z; 43.31.Z; 43.32.Z; 43.33.Z; 43.34.Z; 43.39.Z; 43.99.Z; 45.11.Z; 45.19.Z; 45.20.Z; 45.31.Z; 45.32.Z; 45.40.Z; 46.21.Z; 46.22.Z; 46.23.Z; 46.24.Z; 46.31.Z; 46.32.Z; 46.33.Z; 46.34.A; 46.34.B; 46.35.Z; 46.36.Z; 46.37.Z; 46.38.Z; 46.39.Z; 46.41.Z; 46.42.Z; 46.43.Z; 46.46.Z; 46.47.Z; 46.71.Z; 46.72.Z; 46.73.Z; 46.75.Z; 46.76.Z; 46.77.Z; 46.90.Z; 52.10.B; 55.10.Z; 56.10.A; 62.03.Z; 62.09.Z; 63.11.Z; 63.99.Z; 66.19.Z; 68.31.Z; 68.32.Z; 69.20.Z; 70.22.Z; 72.19.Z; 73.12.C; 73.12.D; 73.20.Z; 74.90.Z; 78.10.Z; 78.30.Z; 79.11.B; 79.12.Z; 81.30.Z; 82.30.Z; 86.10.Z; 86.22.Z; 86.90.E,16.10.Z,pozostałe,16.10.Z: PKD 2007 - Produkcja wyrobów tartacznych,"{'wartosc': '120000,00', 'waluta': 'PLN'}",
0000344296,CAROLCO INVESTMENTS SPÓŁKA Z OGRANICZONĄ ODPOWIEDZIALNOŚCIĄ,7252020572,10085156800000,SPÓŁKA Z OGRANICZONĄ ODPOWIEDZIALNOŚCIĄ,RejP,12.03.2010,01.04.2025,21.11.2025,ACTIVE,,,,ŁÓDŹ,UL. HENRYKA SIENKIEWICZA,85/87,8,90-057,ŁÓDŹ,,02.40.Z; 16.10.Z; 16.21.Z; 16.22.Z; 16.23.Z; 16.24.Z; 16.29.Z; 17.23.Z; 18.11.Z; 18.12.Z; 18.13.Z; 18.14.Z; 26.20.Z; 28.23.Z; 29.31.Z; 29.32.Z; 30.11.Z; 30.12.Z; 30.20.Z; 30.30.Z; 31.01.Z; 31.02.Z; 31.09.Z; 32.99.Z; 33.12.Z; 33.19.Z; 33.20.Z; 36.00.Z; 37.00.Z; 38.11.Z; 38.12.Z; 38.21.Z; 38.22.Z; 38.31.Z; 38.32.Z; 39.00.Z; 41.10.Z; 41.20.Z; 42.11.Z; 42.12.Z; 42.13.Z; 42.21.Z; 42.22.Z; 42.91.Z; 42.99.Z; 43.31.Z; 43.32.Z; 43.33.Z; 43.34.Z; 43.39.Z; 43.91.Z; 43.99.Z; 45.11.Z; 45.19.Z; 45.20.Z; 45.31.Z; 45.32.Z; 45.40.Z; 46.13.Z; 46.15.Z; 46.18.Z; 46.19.Z; 46.37.Z; 46.43.Z; 46.47.Z; 46.49.Z; 46.52.Z; 46.73.Z; 47.41.Z; 47.42.Z; 47.43.Z; 47.53.Z; 47.54.Z; 47.59.Z; 47.63.Z; 47.79.Z; 47.81.Z; 47.82.Z; 47.89.Z; 47.91.Z; 47.99.Z; 49.10.Z; 49.20.Z; 49.31.Z; 49.32.Z; 49.39.Z; 49.41.Z; 49.42.Z; 52.10.B; 52.24.A; 52.24.B; 52.24.C; 58.11.Z; 58.12.Z; 58.13.Z; 58.14.Z; 58.19.Z; 58.21.Z; 58.29.Z; 59.20.Z; 60.10.Z; 60.20.Z; 62.01.Z; 62.02.Z; 62.03.Z; 62.09.Z; 63.11.Z; 63.12.Z; 68.10.Z; 68.20.Z; 68.31.Z; 68.32.Z; 69.10.Z; 69.20.Z; 70.10.Z; 70.21.Z; 70.22.Z; 71.11.Z; 71.12.Z; 71.20.A; 71.20.B; 72.11.Z; 72.19.Z; 72.20.Z; 73.11.Z; 73.12.A; 73.12.B; 73.12.C; 73.12.D; 73.20.Z; 74.10.Z; 74.20.Z; 74.30.Z; 74.90.Z; 77.11.Z; 77.12.Z; 77.33.Z; 81.10.Z; 81.21.Z; 81.22.Z; 81.29.Z; 81.30.Z; 82.11.Z; 82.19.Z; 82.30.Z; 82.91.Z; 82.92.Z; 82.99.Z; 85.60.Z; 92.00.Z; 95.11.Z; 95.12.Z; 95.21.Z; 95.22.Z; 95.24.Z; 47.64.Z,16.10.Z,pozostałe,16.10.Z: PKD 2007 - Produkcja wyrobów tartacznych,"{'wartosc': '100000,00', 'waluta': 'PLN'}",
0000345484,"""KOPERSKI I WSPÓLNICY"" SPÓŁKA JAWNA",8381825812,14217404600000,SPÓŁKA JAWNA,RejP,30.12.2009,09.07.2026,09.07.2026,ACTIVE,,,,MSZCZONÓW,SIENKIEWICZA,33,,96-320,MSZCZONÓW,96.03.Z,16.29.Z; 16.10.Z; 47.72.Z; 47.76.Z; 49.39.Z; 68.20.Z; 86.90.E,16.10.Z,pozostałe,16.10.Z: PKD 2007 - Produkcja wyrobów tartacznych,,
0000345868,"""PREMIUM-HOLZ PLUS"" SPÓŁKA Z OGRANICZONĄ ODPOWIEDZIALNOŚCIĄ",6152013402,02115430400000,SPÓŁKA Z OGRANICZONĄ ODPOWIEDZIALNOŚCIĄ,RejP,05.01.2010,26.05.2025,21.11.2025,ACTIVE,,,,RUSZÓW,SZKLANA,4,,59-950,RUSZÓW,,02.40.Z; 16.10.Z; 16.23.Z; 16.24.Z; 46.19.Z; 46.73.Z; 49.41.Z; 52.10.B; 64.99.Z; 82.91.Z,16.10.Z,pozostałe,16.10.Z: PKD 2007 - Produkcja wyrobów tartacznych,"{'wartosc': '5000,00', 'waluta': 'PLN'}",
0000346340,TAXSPOT SPÓŁKA Z OGRANICZONĄ ODPOWIEDZIALNOŚCIĄ,9542694185,24123429200000,SPÓŁKA Z OGRANICZONĄ ODPOWIEDZIALNOŚCIĄ,RejP,20.01.2010,16.06.2026,16.06.2026,ACTIVE,,,,KATOWICE,,,,,,,69.20.Z; 66.19.Z; 70.22.Z; 82.11.Z; 82.19.Z; 82.99.Z; 63.12.Z; 85.59.B; 01.11.Z; 01.13.Z; 01.41.Z; 01.42.Z; 01.43.Z; 01.45.Z; 01.46.Z; 01.47.Z; 01.49.Z; 01.61.Z; 01.62.Z; 01.63.Z; 03.22.Z; 05.10.Z; 05.20.Z; 06.10.Z; 06.20.Z; 07.10.Z; 07.29.Z; 08.11.Z; 08.12.Z; 08.91.Z; 08.92.Z; 08.93.Z; 08.99.Z; 10.12.Z; 10.31.Z; 10.32.Z; 10.41.Z; 10.42.Z; 10.51.Z; 10.52.Z; 10.61.Z; 10.62.Z; 10.83.Z; 10.84.Z; 10.85.Z; 10.86.Z; 10.91.Z; 10.92.Z; 11.01.Z; 11.02.Z; 11.03.Z; 11.04.Z; 11.05.Z; 11.06.Z; 11.07.Z; 14.11.Z; 14.12.Z; 14.13.Z; 14.14.Z; 14.19.Z; 14.20.Z; 16.10.Z; 16.24.Z; 19.10.Z; 20.13.Z; 20.15.Z; 20.16.Z; 20.30.Z; 20.59.Z; 22.21.Z; 22.22.Z; 22.23.Z; 22.29.Z; 23.51.Z; 23.52.Z; 23.61.Z; 23.62.Z; 23.63.Z; 23.64.Z; 23.65.Z; 23.69.Z; 23.70.Z; 25.11.Z; 25.29.Z; 28.91.Z; 28.92.Z; 28.93.Z; 28.94.Z; 28.95.Z; 28.96.Z; 35.22.Z; 35.23.Z; 35.30.Z; 36.00.Z; 37.00.Z; 38.11.Z; 38.12.Z; 38.21.Z; 38.22.Z; 38.31.Z; 38.32.Z; 39.00.Z; 43.11.Z; 43.12.Z; 43.13.Z; 43.31.Z; 43.32.Z; 43.33.Z; 43.34.Z; 43.39.Z; 43.91.Z; 43.99.Z; 45.20.Z; 46.11.Z; 46.12.Z; 46.13.Z; 46.14.Z; 46.15.Z; 46.16.Z; 46.17.Z; 46.18.Z; 46.19.Z; 46.21.Z; 46.23.Z; 46.24.Z; 46.31.Z; 46.32.Z; 46.33.Z; 46.34.A; 46.34.B; 46.37.Z; 46.38.Z; 46.41.Z; 46.42.Z; 46.43.Z; 46.44.Z; 46.45.Z; 46.61.Z; 46.62.Z; 46.63.Z; 46.64.Z; 46.65.Z; 46.66.Z; 46.69.Z; 46.71.Z; 46.72.Z; 46.73.Z; 46.74.Z; 46.75.Z; 46.76.Z; 46.77.Z; 46.90.Z; 47.11.Z; 47.19.Z; 47.21.Z; 46.22.Z; 47.22.Z; 47.23.Z; 47.24.Z; 47.25.Z; 47.26.Z; 47.29.Z; 47.30.Z; 47.81.Z; 47.82.Z; 47.89.Z; 47.91.Z; 47.99.Z; 49.20.Z; 49.31.Z; 49.32.Z; 49.39.Z; 49.50.A; 49.50.B; 50.20.Z; 50.40.Z; 51.21.Z; 52.10.A; 52.10.B; 52.21.Z; 52.22.A; 52.22.B; 52.23.Z; 52.24.A; 52.24.B; 52.24.C; 52.29.A; 52.29.B; 52.29.C; 55.10.Z; 55.20.Z; 55.30.Z; 55.90.Z; 56.10.A; 56.10.B; 56.21.Z; 56.29.Z; 56.30.Z; 64.19.Z; 64.20.Z; 64.30.Z; 64.91.Z; 64.92.Z; 64.99.Z; 68.10.Z; 68.20.Z; 68.31.Z; 68.32.Z; 77.11.Z; 77.12.Z; 77.31.Z; 77.32.Z; 77.34.Z; 77.39.Z; 78.10.Z; 78.20.Z; 78.30.Z; 28.99.Z; 25.12.Z; 33.11.Z; 33.12.Z; 33.13.Z; 33.14.Z; 33.15.Z; 33.16.Z; 33.17.Z; 33.19.Z; 33.20.Z; 35.11.Z; 35.12.Z; 35.13.Z; 35.14.Z; 35.21.Z,16.10.Z,pozostałe,16.10.Z: PKD 2007 - Produkcja wyrobów tartacznych,"{'wartosc': '5000,00', 'waluta': 'PLN'}",
0000346500,KB WORK GLOBAL SPÓŁKA Z OGRANICZONĄ ODPOWIEDZIALNOŚCIĄ,5020093148,02115544000000,SPÓŁKA Z OGRANICZONĄ ODPOWIEDZIALNOŚCIĄ,RejP,13.01.2010,27.09.2024,21.11.2025,ACTIVE,,,,WARSZAWA,DOMANIEWSKA,47,10,02-672,WARSZAWA,,70.22.Z; 78.30.Z; 08.12.Z; 16.10.Z; 16.24.Z; 16.29.Z; 43.12.Z; 41.20.Z; 43.39.Z; 77.32.Z; 49.31.Z; 55.20.Z; 55.10.Z; 56.10.A; 56.21.Z; 46.43.Z; 46.77.Z; 01.45.Z; 01.46.Z; 01.47.Z; 01.49.Z; 01.50.Z; 01.61.Z; 81.30.Z; 01.62.Z; 10.13.Z; 64.19.Z; 10.92.Z; 10.12.Z; 75.00.Z,16.10.Z,pozostałe,16.10.Z: PKD 2007 - Produkcja wyrobów tartacznych,"{'wartosc': '10000,00', 'waluta': 'PLN'}",
0000347172,"""OKAME"" SPÓŁKA Z OGRANICZONĄ ODPOWIEDZIALNOŚCIĄ",6060074904,30133830600000,SPÓŁKA Z OGRANICZONĄ ODPOWIEDZIALNOŚCIĄ,RejP,26.01.2010,05.11.2024,21.11.2025,ACTIVE,,,,OWIŃSKA,DWORCOWA,6,,62-005,OWIŃSKA,,01.29.Z; 08.11.Z; 08.12.Z; 09.90.Z; 16.10.Z; 16.23.Z; 16.24.Z; 22.23.Z; 23.61.Z; 23.62.Z; 23.63.Z; 23.64.Z; 23.65.Z; 23.69.Z; 23.70.Z; 25.11.Z; 31.01.Z; 31.02.Z; 33.19.Z; 33.20.Z; 38.31.Z; 38.32.Z; 39.00.Z; 41.10.Z; 41.20.Z; 42.11.Z; 42.12.Z; 42.13.Z; 42.21.Z; 42.22.Z; 42.91.Z; 42.99.Z; 43.11.Z; 43.12.Z; 43.13.Z; 43.21.Z; 43.22.Z; 43.29.Z; 43.31.Z; 43.32.Z; 43.33.Z; 43.34.Z; 43.39.Z; 43.91.Z; 43.99.Z; 45.11.Z; 45.19.Z; 45.20.Z; 46.71.Z; 46.73.Z; 46.77.Z; 49.41.Z; 52.10.B; 55.10.Z; 55.20.Z; 55.30.Z; 55.90.Z; 56.10.A; 56.10.B; 56.21.Z; 64.99.Z; 68.10.Z; 68.20.Z; 68.31.Z; 68.32.Z; 69.20.Z; 70.21.Z; 70.22.Z; 71.11.Z; 71.12.Z; 71.20.B; 72.19.Z; 74.10.Z; 74.90.Z; 77.11.Z; 77.12.Z; 77.21.Z; 77.31.Z; 77.32.Z; 77.39.Z; 80.10.Z; 80.20.Z; 80.30.Z; 81.10.Z; 81.21.Z; 81.22.Z; 81.29.Z; 81.30.Z; 82.11.Z; 82.19.Z; 82.20.Z; 82.30.Z; 82.92.Z; 82.99.Z; 96.04.Z; 96.09.Z,16.10.Z,pozostałe,16.10.Z: PKD 2007 - Produkcja wyrobów tartacznych,"{'wartosc': '60000,00', 'waluta': 'PLN'}",
0000347744,"""M.S. WOJSK. LASKOWSKI SPÓŁKA JAWNA""",7133039335,06058202400000,SPÓŁKA JAWNA,RejP,29.01.2010,29.06.2026,29.06.2026,ACTIVE,,,,ŁASKARZEW,SZKOLNA,14,,08-450,ŁASKARZEW,,01.11.Z; 01.13.Z; 01.15.Z; 01.16.Z; 01.19.Z; 01.21.Z; 01.22.Z; 01.24.Z; 01.25.Z; 01.26.Z; 01.27.Z; 01.28.Z; 01.29.Z; 01.30.Z; 01.41.Z; 01.42.Z; 01.43.Z; 01.45.Z; 01.46.Z; 01.47.Z; 01.49.Z; 01.50.Z; 01.61.Z; 01.62.Z; 01.63.Z; 01.64.Z; 01.70.Z; 02.10.Z; 02.20.Z; 02.30.Z; 02.40.Z; 03.22.Z; 08.11.Z; 08.12.Z; 08.92.Z; 09.90.Z; 10.13.Z; 10.41.Z; 10.51.Z; 10.84.Z; 10.85.Z; 10.86.Z; 10.89.Z; 10.91.Z; 10.92.Z; 11.01.Z; 11.02.Z; 11.03.Z; 11.04.Z; 11.05.Z; 11.06.Z; 11.07.Z; 12.00.Z; 14.11.Z; 14.12.Z; 14.13.Z; 14.14.Z; 14.19.Z; 14.20.Z; 15.12.Z; 15.20.Z; 16.10.Z; 16.23.Z; 16.24.Z; 16.29.Z; 18.11.Z; 18.12.Z; 18.13.Z; 18.14.Z; 18.20.Z; 21.20.Z; 22.11.Z; 22.22.Z; 22.23.Z; 22.29.Z; 25.40.Z; 26.20.Z; 29.10.B; 29.10.C; 29.10.D; 29.10.E; 29.20.Z; 29.31.Z; 29.32.Z; 30.91.Z; 30.92.Z; 30.99.Z; 31.01.Z; 31.02.Z; 31.03.Z; 31.09.Z; 32.11.Z; 32.12.Z; 32.13.Z; 32.40.Z; 32.99.Z; 33.12.Z; 33.13.Z; 33.14.Z; 33.17.Z; 33.19.Z; 33.20.Z; 35.11.Z; 38.11.Z; 38.12.Z; 38.21.Z; 38.22.Z; 38.31.Z; 38.32.Z; 39.00.Z; 41.10.Z; 41.20.Z; 42.11.Z; 42.21.Z; 42.22.Z; 43.11.Z; 43.12.Z; 43.13.Z; 43.21.Z; 43.22.Z; 43.29.Z; 43.31.Z; 43.32.Z; 43.33.Z; 43.34.Z; 43.39.Z; 43.91.Z; 43.99.Z; 45.11.Z; 45.19.Z; 45.20.Z; 45.31.Z; 45.32.Z; 45.40.Z; 46.21.Z; 46.22.Z; 46.23.Z; 46.24.Z; 46.31.Z; 46.32.Z; 46.33.Z; 46.34.A; 46.34.B; 46.35.Z; 46.36.Z; 46.37.Z; 46.38.Z; 46.39.Z; 46.41.Z; 46.42.Z; 46.43.Z; 46.44.Z; 46.45.Z; 46.46.Z; 46.47.Z; 46.48.Z; 46.49.Z; 46.51.Z; 46.52.Z; 46.61.Z; 46.62.Z; 46.63.Z; 46.64.Z; 46.65.Z; 46.66.Z; 46.69.Z; 46.71.Z; 46.72.Z; 46.73.Z; 46.74.Z; 46.75.Z; 46.76.Z; 46.77.Z; 46.90.Z; 47.11.Z; 47.19.Z; 47.21.Z; 47.22.Z; 47.23.Z; 47.24.Z; 47.25.Z; 47.26.Z; 47.29.Z; 47.30.Z; 47.41.Z; 47.42.Z; 47.43.Z; 47.51.Z; 47.52.Z; 47.53.Z; 47.54.Z; 47.59.Z; 47.61.Z; 47.62.Z; 47.63.Z; 47.64.Z; 47.65.Z; 47.71.Z; 47.72.Z; 47.73.Z; 47.74.Z; 47.75.Z; 47.76.Z; 47.77.Z; 47.78.Z; 47.79.Z; 47.81.Z; 47.82.Z; 47.89.Z; 47.91.Z; 47.99.Z; 49.31.Z; 49.32.Z; 49.39.Z; 49.41.Z; 49.42.Z; 52.10.A; 52.10.B; 52.21.Z; 52.24.C; 53.10.Z; 53.20.Z; 55.10.Z; 55.20.Z; 55.30.Z; 55.90.Z; 56.10.A; 56.10.B; 56.21.Z; 56.29.Z; 56.30.Z; 58.11.Z; 58.12.Z; 58.13.Z; 58.14.Z; 58.19.Z; 58.21.Z; 58.29.Z; 59.11.Z; 59.12.Z; 59.13.Z; 59.14.Z; 59.20.Z; 62.01.Z; 62.02.Z; 62.03.Z; 62.09.Z; 63.11.Z; 63.12.Z; 63.91.Z; 63.99.Z; 68.10.Z; 68.20.Z; 68.31.Z; 68.32.Z; 71.20.B; 73.11.Z; 73.12.A; 73.12.B; 73.12.C; 73.12.D; 74.20.Z; 74.30.Z; 77.11.Z; 77.12.Z; 77.21.Z; 77.22.Z; 77.29.Z; 77.31.Z; 77.32.Z; 77.33.Z; 77.39.Z; 77.40.Z; 78.10.Z; 78.20.Z; 78.30.Z; 79.11.A; 79.11.B; 79.12.Z; 79.90.A; 79.90.B; 79.90.C; 81.10.Z; 81.21.Z; 81.22.Z; 81.29.Z; 81.30.Z; 82.11.Z; 82.19.Z; 82.30.Z; 82.92.Z; 82.99.Z; 85.51.Z; 85.52.Z; 85.53.Z; 85.59.A; 85.60.Z; 86.90.D; 86.90.E; 90.01.Z; 90.02.Z; 90.04.Z; 91.01.A; 91.01.B; 91.02.Z; 91.03.Z; 92.00.Z; 93.11.Z; 93.13.Z; 93.19.Z; 93.21.Z; 95.11.Z; 95.12.Z; 95.21.Z; 95.22.Z; 95.23.Z; 95.24.Z; 95.25.Z; 95.29.Z; 96.01.Z; 96.04.Z; 96.09.Z; 97.00.Z; 98.10.Z; 98.20.Z; 93.29.B,16.10.Z,pozostałe,16.10.Z: PKD 2007 - Produkcja wyrobów tartacznych,,
0000347870,"""KWADRANS"" SPÓŁKA Z OGRANICZONĄ ODPOWIEDZIALNOŚCIĄ",9462596428,06058251500000,SPÓŁKA Z OGRANICZONĄ ODPOWIEDZIALNOŚCIĄ,RejP,01.02.2010,25.07.2025,21.11.2025,ACTIVE,,,,MYSŁOWICE,FABRYCZNA,5,,41-404,MYSŁOWICE,,01.11.Z; 02.10.Z; 02.20.Z; 02.30.Z; 02.40.Z; 08.11.Z; 08.12.Z; 08.92.Z; 09.90.Z; 10.41.Z; 10.61.Z; 16.10.Z; 16.29.Z; 19.20.Z; 20.13.Z; 20.14.Z; 20.15.Z; 23.99.Z; 35.21.Z; 36.00.Z; 37.00.Z; 39.00.Z; 41.20.Z; 42.99.Z; 43.11.Z; 43.12.Z; 43.31.Z; 43.32.Z; 43.33.Z; 43.39.Z; 43.91.Z; 43.99.Z; 46.11.Z; 46.12.Z; 46.13.Z; 46.15.Z; 46.18.Z; 46.19.Z; 46.90.Z; 47.99.Z; 49.41.Z; 52.10.A; 52.10.B; 52.21.Z; 52.24.B; 55.10.Z; 55.20.Z; 56.30.Z; 64.20.Z; 64.30.Z; 64.99.Z; 68.10.Z; 68.20.Z; 69.20.Z; 74.10.Z; 74.30.Z; 77.32.Z; 77.40.Z; 82.30.Z; 85.10.Z; 87.10.Z; 87.30.Z; 93.13.Z; 94.11.Z; 98.20.Z; 52.24.C,16.10.Z,pozostałe,16.10.Z: PKD 2007 - Produkcja wyrobów tartacznych,"{'wartosc': '500000,00', 'waluta': 'PLN'}",
0000353087,"""EXPECT FINANCE"" SPÓŁKA Z OGRANICZONĄ ODPOWIEDZIALNOŚCIĄ W LIKWIDACJI",2220873725,24149339000000,SPÓŁKA Z OGRANICZONĄ ODPOWIEDZIALNOŚCIĄ,RejP,01.04.2010,24.10.2024,21.11.2025,LIQUIDATION,,,,KATOWICE,,,,,,,66.22.Z; 64.92.Z; 64.99.Z; 66.21.Z; 66.19.Z; 66.30.Z; 77.11.Z; 77.12.Z; 55.90.Z; 79.90.C; 79.11.B; 79.12.Z; 47.62.Z; 47.78.Z; 73.11.Z; 58.19.Z; 16.10.Z; 16.29.Z; 41.10.Z; 41.20.Z; 43.31.Z; 43.32.Z; 43.33.Z; 43.39.Z; 43.99.Z; 46.12.Z; 46.13.Z; 46.17.Z; 46.19.Z; 46.38.Z; 46.73.Z; 46.75.Z; 46.77.Z; 46.90.Z; 47.72.Z; 49.39.Z; 52.10.B; 70.22.Z,16.10.Z,pozostałe,16.10.Z: PKD 2007 - Produkcja wyrobów tartacznych,"{'wartosc': '15000,00', 'waluta': 'PLN'}",
0000353613,"""ANDREMAX"" SPÓŁKA Z OGRANICZONĄ ODPOWIEDZIALNOŚCIĄ",5512579253,12119402200000,SPÓŁKA Z OGRANICZONĄ ODPOWIEDZIALNOŚCIĄ,RejP,09.04.2010,10.02.2026,11.02.2026,ACTIVE,,,,GDAŃSK,UL. JANA HEWELIUSZA,11,811,80-890,GDAŃSK,16.11.Z,46.13.Z; 46.19.Z; 46.38.Z; 46.83.Z; 49.41.Z; 52.24.C; 74.99.Z; 52.10.B; 52.21.A,16.11.Z,przeważające,16.11.Z: PKD 2025 - Produkcja wyrobów tartacznych,"{'wartosc': '25000,00', 'waluta': 'PLN'}",
0000356412,"""SADŁOWSCY"" SPÓŁKA Z OGRANICZONĄ ODPOWIEDZIALNOŚCIĄ",5342445334,14241239100000,SPÓŁKA Z OGRANICZONĄ ODPOWIEDZIALNOŚCIĄ,RejP,14.05.2010,04.10.2021,21.11.2025,ACTIVE,,,,KOMORÓW,KOLEJOWA,9,,05-806,KOMORÓW,,20.16.Z; 38.32.Z; 28.92.Z; 22.23.Z; 16.10.Z; 16.23.Z; 43.32.Z; 43.91.Z; 32.99.Z; 41.20.Z; 43.99.Z; 49.41.Z; 47.99.Z; 46.76.Z,16.10.Z,pozostałe,16.10.Z: PKD 2007 - Produkcja wyrobów tartacznych,"{'wartosc': '50000,00', 'waluta': 'PLN'}",
0000358554,"""MAN AT WORK"" SPÓŁKA Z OGRANICZONĄ ODPOWIEDZIALNOŚCIĄ",7312020559,10090382200000,SPÓŁKA Z OGRANICZONĄ ODPOWIEDZIALNOŚCIĄ,RejP,15.06.2010,22.05.2026,22.05.2026,ACTIVE,,,,KSAWERÓW,UL. ZACHODNIA,40 Ł,,95-054,KSAWERÓW,,14.12.Z; 14.13.Z; 14.14.Z; 16.10.Z; 16.24.Z; 41.20.Z; 43.33.Z; 43.34.Z; 46.42.Z; 46.43.Z; 46.75.Z; 47.11.Z; 47.52.Z; 47.91.Z; 47.99.Z; 49.41.Z; 52.10.B; 52.21.Z; 52.24.A; 52.24.B; 52.24.C; 52.29.C; 56.10.A; 56.29.Z; 56.30.Z; 81.21.Z; 81.22.Z; 81.29.Z; 81.30.Z,16.10.Z,pozostałe,16.10.Z: PKD 2007 - Produkcja wyrobów tartacznych,"{'wartosc': '5000,00', 'waluta': 'PLN'}",
0000358577,"""GREEN TREE"" SPÓŁKA Z OGRANICZONĄ ODPOWIEDZIALNOŚCIĄ",6922483346,02127875600000,SPÓŁKA Z OGRANICZONĄ ODPOWIEDZIALNOŚCIĄ,RejP,11.06.2010,21.07.2026,21.07.2026,ACTIVE,,,,PROCHOWICE,UL. JAWOROWSKA,9,,59-230,PROCHOWICE,45.20.Z,02.40.Z; 16.10.Z; 16.24.Z; 16.29.Z; 28.30.Z; 43.34.Z; 45.31.Z; 45.32.Z; 45.40.Z,16.10.Z,pozostałe,16.10.Z: PKD 2007 - Produkcja wyrobów tartacznych,"{'wartosc': '10000,00', 'waluta': 'PLN'}",
0000358940,"""PRISTA"" T-MONT SPÓŁKA Z OGRANICZONĄ ODPOWIEDZIALNOŚCIĄ T-MONT FAMILI SPÓŁKA Z OGRANICZONĄ ODPOWIEDZIALNOŚCIĄ SPÓŁKA JAWNA.",8111760480,14243984600000,SPÓŁKA JAWNA,RejP,17.06.2010,24.07.2026,24.07.2026,ACTIVE,,,,RADOM,UL. ANDRZEJA STRUGA,54,,26-600,RADOM,02.40.Z,02.10.Z; 02.20.Z; 02.30.Z; 81.30.Z; 16.10.Z; 46.61.Z; 46.69.Z,16.10.Z,pozostałe,16.10.Z: PKD 2007 - Produkcja wyrobów tartacznych,,
0000359108,"""INVEST EKO INSTAL"" SPÓŁKA Z OGRANICZONĄ ODPOWIEDZIALNOŚCIĄ",7133048067,06063546000000,SPÓŁKA Z OGRANICZONĄ ODPOWIEDZIALNOŚCIĄ,RejP,18.06.2010,15.06.2026,15.06.2026,ACTIVE,,,,LUBLIN,WOLSKA,11A,1,20-411,LUBLIN,,43.99.Z; 43.11.Z; 43.21.Z; 42.21.Z; 43.22.Z; 43.29.Z; 33.20.Z; 43.39.Z; 16.24.Z; 16.22.Z; 77.32.Z; 43.32.Z; 78.30.Z; 16.10.Z; 46.73.Z; 42.99.Z; 46.74.Z; 43.91.Z; 43.34.Z,16.10.Z,pozostałe,16.10.Z: PKD 2007 - Produkcja wyrobów tartacznych,"{'wartosc': '5000,00', 'waluta': 'PLN'}",
0000360352,"""EXURO"" SPÓŁKA Z OGRANICZONĄ ODPOWIEDZIALNOŚCIĄ",2530316485,32087169000000,SPÓŁKA Z OGRANICZONĄ ODPOWIEDZIALNOŚCIĄ,RejP,08.07.2010,28.12.2021,21.11.2025,ACTIVE,,,,WĘGORZYNO,3 MAJA,35C,,73-155,WĘGORZYNO,16.29.Z,16.10.Z; 46.11.Z; 46.13.Z; 46.18.Z; 46.19.Z; 46.73.Z; 47.19.Z; 47.78.Z; 52.10.B,16.10.Z,pozostałe,16.10.Z: PKD 2007 - Produkcja wyrobów tartacznych,"{'wartosc': '2850000,00', 'waluta': 'PLN'}",
0000361011,CERLAND INDUSTRY SPÓŁKA Z OGRANICZONĄ ODPOWIEDZIALNOŚCIĄ,6121835882,02132042900000,SPÓŁKA Z OGRANICZONĄ ODPOWIEDZIALNOŚCIĄ,RejP,05.08.2010,09.04.2026,09.04.2026,ACTIVE,,,,PRZEJĘSŁAW,,22,,59-724,OSIECZNICA,16.11.Z,16.21.Z; 16.23.Z; 16.24.Z; 46.13.Z; 46.90.Z; 52.10.B; 31.00.Z; 46.83.Z; 47.12.Z,16.11.Z,przeważające,16.11.Z: PKD 2025 - Produkcja wyrobów tartacznych,"{'wartosc': '19678900,00', 'waluta': 'PLN'}",
0000361498,"""EKO-ELSTAR"" SPÓŁKA Z OGRANICZONĄ ODPOWIEDZIALNOŚCIĄ",6452511015,24166872500000,SPÓŁKA Z OGRANICZONĄ ODPOWIEDZIALNOŚCIĄ,RejP,27.07.2010,27.05.2026,27.05.2026,ACTIVE,,,,MIASTECZKO ŚLĄSKIE,NORWIDA,136,,42-610,MIASTECZKO ŚLĄSKIE,16.29.Z,46.90.Z; 02.20.Z; 49.41.Z; 16.10.Z; 38.11.Z; 52.10.B; 46.73.Z; 45.11.Z; 16.24.Z,16.10.Z,pozostałe,16.10.Z: PKD 2007 - Produkcja wyrobów tartacznych,"{'wartosc': '60000,00', 'waluta': 'PLN'}",
0000362526,"""EKO-BIOMART"" SPÓŁKA Z OGRANICZONĄ ODPOWIEDZIALNOŚCIĄ",5342455864,14252959000000,SPÓŁKA Z OGRANICZONĄ ODPOWIEDZIALNOŚCIĄ,RejP,12.08.2010,29.06.2026,29.06.2026,ACTIVE,,,,MIŃSK MAZOWIECKI,ŁĄKOWA,12,,05-300,MIŃSK MAZOWIECKI,,08.11.Z; 08.12.Z; 08.99.Z; 09.90.Z; 16.10.Z; 16.21.Z; 16.22.Z; 16.23.Z; 16.24.Z; 16.29.Z; 20.11.Z; 20.12.Z; 20.13.Z; 20.14.Z; 20.15.Z; 20.16.Z; 20.59.Z; 22.21.Z; 22.22.Z; 22.23.Z; 22.29.Z; 23.51.Z; 23.52.Z; 23.61.Z; 23.62.Z; 23.63.Z; 23.64.Z; 23.65.Z; 23.69.Z; 23.70.Z; 23.99.Z; 25.11.Z; 25.12.Z; 28.92.Z; 32.99.Z; 35.11.Z; 35.12.Z; 35.13.Z; 35.14.Z; 35.21.Z; 35.22.Z; 35.23.Z; 38.11.Z; 38.12.Z; 38.21.Z; 38.22.Z; 38.31.Z; 38.32.Z; 39.00.Z; 41.10.Z; 41.20.Z; 42.11.Z; 42.12.Z; 42.13.Z; 42.21.Z; 42.22.Z; 42.91.Z; 42.99.Z; 43.11.Z; 43.12.Z; 43.13.Z; 43.21.Z; 43.22.Z; 43.29.Z; 43.31.Z; 43.32.Z; 43.33.Z; 43.34.Z; 43.39.Z; 43.91.Z; 43.99.Z; 45.11.Z; 45.19.Z; 45.20.Z; 45.31.Z; 45.32.Z; 45.40.Z; 46.11.Z; 46.12.Z; 46.13.Z; 46.14.Z; 46.15.Z; 46.16.Z; 46.17.Z; 46.18.Z; 46.19.Z; 46.61.Z; 46.62.Z; 46.63.Z; 46.64.Z; 46.66.Z; 46.69.Z; 46.72.Z; 46.73.Z; 46.77.Z; 46.90.Z; 47.91.Z; 47.99.Z; 49.20.Z; 49.41.Z; 52.10.B; 52.21.Z; 52.24.C; 52.29.C; 55.10.Z; 63.11.Z; 63.12.Z; 68.10.Z; 68.20.Z; 68.31.Z; 68.32.Z; 71.11.Z; 71.12.Z; 74.90.Z; 77.11.Z; 77.12.Z; 77.31.Z; 77.32.Z; 77.39.Z; 81.21.Z; 81.22.Z; 81.29.Z; 81.30.Z; 82.30.Z; 82.99.Z; 85.59.B; 85.60.Z; 96.01.Z; 96.09.Z,16.10.Z,pozostałe,16.10.Z: PKD 2007 - Produkcja wyrobów tartacznych,"{'wartosc': '200000,00', 'waluta': 'PLN'}",
0000363201,"""PAMAP"" SPÓŁKA Z OGRANICZONĄ ODPOWIEDZIALNOŚCIĄ",8161688454,18060341100000,SPÓŁKA Z OGRANICZONĄ ODPOWIEDZIALNOŚCIĄ,RejP,19.08.2010,31.08.2025,21.11.2025,ACTIVE,,,,RZESZÓW,OSMECKIEGO,12,9,35-506,RZESZÓW,16.10.Z,16.22.Z; 16.23.Z; 16.29.Z; 16.24.Z; 31.09.Z; 41.10.Z; 41.20.Z; 43.39.Z; 43.32.Z,16.10.Z,przeważające,16.10.Z: PKD 2007 - Produkcja wyrobów tartacznych,"{'wartosc': '165000,00', 'waluta': 'PLN'}",
0000369589,"""S & P BIO-ENERGIA"" SPÓŁKA Z OGRANICZONĄ ODPOWIEDZIALNOŚCIĄ",7773191106,30158877600000,SPÓŁKA Z OGRANICZONĄ ODPOWIEDZIALNOŚCIĄ,RejP,04.11.2010,17.09.2026,17.09.2026,ACTIVE,,,,KOCIAŁKOWA GÓRKA,,22,,62-010,POBIEDZISKA,47.91.Z,73.11.Z; 70.22.Z; 73.20.Z; 70.21.Z; 46.73.Z; 46.69.Z; 16.29.Z; 16.10.Z; 16.24.Z,16.10.Z,pozostałe,16.10.Z: PKD 2007 - Produkcja wyrobów tartacznych,"{'wartosc': '160800,00', 'waluta': 'PLN'}",
0000372388,"""INEXO"" SPÓŁKA Z OGRANICZONĄ ODPOWIEDZIALNOŚCIĄ",5971715514,32085133900000,SPÓŁKA Z OGRANICZONĄ ODPOWIEDZIALNOŚCIĄ,RejP,07.12.2010,20.05.2026,20.05.2026,ACTIVE,,,,DĘBNO,KOSTRZYŃSKA,31,,74-400,DĘBNO,16.23.Z,16.10.Z; 46.73.Z; 43.32.Z; 25.99.Z,16.10.Z,pozostałe,16.10.Z: PKD 2007 - Produkcja wyrobów tartacznych,"{'wartosc': '52000,00', 'waluta': 'PLN'}",
0000372630,"""BLUEHOLZ"" SPÓŁKA Z OGRANICZONĄ ODPOWIEDZIALNOŚCIĄ",5512596369,12141895800000,SPÓŁKA Z OGRANICZONĄ ODPOWIEDZIALNOŚCIĄ,RejP,08.12.2010,19.11.2025,21.11.2025,ACTIVE,,,,KRAKÓW,UL. KALWARYJSKA,69,9,30-504,KRAKÓW,46.73.Z,16.10.Z; 16.21.Z; 16.23.Z; 16.24.Z; 16.29.Z; 46.76.Z; 52.10.B; 77.12.Z; 96.09.Z,16.10.Z,pozostałe,16.10.Z: PKD 2007 - Produkcja wyrobów tartacznych,"{'wartosc': '134000,00', 'waluta': 'PLN'}",
0000373575,"""PING PONG RESTAURACJE"" SPÓŁKA Z OGRANICZONĄ ODPOWIEDZIALNOŚCIĄ",5372602347,06071659400000,SPÓŁKA Z OGRANICZONĄ ODPOWIEDZIALNOŚCIĄ,RejP,17.12.2010,30.06.2026,30.06.2026,ACTIVE,,,,BIAŁA PODLASKA,PLAC RUBINA,16,,21-500,BIAŁA PODLASKA,,56.10.A; 10.85.Z; 56.21.Z; 56.10.B; 56.30.Z; 56.29.Z; 43.91.Z; 10.89.Z; 10.52.Z; 16.29.Z; 16.10.Z; 01.43.Z; 01.11.Z; 16.22.Z; 16.23.Z; 43.32.Z; 38.21.Z; 20.16.Z; 33.19.Z; 22.21.Z; 38.12.Z; 33.20.Z; 38.22.Z; 28.21.Z; 66.22.Z; 49.32.Z; 66.29.Z; 49.41.Z; 41.10.Z; 49.42.Z; 68.10.Z; 68.20.Z; 79.12.Z; 68.31.Z; 79.11.B; 68.32.Z; 79.11.A; 81.10.Z; 79.90.A; 77.11.Z; 53.20.Z; 77.12.Z; 82.19.Z; 77.39.Z; 64.19.Z; 77.32.Z; 64.91.Z; 77.21.Z; 64.92.Z; 77.22.Z; 64.99.Z; 77.29.Z; 62.01.Z; 62.02.Z; 66.12.Z; 71.11.Z; 66.19.Z; 66.21.Z; 73.11.Z; 73.12.A; 73.12.B; 73.12.C; 73.12.D; 78.10.Z; 81.21.Z; 81.29.Z; 74.20.Z; 82.92.Z; 74.30.Z; 82.11.Z; 82.20.Z; 82.30.Z; 59.20.Z; 74.10.Z; 77.40.Z; 46.15.Z; 46.16.Z; 46.17.Z; 46.19.Z; 46.22.Z; 46.23.Z; 46.21.Z; 10.39.Z; 46.31.Z; 46.32.Z; 46.33.Z; 11.01.Z; 11.02.Z; 46.34.A; 46.34.B; 46.35.Z; 46.36.Z; 46.37.Z; 46.38.Z; 46.47.Z; 46.44.Z; 46.73.Z; 46.46.Z; 46.71.Z; 46.51.Z; 47.75.Z; 47.71.Z; 47.91.Z; 47.81.Z; 47.82.Z; 55.10.Z; 55.20.Z; 55.30.Z; 55.90.Z,16.10.Z,pozostałe,16.10.Z: PKD 2007 - Produkcja wyrobów tartacznych,"{'wartosc': '200000,00', 'waluta': 'PLN'}",
0000373854,"""ECO SUBURBIA"" SPÓŁKA Z OGRANICZONĄ ODPOWIEDZIALNOŚCIĄ",9532621316,34084925500000,SPÓŁKA Z OGRANICZONĄ ODPOWIEDZIALNOŚCIĄ,RejP,20.12.2010,01.07.2026,01.07.2026,ACTIVE,,,,BYDGOSZCZ,GLINKI,144,,85-861,BYDGOSZCZ,,02.20.Z; 16.10.Z; 16.23.Z; 25.12.Z; 35.11.Z; 35.12.Z; 36.00.Z; 37.00.Z; 41.10.Z; 41.20.Z; 42.11.Z; 42.99.Z; 43.11.Z; 43.12.Z; 43.13.Z; 43.21.Z; 43.22.Z; 43.29.Z; 43.31.Z; 43.32.Z; 43.33.Z; 43.34.Z; 43.39.Z; 43.91.Z; 43.99.Z; 46.13.Z; 46.73.Z; 49.41.Z; 68.10.Z; 68.20.Z; 68.31.Z; 68.32.Z; 81.10.Z; 81.21.Z; 81.30.Z; 82.99.Z,16.10.Z,pozostałe,16.10.Z: PKD 2007 - Produkcja wyrobów tartacznych,"{'wartosc': '5000,00', 'waluta': 'PLN'}",
0000374245,KONSTRUKCJE POLSKA SPÓŁKA Z OGRANICZONĄ ODPOWIEDZIALNOŚCIĄ,5932577172,22115375800000,SPÓŁKA Z OGRANICZONĄ ODPOWIEDZIALNOŚCIĄ,RejP,28.12.2010,01.07.2026,01.07.2026,ACTIVE,,,,KOŃCZEWICE,,46,,82-213,MIŁORADZ,46.73.Z,16.10.Z; 16.24.Z; 49.41.Z; 43.91.Z; 43.32.Z; 43.39.Z; 43.99.Z; 43.29.Z; 16.23.Z,16.10.Z,pozostałe,16.10.Z: PKD 2007 - Produkcja wyrobów tartacznych,"{'wartosc': '800000,00', 'waluta': 'PLN'}",
0000374450,A01 SPÓŁKA Z OGRANICZONĄ ODPOWIEDZIALNOŚCIĄ,8982184128,02140286000000,SPÓŁKA Z OGRANICZONĄ ODPOWIEDZIALNOŚCIĄ,RejP,28.12.2010,08.05.2026,08.05.2026,ACTIVE,,,,WROCŁAW,UL. ROBOTNICZA,42A,,53-608,WROCŁAW,16.11.Z,16.23.Z; 16.24.Z; 33.12.Z; 33.13.Z; 33.14.Z; 33.20.Z; 42.11.Z; 42.12.Z; 42.13.Z,16.11.Z,przeważające,16.11.Z: PKD 2025 - Produkcja wyrobów tartacznych,"{'wartosc': '28600,00', 'waluta': 'PLN'}",
0000375376,"""PODŁOGI"" SPÓŁKA Z OGRANICZONĄ ODPOWIEDZIALNOŚCIĄ",8151788295,18065632400000,SPÓŁKA Z OGRANICZONĄ ODPOWIEDZIALNOŚCIĄ,RejP,11.01.2011,17.07.2026,17.07.2026,ACTIVE,,,,ŁAŃCUT,KOLEJOWA,7,,37-100,ŁAŃCUT,16.22.Z,16.10.Z; 16.21.Z; 16.29.Z; 46.13.Z; 46.73.Z; 77.39.Z; 96.09.Z; 16.24.Z; 82.99.Z,16.10.Z,pozostałe,16.10.Z: PKD 2007 - Produkcja wyrobów tartacznych,"{'wartosc': '500500,00', 'waluta': 'PLN'}",
0000375744,"""SAN SERWIS"" SPÓŁKA Z OGRANICZONĄ ODPOWIEDZIALNOŚCIĄ",7811613214,63121113900000,SPÓŁKA Z OGRANICZONĄ ODPOWIEDZIALNOŚCIĄ,RejP,13.01.2011,13.07.2026,13.07.2026,ACTIVE,,,,RADZEWICE,DŁUGA,40 A,,62-022,MOSINA,,01.11.Z; 01.12.Z; 01.13.Z; 01.14.Z; 01.15.Z; 01.16.Z; 01.19.Z; 01.21.Z; 01.22.Z; 01.23.Z; 01.24.Z; 01.25.Z; 01.26.Z; 01.27.Z; 01.28.Z; 01.29.Z; 01.30.Z; 01.50.Z; 01.61.Z; 01.63.Z; 01.64.Z; 10.11.Z; 10.12.Z; 10.13.Z; 10.20.Z; 10.31.Z; 10.32.Z; 10.39.Z; 10.41.Z; 10.42.Z; 10.51.Z; 10.52.Z; 10.61.Z; 10.62.Z; 10.71.Z; 10.72.Z; 10.73.Z; 10.81.Z; 10.82.Z; 10.83.Z; 10.84.Z; 10.85.Z; 10.86.Z; 10.89.Z; 10.91.Z; 10.92.Z; 11.01.Z; 11.02.Z; 11.03.Z; 11.04.Z; 11.05.Z; 11.06.Z; 11.07.Z; 12.00.Z; 13.10.A; 13.10.B; 13.10.C; 13.10.D; 13.20.A; 13.20.B; 13.20.C; 13.20.D; 13.91.Z; 13.92.Z; 13.93.Z; 13.94.Z; 13.95.Z; 13.96.Z; 13.99.Z; 14.11.Z; 14.12.Z; 14.13.Z; 14.14.Z; 14.19.Z; 14.20.Z; 14.31.Z; 14.39.Z; 15.11.Z; 15.12.Z; 15.20.Z; 16.10.Z; 16.21.Z; 16.22.Z; 16.23.Z; 16.24.Z; 16.29.Z; 17.11.Z; 17.12.Z; 17.21.Z; 17.22.Z; 17.23.Z; 17.24.Z; 17.29.Z; 18.11.Z; 18.12.Z; 18.13.Z; 18.14.Z; 18.20.Z; 20.11.Z; 20.12.Z; 20.13.Z; 20.14.Z; 20.15.Z; 20.16.Z; 20.17.Z; 20.20.Z; 20.30.Z; 20.41.Z; 20.42.Z; 20.51.Z; 20.52.Z; 20.53.Z; 20.59.Z; 20.60.Z; 21.10.Z; 21.20.Z; 22.11.Z; 22.19.Z; 22.21.Z; 22.22.Z; 22.23.Z; 22.29.Z; 23.11.Z; 23.12.Z; 23.13.Z; 23.14.Z; 23.19.Z; 23.20.Z; 23.31.Z; 23.32.Z; 23.41.Z; 23.42.Z; 23.43.Z; 23.44.Z; 23.49.Z; 23.51.Z; 23.52.Z; 23.61.Z; 23.62.Z; 23.63.Z; 23.64.Z; 23.65.Z; 23.69.Z; 23.91.Z; 23.99.Z; 24.10.Z; 24.20.Z; 24.31.Z; 24.32.Z; 24.33.Z; 24.34.Z; 24.41.Z; 24.42.A; 24.42.B; 24.43.Z; 24.44.Z; 24.45.Z; 24.51.Z; 24.52.Z; 24.53.Z; 24.54.A; 24.54.B; 25.11.Z; 25.12.Z; 25.21.Z; 25.29.Z; 25.30.Z; 25.40.Z; 25.50.Z; 25.61.Z; 25.62.Z; 25.71.Z; 25.72.Z; 25.73.Z; 25.91.Z; 25.92.Z; 25.93.Z; 25.94.Z; 25.99.Z; 26.51.Z; 26.60.Z; 26.70.Z; 26.80.Z; 27.11.Z; 27.12.Z; 27.20.Z; 27.31.Z; 27.32.Z; 27.33.Z; 27.40.Z; 27.51.Z; 27.52.Z; 27.90.Z; 28.11.Z; 28.13.Z; 28.14.Z; 28.15.Z; 28.21.Z; 28.22.Z; 28.24.Z; 28.25.Z; 28.29.Z; 28.30.Z; 28.41.Z; 28.49.Z; 28.91.Z; 28.92.Z; 28.93.Z; 28.94.Z; 28.95.Z; 28.96.Z; 28.99.Z; 29.10.A; 29.20.Z; 29.31.Z; 29.32.Z; 30.92.Z; 30.99.Z; 31.01.Z; 31.02.Z; 31.03.Z; 31.09.Z; 32.11.Z; 32.12.Z; 32.13.Z; 32.20.Z; 32.30.Z; 32.40.Z; 32.91.Z; 32.99.Z; 33.11.Z; 33.12.Z; 33.13.Z; 33.14.Z; 33.17.Z; 33.19.Z; 33.20.Z; 35.11.Z; 35.12.Z; 35.13.Z; 35.14.Z; 35.21.Z; 35.22.Z; 35.23.Z; 35.30.Z; 43.21.Z; 43.22.Z; 43.29.Z; 43.31.Z; 43.32.Z; 43.33.Z; 43.34.Z; 43.39.Z; 43.91.Z; 43.99.Z; 45.11.Z; 45.19.Z; 45.20.Z; 45.31.Z; 45.32.Z; 45.40.Z; 46.11.Z; 46.12.Z; 46.13.Z; 46.14.Z; 46.15.Z; 46.16.Z; 46.17.Z; 46.18.Z; 46.19.Z; 46.21.Z; 46.22.Z; 46.23.Z; 46.24.Z; 46.31.Z; 46.32.Z; 46.33.Z; 46.34.A; 46.34.B; 46.35.Z; 46.36.Z; 46.37.Z; 46.38.Z; 46.39.Z; 46.41.Z; 46.42.Z; 46.43.Z; 46.44.Z; 46.45.Z; 46.46.Z; 46.47.Z; 46.48.Z; 46.49.Z; 46.51.Z; 46.52.Z; 46.61.Z; 46.62.Z; 46.63.Z; 46.64.Z; 46.65.Z; 46.66.Z; 46.69.Z; 46.71.Z; 46.72.Z; 46.73.Z; 46.74.Z; 46.75.Z; 46.76.Z; 46.77.Z; 46.90.Z; 47.11.Z; 47.19.Z; 47.21.Z; 47.22.Z; 47.23.Z; 47.24.Z; 47.25.Z; 47.26.Z; 47.29.Z; 47.30.Z; 47.41.Z; 47.42.Z; 47.43.Z; 47.51.Z; 47.52.Z; 47.53.Z; 47.54.Z; 47.59.Z; 47.61.Z; 47.62.Z; 47.63.Z; 47.64.Z; 47.65.Z; 47.71.Z; 47.72.Z; 47.73.Z; 47.74.Z; 47.75.Z; 47.76.Z; 47.77.Z; 47.78.Z; 47.79.Z; 47.81.Z; 47.82.Z; 47.89.Z; 47.91.Z; 47.99.Z; 49.31.Z; 49.32.Z; 49.39.Z; 49.41.Z; 49.42.Z; 52.10.A; 52.10.B; 52.21.Z; 52.24.C; 52.29.C; 53.20.Z; 55.10.Z; 55.20.Z; 55.30.Z; 55.90.Z; 56.10.A; 56.10.B; 56.21.Z; 56.29.Z; 56.30.Z; 59.11.Z; 59.20.Z; 62.01.Z; 62.02.Z; 62.03.Z; 62.09.Z; 63.11.Z; 63.12.Z; 63.99.Z; 64.91.Z; 64.92.Z; 64.99.Z; 66.22.Z; 68.31.Z; 70.22.Z; 71.12.Z; 71.20.B; 72.19.Z; 73.12.A; 73.12.B; 73.12.C; 73.12.D; 74.10.Z; 74.20.Z; 74.90.Z; 77.11.Z; 77.12.Z; 77.31.Z; 77.32.Z; 77.33.Z; 77.39.Z; 77.40.Z; 78.10.Z; 78.20.Z; 78.30.Z; 79.11.A; 79.11.B; 79.12.Z; 80.10.Z; 80.20.Z; 80.30.Z; 81.21.Z; 81.22.Z; 81.29.Z; 81.30.Z; 82.11.Z; 82.19.Z; 82.20.Z; 82.30.Z; 82.91.Z; 82.99.Z; 85.51.Z; 85.52.Z; 85.59.B; 90.03.Z; 90.04.Z; 93.19.Z; 95.11.Z; 95.12.Z; 95.22.Z; 96.04.Z; 96.09.Z; 93.29.B,16.10.Z,pozostałe,16.10.Z: PKD 2007 - Produkcja wyrobów tartacznych,"{'wartosc': '55000,00', 'waluta': 'PLN'}",
0000376216,"""ITALPVC"" SPÓŁKA Z OGRANICZONĄ ODPOWIEDZIALNOŚCIĄ",7722389844,10101414200000,SPÓŁKA Z OGRANICZONĄ ODPOWIEDZIALNOŚCIĄ,RejP,20.01.2011,23.07.2021,21.11.2025,ACTIVE,,,,CZĘSTOCHOWA,FOCHA,8,11,42-200,CZĘSTOCHOWA,,16.10.Z; 16.21.Z; 16.23.Z; 16.24.Z; 22.19.Z; 22.21.Z; 22.22.Z; 22.23.Z; 22.29.Z; 25.11.Z; 25.12.Z; 25.61.Z; 25.62.Z; 25.99.Z; 28.96.Z; 41.10.Z; 41.20.Z; 43.32.Z; 43.99.Z; 46.73.Z; 46.76.Z; 47.52.Z; 49.41.Z; 52.10.B; 52.21.Z; 55.10.Z; 56.10.A; 63.99.Z; 68.10.Z; 68.20.Z; 68.31.Z; 70.22.Z; 73.11.Z; 78.10.Z; 78.30.Z; 82.11.Z; 47.59.Z; 47.91.Z; 46.44.Z,16.10.Z,pozostałe,16.10.Z: PKD 2007 - Produkcja wyrobów tartacznych,"{'wartosc': '10000,00', 'waluta': 'PLN'}",
0000376501,"""ENERGY AND WIND"" SPÓŁKA Z OGRANICZONĄ ODPOWIEDZIALNOŚCIĄ  W LIKWIDACJI",9710715210,14277887300000,SPÓŁKA Z OGRANICZONĄ ODPOWIEDZIALNOŚCIĄ,RejP,24.01.2011,17.09.2026,17.09.2026,LIQUIDATION,,,,GOSTYNIN,ZAMKOWA,53,,09-500,GOSTYNIN,,35.11.Z; 35.12.Z; 35.14.Z; 38.21.Z; 20.15.Z; 35.21.Z; 37.00.Z; 96.09.Z; 68.20.Z; 01.61.Z; 16.10.Z; 39.00.Z; 46.75.Z; 46.90.Z; 47.76.Z,16.10.Z,pozostałe,16.10.Z: PKD 2007 - Produkcja wyrobów tartacznych,"{'wartosc': '5000,00', 'waluta': 'PLN'}",
0000378490,"""GUMUS"" SPÓŁKA Z OGRANICZONĄ ODPOWIEDZIALNOŚCIĄ",5993140340,08050017000000,SPÓŁKA Z OGRANICZONĄ ODPOWIEDZIALNOŚCIĄ,RejP,16.02.2011,08.01.2025,21.11.2025,ACTIVE,,,,GORZÓW WLKP.,WEŁNIANY  RYNEK,6,4,66 - 400,GORZÓW WIELKOPOLSKI,,16.10.Z; 16.21.Z; 16.23.Z; 25.72.Z; 31.01.Z; 31.02.Z; 31.03.Z; 31.09.Z; 43.32.Z; 46.48.Z; 46.72.Z; 46.90.Z; 47.19.Z; 47.77.Z,16.10.Z,pozostałe,16.10.Z: PKD 2007 - Produkcja wyrobów tartacznych,"{'wartosc': '5000,00', 'waluta': 'PLN'}",
0000380237,"""GRO-EKO-POL"" SPÓŁKA Z OGRANICZONĄ ODPOWIEDZIALNOŚCIĄ",5252499579,14282153400000,SPÓŁKA Z OGRANICZONĄ ODPOWIEDZIALNOŚCIĄ,RejP,07.03.2011,12.01.2024,21.11.2025,ACTIVE,,,,WARSZAWA,,,,,,,02.20.Z; 10.31.Z; 10.32.Z; 10.39.Z; 16.10.Z; 16.21.Z; 16.23.Z; 16.24.Z; 16.29.Z; 41.10.Z; 41.20.Z; 45.11.Z; 45.19.Z; 45.20.Z; 45.31.Z; 45.32.Z; 45.40.Z; 46.11.Z; 46.12.Z; 46.13.Z; 46.15.Z; 46.17.Z; 46.18.Z; 46.19.Z; 46.31.Z; 46.34.A; 46.34.B; 46.39.Z; 46.47.Z; 46.61.Z; 46.65.Z; 46.71.Z; 46.73.Z; 46.76.Z; 46.90.Z; 47.11.Z; 47.19.Z; 47.21.Z; 47.25.Z; 47.59.Z; 47.78.Z; 47.91.Z; 49.41.Z; 49.42.Z; 52.10.B; 52.21.Z; 52.24.C; 52.29.C; 63.11.Z; 63.12.Z; 64.91.Z; 64.92.Z; 64.99.Z; 66.19.Z; 68.10.Z; 68.20.Z; 68.31.Z; 68.32.Z; 70.22.Z; 71.20.B; 74.90.Z; 77.11.Z; 77.12.Z; 82.92.Z; 82.99.Z; 96.09.Z,16.10.Z,pozostałe,16.10.Z: PKD 2007 - Produkcja wyrobów tartacznych,"{'wartosc': '5000,00', 'waluta': 'PLN'}",
0000381516,"""JAN JOPEK"" SPÓŁKA Z OGRANICZONĄ ODPOWIEDZIALNOŚCIĄ",5130220872,12149048200000,SPÓŁKA Z OGRANICZONĄ ODPOWIEDZIALNOŚCIĄ,RejP,23.03.2011,08.11.2018,21.11.2025,ACTIVE,,,,BIAŁY KOŚCIÓŁ,KASZTANOWA,28,,32-089,BIAŁY KOŚCIÓŁ,,08.11.Z; 08.12.Z; 09.90.Z; 14.12.Z; 14.13.Z; 14.14.Z; 14.19.Z; 16.10.Z; 16.22.Z; 16.23.Z; 16.24.Z; 16.29.Z; 23.61.Z; 23.62.Z; 23.63.Z; 23.64.Z; 23.65.Z; 23.69.Z; 23.70.Z; 38.31.Z; 38.32.Z; 43.11.Z; 43.12.Z; 43.13.Z; 43.21.Z; 43.22.Z; 43.29.Z; 43.31.Z; 43.32.Z; 43.33.Z; 43.34.Z; 43.39.Z; 43.91.Z; 43.99.Z; 42.21.Z; 42.22.Z; 42.91.Z; 42.99.Z; 42.11.Z; 42.13.Z; 42.13.Z; 46.47.Z; 46.43.Z; 46.52.Z; 46.73.Z; 46.74.Z; 46.75.Z; 46.90.Z; 47.71.Z; 47.72.Z; 47.73.Z; 55.10.Z; 55.20.Z; 55.30.Z; 55.90.Z; 46.13.Z; 46.14.Z; 46.15.Z; 46.16.Z; 46.17.Z; 46.18.Z; 46.19.Z,16.10.Z,pozostałe,16.10.Z: PKD 2007 - Produkcja wyrobów tartacznych,"{'wartosc': '500000,00', 'waluta': 'PLN'}",
0000382525,"""JE TARTAK"" SPÓŁKA Z OGRANICZONĄ ODPOWIEDZIALNOŚCIĄ W LIKWIDACJI",5761569503,16039213100000,SPÓŁKA Z OGRANICZONĄ ODPOWIEDZIALNOŚCIĄ,RejP,01.04.2011,08.07.2026,08.07.2026,LIQUIDATION,,,,KADŁUB WOLNY,IZYDORA MURKA,2,,46-048,ZĘBOWICE,46.73.Z,16.10.Z; 16.23.Z; 16.24.Z; 43.32.Z; 43.91.Z; 46.13.Z; 46.18.Z; 46.90.Z; 47.19.Z,16.10.Z,pozostałe,16.10.Z: PKD 2007 - Produkcja wyrobów tartacznych,"{'wartosc': '5000,00', 'waluta': 'PLN'}",
0000387062,"""DREMIX"" SPÓŁKA Z OGRANICZONĄ ODPOWIEDZIALNOŚCIĄ",8471604925,28061412700000,SPÓŁKA Z OGRANICZONĄ ODPOWIEDZIALNOŚCIĄ,RejP,24.05.2011,03.01.2023,21.11.2025,ACTIVE,,,,GOŁDAP,GUMBIŃSKA,19,,19-500,GOŁDAP,,16.10.Z; 16.23.Z; 16.24.Z; 16.29.Z; 46.73.Z; 52.29.C; 52.10.B,16.10.Z,pozostałe,16.10.Z: PKD 2007 - Produkcja wyrobów tartacznych,"{'wartosc': '5000,00', 'waluta': 'PLN'}",
0000388176,"""PATI"" DARIUSZ ŁUKASIK, PIOTR SOKOŁOWSKI SPÓŁKA JAWNA",9182156668,06077564500000,SPÓŁKA JAWNA,RejP,02.06.2011,13.03.2026,13.03.2026,ACTIVE,,,,GROMADA,,162,,23-400,BIŁGORAJ,16.10.Z,02.20.Z; 02.40.Z; 16.21.Z; 16.22.Z; 16.23.Z; 16.24.Z; 16.29.Z; 46.73.Z; 47.99.Z,16.10.Z,przeważające,16.10.Z: PKD 2007 - Produkcja wyrobów tartacznych,,
0000389929,"""SOLIDOOR"" SPÓŁKA Z OGRANICZONĄ ODPOWIEDZIALNOŚCIĄ",5542908023,34092868700000,SPÓŁKA Z OGRANICZONĄ ODPOWIEDZIALNOŚCIĄ,RejP,22.06.2011,21.05.2025,21.11.2025,ACTIVE,,,,BYDGOSZCZ,UL. GDAŃSKA,89,1,85-022,BYDGOSZCZ,47.59.Z,16.10.Z; 16.23.Z; 16.29.Z; 25.50.Z; 43.29.Z; 43.99.Z; 47.19.Z; 47.52.Z; 46.73.Z,16.10.Z,pozostałe,16.10.Z: PKD 2007 - Produkcja wyrobów tartacznych,"{'wartosc': '10000,00', 'waluta': 'PLN'}",
0000390011,"""ADDAC INVESTMENTS"" SPÓŁKA Z OGRANICZONĄ ODPOWIEDZIALNOŚCIĄ",8943027028,02155353000000,SPÓŁKA Z OGRANICZONĄ ODPOWIEDZIALNOŚCIĄ,RejP,22.06.2011,10.05.2022,21.11.2025,ACTIVE,,,,WROCŁAW,RĘDZIŃSKA,47-49,,54-106,WROCŁAW,,02.20.Z; 03.22.Z; 08.11.Z; 08.12.Z; 08.92.Z; 09.10.Z; 09.90.Z; 10.13.Z; 10.51.Z; 10.52.Z; 10.71.Z; 10.72.Z; 10.73.Z; 10.84.Z; 10.85.Z; 14.11.Z; 14.12.Z; 14.13.Z; 16.10.Z; 16.23.Z; 33.11.Z; 33.12.Z; 33.13.Z; 33.14.Z; 33.15.Z; 33.16.Z; 33.17.Z; 33.19.Z; 33.20.Z; 35.22.Z; 35.23.Z; 38.11.Z; 38.12.Z; 38.21.Z; 38.22.Z; 38.31.Z; 38.32.Z; 39.00.Z; 41.10.Z; 41.20.Z; 42.11.Z; 42.12.Z; 42.13.Z; 42.21.Z; 42.22.Z; 43.11.Z; 43.12.Z; 43.13.Z; 43.21.Z; 43.22.Z; 43.29.Z; 43.31.Z; 43.32.Z; 43.33.Z; 43.34.Z; 43.39.Z; 43.91.Z; 43.99.Z; 45.11.Z; 45.19.Z; 45.20.Z; 45.31.Z; 45.32.Z; 45.40.Z; 46.11.Z; 46.12.Z; 46.13.Z; 46.14.Z; 46.15.Z; 46.16.Z; 46.17.Z; 46.18.Z; 46.19.Z; 47.11.Z; 47.19.Z; 47.21.Z; 47.22.Z; 47.23.Z; 47.24.Z; 47.25.Z; 47.26.Z; 47.29.Z; 47.30.Z; 47.41.Z; 47.42.Z; 47.43.Z; 47.51.Z; 47.52.Z; 47.53.Z; 47.54.Z; 47.59.Z; 47.61.Z; 47.62.Z; 47.63.Z; 47.64.Z; 47.65.Z; 47.71.Z; 47.72.Z; 47.73.Z; 47.74.Z; 47.75.Z; 47.76.Z; 47.77.Z; 47.78.Z; 47.79.Z; 47.81.Z; 47.82.Z; 47.89.Z; 47.91.Z; 47.99.Z; 49.31.Z; 49.32.Z; 49.39.Z; 49.41.Z; 49.42.Z; 52.10.A; 52.10.B; 52.21.Z; 52.24.C; 52.29.B; 52.29.C; 53.20.Z; 55.10.Z; 55.20.Z; 55.30.Z; 55.90.Z; 56.10.A; 56.10.B; 56.21.Z; 56.29.Z; 56.30.Z; 58.12.Z; 58.13.Z; 58.14.Z; 58.29.Z; 59.11.Z; 59.12.Z; 59.13.Z; 60.10.Z; 61.10.Z; 61.20.Z; 61.90.Z; 62.01.Z; 62.02.Z; 62.03.Z; 62.09.Z; 63.11.Z; 63.12.Z; 63.91.Z; 63.99.Z; 64.19.Z; 64.91.Z; 64.92.Z; 64.99.Z; 66.21.Z; 66.22.Z; 68.10.Z; 68.20.Z; 68.31.Z; 68.32.Z; 69.20.Z; 73.11.Z; 73.12.A; 73.12.B; 73.12.C; 73.12.D; 74.20.Z; 74.30.Z; 77.11.Z; 77.12.Z; 77.21.Z; 77.22.Z; 77.29.Z; 77.31.Z; 77.32.Z; 77.33.Z; 77.34.Z; 77.35.Z; 78.10.Z; 78.20.Z; 78.30.Z; 79.11.A; 79.11.B; 79.12.Z; 79.90.A; 79.90.B; 79.90.C; 80.10.Z; 80.20.Z; 80.30.Z; 81.10.Z; 81.21.Z; 81.22.Z; 81.29.Z; 81.30.Z; 82.11.Z; 82.19.Z; 82.20.Z; 82.30.Z; 82.91.Z; 82.92.Z; 82.99.Z; 85.59.A; 85.59.B; 85.60.Z; 87.10.Z; 87.20.Z; 87.30.Z; 87.90.Z; 88.10.Z; 88.91.Z; 88.99.Z; 95.11.Z; 95.12.Z; 95.21.Z; 95.22.Z; 96.01.Z; 96.02.Z; 96.04.Z; 96.09.Z,16.10.Z,pozostałe,16.10.Z: PKD 2007 - Produkcja wyrobów tartacznych,"{'wartosc': '5000,00', 'waluta': 'PLN'}",
0000390363,"""MODUŁDOM"" SPÓŁKA Z OGRANICZONĄ ODPOWIEDZIALNOŚCIĄ",5242742400,14342521400000,SPÓŁKA Z OGRANICZONĄ ODPOWIEDZIALNOŚCIĄ,RejP,08.08.2011,16.07.2026,16.07.2026,ACTIVE,,,,WARSZAWA,UL. MARSZAŁKOWSKA,58,15,00-545,WARSZAWA,41.10.Z,55.20.Z; 77.21.Z; 49.41.Z; 16.10.Z; 68.20.Z; 43.22.Z; 43.29.Z; 42.99.Z,16.10.Z,pozostałe,16.10.Z: PKD 2007 - Produkcja wyrobów tartacznych,"{'wartosc': '50000,00', 'waluta': 'PLN'}",
0000391018,"""GOOD"" BUDOWLANA FIRMA SPÓŁKA Z OGRANICZONĄ ODPOWIEDZIALNOŚCIĄ",8322067511,10114386200000,SPÓŁKA Z OGRANICZONĄ ODPOWIEDZIALNOŚCIĄ,RejP,07.07.2011,04.07.2025,21.11.2025,ACTIVE,,,,BIAŁA PARCELA,,13,,98-350,BIAŁA,,08.11.Z; 08.12.Z; 10.41.Z; 10.91.Z; 10.92.Z; 11.07.Z; 16.10.Z; 16.22.Z; 16.23.Z; 16.24.Z; 16.29.Z; 17.21.Z; 17.24.Z; 20.16.Z; 20.30.Z; 23.11.Z; 23.12.Z; 23.20.Z; 23.31.Z; 23.32.Z; 23.41.Z; 23.42.Z; 23.43.Z; 23.51.Z; 23.52.Z; 23.61.Z; 23.62.Z; 23.63.Z; 23.64.Z; 23.65.Z; 23.69.Z; 23.70.Z; 23.91.Z; 23.99.Z; 25.11.Z; 25.12.Z; 25.21.Z; 25.29.Z; 25.30.Z; 25.93.Z; 25.99.Z; 28.92.Z; 31.01.Z; 31.02.Z; 31.09.Z; 33.11.Z; 38.11.Z; 38.21.Z; 38.32.Z; 41.10.Z; 42.11.Z; 42.13.Z; 42.21.Z; 42.99.Z; 45.11.Z; 45.19.Z; 46.21.Z; 46.22.Z; 46.23.Z; 46.24.Z; 46.31.Z; 46.32.Z; 46.33.Z; 46.34.A; 46.34.B; 46.35.Z; 46.36.Z; 46.37.Z; 46.38.Z; 46.39.Z; 46.41.Z; 46.42.Z; 46.43.Z; 46.44.Z; 46.45.Z; 46.46.Z; 46.49.Z; 46.51.Z; 46.52.Z; 46.61.Z; 46.62.Z; 46.63.Z; 46.65.Z; 46.66.Z; 46.69.Z; 46.71.Z; 46.72.Z; 46.73.Z; 46.74.Z; 46.75.Z; 46.76.Z; 46.77.Z; 46.90.Z; 47.11.Z; 47.19.Z; 55.10.Z; 71.11.Z; 71.12.Z; 71.20.B; 77.11.Z; 77.12.Z; 77.29.Z; 77.32.Z; 77.33.Z; 77.40.Z; 78.10.Z; 78.30.Z; 81.10.Z; 81.30.Z; 68.10.Z; 68.20.Z; 95.24.Z,16.10.Z,pozostałe,16.10.Z: PKD 2007 - Produkcja wyrobów tartacznych,"{'wartosc': '10000,00', 'waluta': 'PLN'}",
0000391582,"""GOBAR"" SPÓŁKA Z OGRANICZONĄ ODPOWIEDZIALNOŚCIĄ",7320014763,47016756900000,SPÓŁKA Z OGRANICZONĄ ODPOWIEDZIALNOŚCIĄ,RejP,15.07.2011,24.06.2026,24.06.2026,ACTIVE,,,,ZGIERZ,ANDRZEJA STRUGA,23,,95-100,ZGIERZ,16.10.Z,,16.10.Z,przeważające,16.10.Z: PKD 2007 - Produkcja wyrobów tartacznych,"{'wartosc': '3044000,00', 'waluta': 'PLN'}",
0000392622,"""K.K. INWESTOR"" SPÓŁKA Z OGRANICZONĄ ODPOWIEDZIALNOŚCIĄ",5691868990,14376544700000,SPÓŁKA Z OGRANICZONĄ ODPOWIEDZIALNOŚCIĄ,RejP,08.08.2011,28.05.2026,28.05.2026,ACTIVE,,,,MŁAWA,POLNA,11,,06-500,MŁAWA,,16.10.Z; 16.22.Z; 16.23.Z; 23.20.Z; 23.42.Z; 23.43.Z; 23.44.Z; 23.49.Z; 23.70.Z; 33.19.Z; 33.20.Z; 47.99.Z; 41.10.Z; 41.20.Z; 42.11.Z; 42.12.Z; 42.13.Z; 42.21.Z; 42.22.Z; 42.91.Z; 42.99.Z; 43.11.Z; 43.12.Z; 43.13.Z; 43.21.Z; 43.22.Z; 43.29.Z; 43.31.Z; 43.32.Z; 43.33.Z; 43.34.Z; 43.39.Z; 43.91.Z; 43.99.Z; 64.91.Z; 64.92.Z; 64.99.Z; 66.19.Z; 68.10.Z; 68.20.Z; 68.31.Z; 68.32.Z; 70.22.Z; 77.32.Z; 77.39.Z; 78.10.Z; 78.20.Z; 78.30.Z; 81.21.Z; 81.22.Z; 81.29.Z; 81.30.Z,16.10.Z,pozostałe,16.10.Z: PKD 2007 - Produkcja wyrobów tartacznych,"{'wartosc': '120000,00', 'waluta': 'PLN'}",
0000395719,"""DORCOO POLSKA"" SPÓŁKA Z OGRANICZONĄ ODPOWIEDZIALNOŚCIĄ",7632122994,30191190600000,SPÓŁKA Z OGRANICZONĄ ODPOWIEDZIALNOŚCIĄ,RejP,13.09.2011,08.07.2026,08.07.2026,ACTIVE,,,,KRZYŻ WIELKOPOLSKI,MICKIEWICZA,62,,64-761,KRZYŻ WIELKOPOLSKI,,32.99.Z; 33.19.Z; 25.99.Z; 41.20.Z; 42.11.Z; 43.11.Z; 43.12.Z; 43.39.Z; 68.10.Z; 68.20.Z; 73.11.Z; 73.12.A; 73.12.B; 73.12.C; 73.12.D; 73.20.Z; 77.12.Z; 77.39.Z; 77.32.Z; 02.40.Z; 70.21.Z; 70.22.Z; 74.90.Z; 85.60.Z; 69.20.Z; 52.10.B; 52.21.Z; 52.22.B; 52.22.A; 59.20.Z; 74.10.Z; 77.40.Z; 78.10.Z; 78.20.Z; 78.30.Z; 64.19.Z; 64.92.Z; 64.99.Z; 66.19.Z; 43.99.Z; 45.11.Z; 45.19.Z; 45.20.Z; 45.31.Z; 45.32.Z; 45.40.Z; 47.82.Z; 46.17.Z; 46.18.Z; 46.19.Z; 46.21.Z; 46.22.Z; 46.23.Z; 46.24.Z; 46.31.Z; 46.32.Z; 46.33.Z; 46.34.A; 46.34.B; 46.35.Z; 46.36.Z; 46.37.Z; 46.38.Z; 46.39.Z; 46.41.Z; 46.42.Z; 46.43.Z; 46.44.Z; 46.45.Z; 46.46.Z; 46.47.Z; 46.48.Z; 46.49.Z; 46.51.Z; 46.52.Z; 46.61.Z; 46.62.Z; 46.63.Z; 46.64.Z; 46.65.Z; 46.66.Z; 46.69.Z; 46.71.Z; 46.72.Z; 46.73.Z; 46.74.Z; 46.75.Z; 46.76.Z; 46.77.Z; 46.90.Z; 47.11.Z; 47.19.Z; 47.21.Z; 47.22.Z; 47.23.Z; 47.24.Z; 47.25.Z; 47.26.Z; 47.29.Z; 47.30.Z; 47.41.Z; 47.42.Z; 47.43.Z; 47.51.Z; 47.52.Z; 47.53.Z; 47.54.Z; 47.59.Z; 47.61.Z; 47.62.Z; 47.63.Z; 47.64.Z; 47.65.Z; 47.71.Z; 47.72.Z; 47.73.Z; 47.74.Z; 47.75.Z; 47.76.Z; 47.77.Z; 47.78.Z; 47.79.Z; 47.81.Z; 47.89.Z; 47.91.Z; 47.99.Z; 49.41.Z; 55.10.Z; 55.90.Z; 56.10.A; 56.10.B; 56.21.Z; 56.29.Z; 56.30.Z; 63.11.Z; 63.12.Z; 63.91.Z; 63.99.Z; 81.21.Z; 81.29.Z; 82.30.Z; 82.91.Z; 82.99.Z; 85.59.B; 96.09.Z; 10.11.Z; 10.12.Z; 10.13.Z; 10.20.Z; 10.31.Z; 10.32.Z; 10.39.Z; 10.41.Z; 10.42.Z; 10.51.Z; 10.52.Z; 10.61.Z; 10.62.Z; 10.71.Z; 10.72.Z; 10.73.Z; 10.82.Z; 10.83.Z; 10.84.Z; 10.85.Z; 10.86.Z; 10.89.Z; 10.91.Z; 10.92.Z; 16.10.Z,16.10.Z,pozostałe,16.10.Z: PKD 2007 - Produkcja wyrobów tartacznych,"{'wartosc': '5000,00', 'waluta': 'PLN'}",
0000396783,GRABEK SPÓŁKA Z OGRANICZONĄ ODPOWIEDZIALNOŚCIĄ,7831681377,30192174400000,SPÓŁKA Z OGRANICZONĄ ODPOWIEDZIALNOŚCIĄ,RejP,22.09.2011,14.11.2023,24.11.2025,ACTIVE,,,,BIELSKO-BIAŁA,CECHOWA,20,,43-300,BIELSKO-BIAŁA,,16.10.Z; 16.21.Z; 16.22.Z; 16.23.Z; 16.24.Z; 16.29.Z; 31.09.Z; 49.41.Z; 46.13.Z; 46.49.Z; 46.73.Z,16.10.Z,pozostałe,16.10.Z: PKD 2007 - Produkcja wyrobów tartacznych,"{'wartosc': '5000,00', 'waluta': 'PLN'}",
0000397528,"""BOCIEK MEBLE"" SPÓŁKA Z OGRANICZONĄ ODPOWIEDZIALNOŚCIĄ",8792662903,34119004800000,SPÓŁKA Z OGRANICZONĄ ODPOWIEDZIALNOŚCIĄ,RejP,28.09.2011,11.09.2026,11.09.2026,ACTIVE,,,,GÓRSK,DŁUGA,9,,87-134,ZŁAWIEŚ WIELKA,,13.92.Z; 16.10.Z; 46.90.Z; 47.19.Z; 47.51.Z; 47.59.Z; 47.71.Z; 47.91.Z,16.10.Z,pozostałe,16.10.Z: PKD 2007 - Produkcja wyrobów tartacznych,"{'wartosc': '5000,00', 'waluta': 'PLN'}",
0000398580,"""RUSAKIEWICZ I SPÓŁKA PRO DEVELOPMENT"" SPÓŁKA JAWNA",5993158831,08098938800000,SPÓŁKA JAWNA,RejP,07.10.2011,28.05.2025,21.02.2026,ACTIVE,,,,CZECHÓW,,41C,,66-431,SANTOK,02.10.Z,68.10.Z; 02.20.Z; 02.30.Z; 16.10.Z; 02.40.Z; 43.12.Z; 41.20.Z; 68.20.Z; 39.00.Z,16.10.Z,pozostałe,16.10.Z: PKD 2007 - Produkcja wyrobów tartacznych,,
0000399497,WOOD STORY SPÓŁKA Z OGRANICZONĄ ODPOWIEDZIALNOŚCIĄ,6381801360,24258263500000,SPÓŁKA Z OGRANICZONĄ ODPOWIEDZIALNOŚCIĄ,RejP,24.10.2011,20.05.2026,20.05.2026,ACTIVE,,,,GOCZAŁKOWICE-ZDRÓJ,GŁÓWNA,32,,43-230,GOCZAŁKOWICE-ZDRÓJ,,16.10.Z; 16.21.Z; 16.22.Z; 16.23.Z; 16.24.Z; 16.29.Z; 31.01.Z; 31.02.Z; 31.09.Z; 43.32.Z; 46.13.Z; 46.15.Z; 46.47.Z; 46.65.Z; 46.73.Z; 47.59.Z; 47.99.Z; 49.41.Z; 52.10.B; 68.20.Z; 77.32.Z; 77.39.Z,16.10.Z,pozostałe,16.10.Z: PKD 2007 - Produkcja wyrobów tartacznych,"{'wartosc': '150000,00', 'waluta': 'PLN'}",
0000400222,RIZZO SPÓŁKA Z OGRANICZONĄ ODPOWIEDZIALNOŚCIĄ W LIKWIDACJI,8971777534,02169028000000,SPÓŁKA Z OGRANICZONĄ ODPOWIEDZIALNOŚCIĄ,RejP,26.10.2011,17.10.2018,20.11.2025,LIQUIDATION,,,,WROCŁAW,KIEŁCZOWSKA,70,,51-354,WROCŁAW,,16.10.Z; 16.21.Z; 16.22.Z; 16.23.Z; 16.24.Z; 16.29.Z; 23.51.Z; 23.52.Z; 23.61.Z; 23.62.Z; 23.63.Z; 23.64.Z; 23.65.Z; 23.69.Z; 18.12.Z; 23.70.Z; 31.01.Z; 31.02.Z; 33.11.Z; 33.12.Z; 33.13.Z; 33.14.Z; 33.17.Z; 31.03.Z; 38.11.Z; 38.12.Z; 31.09.Z; 17.23.Z; 38.21.Z; 38.22.Z; 38.31.Z; 38.32.Z; 02.40.Z; 41.10.Z; 41.20.Z; 43.11.Z; 43.12.Z; 43.13.Z; 43.21.Z; 43.22.Z; 43.29.Z; 43.31.Z; 43.32.Z; 43.33.Z; 43.34.Z; 43.39.Z; 43.91.Z; 43.99.Z; 46.11.Z; 46.12.Z; 46.13.Z; 46.14.Z; 46.15.Z; 46.16.Z; 46.17.Z; 46.18.Z; 46.19.Z; 46.41.Z; 46.42.Z; 46.43.Z; 46.44.Z; 46.45.Z; 46.46.Z; 46.47.Z; 46.48.Z; 46.49.Z; 46.61.Z; 46.62.Z; 46.63.Z; 46.64.Z; 46.65.Z; 46.66.Z; 46.69.Z; 47.51.Z; 47.52.Z; 47.53.Z; 47.54.Z; 47.59.Z; 49.31.Z; 49.32.Z; 49.39.Z; 46.71.Z; 46.72.Z; 46.73.Z; 46.74.Z; 46.75.Z; 46.76.Z; 46.77.Z; 49.41.Z; 49.42.Z; 47.71.Z; 47.72.Z; 47.73.Z; 47.74.Z; 47.75.Z; 47.76.Z; 47.77.Z; 47.78.Z; 47.79.Z; 45.11.Z; 47.91.Z; 47.99.Z; 55.10.Z; 56.10.A; 56.10.B; 56.21.Z; 56.29.Z; 56.30.Z; 62.01.Z; 62.03.Z; 47.19.Z; 68.10.Z; 68.20.Z; 68.31.Z; 68.32.Z; 58.11.Z; 58.12.Z; 58.13.Z; 58.14.Z; 71.11.Z; 71.12.Z; 63.11.Z; 63.12.Z; 58.19.Z; 78.10.Z; 78.20.Z; 78.30.Z; 58.21.Z; 59.20.Z; 60.20.Z; 81.10.Z; 81.21.Z; 81.22.Z; 81.29.Z; 81.30.Z; 82.11.Z; 82.19.Z; 82.20.Z; 82.30.Z; 82.91.Z; 82.92.Z; 82.99.Z; 73.11.Z; 74.10.Z; 64.20.Z; 73.12.A; 73.12.B; 73.12.C; 73.12.D; 66.19.Z; 58.29.Z; 47.41.Z; 77.11.Z; 47.42.Z; 69.20.Z; 77.12.Z; 47.43.Z; 70.21.Z; 71.20.A; 71.20.B; 70.22.Z; 73.20.Z; 64.30.Z; 46.52.Z; 77.31.Z; 77.32.Z; 47.63.Z; 77.33.Z; 74.90.Z; 77.39.Z; 77.40.Z; 95.24.Z; 32.99.Z; 46.90.Z; 85.60.Z; 63.99.Z; 64.99.Z; 33.19.Z; 33.20.Z,16.10.Z,pozostałe,16.10.Z: PKD 2007 - Produkcja wyrobów tartacznych,"{'wartosc': '100000,00', 'waluta': 'PLN'}",
0000400674,"""DAS TRADING"" SPÓŁKA Z OGRANICZONĄ ODPOWIEDZIALNOŚCIĄ W LIKWIDACJI",5423221567,20065680000000,SPÓŁKA Z OGRANICZONĄ ODPOWIEDZIALNOŚCIĄ,RejP,02.11.2011,15.03.2018,20.11.2025,LIQUIDATION,,,,BIAŁYSTOK,UL. SIENKIEWICZA,55A,50,15-002,BIAŁYSTOK,46.76.Z,46.90.Z; 16.10.Z; 16.21.Z,16.10.Z,pozostałe,16.10.Z: PKD 2007 - Produkcja wyrobów tartacznych,"{'wartosc': '5100,00', 'waluta': 'PLN'}",
0000402080,GG GROUP  SPÓŁKA Z OGRANICZONĄ ODPOWIEDZIALNOŚCIĄ,9112002670,02173382900000,SPÓŁKA Z OGRANICZONĄ ODPOWIEDZIALNOŚCIĄ,RejP,15.11.2011,11.07.2024,20.11.2025,ACTIVE,,,,BUKOWINA SYCOWSKA,,8A,,56-513,MIĘDZYBÓRZ,31.09.Z,16.10.Z; 16.22.Z; 16.23.Z; 16.24.Z; 16.29.Z; 31.01.Z; 31.02.Z; 43.11.Z; 47.11.Z,16.10.Z,pozostałe,16.10.Z: PKD 2007 - Produkcja wyrobów tartacznych,"{'wartosc': '10000,00', 'waluta': 'PLN'}",
0000407538,"""GOZDREW"" SPÓŁKA Z OGRANICZONĄ ODPOWIEDZIALNOŚCIĄ",2810084024,08100509800000,SPÓŁKA Z OGRANICZONĄ ODPOWIEDZIALNOŚCIĄ,RejP,09.01.2012,22.06.2026,22.06.2026,ACTIVE,,,,GOŚCIM,,136,B,66-530,DREZDENKO,16.10.Z,,16.10.Z,przeważające,16.10.Z: PKD 2007 - Produkcja wyrobów tartacznych,"{'wartosc': '20000,00', 'waluta': 'PLN'}",
0000407802,"""MAZURSKIE DREWNO"" SPÓŁKA Z OGRANICZONĄ ODPOWIEDZIALNOŚCIĄ",8471612221,28137027100000,SPÓŁKA Z OGRANICZONĄ ODPOWIEDZIALNOŚCIĄ,RejP,25.01.2012,03.07.2026,03.07.2026,ACTIVE,,,,GALWIECIE,,59,,19-500,GOŁDAP,16.23.Z,16.12.Z; 41.00.A; 41.00.B; 43.35.Z; 43.41.Z; 42.91.Z; 43.50.Z; 01.61.Z; 64.92.B,16.12.Z,pozostałe,16.12.Z: PKD 2025 - Obróbka i wykończanie wyrobów tartacznych,"{'wartosc': '5000,00', 'waluta': 'PLN'}",
0000407895,"""NICO"" SPÓŁKA Z OGRANICZONĄ ODPOWIEDZIALNOŚCIĄ",9231692497,30201934200000,SPÓŁKA Z OGRANICZONĄ ODPOWIEDZIALNOŚCIĄ,RejP,12.01.2012,15.07.2025,20.11.2025,ACTIVE,,,,WOLSZTYN,NIAŁEK WIELKI,134,,64-200,WOLSZTYN,31.09.Z,14.12.Z; 14.13.Z; 16.10.Z; 16.29.Z; 31.01.Z; 31.02.Z; 68.10.Z; 68.20.Z; 70.10.Z,16.10.Z,pozostałe,16.10.Z: PKD 2007 - Produkcja wyrobów tartacznych,"{'wartosc': '5000,00', 'waluta': 'PLN'}",
0000410224,TOP WOOD MIX SPÓŁKA Z OGRANICZONĄ ODPOWIEDZIALNOŚCIĄ,5732840995,24284655400000,SPÓŁKA Z OGRANICZONĄ ODPOWIEDZIALNOŚCIĄ,RejP,02.02.2012,27.02.2026,27.02.2026,ACTIVE,,,,WARSZOWICE,,,,,,16.10.Z,16.23.Z; 16.29.Z; 46.73.Z; 82.11.Z; 52.10.B; 55.10.Z; 64.99.Z; 16.24.Z,16.10.Z,przeważające,16.10.Z: PKD 2007 - Produkcja wyrobów tartacznych,"{'wartosc': '52500,00', 'waluta': 'PLN'}",
0000410396,"""KUZY"" SPÓŁKA Z OGRANICZONĄ ODPOWIEDZIALNOŚCIĄ W LIKWIDACJI",7831686357,30204210500000,SPÓŁKA Z OGRANICZONĄ ODPOWIEDZIALNOŚCIĄ,RejP,07.02.2012,25.05.2025,20.11.2025,LIQUIDATION,,,,POZNAŃ,OGRODOWA,2,8,61-820,POZNAŃ,,02.20.Z; 10.71.Z; 17.21.Z; 16.24.Z; 16.10.Z; 10.85.Z; 10.89.Z; 10.72.Z; 23.70.Z; 22.22.Z; 38.11.Z; 38.12.Z; 38.21.Z; 38.22.Z; 39.00.Z; 31.01.Z; 31.02.Z; 33.19.Z; 43.11.Z; 43.12.Z; 43.31.Z; 43.32.Z; 43.33.Z; 43.34.Z; 43.39.Z; 43.99.Z; 46.73.Z; 46.77.Z; 49.41.Z; 49.42.Z; 45.11.Z; 45.31.Z; 45.20.Z; 42.11.Z; 47.99.Z; 45.19.Z; 45.40.Z; 47.30.Z; 47.78.Z; 47.91.Z; 47.79.Z; 46.71.Z; 45.32.Z; 52.24.C; 53.20.Z; 52.10.B; 52.10.A; 52.29.C; 68.20.Z; 68.31.Z; 68.32.Z; 69.20.Z; 79.12.Z; 79.11.B; 77.12.Z; 77.39.Z; 77.11.Z; 70.22.Z; 81.21.Z; 81.22.Z; 81.29.Z; 81.30.Z; 81.10.Z; 85.10.Z; 88.91.Z; 95.24.Z,16.10.Z,pozostałe,16.10.Z: PKD 2007 - Produkcja wyrobów tartacznych,"{'wartosc': '5000,00', 'waluta': 'PLN'}",
0000410691,"""ELYZJUM"" SPÓŁKA Z OGRANICZONĄ ODPOWIEDZIALNOŚCIĄ",5020109116,02182064600000,SPÓŁKA Z OGRANICZONĄ ODPOWIEDZIALNOŚCIĄ,RejP,13.02.2012,01.03.2026,01.03.2026,ACTIVE,,,,RZECZYCZA,,25,A,59-150,GRĘBOCICE,,01.25.Z; 01.61.Z; 02.10.Z; 02.20.Z; 02.40.Z; 16.10.Z; 16.21.Z; 16.24.Z; 42.11.Z; 42.13.Z; 42.22.Z; 43.11.Z; 43.12.Z; 43.22.Z; 43.29.Z; 43.32.Z; 43.91.Z; 43.99.Z; 45.20.Z; 46.21.Z; 46.22.Z; 46.34.B; 46.73.Z; 46.75.Z; 47.53.Z; 47.76.Z; 47.79.Z; 47.89.Z; 47.91.Z; 47.99.Z; 49.31.Z; 49.41.Z; 56.10.A; 77.11.Z; 77.31.Z; 77.32.Z,16.10.Z,pozostałe,16.10.Z: PKD 2007 - Produkcja wyrobów tartacznych,"{'wartosc': '5000,00', 'waluta': 'PLN'}",
0000412005,"""ASD DEVELOPMENT"" SPÓŁKA Z OGRANICZONĄ ODPOWIEDZIALNOŚCIĄ",9840209824,28137599500000,SPÓŁKA Z OGRANICZONĄ ODPOWIEDZIALNOŚCIĄ,RejP,21.02.2012,03.12.2025,04.12.2025,ACTIVE,,,,NIDZICA,NOWOMIEJSKA,4,,13-100,NIDZICA,68.20.Z,16.10.Z; 16.29.Z; 45.32.Z; 68.10.Z; 31.09.Z; 68.31.Z,16.10.Z,pozostałe,16.10.Z: PKD 2007 - Produkcja wyrobów tartacznych,"{'wartosc': '1055000,00', 'waluta': 'PLN'}",
0000412567,"""KOBYLAS"" SPÓŁKA Z OGRANICZONĄ ODPOWIEDZIALNOŚCIĄ",7962959100,14602381200000,SPÓŁKA Z OGRANICZONĄ ODPOWIEDZIALNOŚCIĄ,RejP,28.02.2012,14.07.2026,14.07.2026,ACTIVE,,,,PIONKI,METALOWA,8,,26-670,PIONKI,43.22.Z,16.10.Z; 16.23.Z; 16.29.Z; 33.11.Z; 33.12.Z; 33.20.Z; 43.21.Z,16.10.Z,pozostałe,16.10.Z: PKD 2007 - Produkcja wyrobów tartacznych,"{'wartosc': '100000,00', 'waluta': 'PLN'}",
0000415631,"""BT"" SPÓŁKA Z OGRANICZONĄ ODPOWIEDZIALNOŚCIĄ W LIKWIDACJI",9591947893,26059489000000,SPÓŁKA Z OGRANICZONĄ ODPOWIEDZIALNOŚCIĄ,RejP,23.03.2012,13.05.2026,13.05.2026,LIQUIDATION,,,,WOLA MUROWANA,ZAKŁADOWA,17,,26-052,SITKÓWKA-NOWINY,46.75.Z,42.11.Z; 42.12.Z; 46.73.Z; 09.90.Z; 23.69.Z; 16.10.Z; 68.10.Z; 47.91.Z,16.10.Z,pozostałe,16.10.Z: PKD 2007 - Produkcja wyrobów tartacznych,"{'wartosc': '50000,00', 'waluta': 'PLN'}",
0000416272,"""KARINA"" SPÓŁKA Z OGRANICZONĄ ODPOWIEDZIALNOŚCIĄ",5010073776,02185498700000,SPÓŁKA Z OGRANICZONĄ ODPOWIEDZIALNOŚCIĄ,RejP,30.03.2012,21.09.2026,21.09.2026,ACTIVE,,,,GÓRA,POZNAŃSKA,34,,56-200,GÓRA,31.09.Z,02.20.Z; 16.10.Z; 16.23.Z; 16.24.Z; 16.29.Z; 31.01.Z; 46.73.Z; 47.59.Z; 95.24.Z,16.10.Z,pozostałe,16.10.Z: PKD 2007 - Produkcja wyrobów tartacznych,"{'wartosc': '25000,00', 'waluta': 'PLN'}",
0000416946,"""JTG"" SPÓŁKA Z OGRANICZONĄ ODPOWIEDZIALNOŚCIĄ",5020109085,02186089300000,SPÓŁKA Z OGRANICZONĄ ODPOWIEDZIALNOŚCIĄ,RejP,03.04.2012,27.08.2026,27.08.2026,ACTIVE,,,,WARSZAWA,HOŻA,86,,00-682,WARSZAWA,16.10.Z,16.21.Z; 16.22.Z; 16.23.Z; 16.24.Z; 16.29.Z; 46.90.Z; 49.41.Z,16.10.Z,przeważające,16.10.Z: PKD 2007 - Produkcja wyrobów tartacznych,"{'wartosc': '5000,00', 'waluta': 'PLN'}",
0000421418,"""STAN-POLSKA"" SPÓŁKA Z OGRANICZONĄ ODPOWIEDZIALNOŚCIĄ",5222996876,14613423300000,SPÓŁKA Z OGRANICZONĄ ODPOWIEDZIALNOŚCIĄ,RejP,22.05.2012,15.01.2026,16.01.2026,ACTIVE,,,,WARSZAWA,KLEMENSIEWICZA,3,21,01-318,WARSZAWA,,01.11.Z; 01.12.Z; 01.13.Z; 01.14.Z; 01.15.Z; 01.16.Z; 01.19.Z; 01.21.Z; 01.22.Z; 01.23.Z; 01.24.Z; 01.25.Z; 01.26.Z; 01.27.Z; 01.28.Z; 01.29.Z; 01.30.Z; 01.41.Z; 01.42.Z; 01.43.Z; 01.44.Z; 01.45.Z; 01.46.Z; 01.47.Z; 01.49.Z; 01.50.Z; 01.61.Z; 01.62.Z; 01.63.Z; 01.64.Z; 01.70.Z; 02.10.Z; 02.20.Z; 02.30.Z; 02.40.Z; 03.11.Z; 03.12.Z; 03.21.Z; 03.22.Z; 05.10.Z; 05.20.Z; 06.10.Z; 06.20.Z; 07.10.Z; 07.21.Z; 07.29.Z; 08.11.Z; 08.12.Z; 08.91.Z; 08.92.Z; 08.93.Z; 08.99.Z; 09.10.Z; 09.90.Z; 10.11.Z; 10.12.Z; 10.13.Z; 10.20.Z; 10.31.Z; 10.32.Z; 10.39.Z; 10.41.Z; 10.42.Z; 10.51.Z; 10.52.Z; 10.61.Z; 10.62.Z; 10.71.Z; 10.72.Z; 10.73.Z; 10.81.Z; 10.82.Z; 10.83.Z; 10.84.Z; 10.85.Z; 10.86.Z; 10.89.Z; 10.91.Z; 10.92.Z; 11.01.Z; 11.02.Z; 11.03.Z; 11.04.Z; 11.05.Z; 11.06.Z; 11.07.Z; 12.00.Z; 13.10.A; 13.10.B; 13.10.C; 13.10.D; 13.20.A; 13.20.B; 13.20.C; 13.20.D; 13.30.Z; 13.91.Z; 13.92.Z; 13.93.Z; 13.94.Z; 13.95.Z; 13.96.Z; 13.99.Z; 14.11.Z; 14.12.Z; 14.13.Z; 14.14.Z; 14.19.Z; 14.20.Z; 14.31.Z; 14.39.Z; 15.11.Z; 15.12.Z; 15.20.Z; 16.10.Z; 16.21.Z; 16.22.Z; 16.23.Z; 16.24.Z; 16.29.Z; 17.11.Z; 17.12.Z; 17.21.Z; 17.22.Z; 17.23.Z; 17.24.Z; 17.29.Z; 18.11.Z; 18.12.Z; 18.13.Z; 18.14.Z; 18.20.Z; 19.10.Z; 19.20.Z; 20.11.Z; 20.12.Z; 20.13.Z; 20.14.Z; 20.15.Z; 20.16.Z; 20.17.Z; 20.20.Z; 20.30.Z; 20.41.Z; 20.42.Z; 20.51.Z; 20.52.Z; 20.53.Z; 20.59.Z; 20.60.Z; 21.10.Z; 21.20.Z; 22.11.Z; 22.19.Z; 22.21.Z; 22.22.Z; 22.23.Z; 22.29.Z; 23.11.Z; 23.12.Z; 23.13.Z; 23.14.Z; 23.19.Z; 23.20.Z; 23.31.Z; 23.32.Z; 23.41.Z; 23.42.Z; 23.43.Z; 23.44.Z; 23.49.Z; 23.51.Z; 23.52.Z; 23.61.Z; 23.62.Z; 23.63.Z; 23.64.Z; 23.65.Z; 23.69.Z; 23.70.Z; 23.91.Z; 23.99.Z; 24.10.Z; 24.20.Z; 24.31.Z; 24.32.Z; 24.33.Z; 24.34.Z; 24.41.Z; 24.42.A; 24.42.B; 24.43.Z; 24.44.Z; 24.45.Z; 24.46.Z; 24.51.Z; 24.52.Z; 24.53.Z; 24.54.A; 24.54.B; 25.11.Z; 25.12.Z; 25.21.Z; 25.29.Z; 25.30.Z; 25.50.Z; 25.61.Z; 25.62.Z; 25.71.Z; 25.72.Z; 25.73.Z; 25.91.Z; 25.92.Z; 25.93.Z; 25.94.Z; 25.99.Z; 26.11.Z; 26.12.Z; 26.20.Z; 26.30.Z; 26.40.Z; 26.51.Z; 26.52.Z; 26.60.Z; 26.70.Z; 26.80.Z; 27.11.Z; 27.12.Z; 27.20.Z; 27.31.Z; 27.32.Z; 27.33.Z; 27.40.Z; 27.51.Z; 27.52.Z; 27.90.Z; 28.11.Z; 28.12.Z; 28.13.Z; 28.14.Z; 28.15.Z; 28.21.Z; 28.22.Z; 28.23.Z; 28.24.Z; 28.25.Z; 28.29.Z; 28.30.Z; 28.41.Z; 28.49.Z; 28.91.Z; 28.92.Z; 28.93.Z; 28.94.Z; 28.95.Z; 28.96.Z; 28.99.Z; 29.10.A; 29.10.B; 29.10.C; 29.10.D; 29.10.E; 29.20.Z; 29.31.Z; 29.32.Z; 30.11.Z; 30.12.Z; 30.20.Z; 30.30.Z; 30.40.Z; 30.91.Z; 30.92.Z; 30.99.Z; 31.01.Z; 31.02.Z; 31.03.Z; 31.09.Z; 32.11.Z; 32.12.Z; 32.13.Z; 32.20.Z; 32.30.Z; 32.40.Z; 32.50.Z; 32.91.Z; 32.99.Z; 33.11.Z; 33.12.Z; 33.13.Z; 33.14.Z; 33.15.Z; 33.16.Z; 33.17.Z; 33.19.Z; 33.20.Z; 35.11.Z; 35.12.Z; 35.13.Z; 35.14.Z; 35.21.Z; 35.22.Z; 35.23.Z; 35.30.Z; 36.00.Z; 37.00.Z; 38.11.Z; 38.12.Z; 38.21.Z; 38.22.Z; 38.31.Z; 38.32.Z; 39.00.Z; 41.10.Z; 41.20.Z; 42.11.Z; 42.12.Z; 42.13.Z; 42.21.Z; 42.22.Z; 42.91.Z; 42.99.Z; 43.11.Z; 43.12.Z; 43.13.Z; 43.21.Z; 43.22.Z; 43.29.Z; 43.31.Z; 43.32.Z; 43.33.Z; 43.34.Z; 43.39.Z; 43.91.Z; 43.99.Z; 45.11.Z; 45.19.Z; 45.20.Z; 45.31.Z; 45.32.Z; 45.40.Z; 46.11.Z; 46.12.Z; 46.13.Z; 46.14.Z; 46.15.Z; 46.16.Z; 46.17.Z; 46.18.Z; 46.19.Z; 46.21.Z; 46.22.Z; 46.23.Z; 46.24.Z; 46.31.Z; 46.32.Z; 46.33.Z; 46.34.A; 46.34.B; 46.35.Z; 46.36.Z; 46.37.Z; 46.38.Z; 46.39.Z; 46.41.Z; 46.42.Z; 46.43.Z; 46.44.Z; 46.45.Z; 46.46.Z; 46.47.Z; 46.48.Z; 46.49.Z; 46.51.Z; 46.52.Z; 46.61.Z; 46.62.Z; 46.63.Z; 46.64.Z; 46.65.Z; 46.66.Z; 46.69.Z; 46.71.Z; 46.72.Z; 46.73.Z; 46.74.Z; 46.75.Z; 46.76.Z; 46.77.Z; 46.90.Z; 47.11.Z; 47.19.Z; 47.21.Z; 47.22.Z; 47.23.Z; 47.24.Z; 47.25.Z; 47.26.Z; 47.29.Z; 47.30.Z; 47.41.Z; 47.42.Z; 47.43.Z; 47.51.Z; 47.52.Z; 47.53.Z; 47.54.Z; 47.59.Z; 47.61.Z; 47.62.Z; 47.63.Z; 47.64.Z; 47.65.Z; 47.71.Z; 47.72.Z; 47.73.Z; 47.74.Z; 47.75.Z; 47.76.Z; 47.77.Z; 47.78.Z; 47.79.Z; 47.81.Z; 47.82.Z; 47.89.Z; 47.91.Z; 47.99.Z; 49.10.Z; 49.20.Z; 49.31.Z; 49.32.Z; 49.39.Z; 49.41.Z; 49.42.Z; 49.50.A; 49.50.B; 50.10.Z; 50.20.Z; 50.30.Z; 50.40.Z; 51.10.Z; 51.21.Z; 51.22.Z; 52.10.A; 52.10.B; 52.21.Z; 52.22.A; 52.22.B; 52.23.Z; 52.24.A; 52.24.B; 52.24.C; 52.29.A; 52.29.B; 52.29.C; 55.10.Z; 55.20.Z; 55.30.Z; 55.90.Z; 56.10.A; 56.10.B; 56.21.Z; 56.29.Z; 56.30.Z; 58.11.Z; 58.12.Z; 58.13.Z; 58.14.Z; 58.19.Z; 58.21.Z; 58.29.Z; 59.11.Z; 59.12.Z; 59.13.Z; 59.14.Z; 59.20.Z; 61.10.Z; 61.20.Z; 61.30.Z; 61.90.Z; 62.01.Z; 62.02.Z; 62.03.Z; 62.09.Z; 63.11.Z; 63.12.Z; 63.91.Z; 63.99.Z; 70.10.Z; 70.21.Z; 70.22.Z; 71.11.Z; 71.12.Z; 71.20.A; 71.20.B; 72.11.Z; 72.19.Z; 72.20.Z; 73.11.Z; 73.12.A; 73.12.B; 73.12.C; 73.12.D; 73.20.Z; 74.10.Z; 74.20.Z; 74.30.Z; 74.90.Z; 77.11.Z; 77.12.Z; 77.21.Z; 77.22.Z; 77.29.Z; 77.31.Z; 77.32.Z; 77.33.Z; 77.34.Z; 77.35.Z; 77.39.Z; 77.40.Z; 78.10.Z; 78.20.Z; 78.30.Z; 79.11.A; 79.11.B; 79.12.Z; 79.90.A; 79.90.B; 79.90.C; 81.10.Z; 81.21.Z; 81.22.Z; 81.29.Z; 81.30.Z; 82.11.Z; 82.19.Z; 82.20.Z; 82.30.Z; 82.91.Z; 82.92.Z; 82.99.Z; 85.10.Z; 85.20.Z; 85.31.A; 85.31.B; 85.31.C; 85.32.A; 85.32.B; 85.32.C; 85.41.Z; 85.42.A; 85.42.B; 85.51.Z; 85.52.Z; 85.53.Z; 85.59.A; 85.59.B; 85.60.Z; 86.10.Z; 86.21.Z; 86.22.Z; 86.23.Z; 86.90.A; 86.90.B; 86.90.C; 86.90.D; 86.90.E; 87.10.Z; 87.20.Z; 87.30.Z; 87.90.Z; 88.10.Z; 88.91.Z; 88.99.Z; 90.01.Z; 90.02.Z; 90.03.Z; 90.04.Z; 91.01.A; 91.01.B; 91.02.Z; 91.03.Z; 91.04.Z; 93.11.Z; 93.12.Z; 93.13.Z; 93.19.Z; 93.21.Z; 95.11.Z; 95.12.Z; 95.21.Z; 95.22.Z; 95.23.Z; 95.24.Z; 95.25.Z; 95.29.Z; 96.01.Z; 96.02.Z; 96.03.Z; 96.04.Z; 96.09.Z; 97.00.Z; 98.10.Z; 98.20.Z; 93.29.B,16.10.Z,pozostałe,16.10.Z: PKD 2007 - Produkcja wyrobów tartacznych,"{'wartosc': '5000,00', 'waluta': 'PLN'}",
0000421840,"""PIOCH"" SPÓŁKA Z OGRANICZONĄ ODPOWIEDZIALNOŚCIĄ W LIKWIDACJI",8421496333,77092329200000,SPÓŁKA Z OGRANICZONĄ ODPOWIEDZIALNOŚCIĄ,RejP,24.05.2012,15.01.2026,16.01.2026,LIQUIDATION,,,,POMYSK WIELKI,,57,,77-100,BYTÓW,,93.11.Z; 93.19.Z; 32.99.Z; 46.90.Z; 47.99.Z; 16.10.Z; 93.29.B,16.10.Z,pozostałe,16.10.Z: PKD 2007 - Produkcja wyrobów tartacznych,"{'wartosc': '5000,00', 'waluta': 'PLN'}",
0000424302,"""INTEGRA"" SPÓŁKA Z OGRANICZONĄ ODPOWIEDZIALNOŚCIĄ",8971783090,02190247900000,SPÓŁKA Z OGRANICZONĄ ODPOWIEDZIALNOŚCIĄ,RejP,15.06.2012,15.01.2026,16.01.2026,ACTIVE,,,,WROCŁAW,LESZCZYŃSKIEGO,4,29,50-078,WROCŁAW,,53.20.Z; 52.23.Z; 52.29.A; 52.29.B; 52.24.B; 52.24.A; 52.29.C; 52.22.A; 52.22.B; 52.24.C; 52.21.Z; 52.10.A; 52.10.B; 51.10.Z; 51.21.Z; 51.22.Z; 50.10.Z; 33.15.Z; 33.19.Z; 33.11.Z; 33.13.Z; 33.16.Z; 33.20.Z; 33.12.Z; 33.14.Z; 33.17.Z; 56.10.A; 63.99.Z; 68.31.Z; 68.10.Z; 68.20.Z; 68.32.Z; 03.22.Z; 08.12.Z; 10.41.Z; 10.85.Z; 11.01.Z; 11.02.Z; 11.03.Z; 11.04.Z; 11.05.Z; 11.06.Z; 11.07.Z; 12.00.Z; 16.10.Z; 16.22.Z; 16.23.Z; 16.24.Z; 19.20.Z; 20.11.Z; 20.13.Z; 20.14.Z; 25.29.Z; 35.11.Z; 35.12.Z; 35.13.Z; 35.14.Z; 35.21.Z; 35.22.Z; 35.23.Z; 35.30.Z; 41.10.Z; 41.20.Z; 42.11.Z; 42.13.Z; 43.11.Z; 43.12.Z; 43.13.Z; 43.21.Z; 43.22.Z; 43.29.Z; 43.31.Z; 43.32.Z; 43.33.Z; 43.34.Z; 43.39.Z; 43.91.Z; 43.99.Z; 45.11.Z; 45.19.Z; 45.20.Z; 45.31.Z; 45.32.Z; 45.40.Z; 46.12.Z; 46.13.Z; 46.17.Z; 46.18.Z; 46.19.Z; 46.34.A; 46.34.B; 46.35.Z; 46.37.Z; 46.39.Z; 46.63.Z; 46.71.Z; 46.72.Z; 46.75.Z; 46.76.Z; 46.77.Z; 46.90.Z; 47.11.Z; 47.19.Z; 47.25.Z; 47.26.Z; 47.29.Z; 47.30.Z; 47.41.Z; 49.10.Z; 49.20.Z; 49.31.Z; 49.32.Z; 49.39.Z; 49.41.Z; 49.42.Z; 49.50.A; 49.50.B; 50.20.Z; 50.30.Z; 50.40.Z; 53.10.Z; 55.10.Z; 55.20.Z; 55.30.Z; 55.90.Z; 56.10.B; 56.21.Z; 56.29.Z; 56.30.Z; 62.01.Z; 62.02.Z; 62.03.Z; 62.09.Z; 63.11.Z; 63.12.Z; 63.91.Z; 64.19.Z; 64.91.Z; 64.92.Z; 69.20.Z; 70.10.Z; 70.21.Z; 70.22.Z; 71.20.B; 73.11.Z; 73.12.A; 73.12.B; 73.12.C; 73.12.D; 73.20.Z; 74.20.Z; 74.30.Z; 77.11.Z; 77.12.Z; 77.21.Z; 77.22.Z; 77.29.Z; 77.31.Z; 77.32.Z; 77.33.Z; 77.34.Z; 77.35.Z; 77.39.Z; 78.10.Z; 78.20.Z; 78.30.Z; 81.10.Z; 81.21.Z; 81.22.Z; 81.29.Z; 81.30.Z; 82.11.Z; 82.19.Z; 82.20.Z; 82.30.Z; 82.91.Z; 82.92.Z; 82.99.Z; 84.13.Z; 85.59.A; 85.60.Z; 93.11.Z; 93.12.Z; 93.13.Z; 93.19.Z; 93.21.Z; 96.01.Z; 96.02.Z; 96.03.Z; 96.04.Z; 96.09.Z; 97.00.Z; 98.10.Z; 98.20.Z; 93.29.B,16.10.Z,pozostałe,16.10.Z: PKD 2007 - Produkcja wyrobów tartacznych,"{'wartosc': '5000,00', 'waluta': 'PLN'}",
0000425343,"""OPTIME"" SPÓŁKA Z OGRANICZONĄ ODPOWIEDZIALNOŚCIĄ",8461660833,20070859500000,SPÓŁKA Z OGRANICZONĄ ODPOWIEDZIALNOŚCIĄ,RejP,27.06.2012,30.06.2025,20.11.2025,ACTIVE,,,,AUGUSTÓW,TYTONIOWA,8,,16-300,AUGUSTÓW,,16.10.Z; 16.22.Z; 16.23.Z; 16.24.Z; 16.29.Z; 22.23.Z; 25.12.Z; 25.72.Z; 30.12.Z; 31.01.Z; 31.02.Z; 31.09.Z; 33.11.Z; 33.15.Z; 33.20.Z; 41.20.Z; 42.21.Z; 43.21.Z; 43.22.Z; 43.29.Z; 43.31.Z; 43.32.Z; 43.33.Z; 43.34.Z; 43.39.Z; 43.91.Z; 43.99.Z; 46.47.Z; 46.73.Z; 46.74.Z; 46.75.Z; 46.76.Z; 66.12.Z; 66.19.Z; 77.32.Z; 77.33.Z; 77.39.Z; 95.24.Z; 23.11.Z; 23.19.Z; 49.41.Z; 49.42.Z; 25.62.Z; 25.93.Z; 47.52.Z; 25.99.Z,16.10.Z,pozostałe,16.10.Z: PKD 2007 - Produkcja wyrobów tartacznych,"{'wartosc': '5000,00', 'waluta': 'PLN'}",
0000425353,"""NOBLES INVERSIONES"" SPÓŁKA Z OGRANICZONĄ ODPOWIEDZIALNOŚCIĄ",8971783351,02190183000000,SPÓŁKA Z OGRANICZONĄ ODPOWIEDZIALNOŚCIĄ,RejP,26.06.2012,21.07.2026,21.07.2026,ACTIVE,,,,WROCŁAW,UL. JANA EWANGELISTY PURKYNIEGO,1,,50-155,WROCŁAW,16.10.Z,02.40.Z; 68.10.Z; 68.20.Z; 68.31.Z; 16.22.Z; 16.23.Z; 16.29.Z; 32.99.Z; 33.19.Z,16.10.Z,przeważające,16.10.Z: PKD 2007 - Produkcja wyrobów tartacznych,"{'wartosc': '5000,00', 'waluta': 'PLN'}",
0000427010,"""MULTON"" SPÓŁKA Z OGRANICZONĄ ODPOWIEDZIALNOŚCIĄ",9492191966,24299094300000,SPÓŁKA Z OGRANICZONĄ ODPOWIEDZIALNOŚCIĄ,RejP,16.07.2012,09.09.2026,09.09.2026,ACTIVE,,,,KONIECPOL,MICKIEWICZA,10,,42-230,KONIECPOL,46.77.Z,47.78.Z; 49.41.Z; 22.23.Z; 46.73.Z; 16.10.Z; 02.40.Z,16.10.Z,pozostałe,16.10.Z: PKD 2007 - Produkcja wyrobów tartacznych,"{'wartosc': '200000,00', 'waluta': 'PLN'}",
0000429257,"""ECO-ENERGA"" SPÓŁKA Z OGRANICZONĄ ODPOWIEDZIALNOŚCIĄ",5423226725,20071594500000,SPÓŁKA Z OGRANICZONĄ ODPOWIEDZIALNOŚCIĄ,RejP,07.08.2012,09.02.2026,10.02.2026,ACTIVE,,,,BIAŁYSTOK,,,,,,,01.61.Z; 01.63.Z; 02.10.Z; 02.20.Z; 02.30.Z; 02.40.Z; 10.91.Z; 10.92.Z; 16.10.Z; 16.24.Z; 16.29.Z; 45.11.Z; 45.19.Z; 46.11.Z; 46.12.Z; 46.13.Z; 46.18.Z; 46.19.Z; 46.21.Z; 46.71.Z; 46.73.Z; 46.90.Z; 47.91.Z; 47.99.Z; 49.41.Z; 52.10.B; 68.10.Z; 68.20.Z; 72.11.Z; 72.19.Z; 73.11.Z; 78.10.Z; 81.21.Z; 81.29.Z; 82.11.Z; 82.19.Z; 82.99.Z; 96.09.Z,16.10.Z,pozostałe,16.10.Z: PKD 2007 - Produkcja wyrobów tartacznych,"{'wartosc': '5000,00', 'waluta': 'PLN'}",
0000432880,"""EUREKO"" SPÓŁKA Z OGRANICZONĄ ODPOWIEDZIALNOŚCIĄ",7322170504,10146940500000,SPÓŁKA Z OGRANICZONĄ ODPOWIEDZIALNOŚCIĄ,RejP,12.09.2012,01.05.2026,01.05.2026,ACTIVE,,,,PABIANICE,UL. WARSZAWSKA,91,,95-200,PABIANICE,16.23.Z,38.32.Z; 38.11.Z; 38.21.Z; 16.10.Z; 43.91.Z; 46.73.Z; 52.10.B; 41.10.Z; 41.20.Z,16.10.Z,pozostałe,16.10.Z: PKD 2007 - Produkcja wyrobów tartacznych,"{'wartosc': '10000,00', 'waluta': 'PLN'}",
0000434547,TOP HOUSE 1000 SPÓŁKA Z OGRANICZONĄ ODPOWIEDZIALNOŚCIĄ,6511714608,24305518000000,SPÓŁKA Z OGRANICZONĄ ODPOWIEDZIALNOŚCIĄ,RejP,28.09.2012,25.08.2026,25.08.2026,ACTIVE,,,,JASTRZĘBIE-ZDRÓJ,UL. MIKOŁAJA REJA,10,,44-268,JASTRZĘBIE-ZDRÓJ,16.23.Z,16.10.Z; 16.29.Z; 31.01.Z; 31.02.Z; 41.20.Z; 43.22.Z; 43.29.Z; 43.99.Z; 46.73.Z,16.10.Z,pozostałe,16.10.Z: PKD 2007 - Produkcja wyrobów tartacznych,"{'wartosc': '100000,00', 'waluta': 'PLN'}",
0000436459,"""BUDPOL II"" SPÓŁKA Z OGRANICZONĄ ODPOWIEDZIALNOŚCIĄ",5170360473,18089664300000,SPÓŁKA Z OGRANICZONĄ ODPOWIEDZIALNOŚCIĄ,RejP,12.10.2012,01.03.2023,21.11.2025,ACTIVE,,,,RZESZÓW,SIEMIEŃSKIEGO,14,,35-203,RZESZÓW,,68.10.Z; 68.20.Z; 68.31.Z; 68.32.Z; 71.20.B; 33.20.Z; 16.10.Z; 16.23.Z; 25.11.Z; 25.12.Z; 41.10.Z; 41.20.Z; 42.11.Z; 43.11.Z; 43.12.Z; 43.13.Z; 43.21.Z; 43.22.Z; 74.10.Z; 74.90.Z; 43.29.Z; 43.31.Z; 43.32.Z; 43.33.Z; 43.34.Z; 43.39.Z; 43.91.Z; 43.99.Z; 46.73.Z; 46.74.Z; 46.75.Z; 46.76.Z; 46.77.Z; 46.90.Z; 47.91.Z; 49.41.Z; 64.92.Z,16.10.Z,pozostałe,16.10.Z: PKD 2007 - Produkcja wyrobów tartacznych,"{'wartosc': '2236000,00', 'waluta': 'PLN'}",
0000440619,"""HMT"" SPÓŁKA Z OGRANICZONĄ ODPOWIEDZIALNOŚCIĄ",7891751466,30227883600000,SPÓŁKA Z OGRANICZONĄ ODPOWIEDZIALNOŚCIĄ,RejP,21.11.2012,11.07.2026,11.07.2026,ACTIVE,,,,ORZECHOWO,UL. PRZEMYSŁOWA,2,,62-322,ORZECHOWO,16.10.Z,16.24.Z; 16.22.Z; 16.23.Z; 16.29.Z; 02.20.Z; 46.13.Z; 46.73.Z,16.10.Z,przeważające,16.10.Z: PKD 2007 - Produkcja wyrobów tartacznych,"{'wartosc': '50000,00', 'waluta': 'PLN'}",
0000440765,"""DREWNOLAND"" TEMPKA I WSPÓLNICY SPÓŁKA JAWNA",5521714124,12271983400000,SPÓŁKA JAWNA,RejP,20.11.2012,29.06.2026,29.06.2026,ACTIVE,,,,WIEPRZEC,,55,,34-231,JUSZCZYN,16.11.Z,16.24.Z; 16.28.Z; 46.83.Z; 49.41.Z; 46.71.Z; 47.81.Z; 46.72.Z; 47.78.Z,16.11.Z,przeważające,16.11.Z: PKD 2025 - Produkcja wyrobów tartacznych,,
0000444965,"""BLASTOPOL FD"" PIOTR BLANDO, PAWEŁ BLANDO, ELŻBIETA SAWA - BLANDO SPÓŁKA JAWNA",8331398816,10152447500000,SPÓŁKA JAWNA,RejP,19.12.2012,20.10.2025,21.02.2026,ACTIVE,,,,PAPROTNIA,,15,,95-060,BRZEZINY,32.99.Z,16.10.Z; 16.23.Z; 16.29.Z; 46.73.Z; 47.71.Z; 47.76.Z; 49.31.Z; 49.39.Z; 96.03.Z,16.10.Z,pozostałe,16.10.Z: PKD 2007 - Produkcja wyrobów tartacznych,,
0000445373,"""BPS LOGISTIC"" SPÓŁKA Z OGRANICZONĄ ODPOWIEDZIALNOŚCIĄ",2060002340,24310990600000,SPÓŁKA Z OGRANICZONĄ ODPOWIEDZIALNOŚCIĄ,RejP,21.12.2012,16.03.2026,16.03.2026,ACTIVE,,,,TYCHY,,,,,,,16.10.Z; 16.21.Z; 16.22.Z; 16.23.Z; 16.24.Z; 16.29.Z; 17.11.Z; 17.12.Z; 17.21.Z; 17.22.Z; 17.23.Z; 17.24.Z; 17.29.Z; 23.61.Z; 23.62.Z; 23.63.Z; 23.64.Z; 23.65.Z; 23.69.Z; 23.70.Z; 25.11.Z; 25.12.Z; 25.21.Z; 25.29.Z; 25.30.Z; 25.50.Z; 25.61.Z; 25.62.Z; 25.71.Z; 25.72.Z; 25.73.Z; 25.91.Z; 25.92.Z; 25.93.Z; 25.94.Z; 25.99.Z; 28.11.Z; 28.12.Z; 28.13.Z; 28.14.Z; 28.15.Z; 28.21.Z; 28.22.Z; 28.24.Z; 28.25.Z; 28.29.Z; 28.30.Z; 28.41.Z; 28.23.Z; 28.49.Z; 28.91.Z; 28.92.Z; 28.93.Z; 28.94.Z; 28.95.Z; 28.96.Z; 28.99.Z; 33.11.Z; 33.12.Z; 33.13.Z; 33.14.Z; 33.17.Z; 33.19.Z; 33.20.Z; 41.10.Z; 41.20.Z; 42.11.Z; 42.12.Z; 42.13.Z; 42.21.Z; 42.22.Z; 42.91.Z; 42.99.Z; 43.11.Z; 43.12.Z; 43.13.Z; 43.21.Z; 43.22.Z; 43.29.Z; 43.31.Z; 43.32.Z; 43.33.Z; 43.34.Z; 43.39.Z; 43.91.Z; 43.99.Z; 45.11.Z; 45.19.Z; 45.20.Z; 45.31.Z; 45.32.Z; 45.40.Z; 46.11.Z; 46.13.Z; 46.14.Z; 46.15.Z; 46.16.Z; 46.17.Z; 46.18.Z; 46.19.Z; 46.31.Z; 46.32.Z; 46.33.Z; 46.34.B; 46.36.Z; 46.37.Z; 46.38.Z; 46.39.Z; 46.41.Z; 46.42.Z; 46.43.Z; 46.44.Z; 46.45.Z; 46.46.Z; 46.47.Z; 46.48.Z; 46.49.Z; 49.31.Z; 49.39.Z; 49.41.Z; 49.42.Z; 52.10.B; 52.21.Z; 52.22.A; 52.23.Z; 52.22.B; 52.24.A; 52.24.B; 52.24.C; 52.29.C; 53.20.Z; 68.20.Z; 68.31.Z; 68.32.Z; 69.10.Z; 69.20.Z; 70.10.Z; 70.21.Z; 70.22.Z; 71.11.Z; 71.12.Z; 71.20.A; 71.20.B; 77.11.Z; 77.12.Z; 77.31.Z; 77.32.Z; 77.33.Z; 77.39.Z; 78.10.Z; 78.20.Z; 78.30.Z; 79.11.A; 79.11.B; 79.12.Z; 79.90.A; 79.90.B; 79.90.C; 82.11.Z; 82.19.Z; 82.20.Z; 82.30.Z,16.10.Z,pozostałe,16.10.Z: PKD 2007 - Produkcja wyrobów tartacznych,"{'wartosc': '5000,00', 'waluta': 'PLN'}",
0000451244,"""EKOMTB"" SPÓŁKA Z OGRANICZONĄ ODPOWIEDZIALNOŚCIĄ",5342490010,14653949600000,SPÓŁKA Z OGRANICZONĄ ODPOWIEDZIALNOŚCIĄ,RejP,15.02.2013,13.07.2026,13.07.2026,ACTIVE,,,,BRWINÓW,PSZCZELIŃSKA,103,,05-840,BRWINÓW,,46.90.Z; 01.25.Z; 25.11.Z; 32.12.Z; 32.13.Z; 35.11.Z; 38.11.Z; 38.12.Z; 41.10.Z; 41.20.Z; 45.11.Z; 45.20.Z; 49.41.Z; 47.77.Z; 43.91.Z; 43.99.Z; 16.10.Z; 71.11.Z; 71.12.Z; 63.99.Z; 70.22.Z; 70.21.Z; 74.20.Z; 96.04.Z; 96.02.Z,16.10.Z,pozostałe,16.10.Z: PKD 2007 - Produkcja wyrobów tartacznych,"{'wartosc': '5000,00', 'waluta': 'PLN'}",
0000454145,"""ASART"" SPÓŁKA Z OGRANICZONĄ ODPOWIEDZIALNOŚCIĄ",6282259768,12280378200000,SPÓŁKA Z OGRANICZONĄ ODPOWIEDZIALNOŚCIĄ,RejP,11.03.2013,20.08.2025,21.11.2025,ACTIVE,,,,CHRZANÓW,PĘCKOWSKIEGO,2,11,32-500,CHRZANÓW,,49.31.Z; 49.32.Z; 49.39.Z; 49.41.Z; 49.42.Z; 52.10.B; 52.29.C; 16.10.Z; 16.23.Z; 16.29.Z; 31.01.Z; 31.02.Z; 31.09.Z; 41.10.Z; 41.20.Z; 42.11.Z; 42.13.Z; 45.11.Z; 45.19.Z; 45.20.Z; 45.32.Z; 45.40.Z; 46.41.Z; 46.42.Z; 46.77.Z; 47.11.Z; 47.19.Z; 47.21.Z; 47.22.Z; 47.23.Z; 47.24.Z; 47.25.Z; 47.26.Z; 47.29.Z; 47.42.Z; 47.51.Z; 47.52.Z; 47.53.Z; 47.59.Z; 47.62.Z; 47.65.Z; 47.71.Z; 47.72.Z; 47.73.Z; 47.74.Z; 47.75.Z; 47.76.Z; 47.77.Z; 47.78.Z; 47.79.Z; 47.81.Z; 47.82.Z; 47.89.Z; 47.91.Z; 47.99.Z; 56.10.A; 56.10.B; 56.21.Z; 56.29.Z; 56.30.Z; 96.09.Z,16.10.Z,pozostałe,16.10.Z: PKD 2007 - Produkcja wyrobów tartacznych,"{'wartosc': '5000,00', 'waluta': 'PLN'}",
0000457689,"""ABDREW"" SPÓŁKA Z OGRANICZONĄ ODPOWIEDZIALNOŚCIĄ W LIKWIDACJI",7611556581,14662695300000,SPÓŁKA Z OGRANICZONĄ ODPOWIEDZIALNOŚCIĄ,RejP,11.04.2013,13.07.2024,21.11.2025,LIQUIDATION,,,,PARCIAKI-STACJA,PARCIAKI-STACJA,10,,06-323,JEDNOROŻEC,16.10.Z,,16.10.Z,przeważające,16.10.Z: PKD 2007 - Produkcja wyrobów tartacznych,"{'wartosc': '5000,00', 'waluta': 'PLN'}",
0000466517,"""M&A CREATION"" SPÓŁKA Z OGRANICZONĄ ODPOWIEDZIALNOŚCIĄ",8272304600,10156594200000,SPÓŁKA Z OGRANICZONĄ ODPOWIEDZIALNOŚCIĄ,RejP,19.06.2013,07.07.2026,07.07.2026,ACTIVE,,,,MIEDŹNO,,2,,98-290,WARTA,49.41.Z,52.21.Z; 02.20.Z; 16.10.Z; 02.40.Z; 52.24.C; 46.73.Z; 70.22.Z; 73.12.A; 73.12.C,16.10.Z,pozostałe,16.10.Z: PKD 2007 - Produkcja wyrobów tartacznych,"{'wartosc': '50000,00', 'waluta': 'PLN'}",
0000470214,"""EL-GLOB"" SPÓŁKA Z OGRANICZONĄ ODPOWIEDZIALNOŚCIĄ",7343521191,12290805000000,SPÓŁKA Z OGRANICZONĄ ODPOWIEDZIALNOŚCIĄ,RejP,26.07.2013,16.01.2026,17.01.2026,ACTIVE,,,,PRZYSIETNICA,,329,,33-342,BARCICE,,01.11.Z; 01.13.Z; 01.19.Z; 01.24.Z; 01.25.Z; 01.45.Z; 01.47.Z; 01.49.Z; 01.61.Z; 01.62.Z; 01.70.Z; 02.10.Z; 02.30.Z; 02.40.Z; 03.22.Z; 10.11.Z; 10.12.Z; 10.13.Z; 10.20.Z; 10.31.Z; 10.32.Z; 10.39.Z; 10.41.Z; 10.51.Z; 10.61.Z; 10.71.Z; 10.73.Z; 10.85.Z; 10.86.Z; 10.89.Z; 10.91.Z; 11.01.Z; 11.05.Z; 11.07.Z; 14.13.Z; 14.20.Z; 14.39.Z; 14.11.Z; 15.11.Z; 15.20.Z; 15.12.Z; 16.10.Z; 16.23.Z; 16.29.Z; 17.12.Z; 17.22.Z; 18.12.Z; 19.20.Z; 20.11.Z; 20.15.Z; 20.20.Z; 20.30.Z; 20.42.Z; 20.59.Z; 22.11.Z; 22.19.Z; 22.29.Z; 23.31.Z; 23.51.Z; 23.52.Z; 23.61.Z; 23.63.Z; 23.64.Z; 23.65.Z; 23.69.Z; 23.70.Z; 23.99.Z; 25.40.Z; 25.61.Z; 25.62.Z; 25.93.Z; 25.99.Z; 26.11.Z; 26.20.Z; 26.30.Z; 26.40.Z; 26.51.Z; 27.11.Z; 27.12.Z; 27.33.Z; 27.40.Z; 27.51.Z; 27.90.Z; 28.12.Z; 28.23.Z; 28.29.Z; 28.30.Z; 28.49.Z; 28.93.Z; 28.94.Z; 28.99.Z; 29.31.Z; 29.32.Z; 31.01.Z; 31.09.Z; 32.12.Z; 32.30.Z; 32.40.Z; 32.99.Z; 33.11.Z; 33.12.Z; 33.13.Z; 33.14.Z; 33.20.Z; 35.11.Z; 35.14.Z; 35.30.Z; 36.00.Z; 37.00.Z; 38.12.Z; 38.22.Z; 38.32.Z; 39.00.Z; 41.10.Z; 41.20.Z; 42.13.Z; 42.21.Z; 42.22.Z; 42.99.Z; 43.12.Z; 43.21.Z; 43.22.Z; 43.29.Z; 43.31.Z; 43.32.Z; 43.33.Z; 43.34.Z; 43.39.Z; 43.99.Z; 45.11.Z; 45.19.Z; 45.20.Z; 45.40.Z; 46.21.Z; 46.31.Z; 46.33.Z; 46.42.Z; 46.43.Z; 46.47.Z; 46.49.Z; 46.51.Z; 46.52.Z; 46.61.Z; 46.66.Z; 46.69.Z; 46.72.Z; 46.73.Z; 46.74.Z; 46.75.Z; 46.77.Z; 47.11.Z; 47.19.Z; 47.21.Z; 47.29.Z; 47.30.Z; 47.41.Z; 47.42.Z; 47.43.Z; 47.52.Z; 47.53.Z; 47.54.Z; 47.59.Z; 47.61.Z; 47.62.Z; 47.65.Z; 47.71.Z; 47.72.Z; 47.73.Z; 47.75.Z; 47.78.Z; 47.79.Z; 47.89.Z; 47.91.Z; 47.99.Z; 49.39.Z; 49.42.Z; 52.10.A; 52.21.Z; 55.10.Z; 55.20.Z; 55.30.Z; 55.90.Z; 56.10.A; 56.10.B; 56.21.Z; 56.29.Z; 56.30.Z; 58.19.Z; 58.29.Z; 59.11.Z; 59.12.Z; 59.13.Z; 59.14.Z; 59.20.Z; 61.90.Z; 62.01.Z; 62.02.Z; 62.03.Z; 62.09.Z; 63.11.Z; 63.12.Z; 63.91.Z; 63.99.Z; 68.10.Z; 68.20.Z; 68.31.Z; 68.32.Z; 70.22.Z; 71.12.Z; 71.20.B; 72.20.Z; 73.11.Z; 74.10.Z; 74.20.Z; 74.90.Z; 75.00.Z; 77.11.Z; 77.12.Z; 95.21.Z; 95.22.Z; 95.24.Z; 95.29.Z; 96.01.Z; 96.02.Z; 96.03.Z; 96.04.Z; 96.09.Z; 97.00.Z; 98.10.Z; 98.20.Z; 45.31.Z; 45.32.Z; 77.21.Z; 77.29.Z; 77.31.Z; 77.32.Z; 77.33.Z; 77.34.Z; 77.39.Z; 77.40.Z; 78.10.Z; 78.30.Z; 79.11.A; 79.11.B; 79.12.Z; 79.90.A; 79.90.C; 80.10.Z; 80.20.Z; 80.30.Z; 81.10.Z; 81.21.Z; 81.22.Z; 81.29.Z; 81.30.Z; 82.19.Z; 82.92.Z; 82.99.Z; 85.51.Z; 85.52.Z; 85.53.Z; 85.59.B; 85.60.Z; 86.90.A; 86.90.C; 86.90.E; 87.10.Z; 87.20.Z; 87.30.Z; 87.90.Z; 88.10.Z; 88.91.Z; 88.99.Z; 90.01.Z; 90.02.Z; 90.03.Z; 90.04.Z; 91.01.A; 91.01.B; 91.03.Z; 93.11.Z; 93.12.Z; 93.13.Z; 93.19.Z; 93.21.Z; 94.11.Z; 94.12.Z; 94.91.Z; 94.99.Z; 95.11.Z; 95.12.Z; 93.29.B,16.10.Z,pozostałe,16.10.Z: PKD 2007 - Produkcja wyrobów tartacznych,"{'wartosc': '10000,00', 'waluta': 'PLN'}",
0000475680,"""INDUSTRIAL PACKAGING SOLUTIONS JELENIA GÓRA"" SPÓŁKA Z OGRANICZONĄ ODPOWIEDZIALNOŚCIĄ",6112731723,02224686000000,SPÓŁKA Z OGRANICZONĄ ODPOWIEDZIALNOŚCIĄ,RejP,06.09.2013,10.11.2022,04.12.2025,ACTIVE,,,,JELENIA GÓRA,WOJEWÓDZKA,13 A,,58-560,JELENIA GÓRA,16.24.Z,16.10.Z; 16.21.Z; 16.22.Z; 16.23.Z; 33.19.Z; 46.73.Z; 46.76.Z,16.10.Z,pozostałe,16.10.Z: PKD 2007 - Produkcja wyrobów tartacznych,"{'wartosc': '5000,00', 'waluta': 'PLN'}",
0000483191,"""MM TRANS"" SPÓŁKA Z OGRANICZONĄ ODPOWIEDZIALNOŚCIĄ",6832082218,12297712800000,SPÓŁKA Z OGRANICZONĄ ODPOWIEDZIALNOŚCIĄ,RejP,30.10.2013,21.01.2026,22.01.2026,ACTIVE,,,,TARCZYN,,,,,,,16.10.Z; 16.21.Z; 16.22.Z; 16.23.Z; 16.24.Z; 16.29.Z; 20.30.Z; 20.52.Z; 20.59.Z; 22.21.Z; 22.22.Z; 22.23.Z; 22.29.Z; 23.31.Z; 23.32.Z; 23.42.Z; 23.51.Z; 23.52.Z; 23.61.Z; 23.62.Z; 23.63.Z; 23.64.Z; 23.69.Z; 23.70.Z; 25.11.Z; 25.12.Z; 25.61.Z; 25.62.Z; 25.99.Z; 28.21.Z; 28.29.Z; 28.99.Z; 33.11.Z; 33.12.Z; 33.14.Z; 33.17.Z; 33.19.Z; 33.20.Z; 46.69.Z; 46.71.Z; 49.31.Z; 49.39.Z; 49.41.Z; 49.42.Z; 52.10.A; 52.10.B; 52.21.Z; 52.22.B; 52.24.C; 52.29.C; 53.20.Z; 64.91.Z; 64.99.Z; 66.19.Z; 68.10.Z; 68.20.Z; 68.31.Z; 68.32.Z; 70.21.Z; 28.25.Z; 70.22.Z; 71.12.Z; 71.20.B; 72.19.Z; 74.90.Z; 77.11.Z; 77.12.Z; 77.31.Z; 77.32.Z; 77.39.Z; 81.10.Z; 81.21.Z; 81.22.Z; 81.29.Z; 81.30.Z; 85.59.B; 85.60.Z; 82.30.Z; 82.99.Z; 96.09.Z; 23.65.Z,16.10.Z,pozostałe,16.10.Z: PKD 2007 - Produkcja wyrobów tartacznych,"{'wartosc': '60000,00', 'waluta': 'PLN'}",
0000485804,"""GÓRAL"" MARCIN TEMPKA I WSPÓLNICY SPÓŁKA JAWNA",5521714785,12298862300000,SPÓŁKA JAWNA,RejP,15.11.2013,29.06.2026,29.06.2026,ACTIVE,,,,WIEPRZEC,,55,,34-231,JUSZCZYN,,16.10.Z; 16.24.Z; 16.29.Z; 46.73.Z; 49.41.Z,16.10.Z,pozostałe,16.10.Z: PKD 2007 - Produkcja wyrobów tartacznych,,
0000486228,"""GALANT MEBLE"" SPÓŁKA Z OGRANICZONĄ ODPOWIEDZIALNOŚCIĄ",7441810223,28154639100000,SPÓŁKA Z OGRANICZONĄ ODPOWIEDZIALNOŚCIĄ,RejP,18.11.2013,13.04.2026,13.04.2026,ACTIVE,,,,LUBAWA,UL. 19 STYCZNIA,25,10,14-260,LUBAWA,31.09.Z,16.10.Z; 31.01.Z; 68.20.Z; 46.47.Z; 46.65.Z; 71.20.B; 72.19.Z; 77.33.Z; 78.30.Z,16.10.Z,pozostałe,16.10.Z: PKD 2007 - Produkcja wyrobów tartacznych,"{'wartosc': '10000,00', 'waluta': 'PLN'}",
0000493886,"""JGM"" SPÓŁKA Z OGRANICZONĄ ODPOWIEDZIALNOŚCIĄ",6112731367,02220463600000,SPÓŁKA Z OGRANICZONĄ ODPOWIEDZIALNOŚCIĄ,RejP,20.01.2014,30.03.2022,04.12.2025,ACTIVE,,,,JELENIA GÓRA,KAROLA MIARKI,42,,58-500,JELENIA GÓRA,,16.10.Z; 16.21.Z; 16.22.Z; 16.23.Z; 16.24.Z; 31.01.Z; 31.02.Z; 31.09.Z; 46.73.Z; 47.59.Z,16.10.Z,pozostałe,16.10.Z: PKD 2007 - Produkcja wyrobów tartacznych,"{'wartosc': '5000,00', 'waluta': 'PLN'}",
0000498144,EPORT SPÓŁKA Z OGRANICZONĄ ODPOWIEDZIALNOŚCIĄ,7831710481,30265811900000,SPÓŁKA Z OGRANICZONĄ ODPOWIEDZIALNOŚCIĄ,RejP,20.02.2014,24.08.2026,24.08.2026,ACTIVE,,,,LUBLIN,UL. TOMASZA ZANA,43,2.1,20-601,LUBLIN,41.00.A,70.20.Z; 16.11.Z; 43.99.Z; 26.11.Z; 10.82.Z; 29.31.Z,16.11.Z,pozostałe,16.11.Z: PKD 2025 - Produkcja wyrobów tartacznych,"{'wartosc': '5000,00', 'waluta': 'PLN'}",
0000503122,"""PRZEDSIĘBIORSTWO PRODUKCYJNO HANDLOWO USŁUGOWE AR-TRANS SPÓŁKA JAWNA U.ARCZYŃSKA, Ł.ARCZYŃSKI""",5532511198,24300831200000,SPÓŁKA JAWNA,RejP,21.03.2014,05.05.2026,05.05.2026,ACTIVE,,,,RAJCZA,,365 B,,34-370,RAJCZA,49.41.Z,45.19.Z; 46.73.Z; 16.10.Z; 16.23.Z; 16.24.Z; 45.20.Z; 68.10.Z; 41.10.Z; 41.20.Z,16.10.Z,pozostałe,16.10.Z: PKD 2007 - Produkcja wyrobów tartacznych,,
0000507241,"""MABE"" SPÓŁKA Z OGRANICZONĄ ODPOWIEDZIALNOŚCIĄ",5361916183,14722248800000,SPÓŁKA Z OGRANICZONĄ ODPOWIEDZIALNOŚCIĄ,RejP,05.05.2014,16.06.2023,20.11.2025,ACTIVE,,,,LEGIONOWO,UL. ZŁOTA,6,,05-120,LEGIONOWO,41.10.Z,16.10.Z; 23.70.Z; 25.12.Z; 31.02.Z; 41.20.Z; 43.21.Z; 43.31.Z; 81.10.Z; 81.30.Z,16.10.Z,pozostałe,16.10.Z: PKD 2007 - Produkcja wyrobów tartacznych,"{'wartosc': '5000,00', 'waluta': 'PLN'}",
0000508879,"""FUNDACJA THEEARTHMOTHER.ORG""",6591543622,,FUNDACJA,RejP,09.05.2014,23.09.2026,23.09.2026,ACTIVE,,,,SIEDLISKA,,24,,32-200,MIECHÓW,,94.99.Z; 01.11.Z; 01.13.Z; 01.14.Z; 01.16.Z; 01.19.Z; 01.21.Z; 01.23.Z; 01.24.Z; 01.22.Z; 01.25.Z; 01.26.Z; 01.27.Z; 01.28.Z; 01.29.Z; 01.30.Z; 01.50.Z; 01.61.Z; 01.62.Z; 01.63.Z; 02.10.Z; 02.20.Z; 02.30.Z; 02.40.Z; 03.22.Z; 16.10.Z; 16.24.Z; 38.11.Z; 38.12.Z; 39.00.Z; 46.22.Z; 47.21.Z; 58.12.Z; 58.13.Z; 58.19.Z; 58.14.Z; 59.11.Z; 59.14.Z; 59.20.Z; 63.11.Z; 63.12.Z; 63.99.Z; 68.20.Z; 72.19.Z; 73.20.Z; 74.10.Z; 74.90.Z; 81.10.Z; 81.30.Z; 82.11.Z; 82.19.Z; 82.30.Z; 85.59.B; 85.60.Z; 86.90.E; 90.01.Z; 90.02.Z,16.10.Z,pozostałe,16.10.Z: PKD 2007 - Produkcja wyrobów tartacznych,,
0000511709,"""MAAD"" SPÓŁKA Z OGRANICZONĄ ODPOWIEDZIALNOŚCIĄ W LIKWIDACJI",6222785654,30268596100000,SPÓŁKA Z OGRANICZONĄ ODPOWIEDZIALNOŚCIĄ,RejP,30.05.2014,04.04.2025,20.11.2025,LIQUIDATION,,,,OSTRÓW WIELKOPOLSKI,WYSOCKA,65,,63-400,OSTRÓW WIELKOPOLSKI,16.10.Z,,16.10.Z,przeważające,16.10.Z: PKD 2007 - Produkcja wyrobów tartacznych,"{'wartosc': '50000,00', 'waluta': 'PLN'}",
0000513082,"""RELAX"" SPÓŁKA Z OGRANICZONĄ ODPOWIEDZIALNOŚCIĄ",5710000638,13050260800000,SPÓŁKA Z OGRANICZONĄ ODPOWIEDZIALNOŚCIĄ,RejP,01.07.2014,30.07.2026,30.07.2026,ACTIVE,,,,KLONOWO,,41,,13-230,LIDZBARK,16.10.Z,16.23.Z; 16.29.Z; 31.09.Z; 46.90.Z; 47.19.Z; 47.59.Z; 47.99.Z,16.10.Z,przeważające,16.10.Z: PKD 2007 - Produkcja wyrobów tartacznych,"{'wartosc': '1500000,00', 'waluta': 'PLN'}",
0000515312,"""4IQ GROUP"" SPÓŁKA Z OGRANICZONĄ ODPOWIEDZIALNOŚCIĄ",7441810795,28160287600000,SPÓŁKA Z OGRANICZONĄ ODPOWIEDZIALNOŚCIĄ,RejP,01.07.2014,30.06.2026,30.06.2026,ACTIVE,,,,IŁAWA,UL. LUDWIKA MIEROSŁAWSKIEGO,6,,14-200,IŁAWA,47.91.Z,46.90.Z; 47.19.Z; 46.13.Z; 46.19.Z; 46.18.Z; 16.10.Z; 31.09.Z; 16.23.Z; 78.30.Z,16.10.Z,pozostałe,16.10.Z: PKD 2007 - Produkcja wyrobów tartacznych,"{'wartosc': '50000,00', 'waluta': 'PLN'}",
0000517559,"""MAZURSKA DESIGN"" SPÓŁKA Z OGRANICZONĄ ODPOWIEDZIALNOŚCIĄ",7412128026,28162329800000,SPÓŁKA Z OGRANICZONĄ ODPOWIEDZIALNOŚCIĄ,RejP,12.09.2014,19.06.2024,20.11.2025,LIQUIDATION,,,,MORĄG,WARMIŃSKA,12B,,14-300,MORĄG,31.09.Z,16.10.Z; 16.23.Z; 16.24.Z; 31.01.Z; 31.02.Z; 49.41.Z; 46.47.Z; 46.73.Z; 68.20.Z,16.10.Z,pozostałe,16.10.Z: PKD 2007 - Produkcja wyrobów tartacznych,"{'wartosc': '60000,00', 'waluta': 'PLN'}",
0000518464,"""FRAMEWORK SPÓŁKA Z OGRANICZONĄ ODPOWIEDZIALNOŚCIĄ"" SPÓŁKA KOMANDYTOWA",5170366808,18113641400000,SPÓŁKA KOMANDYTOWA,RejP,31.07.2014,12.06.2024,20.11.2025,ACTIVE,,,,RZESZÓW,UL. BP. JÓZEFA SEBASTIANA PELCZARA,6C,14,35-312,RZESZÓW,47.78.Z,47.19.Z; 47.51.Z; 47.62.Z; 23.99.Z; 16.10.Z; 16.23.Z; 16.24.Z; 17.21.Z; 20.30.Z,16.10.Z,pozostałe,16.10.Z: PKD 2007 - Produkcja wyrobów tartacznych,,
0000519960,"""EURO-RAMA"" SPÓŁKA Z OGRANICZONĄ ODPOWIEDZIALNOŚCIĄ",6020132469,18114027800000,SPÓŁKA Z OGRANICZONĄ ODPOWIEDZIALNOŚCIĄ,RejP,13.08.2014,30.07.2025,20.11.2025,ACTIVE,,,,ULANÓW,CMENTARNA,3,,37-410,ULANÓW,16.29.Z,41.20.Z; 46.90.Z; 47.19.Z; 49.41.Z; 16.10.Z; 16.21.Z; 16.23.Z; 68.10.Z; 77.39.Z,16.10.Z,pozostałe,16.10.Z: PKD 2007 - Produkcja wyrobów tartacznych,"{'wartosc': '100000,00', 'waluta': 'PLN'}",
0000522779,"""ESTA"" SPÓŁKA Z OGRANICZONĄ ODPOWIEDZIALNOŚCIĄ",9252102495,08123592900000,SPÓŁKA Z OGRANICZONĄ ODPOWIEDZIALNOŚCIĄ,RejP,08.09.2014,14.09.2026,14.09.2026,ACTIVE,,,,POBRZEZIE DOLNE,ŻAGAŃSKA,26,,67-120,KOŻUCHÓW,46.73.Z,02.20.Z; 16.10.Z; 16.22.Z; 16.24.Z; 16.29.Z; 16.29.Z; 31.09.Z; 45.11.Z; 46.13.Z,16.10.Z,pozostałe,16.10.Z: PKD 2007 - Produkcja wyrobów tartacznych,"{'wartosc': '5000,00', 'waluta': 'PLN'}",
0000524697,"""MGA CORP SPÓŁKA Z OGRANICZONĄ ODPOWIEDZIALNOŚCIĄ""",8961539750,02252595500000,SPÓŁKA Z OGRANICZONĄ ODPOWIEDZIALNOŚCIĄ,RejP,23.09.2014,13.03.2026,13.03.2026,ACTIVE,,,,BIELANY WROCŁAWSKIE,SOSNOWA,24,1,55-040,BIELANY WROCŁAWSKIE,,46.65.Z; 46.47.Z; 46.52.Z; 46.61.Z; 46.73.Z; 46.74.Z; 46.75.Z; 46.76.Z; 46.77.Z; 46.90.Z; 16.10.Z; 16.23.Z; 16.24.Z; 39.00.Z,16.10.Z,pozostałe,16.10.Z: PKD 2007 - Produkcja wyrobów tartacznych,"{'wartosc': '50000,00', 'waluta': 'PLN'}",
0000532264,G2BE PRODUCTION SPÓŁKA Z OGRANICZONĄ ODPOWIEDZIALNOŚCIĄ,8431613042,22218442000000,SPÓŁKA Z OGRANICZONĄ ODPOWIEDZIALNOŚCIĄ,RejP,20.11.2014,03.04.2023,20.11.2025,ACTIVE,,,,WARSZAWA,UL. WSPÓLNA,50A,22,00-684,WARSZAWA,16.10.Z,68.20.Z,16.10.Z,przeważające,16.10.Z: PKD 2007 - Produkcja wyrobów tartacznych,"{'wartosc': '500000,00', 'waluta': 'PLN'}",
0000536076,"""SPÓŁDZIELNIA SOCJALNA HOLOS"" W LIKWIDACJI",7642668022,36058919800000,SPÓŁDZIELNIA,RejP,31.12.2014,15.07.2026,15.07.2026,LIQUIDATION,,,,PIŁA,UL. DĄBROWSKIEGO,8,,64-920,PIŁA,16.10.Z,16.23.Z; 41.20.Z; 43.91.Z; 95.11.Z; 95.21.Z; 47.91.Z; 47.64.Z; 30.92.Z; 77.21.Z,16.10.Z,przeważające,16.10.Z: PKD 2007 - Produkcja wyrobów tartacznych,,
0000536647,"""DREW-GÓR DRZWI"" SPÓŁKA Z OGRANICZONĄ ODPOWIEDZIALNOŚCIĄ",7441811464,36047699100000,SPÓŁKA Z OGRANICZONĄ ODPOWIEDZIALNOŚCIĄ,RejP,02.01.2015,17.09.2026,18.09.2026,ACTIVE,,,,KARAŚ,,46,,14-200,IŁAWA,16.10.Z,16.23.Z; 16.29.Z; 43.32.Z; 46.73.Z; 68.20.Z; 77.12.Z; 77.39.Z,16.10.Z,przeważające,16.10.Z: PKD 2007 - Produkcja wyrobów tartacznych,"{'wartosc': '3495000,00', 'waluta': 'PLN'}",
0000550456,"""METIS GROUP"" SPÓŁKA Z OGRANICZONĄ ODPOWIEDZIALNOŚCIĄ",8992764873,36115019700000,SPÓŁKA Z OGRANICZONĄ ODPOWIEDZIALNOŚCIĄ,RejP,31.03.2015,26.09.2025,21.11.2025,ACTIVE,,,,WROCŁAW,UL. TYSKA,8-10,,52-014,WROCŁAW,46.73.Z,16.10.Z; 16.24.Z; 16.29.Z; 32.99.Z; 43.22.Z; 43.33.Z; 43.39.Z; 43.99.Z; 49.41.Z,16.10.Z,pozostałe,16.10.Z: PKD 2007 - Produkcja wyrobów tartacznych,"{'wartosc': '10000,00', 'waluta': 'PLN'}",
0000552707,"""BIK"" SPÓŁKA Z OGRANICZONĄ ODPOWIEDZIALNOŚCIĄ",5732854224,36125692600000,SPÓŁKA Z OGRANICZONĄ ODPOWIEDZIALNOŚCIĄ,RejP,13.04.2015,16.06.2026,16.06.2026,ACTIVE,,,,CZĘSTOCHOWA,UL. WRĘCZYCKA,268,,42-200,CZĘSTOCHOWA,16.23.Z,16.10.Z; 16.24.Z; 16.29.Z; 33.19.Z; 41.20.Z; 43.11.Z; 43.32.Z; 43.33.Z; 43.91.Z,16.10.Z,pozostałe,16.10.Z: PKD 2007 - Produkcja wyrobów tartacznych,"{'wartosc': '10000,00', 'waluta': 'PLN'}",
0000574376,ARBOR BG SPÓŁKA Z OGRANICZONĄ ODPOWIEDZIALNOŚCIĄ SPÓŁKA KOMANDYTOWA W UPADŁOŚCI,5651526970,36245808100000,SPÓŁKA KOMANDYTOWA,RejP,08.09.2015,10.09.2026,10.09.2026,ACTIVE,,,,WYRYKI-POŁÓD,,122D,,22-205,WYRYKI,02.20.Z,02.10.Z; 46.73.Z; 49.41.Z; 77.11.Z; 77.32.Z; 81.30.Z; 43.12.Z; 16.10.Z; 16.24.Z,16.10.Z,pozostałe,16.10.Z: PKD 2007 - Produkcja wyrobów tartacznych,,
0000579974,"""PACKSON POLAND"" SPÓŁKA Z OGRANICZONĄ ODPOWIEDZIALNOŚCIĄ",8792680321,36272676500000,SPÓŁKA Z OGRANICZONĄ ODPOWIEDZIALNOŚCIĄ,RejP,13.10.2015,23.06.2026,23.06.2026,ACTIVE,,,,TORUŃ,UL. RÓWNINNA,31,,87-100,TORUŃ,31.01.Z,25.93.Z; 31.09.Z; 16.10.Z; 16.24.Z; 16.29.Z; 46.13.Z; 13.20.A; 13.20.B,16.10.Z,pozostałe,16.10.Z: PKD 2007 - Produkcja wyrobów tartacznych,"{'wartosc': '50000,00', 'waluta': 'PLN'}",
0000591245,"""MAT-TAR"" SPÓŁKA Z OGRANICZONĄ ODPOWIEDZIALNOŚCIĄ",6080109847,36279756400000,SPÓŁKA Z OGRANICZONĄ ODPOWIEDZIALNOŚCIĄ,RejP,16.12.2015,15.07.2026,15.07.2026,ACTIVE,,,,KOŹMINIEC,,127,,63-330,DOBRZYCA,16.10.Z,,16.10.Z,przeważające,16.10.Z: PKD 2007 - Produkcja wyrobów tartacznych,"{'wartosc': '50000,00', 'waluta': 'PLN'}",
0000592254,"""RAIL WOOD"" SPÓŁKA Z OGRANICZONĄ ODPOWIEDZIALNOŚCIĄ",6751529448,36326567400000,SPÓŁKA Z OGRANICZONĄ ODPOWIEDZIALNOŚCIĄ,RejP,17.12.2015,18.07.2026,18.07.2026,ACTIVE,,,,KRAKÓW,AL. PŁK. WŁADYSŁAWA BELINY-PRAŻMOWSKIEGO,35,3,31-514,KRAKÓW,16.10.Z,16.21.Z; 16.22.Z; 16.23.Z; 16.24.Z; 16.29.Z; 46.90.Z; 38.22.Z; 38.12.Z; 38.32.Z,16.10.Z,przeważające,16.10.Z: PKD 2007 - Produkcja wyrobów tartacznych,"{'wartosc': '5000,00', 'waluta': 'PLN'}",
0000597133,BALCERAK INVESTMENTS SPÓŁKA Z OGRANICZONĄ ODPOWIEDZIALNOŚCIĄ,7831736523,36354335700000,SPÓŁKA Z OGRANICZONĄ ODPOWIEDZIALNOŚCIĄ,RejP,21.01.2016,09.07.2026,09.07.2026,ACTIVE,,,,SZCZECIN,UL. POMORSKA,144,,70-812,SZCZECIN,46.73.Z,16.24.Z; 02.20.Z; 02.40.Z; 16.29.Z; 33.12.Z; 45.20.Z; 16.10.Z; 68.20.Z; 68.32.Z,16.10.Z,pozostałe,16.10.Z: PKD 2007 - Produkcja wyrobów tartacznych,"{'wartosc': '5000,00', 'waluta': 'PLN'}",
0000624129,"""BI-CORP SPÓŁKA Z OGRANICZONĄ ODPOWIEDZIALNOŚCIĄ"" SPÓŁKA KOMANDYTOWA",8281414771,36476245200000,SPÓŁKA KOMANDYTOWA,RejP,22.06.2016,10.06.2026,10.06.2026,ACTIVE,,,,BAŁDRZYCHÓW,,97,,99-200,PODDĘBICE,16.10.Z,56.10.A; 56.29.Z; 56.10.B; 47.25.Z; 55.10.Z,16.10.Z,przeważające,16.10.Z: PKD 2007 - Produkcja wyrobów tartacznych,,
0000631861,"""RMP CONSTRUCTION"" SPÓŁKA Z OGRANICZONĄ ODPOWIEDZIALNOŚCIĄ",8883126429,36515007600000,SPÓŁKA Z OGRANICZONĄ ODPOWIEDZIALNOŚCIĄ,RejP,11.08.2016,06.08.2026,06.08.2026,ACTIVE,,,,DĘBIANKI,,48,,87-875,TOPÓLKA,42.13.Z,01.61.Z; 01.63.Z; 16.10.Z; 23.61.Z; 41.20.Z; 42.11.Z; 42.99.Z,16.10.Z,pozostałe,16.10.Z: PKD 2007 - Produkcja wyrobów tartacznych,"{'wartosc': '20000,00', 'waluta': 'PLN'}",
0000632331,"""HERKULES WIRE"" SPÓŁKA Z OGRANICZONĄ ODPOWIEDZIALNOŚCIĄ",7872114439,36524026000000,SPÓŁKA Z OGRANICZONĄ ODPOWIEDZIALNOŚCIĄ,RejP,26.08.2016,30.06.2026,30.06.2026,ACTIVE,,,,JASTROWO,UL. ŚWIĘTEGO WALENTEGO,44,,64-500,SZAMOTUŁY,24.34.Z,13.20.A; 13.20.B; 16.10.Z; 16.29.Z; 25.94.Z; 29.32.Z; 33.19.Z; 46.49.Z; 47.19.Z,16.10.Z,pozostałe,16.10.Z: PKD 2007 - Produkcja wyrobów tartacznych,"{'wartosc': '1350000,00', 'waluta': 'PLN'}",
0000648359,"""DROGSOL"" SPÓŁKA Z OGRANICZONĄ ODPOWIEDZIALNOŚCIĄ",6572926730,36592947000000,SPÓŁKA Z OGRANICZONĄ ODPOWIEDZIALNOŚCIĄ,RejP,25.11.2016,25.11.2016,21.11.2025,ACTIVE,,,,KIELCE,UL. STARODOMASZOWSKA,20,U4,25-315,KIELCE,16.10.Z,16.21.Z; 16.22.Z; 16.23.Z; 16.24.Z; 16.29.Z; 31.01.Z; 31.09.Z; 41.20.Z; 46.11.Z,16.10.Z,przeważające,16.10.Z: PKD 2007 - Produkcja wyrobów tartacznych,"{'wartosc': '5000,00', 'waluta': 'PLN'}",
0000650351,"""PALEXPO"" M. POGORZAŁY SPÓŁKA JAWNA",5562766520,36610455200000,SPÓŁKA JAWNA,RejP,19.12.2016,15.07.2026,15.07.2026,ACTIVE,,,,INOWROCŁAW,UL. STAROPOZNAŃSKA,182,,88-100,INOWROCŁAW,16.10.Z,16.23.Z; 16.24.Z; 16.29.Z; 46.73.Z; 46.74.Z; 46.90.Z; 49.41.Z; 52.10.B; 68.20.Z,16.10.Z,przeważające,16.10.Z: PKD 2007 - Produkcja wyrobów tartacznych,,
0000661571,"""ROLLTECH"" SPÓŁKA Z OGRANICZONĄ ODPOWIEDZIALNOŚCIĄ",9492213544,36649332900000,SPÓŁKA Z OGRANICZONĄ ODPOWIEDZIALNOŚCIĄ,RejP,03.02.2017,15.07.2025,21.11.2025,ACTIVE,,,,BABY,UL. SPOKOJNA,40,,42-282,KRUSZYNA,16.10.Z,16.23.Z; 45.11.Z; 16.24.Z,16.10.Z,przeważające,16.10.Z: PKD 2007 - Produkcja wyrobów tartacznych,"{'wartosc': '5000,00', 'waluta': 'PLN'}",
0000693917,"""BIOMASA"" SPÓŁKA Z OGRANICZONĄ ODPOWIEDZIALNOŚCIĄ",4960250382,36829935300000,SPÓŁKA Z OGRANICZONĄ ODPOWIEDZIALNOŚCIĄ,RejP,14.09.2017,22.07.2025,03.12.2025,ACTIVE,,,,ZABUŻE,,36A,,08-220,ZABUŻE,02.20.Z,16.10.Z; 49.41.Z; 46.13.Z,16.10.Z,pozostałe,16.10.Z: PKD 2007 - Produkcja wyrobów tartacznych,"{'wartosc': '20000,00', 'waluta': 'PLN'}",
0000698806,"""DREW-TRANS"" SPÓŁKA Z OGRANICZONĄ ODPOWIEDZIALNOŚCIĄ",5662019047,36849400800000,SPÓŁKA Z OGRANICZONĄ ODPOWIEDZIALNOŚCIĄ,RejP,10.10.2017,16.07.2026,16.07.2026,ACTIVE,,,,WOLA WIERZBOWSKA,,56,,06-406,OPINOGÓRA GÓRNA,70.10.A,46.73.Z; 49.41.Z; 82.10.Z; 41.00.A; 16.11.Z,16.11.Z,pozostałe,16.11.Z: PKD 2025 - Produkcja wyrobów tartacznych,"{'wartosc': '5000,00', 'waluta': 'PLN'}",
0000711450,"""BARBARA I GRZEGORZ HOŁÓWKA PPHU PLANSON"" SPÓŁKA JAWNA",9161398811,36908672500000,SPÓŁKA JAWNA,RejP,29.12.2017,12.03.2026,12.03.2026,ACTIVE,,,,BIADASZKA,,3A,,56-330,CIESZKÓW,16.10.Z,16.22.Z; 16.29.Z; 46.73.Z; 47.11.Z,16.10.Z,przeważające,16.10.Z: PKD 2007 - Produkcja wyrobów tartacznych,,
0000717783,"""DREW - TRANS"" SPÓŁKA Z OGRANICZONĄ ODPOWIEDZIALNOŚCIĄ SPÓŁKA KOMANDYTOWA",5662019739,36943512000000,SPÓŁKA KOMANDYTOWA,RejP,06.02.2018,17.06.2026,17.06.2026,ACTIVE,,,,WOLA WIERZBOWSKA,,56,,06-406,OPINOGÓRA GÓRNA,41.20.Z,49.41.Z; 16.11.Z; 16.12.Z; 46.83.Z; 52.24.C,16.11.Z; 16.12.Z,pozostałe; pozostałe,16.11.Z: PKD 2025 - Produkcja wyrobów tartacznych; 16.12.Z: PKD 2025 - Obróbka i wykończanie wyrobów tartacznych,,
0000718309,"""STARKAN"" SPÓŁKA Z OGRANICZONĄ ODPOWIEDZIALNOŚCIĄ",8542420234,36946751600000,SPÓŁKA Z OGRANICZONĄ ODPOWIEDZIALNOŚCIĄ,RejP,09.02.2018,03.06.2026,03.06.2026,ACTIVE,,,,STARGARD,UL. PODLEŚNA,14R,,73-110,STARGARD,43.22.Z,08.11.Z; 08.12.Z; 08.92.Z; 08.99.Z; 09.90.Z; 16.10.Z; 16.21.Z; 16.22.Z; 16.23.Z,16.10.Z,pozostałe,16.10.Z: PKD 2007 - Produkcja wyrobów tartacznych,"{'wartosc': '5000,00', 'waluta': 'PLN'}",
0000733270,"""SAMOPOMOC"" PRODUKCYJNO-HANDLOWA SPÓŁKA Z OGRANICZONĄ ODPOWIEDZIALNOŚCIĄ",7930002072,00038029600000,SPÓŁKA Z OGRANICZONĄ ODPOWIEDZIALNOŚCIĄ,RejP,25.05.2018,10.04.2026,10.04.2026,ACTIVE,,,,HORYNIEC-ZDRÓJ,UL. WOJSKA POLSKIEGO,1,,37-620,HORYNIEC-ZDRÓJ,47.11.Z,10.71.Z; 46.73.Z; 43.39.Z; 16.10.Z; 46.21.Z; 46.23.Z; 23.61.Z; 49.41.Z; 56.10.A,16.10.Z,pozostałe,16.10.Z: PKD 2007 - Produkcja wyrobów tartacznych,"{'wartosc': '66100,00', 'waluta': 'PLN'}",
0000733926,"""PIEPRZYK FAMILY"" SPÓŁKA Z OGRANICZONĄ ODPOWIEDZIALNOŚCIĄ",6991961808,38037795400000,SPÓŁKA Z OGRANICZONĄ ODPOWIEDZIALNOŚCIĄ,RejP,30.05.2018,21.05.2026,21.05.2026,ACTIVE,,,,RAWICZ,UL. GEN. JÓZEFA HALLERA,2A,,63-900,RAWICZ,47.30.Z,16.10.Z; 47.41.Z; 47.78.Z; 55.10.Z; 56.10.A; 68.20.Z; 77.31.Z; 46.71.Z; 92.00.Z,16.10.Z,pozostałe,16.10.Z: PKD 2007 - Produkcja wyrobów tartacznych,"{'wartosc': '7140000,00', 'waluta': 'PLN'}",
0000850260,"""ASM KONKRET"" SPÓŁKA Z OGRANICZONĄ ODPOWIEDZIALNOŚCIĄ",6090078982,38652713600000,SPÓŁKA Z OGRANICZONĄ ODPOWIEDZIALNOŚCIĄ,RejP,14.07.2020,09.07.2026,09.07.2026,ACTIVE,,,,WOJCIECHÓW,,15,,29-105,KRASOCIN,16.10.Z,41.10.Z; 43.12.Z; 43.22.Z; 43.34.Z; 43.39.Z; 43.91.Z; 45.11.Z; 45.40.Z; 81.30.Z,16.10.Z,przeważające,16.10.Z: PKD 2007 - Produkcja wyrobów tartacznych,"{'wartosc': '5000,00', 'waluta': 'PLN'}",
0000863668,"""FPH ALLWOOD"" SPÓŁKA Z OGRANICZONĄ ODPOWIEDZIALNOŚCIĄ",6252473385,38600605800000,SPÓŁKA Z OGRANICZONĄ ODPOWIEDZIALNOŚCIĄ,RejP,16.10.2020,08.05.2026,08.05.2026,ACTIVE,,,,BĘDZIN,UL. WOLNOŚCI,352,,42-500,BĘDZIN,41.20.Z,32.99.Z; 43.11.Z; 43.39.Z; 43.91.Z; 43.99.Z; 16.10.Z; 16.22.Z; 16.23.Z; 16.24.Z,16.10.Z,pozostałe,16.10.Z: PKD 2007 - Produkcja wyrobów tartacznych,"{'wartosc': '50000,00', 'waluta': 'PLN'}",
0000897095,"""QUERCUS ADAMUS KOPYTKO"" SPÓŁKA JAWNA",8711414349,85049571000000,SPÓŁKA JAWNA,RejP,28.04.2021,13.07.2026,13.07.2026,ACTIVE,,,,KRAKÓW,UL. ZAKOPIAŃSKA,56,,30-418,KRAKÓW,46.83.Z,16.12.Z; 31.00.Z; 43.35.Z; 47.52.Z; 47.53.Z; 47.55.Z; 47.78.Z; 74.13.Z; 66.19.Z,16.12.Z,pozostałe,16.12.Z: PKD 2025 - Obróbka i wykończanie wyrobów tartacznych,,
0000911839,"""DREWPAK"" SPÓŁKA Z OGRANICZONĄ ODPOWIEDZIALNOŚCIĄ",9182178256,38946034900000,SPÓŁKA Z OGRANICZONĄ ODPOWIEDZIALNOŚCIĄ,RejP,15.07.2021,23.01.2026,24.01.2026,ACTIVE,,,,OLCHOWIEC,,116A,,23-413,OBSZA,16.10.Z,16.23.Z; 16.24.Z; 16.29.Z; 43.12.Z; 46.73.Z; 49.41.Z,16.10.Z,przeważające,16.10.Z: PKD 2007 - Produkcja wyrobów tartacznych,"{'wartosc': '5000,00', 'waluta': 'PLN'}",
0000985002,"""SLE SPEDITION"" SPÓŁKA Z OGRANICZONĄ ODPOWIEDZIALNOŚCIĄ",8971909875,52271767900000,SPÓŁKA Z OGRANICZONĄ ODPOWIEDZIALNOŚCIĄ,RejP,01.08.2022,24.11.2023,03.12.2025,ACTIVE,,,,POCZESNA,UL. STRAŻACKA,60,,42-262,POCZESNA,16.10.Z,49.41.Z; 16.21.Z; 16.22.Z; 16.23.Z; 16.24.Z; 16.29.Z; 53.20.Z,16.10.Z,przeważające,16.10.Z: PKD 2007 - Produkcja wyrobów tartacznych,"{'wartosc': '5000,00', 'waluta': 'PLN'}",
0000994175,"""DREWMOT"" SPÓŁKA Z OGRANICZONĄ ODPOWIEDZIALNOŚCIĄ",4660431180,52322429800000,SPÓŁKA Z OGRANICZONĄ ODPOWIEDZIALNOŚCIĄ,RejP,27.09.2022,17.09.2026,17.09.2026,ACTIVE,,,,RADOMICE,,119,,87-600,LIPNO,16.10.Z,16.23.Z; 16.29.Z; 45.20.Z; 46.71.Z; 46.73.Z; 47.30.Z; 49.41.Z; 64.92.Z; 71.20.B,16.10.Z,przeważające,16.10.Z: PKD 2007 - Produkcja wyrobów tartacznych,"{'wartosc': '1000000,00', 'waluta': 'PLN'}",
